day,open,high,low,close,volume,amount
2026-07-27 14:02:00,7123.480,7124.812,7114.360,7114.821,62085200,945717248.0000
2026-07-27 14:03:00,7114.784,7119.530,7114.339,7117.644,40737400,675119104.0000
2026-07-27 14:04:00,7117.197,7118.549,7115.484,7115.484,36498800,664043520.0000
2026-07-27 14:05:00,7114.998,7120.534,7111.535,7120.534,62418500,879198208.0000
2026-07-27 14:06:00,7121.627,7132.116,7121.627,7132.116,105539400,1202061312.0000
2026-07-27 14:07:00,7133.022,7134.231,7130.281,7130.281,74775200,999784448.0000
2026-07-27 14:08:00,7129.512,7129.512,7125.343,7129.051,46009400,765100032.0000
2026-07-27 14:09:00,7129.765,7137.377,7129.765,7134.035,65913500,1106149376.0000
2026-07-27 14:10:00,7133.919,7135.182,7132.984,7134.034,39548900,675708928.0000
2026-07-27 14:11:00,7134.466,7137.955,7133.283,7137.955,42765100,749535232.0000
2026-07-27 14:12:00,7138.475,7138.851,7134.968,7134.968,42603400,723091456.0000
2026-07-27 14:13:00,7134.658,7134.658,7128.694,7128.889,45627100,748617728.0000
2026-07-27 14:14:00,7129.748,7131.439,7127.396,7127.761,72506100,940539904.0000
2026-07-27 14:15:00,7128.149,7130.991,7128.149,7130.991,47340400,636452864.0000
2026-07-27 14:16:00,7131.292,7133.800,7130.201,7133.589,54168600,760807424.0000
2026-07-27 14:17:00,7133.236,7133.236,7127.969,7129.773,45206900,770736128.0000
2026-07-27 14:18:00,7129.529,7136.226,7129.529,7136.090,45827200,775290880.0000
2026-07-27 14:19:00,7135.894,7143.219,7135.815,7143.166,49327600,924942336.0000
2026-07-27 14:20:00,7143.350,7149.042,7142.444,7149.042,55317000,952369152.0000
2026-07-27 14:21:00,7149.213,7150.702,7148.057,7150.386,49498900,895025152.0000
2026-07-27 14:22:00,7150.654,7160.602,7150.654,7160.372,62933300,1270022144.0000
2026-07-27 14:23:00,7160.241,7170.314,7160.241,7165.642,84939200,1493401600.0000
2026-07-27 14:24:00,7165.427,7165.886,7163.374,7163.583,47607000,934674432.0000
2026-07-27 14:25:00,7165.710,7166.873,7160.560,7160.560,59196400,1084817408.0000
2026-07-27 14:26:00,7160.060,7164.102,7160.060,7162.798,48295500,876085248.0000
2026-07-27 14:27:00,7162.707,7162.707,7155.806,7157.611,46793900,898007040.0000
2026-07-27 14:28:00,7157.650,7157.650,7156.274,7156.274,42641800,659914752.0000
2026-07-27 14:29:00,7156.192,7159.618,7156.166,7159.450,47087700,740196352.0000
2026-07-27 14:30:00,7159.593,7166.946,7159.593,7166.946,62042700,1133707264.0000
2026-07-27 14:31:00,7167.242,7177.171,7167.242,7177.171,96485800,1760395264.0000
2026-07-27 14:32:00,7178.487,7183.176,7173.993,7175.107,110393000,1740603392.0000
2026-07-27 14:33:00,7175.174,7183.938,7175.174,7183.938,61825700,1210941440.0000
2026-07-27 14:34:00,7185.039,7192.131,7184.510,7192.131,92728300,1604780032.0000
2026-07-27 14:35:00,7191.708,7197.364,7191.583,7195.402,105906200,1788608512.0000
2026-07-27 14:36:00,7195.200,7199.094,7195.200,7197.972,96630000,1750794240.0000
2026-07-27 14:37:00,7196.901,7196.901,7189.601,7192.672,76980000,1560870912.0000
2026-07-27 14:38:00,7192.495,7200.323,7191.905,7200.323,81227400,1508638720.0000
2026-07-27 14:39:00,7200.736,7207.281,7200.736,7207.148,92969500,1919156224.0000
2026-07-27 14:40:00,7206.633,7206.633,7201.854,7206.206,84940900,1663893504.0000
2026-07-27 14:41:00,7205.953,7213.855,7205.953,7213.855,101901100,1967423488.0000
2026-07-27 14:42:00,7214.568,7218.619,7213.545,7218.619,98703000,1895956480.0000
2026-07-27 14:43:00,7219.591,7219.626,7214.615,7216.086,92862800,1921810432.0000
2026-07-27 14:44:00,7215.561,7216.395,7214.332,7214.984,86013700,1667235840.0000
2026-07-27 14:45:00,7214.833,7218.533,7214.145,7216.656,84443900,1637089280.0000
2026-07-27 14:46:00,7217.272,7217.939,7215.442,7215.946,87798300,1667530752.0000
2026-07-27 14:47:00,7215.694,7215.694,7213.054,7213.062,88683700,1662353408.0000
2026-07-27 14:48:00,7213.274,7215.791,7212.885,7215.584,91037900,1614938112.0000
2026-07-27 14:49:00,7215.507,7219.447,7215.507,7217.957,102592100,1981054976.0000
2026-07-27 14:50:00,7218.205,7221.786,7217.856,7220.089,113720700,1951858688.0000
2026-07-27 14:51:00,7220.517,7220.517,7215.735,7218.318,153642000,2467397632.0000
2026-07-27 14:52:00,7218.585,7220.368,7218.182,7220.368,112048400,2017263616.0000
2026-07-27 14:53:00,7220.991,7223.132,7220.206,7223.132,117173800,2067922944.0000
2026-07-27 14:54:00,7222.778,7222.897,7221.735,7222.848,123200400,2129395712.0000
2026-07-27 14:55:00,7222.830,7224.586,7222.251,7223.815,141205000,2377383936.0000
2026-07-27 14:56:00,7223.915,7223.915,7223.005,7223.476,161237100,2774171648.0000
2026-07-27 14:57:00,7223.614,7225.320,7223.614,7225.320,170774900,2786689024.0000
2026-07-27 14:58:00,7225.598,7225.662,7225.598,7225.662,12473800,190185472.0000
2026-07-27 15:00:00,7226.772,7228.784,7226.772,7228.784,243618600,3986882560.0000
2026-07-28 09:31:00,7135.735,7140.671,7127.736,7128.824,1000622200,19063584768.0000
2026-07-28 09:32:00,7129.809,7150.951,7129.809,7145.303,619791500,11566225408.0000
2026-07-28 09:33:00,7147.177,7157.341,7137.718,7155.944,406950000,7979245568.0000
2026-07-28 09:34:00,7156.432,7160.468,7151.597,7160.468,353693800,6442635264.0000
2026-07-28 09:35:00,7160.917,7171.628,7160.917,7171.628,364975100,6322327552.0000
2026-07-28 09:36:00,7174.784,7187.712,7171.490,7177.899,419230200,7393718272.0000
2026-07-28 09:37:00,7178.791,7189.174,7178.791,7182.124,293551800,5627764736.0000
2026-07-28 09:38:00,7184.492,7185.798,7174.132,7182.606,286587400,5204951040.0000
2026-07-28 09:39:00,7183.561,7185.150,7171.145,7181.854,285138400,4954677248.0000
2026-07-28 09:40:00,7181.310,7187.425,7172.081,7174.046,241812200,4438482944.0000
2026-07-28 09:41:00,7173.017,7181.477,7172.490,7181.477,247081600,4215652352.0000
2026-07-28 09:42:00,7182.485,7186.105,7168.860,7168.860,229923000,4026089472.0000
2026-07-28 09:43:00,7165.628,7165.898,7159.229,7162.451,246845700,4087357440.0000
2026-07-28 09:44:00,7161.067,7184.697,7160.283,7180.287,196756700,3644866560.0000
2026-07-28 09:45:00,7182.178,7183.605,7170.824,7174.681,193677600,3155836928.0000
2026-07-28 09:46:00,7174.012,7178.211,7165.991,7177.589,209155500,3588153344.0000
2026-07-28 09:47:00,7175.323,7175.323,7162.204,7166.045,228609600,3650707456.0000
2026-07-28 09:48:00,7165.373,7169.813,7156.474,7156.474,186332700,3341090816.0000
2026-07-28 09:49:00,7155.939,7160.257,7150.871,7159.428,188719300,3511697408.0000
2026-07-28 09:50:00,7160.443,7170.923,7153.713,7169.744,264730800,4134789120.0000
2026-07-28 09:51:00,7168.950,7181.927,7168.198,7177.035,216071000,3368493056.0000
2026-07-28 09:52:00,7173.962,7181.429,7172.580,7181.429,201937500,3231809536.0000
2026-07-28 09:53:00,7179.546,7179.546,7152.088,7153.074,232423600,4307156992.0000
2026-07-28 09:54:00,7152.260,7162.447,7149.199,7160.984,167790300,3041271808.0000
2026-07-28 09:55:00,7161.324,7169.737,7161.324,7168.785,145960400,2541576192.0000
2026-07-28 09:56:00,7169.016,7181.414,7169.016,7172.699,138396200,2452553728.0000
2026-07-28 09:57:00,7171.750,7171.750,7156.198,7157.742,150425800,2582560768.0000
2026-07-28 09:58:00,7158.528,7164.517,7158.528,7162.489,111448400,2078162944.0000
2026-07-28 09:59:00,7159.726,7164.407,7157.944,7161.882,108585300,2036285440.0000
2026-07-28 10:00:00,7161.926,7164.686,7153.974,7163.105,125469900,2285207552.0000
2026-07-28 10:01:00,7162.272,7178.696,7155.088,7176.588,137175400,2458058752.0000
2026-07-28 10:02:00,7178.842,7180.380,7173.455,7176.461,127801300,2493939712.0000
2026-07-28 10:03:00,7176.669,7177.985,7171.988,7173.396,115332700,2077442048.0000
2026-07-28 10:04:00,7173.921,7182.797,7171.425,7172.994,117762300,2074017792.0000
2026-07-28 10:05:00,7172.597,7172.597,7162.203,7164.756,92180800,1772765184.0000
2026-07-28 10:06:00,7163.596,7169.024,7158.619,7161.668,99461400,1836351488.0000
2026-07-28 10:07:00,7162.305,7163.519,7153.470,7157.260,102183400,1738031104.0000
2026-07-28 10:08:00,7157.330,7158.263,7150.353,7153.472,84609500,1599799296.0000
2026-07-28 10:09:00,7154.193,7165.616,7153.646,7158.756,92645500,1623326720.0000
2026-07-28 10:10:00,7157.552,7157.552,7144.886,7146.905,97836800,1655652352.0000
2026-07-28 10:11:00,7146.126,7146.126,7138.043,7138.151,115731000,2100953088.0000
2026-07-28 10:12:00,7137.269,7137.269,7128.712,7128.712,123934400,1983021056.0000
2026-07-28 10:13:00,7128.715,7128.715,7118.591,7127.543,164162700,2576121856.0000
2026-07-28 10:14:00,7127.680,7128.540,7123.487,7123.949,110679500,1766440960.0000
2026-07-28 10:15:00,7124.119,7134.138,7124.119,7129.571,98661400,1582972928.0000
2026-07-28 10:16:00,7126.101,7134.166,7124.718,7134.166,103268900,1739227136.0000
2026-07-28 10:17:00,7134.135,7136.396,7124.928,7135.966,88221000,1691025408.0000
2026-07-28 10:18:00,7136.847,7142.287,7133.811,7135.048,86820700,1403289600.0000
2026-07-28 10:19:00,7137.394,7139.181,7132.300,7134.869,72698900,1215512576.0000
2026-07-28 10:20:00,7134.897,7140.758,7134.719,7135.100,75521100,1322254336.0000
2026-07-28 10:21:00,7135.613,7146.167,7132.083,7146.167,91517000,1487978496.0000
2026-07-28 10:22:00,7145.944,7148.652,7143.129,7144.855,81464000,1312817152.0000
2026-07-28 10:23:00,7143.840,7156.731,7143.065,7154.735,77659000,1407320064.0000
2026-07-28 10:24:00,7154.699,7154.699,7140.811,7140.811,68351000,1155776512.0000
2026-07-28 10:25:00,7140.232,7141.175,7131.486,7132.336,83867100,1437270016.0000
2026-07-28 10:26:00,7132.110,7132.110,7126.374,7129.449,74252400,1538785280.0000
2026-07-28 10:27:00,7129.392,7133.330,7124.395,7124.395,64810400,1288323072.0000
2026-07-28 10:28:00,7123.265,7124.025,7120.608,7120.608,74047200,1541832704.0000
2026-07-28 10:29:00,7120.431,7120.431,7115.520,7116.237,77379500,1570963456.0000
2026-07-28 10:30:00,7116.613,7118.970,7116.596,7118.652,79044900,1439989760.0000
2026-07-28 10:31:00,7118.565,7118.565,7103.899,7104.459,120539800,2342813696.0000
2026-07-28 10:32:00,7107.648,7112.914,7107.355,7112.914,76551700,1368227840.0000
2026-07-28 10:33:00,7112.828,7112.995,7107.943,7111.333,67954900,1210335232.0000
2026-07-28 10:34:00,7109.784,7109.803,7097.012,7097.012,96793900,1752301568.0000
2026-07-28 10:35:00,7096.141,7101.680,7095.284,7101.617,83130200,1647722496.0000
2026-07-28 10:36:00,7100.821,7100.821,7086.479,7087.130,122191600,2007400448.0000
2026-07-28 10:37:00,7086.957,7087.944,7085.017,7085.743,84169000,1491648512.0000
2026-07-28 10:38:00,7086.027,7086.448,7082.866,7084.534,77148000,1444216832.0000
2026-07-28 10:39:00,7084.695,7091.985,7084.695,7091.985,79966000,1469579264.0000
2026-07-28 10:40:00,7092.481,7092.481,7081.649,7082.645,80253300,1861648384.0000
2026-07-28 10:41:00,7084.193,7088.903,7084.193,7088.243,70638900,1306296320.0000
2026-07-28 10:42:00,7088.926,7092.377,7087.264,7091.053,66367900,1144127488.0000
2026-07-28 10:43:00,7090.755,7091.165,7086.818,7086.894,63800700,1179680768.0000
2026-07-28 10:44:00,7086.449,7090.219,7086.148,7090.219,56191800,1038712832.0000
2026-07-28 10:45:00,7090.448,7090.530,7078.667,7079.025,77297800,1351254016.0000
2026-07-28 10:46:00,7078.880,7085.395,7078.880,7084.645,68449900,1179648000.0000
2026-07-28 10:47:00,7084.304,7084.304,7073.234,7073.234,96575600,1842085888.0000
2026-07-28 10:48:00,7073.158,7073.425,7065.953,7065.953,84760900,1631961088.0000
2026-07-28 10:49:00,7065.288,7067.463,7064.971,7065.771,80895000,1431093248.0000
2026-07-28 10:50:00,7065.578,7072.289,7063.347,7072.289,82163400,1492877312.0000
2026-07-28 10:51:00,7072.566,7077.214,7072.566,7073.140,77396600,1270366208.0000
2026-07-28 10:52:00,7073.461,7074.648,7070.002,7073.859,64320100,1153236992.0000
2026-07-28 10:53:00,7073.124,7087.964,7073.124,7087.964,59629900,1209892864.0000
2026-07-28 10:54:00,7088.511,7100.709,7088.511,7099.149,73454200,1395998720.0000
2026-07-28 10:55:00,7099.186,7099.186,7085.390,7086.938,60908100,1092272128.0000
2026-07-28 10:56:00,7087.362,7098.676,7087.362,7095.489,49325900,913539072.0000
2026-07-28 10:57:00,7095.749,7095.749,7084.903,7086.141,47404200,828702720.0000
2026-07-28 10:58:00,7085.906,7085.906,7079.754,7080.552,43159300,819789824.0000
2026-07-28 10:59:00,7080.937,7085.433,7074.545,7075.042,58050900,1021739008.0000
2026-07-28 11:00:00,7075.654,7075.873,7069.506,7069.760,50548400,960757760.0000
2026-07-28 11:01:00,7069.936,7070.605,7063.128,7063.904,75425200,1196720128.0000
2026-07-28 11:02:00,7063.853,7072.149,7063.283,7068.430,55227400,964542464.0000
2026-07-28 11:03:00,7068.687,7073.017,7067.953,7071.681,40672200,760365056.0000
2026-07-28 11:04:00,7070.818,7070.818,7064.713,7065.183,51336400,969392128.0000
2026-07-28 11:05:00,7065.348,7065.615,7059.004,7060.083,51878000,1004093440.0000
2026-07-28 11:06:00,7059.893,7065.198,7059.893,7063.251,48815100,922583040.0000
2026-07-28 11:07:00,7063.159,7068.259,7061.599,7068.259,58148400,1118142464.0000
2026-07-28 11:08:00,7068.281,7068.281,7060.677,7061.566,64330400,1159102464.0000
2026-07-28 11:09:00,7060.885,7062.629,7053.189,7053.699,76587200,1333641216.0000
2026-07-28 11:10:00,7053.664,7060.761,7053.664,7059.043,62141600,1083719680.0000
2026-07-28 11:11:00,7060.325,7060.325,7052.699,7058.646,74003800,1310801920.0000
2026-07-28 11:12:00,7057.935,7065.207,7057.875,7062.921,66660100,1095286784.0000
2026-07-28 11:13:00,7062.637,7062.859,7056.937,7059.606,46840800,837664768.0000
2026-07-28 11:14:00,7059.851,7063.765,7058.284,7063.267,47022800,849264640.0000
2026-07-28 11:15:00,7064.054,7075.220,7064.054,7073.503,66731900,1166262272.0000
2026-07-28 11:16:00,7073.238,7074.031,7063.201,7073.762,56557200,1101103104.0000
2026-07-28 11:17:00,7074.231,7075.276,7069.454,7069.796,43479100,804847616.0000
2026-07-28 11:18:00,7069.471,7082.814,7065.622,7082.814,63672500,1161166848.0000
2026-07-28 11:19:00,7084.708,7089.094,7084.708,7085.832,81963800,1292058624.0000
2026-07-28 11:20:00,7086.007,7086.007,7073.044,7073.187,68196000,1118879744.0000
2026-07-28 11:21:00,7073.168,7073.168,7062.712,7071.132,81423300,1309655040.0000
2026-07-28 11:22:00,7069.939,7074.727,7067.018,7074.461,38943500,733528064.0000
2026-07-28 11:23:00,7074.584,7081.203,7074.584,7081.203,50827500,913571840.0000
2026-07-28 11:24:00,7082.169,7083.603,7077.995,7083.424,37591800,697974784.0000
2026-07-28 11:25:00,7088.452,7096.772,7087.783,7089.127,67417500,1066467328.0000
2026-07-28 11:26:00,7089.784,7107.287,7089.784,7106.410,67519800,1188921344.0000
2026-07-28 11:27:00,7106.555,7106.555,7092.734,7092.734,57937800,997081088.0000
2026-07-28 11:28:00,7092.565,7092.565,7084.603,7086.555,38759300,643334144.0000
2026-07-28 11:29:00,7084.634,7084.634,7075.491,7075.491,52248800,821182464.0000
2026-07-28 11:30:00,7076.709,7078.428,7070.712,7078.428,44988100,773439488.0000
2026-07-28 13:01:00,7080.056,7080.386,7053.880,7062.371,221736000,3302424576.0000
2026-07-28 13:02:00,7061.044,7072.798,7057.229,7057.229,71098200,1312227328.0000
2026-07-28 13:03:00,7056.771,7056.771,7051.705,7053.912,67838000,1198751744.0000
2026-07-28 13:04:00,7053.785,7053.785,7046.246,7046.246,52432800,1055735808.0000
2026-07-28 13:05:00,7046.007,7048.017,7044.894,7045.957,44035200,827572224.0000
2026-07-28 13:06:00,7044.959,7044.959,7032.820,7034.324,89677600,1585872896.0000
2026-07-28 13:07:00,7033.314,7033.775,7030.118,7031.176,69534800,1127546880.0000
2026-07-28 13:08:00,7031.449,7035.869,7031.449,7033.677,46213300,801505280.0000
2026-07-28 13:09:00,7033.753,7044.182,7033.753,7044.115,49518400,871890944.0000
2026-07-28 13:10:00,7043.967,7047.292,7040.821,7046.614,54116400,879001600.0000
2026-07-28 13:11:00,7046.533,7053.345,7046.533,7049.059,49943400,888700928.0000
2026-07-28 13:12:00,7048.517,7048.517,7039.561,7043.367,51989200,925270016.0000
2026-07-28 13:13:00,7045.340,7064.318,7045.340,7063.014,54153000,963608576.0000
2026-07-28 13:14:00,7063.850,7070.887,7063.773,7067.340,52907400,882573312.0000
2026-07-28 13:15:00,7067.217,7067.217,7058.718,7060.253,50054600,861077504.0000
2026-07-28 13:16:00,7060.366,7065.371,7058.214,7062.793,57731100,887619584.0000
2026-07-28 13:17:00,7062.981,7064.270,7050.670,7050.670,62800400,969900032.0000
2026-07-28 13:18:00,7049.866,7051.556,7043.514,7045.631,62169500,1013088256.0000
2026-07-28 13:19:00,7045.719,7045.719,7038.838,7043.106,45970900,839778304.0000
2026-07-28 13:20:00,7041.587,7041.760,7039.026,7041.131,39737500,710180864.0000
2026-07-28 13:21:00,7040.300,7040.300,7033.345,7035.807,50916000,1023279104.0000
2026-07-28 13:22:00,7035.854,7041.673,7035.854,7039.297,43887900,780107776.0000
2026-07-28 13:23:00,7039.360,7042.561,7039.238,7040.010,41027800,706052096.0000
2026-07-28 13:24:00,7039.824,7040.412,7033.335,7033.335,49482200,924942336.0000
2026-07-28 13:25:00,7033.312,7036.504,7033.078,7033.078,42151300,784662528.0000
2026-07-28 13:26:00,7032.867,7033.806,7032.363,7033.568,38919500,764542976.0000
2026-07-28 13:27:00,7033.654,7038.077,7032.755,7035.585,43924600,792821760.0000
2026-07-28 13:28:00,7035.416,7038.826,7032.596,7032.596,43642800,857636864.0000
2026-07-28 13:29:00,7032.473,7032.656,7028.688,7028.688,51661200,964132864.0000
2026-07-28 13:30:00,7033.452,7034.086,7032.038,7032.846,46683600,806354944.0000
2026-07-28 13:31:00,7032.735,7035.096,7030.957,7032.171,50764200,823197696.0000
2026-07-28 13:32:00,7031.617,7031.617,7026.205,7028.632,57007000,1067253760.0000
2026-07-28 13:33:00,7028.213,7028.213,7024.234,7024.234,42847700,752123904.0000
2026-07-28 13:34:00,7023.954,7024.026,7020.021,7020.968,55117000,1003061248.0000
2026-07-28 13:35:00,7021.156,7021.156,7014.254,7014.576,64205900,1223983104.0000
2026-07-28 13:36:00,7013.976,7019.239,7013.770,7018.277,53852800,1062567936.0000
2026-07-28 13:37:00,7018.543,7019.103,7014.711,7016.223,43877400,856424448.0000
2026-07-28 13:38:00,7016.692,7033.152,7016.692,7033.152,81382100,1232338944.0000
2026-07-28 13:39:00,7033.625,7033.625,7030.620,7030.945,48958800,809664512.0000
2026-07-28 13:40:00,7030.772,7045.225,7030.060,7045.115,82698200,1102315520.0000
2026-07-28 13:41:00,7045.326,7051.070,7045.326,7051.070,63337800,948764672.0000
2026-07-28 13:42:00,7050.957,7051.789,7046.039,7046.649,44678900,766443520.0000
2026-07-28 13:43:00,7046.488,7065.207,7046.488,7065.207,51780400,958824448.0000
2026-07-28 13:44:00,7065.958,7073.245,7065.958,7066.671,58192300,1075445760.0000
2026-07-28 13:45:00,7066.662,7066.662,7054.312,7056.382,47188600,815398912.0000
2026-07-28 13:46:00,7055.787,7062.029,7049.196,7049.381,43667300,834207744.0000
2026-07-28 13:47:00,7049.333,7049.710,7043.465,7044.362,36819800,625704960.0000
2026-07-28 13:48:00,7041.625,7041.625,7035.006,7036.670,46467000,804880384.0000
2026-07-28 13:49:00,7036.260,7036.260,7029.521,7030.450,44725800,739573760.0000
2026-07-28 13:50:00,7030.325,7030.961,7027.911,7029.193,39721500,655523840.0000
2026-07-28 13:51:00,7028.190,7030.864,7026.580,7030.864,38655900,740229120.0000
2026-07-28 13:52:00,7030.997,7033.961,7027.373,7027.373,35312800,691470336.0000
2026-07-28 13:53:00,7027.588,7030.977,7027.588,7030.935,30989000,570589184.0000
2026-07-28 13:54:00,7030.960,7032.133,7028.499,7031.032,38595800,717062144.0000
2026-07-28 13:55:00,7031.125,7031.125,7027.483,7027.483,32039700,623509504.0000
2026-07-28 13:56:00,7026.964,7029.335,7026.806,7028.944,32702800,634159104.0000
2026-07-28 13:57:00,7028.795,7028.886,7027.251,7028.009,31155100,562954240.0000
2026-07-28 13:58:00,7027.849,7028.260,7026.711,7028.260,33008600,645758976.0000
2026-07-28 13:59:00,7028.328,7033.165,7028.146,7032.780,36413500,633307136.0000
2026-07-28 14:00:00,7032.873,7033.043,7031.172,7032.034,44443000,661749760.0000
2026-07-28 14:01:00,7031.568,7032.928,7029.926,7031.654,67836800,909213696.0000
2026-07-28 14:02:00,7031.620,7041.176,7031.620,7041.176,90394900,1030619136.0000
2026-07-28 14:03:00,7040.905,7044.152,7036.792,7044.152,56687900,887259136.0000
2026-07-28 14:04:00,7044.091,7044.958,7042.186,7042.997,56942200,714932224.0000
2026-07-28 14:05:00,7040.975,7040.975,7034.404,7036.123,58041600,975699968.0000
2026-07-28 14:06:00,7036.196,7036.840,7027.772,7027.772,59622900,966950912.0000
2026-07-28 14:07:00,7027.601,7028.878,7026.963,7028.542,44100500,773947392.0000
2026-07-28 14:08:00,7028.695,7034.923,7028.695,7032.335,49986500,811106304.0000
2026-07-28 14:09:00,7033.261,7033.826,7029.151,7029.493,40769500,721289216.0000
2026-07-28 14:10:00,7028.942,7028.942,7026.009,7026.009,36580400,750878720.0000
2026-07-28 14:11:00,7026.290,7030.784,7025.703,7026.978,52521600,896696320.0000
2026-07-28 14:12:00,7029.824,7032.589,7029.718,7029.718,39908500,700940288.0000
2026-07-28 14:13:00,7029.182,7029.182,7025.400,7028.404,41392200,812613632.0000
2026-07-28 14:14:00,7029.057,7029.057,7021.462,7021.462,61877500,956465152.0000
2026-07-28 14:15:00,7021.035,7021.035,7017.044,7017.207,75350800,1306001408.0000
2026-07-28 14:16:00,7017.284,7017.284,7013.884,7013.884,71512300,1159004160.0000
2026-07-28 14:17:00,7013.338,7013.390,7011.289,7011.342,57990200,980156416.0000
2026-07-28 14:18:00,7011.270,7011.270,7007.286,7008.268,69213500,1219264512.0000
2026-07-28 14:19:00,7008.274,7008.274,7005.647,7005.647,56034000,958758912.0000
2026-07-28 14:20:00,7005.388,7016.452,7005.324,7016.452,73692100,1268482048.0000
2026-07-28 14:21:00,7016.641,7025.601,7016.641,7023.632,72089700,1131905024.0000
2026-07-28 14:22:00,7023.347,7024.035,7019.035,7019.048,40786900,740261888.0000
2026-07-28 14:23:00,7018.964,7030.363,7018.376,7030.363,50353400,856915968.0000
2026-07-28 14:24:00,7029.471,7029.471,7021.638,7021.638,43603800,788103168.0000
2026-07-28 14:25:00,7021.097,7021.181,7018.907,7020.505,39785400,711622656.0000
2026-07-28 14:26:00,7022.714,7022.714,7019.389,7022.099,38407900,669483008.0000
2026-07-28 14:27:00,7022.095,7022.741,7018.934,7019.729,34229100,594247680.0000
2026-07-28 14:28:00,7019.127,7020.443,7016.801,7017.716,43219400,750813184.0000
2026-07-28 14:29:00,7017.353,7020.716,7016.977,7017.248,41441000,734429184.0000
2026-07-28 14:30:00,7016.732,7023.573,7016.248,7023.573,54193300,951222272.0000
2026-07-28 14:31:00,7023.433,7024.382,7015.246,7015.707,75991700,1264484352.0000
2026-07-28 14:32:00,7014.931,7014.931,7009.363,7010.023,86661300,1376813056.0000
2026-07-28 14:33:00,7012.279,7014.605,7009.572,7011.235,62554900,1112965120.0000
2026-07-28 14:34:00,7011.587,7014.151,7010.011,7010.943,55120200,974094336.0000
2026-07-28 14:35:00,7010.824,7015.566,7010.824,7013.968,60022700,1119354880.0000
2026-07-28 14:36:00,7013.714,7016.153,7013.706,7014.567,66069800,987398144.0000
2026-07-28 14:37:00,7013.800,7013.800,7003.810,7004.812,81371000,1502773248.0000
2026-07-28 14:38:00,7004.096,7004.574,6996.447,6996.447,90869100,1590624256.0000
2026-07-28 14:39:00,6996.425,6999.097,6994.659,6999.097,99357900,1830879232.0000
2026-07-28 14:40:00,6999.901,7008.663,6999.901,7007.690,98124000,1519222784.0000
2026-07-28 14:41:00,7008.369,7015.499,7006.414,7014.284,111794800,1550876672.0000
2026-07-28 14:42:00,7013.059,7013.059,7001.075,7001.391,71587300,1248133120.0000
2026-07-28 14:43:00,7001.388,7001.388,6997.677,6999.473,76159300,1256456192.0000
2026-07-28 14:44:00,6999.821,7003.106,6999.821,7001.061,79896900,1298923520.0000
2026-07-28 14:45:00,7000.389,7001.836,6993.704,6993.704,94271200,1553072128.0000
2026-07-28 14:46:00,6993.510,6998.022,6992.944,6993.206,102225000,1672118272.0000
2026-07-28 14:47:00,6994.222,7007.120,6994.222,7005.982,120876100,1957298176.0000
2026-07-28 14:48:00,7005.593,7005.593,6999.003,6999.003,81505200,1315078144.0000
2026-07-28 14:49:00,6999.132,7006.054,6999.132,7005.495,116736300,1529020416.0000
2026-07-28 14:50:00,7005.071,7008.964,7000.906,7008.964,122250800,1737719808.0000
2026-07-28 14:51:00,7011.542,7031.830,7011.542,7030.904,194041300,2625568768.0000
2026-07-28 14:52:00,7030.619,7030.619,7021.875,7021.875,116655200,1903263744.0000
2026-07-28 14:53:00,7022.150,7027.631,7021.976,7027.571,99290800,1513160704.0000
2026-07-28 14:54:00,7028.586,7028.586,7026.196,7028.559,104618800,1639907328.0000
2026-07-28 14:55:00,7028.155,7028.155,7025.062,7025.404,114617700,1810792448.0000
2026-07-28 14:56:00,7025.370,7027.174,7025.285,7026.669,139013500,2118647808.0000
2026-07-28 14:57:00,7027.033,7029.263,7026.639,7029.251,153697000,2299789312.0000
2026-07-28 14:58:00,7029.357,7030.135,7029.357,7030.135,9865800,135790592.0000
2026-07-28 15:00:00,7027.484,7027.484,7026.276,7026.276,218140900,3225124864.0000
2026-07-29 09:31:00,7020.223,7036.308,7020.223,7020.935,822363100,13776104448.0000
2026-07-29 09:32:00,7022.143,7034.541,7017.852,7027.035,596166600,9639130112.0000
2026-07-29 09:33:00,7023.659,7024.219,7012.045,7024.219,390204400,6726350848.0000
2026-07-29 09:34:00,7022.399,7022.399,7001.518,7012.823,345303500,6257883136.0000
2026-07-29 09:35:00,7013.793,7028.331,7011.809,7028.036,356476300,6331068416.0000
2026-07-29 09:36:00,7024.888,7035.410,7019.617,7035.410,322921800,5715116032.0000
2026-07-29 09:37:00,7038.226,7067.848,7038.226,7064.517,294398900,5471367168.0000
2026-07-29 09:38:00,7063.242,7072.056,7058.666,7066.208,307997200,4929933312.0000
2026-07-29 09:39:00,7066.898,7073.144,7055.131,7056.400,275560900,4504379392.0000
2026-07-29 09:40:00,7056.399,7062.700,7048.286,7051.294,234724300,3976179712.0000
2026-07-29 09:41:00,7052.035,7052.035,7044.968,7050.571,206522600,3685249024.0000
2026-07-29 09:42:00,7049.785,7050.349,7023.039,7023.039,220854800,3768631296.0000
2026-07-29 09:43:00,7020.081,7020.081,6999.844,6999.844,270823000,4698480640.0000
2026-07-29 09:44:00,6998.080,6998.080,6979.998,6979.998,236838600,4620910592.0000
2026-07-29 09:45:00,6978.328,6978.328,6967.429,6971.243,249528700,5033639936.0000
2026-07-29 09:46:00,6975.803,6976.715,6949.614,6952.767,292433500,5340815360.0000
2026-07-29 09:47:00,6953.849,6958.288,6947.222,6947.222,203304900,4068401152.0000
2026-07-29 09:48:00,6945.736,6965.815,6940.696,6965.815,218934000,4288806912.0000
2026-07-29 09:49:00,6967.261,6973.672,6939.071,6939.071,227474400,4059537408.0000
2026-07-29 09:50:00,6938.814,6943.521,6928.058,6928.058,184153900,3591757824.0000
2026-07-29 09:51:00,6924.562,6926.669,6910.797,6926.669,280588700,4981104640.0000
2026-07-29 09:52:00,6925.237,6927.038,6916.045,6927.038,188612700,3539902464.0000
2026-07-29 09:53:00,6932.468,6953.182,6932.468,6952.703,211622200,3956973568.0000
2026-07-29 09:54:00,6952.445,6952.445,6933.173,6937.859,160582400,2803720192.0000
2026-07-29 09:55:00,6937.070,6953.302,6936.570,6946.708,142497500,2750332928.0000
2026-07-29 09:56:00,6945.301,6945.301,6918.470,6918.524,182883800,2934071296.0000
2026-07-29 09:57:00,6921.049,6928.201,6913.789,6913.789,172403400,3050250240.0000
2026-07-29 09:58:00,6912.924,6946.241,6912.924,6945.824,176583500,3041501184.0000
2026-07-29 09:59:00,6946.861,6957.015,6939.543,6939.543,131055400,2365456384.0000
2026-07-29 10:00:00,6935.521,6937.451,6925.841,6926.566,122442500,1981136896.0000
2026-07-29 10:01:00,6925.940,6925.940,6915.189,6923.131,148953800,2581217280.0000
2026-07-29 10:02:00,6920.227,6929.408,6916.213,6929.408,229014200,3176628224.0000
2026-07-29 10:03:00,6931.230,6931.230,6913.519,6916.523,168067100,2897985536.0000
2026-07-29 10:04:00,6916.479,6933.123,6916.479,6917.574,176260600,2858139648.0000
2026-07-29 10:05:00,6917.020,6917.020,6902.460,6909.238,193828800,3220684800.0000
2026-07-29 10:06:00,6909.356,6915.147,6897.612,6902.289,204460800,3888267264.0000
2026-07-29 10:07:00,6902.293,6910.921,6897.392,6898.796,154680100,3087941632.0000
2026-07-29 10:08:00,6898.969,6919.661,6898.969,6907.273,174821400,3032317952.0000
2026-07-29 10:09:00,6906.518,6915.932,6901.578,6915.932,132666000,2310471680.0000
2026-07-29 10:10:00,6916.692,6922.729,6914.929,6916.072,127493800,2265022464.0000
2026-07-29 10:11:00,6915.966,6951.561,6915.966,6951.046,156337600,2793340928.0000
2026-07-29 10:12:00,6951.441,6951.441,6938.711,6940.891,140319900,2364375040.0000
2026-07-29 10:13:00,6942.145,6955.096,6930.989,6955.096,136581000,2205057024.0000
2026-07-29 10:14:00,6954.734,6967.816,6954.734,6965.639,120347900,2132279296.0000
2026-07-29 10:15:00,6963.538,6963.538,6951.125,6951.125,117935100,2071379968.0000
2026-07-29 10:16:00,6949.989,6956.675,6943.678,6945.275,104724200,1823440896.0000
2026-07-29 10:17:00,6951.485,6953.011,6940.853,6940.853,106152600,1676935168.0000
2026-07-29 10:18:00,6940.113,6941.574,6931.012,6935.214,100968500,1766850560.0000
2026-07-29 10:19:00,6934.552,6950.028,6934.430,6950.028,84788300,1540112384.0000
2026-07-29 10:20:00,6950.287,6950.287,6935.962,6935.962,99853400,1733033984.0000
2026-07-29 10:21:00,6935.445,6935.445,6925.868,6927.031,98367600,1738932224.0000
2026-07-29 10:22:00,6925.749,6926.693,6918.365,6923.871,110516300,1884045312.0000
2026-07-29 10:23:00,6922.021,6931.565,6916.801,6928.767,129783100,1820934144.0000
2026-07-29 10:24:00,6928.327,6955.194,6927.770,6945.813,132452400,1817673728.0000
2026-07-29 10:25:00,6945.773,6961.883,6945.773,6961.883,107792100,1483325440.0000
2026-07-29 10:26:00,6964.391,6990.529,6964.391,6986.506,183323000,2723151872.0000
2026-07-29 10:27:00,6986.088,6997.522,6982.577,6994.662,159896600,2286878720.0000
2026-07-29 10:28:00,6995.126,7031.582,6995.125,7031.582,216733600,3110715392.0000
2026-07-29 10:29:00,7032.901,7045.873,7032.901,7037.188,207154500,3475456000.0000
2026-07-29 10:30:00,7036.459,7036.459,7027.986,7033.264,150690500,2702852096.0000
2026-07-29 10:31:00,7035.315,7046.301,7032.521,7032.946,220935700,3255877632.0000
2026-07-29 10:32:00,7035.463,7035.463,7023.998,7031.505,144670000,2258419712.0000
2026-07-29 10:33:00,7030.761,7057.131,7030.761,7054.330,226391500,3327410176.0000
2026-07-29 10:34:00,7053.364,7053.364,7039.882,7039.882,159241500,2609135616.0000
2026-07-29 10:35:00,7039.154,7039.154,7021.165,7022.079,139115400,2101510144.0000
2026-07-29 10:36:00,7021.715,7027.063,7015.479,7015.479,117944700,1992359936.0000
2026-07-29 10:37:00,7014.903,7030.885,7014.903,7019.045,117028600,1762344960.0000
2026-07-29 10:38:00,7019.341,7020.936,7007.418,7007.418,96938700,1510211584.0000
2026-07-29 10:39:00,7006.520,7013.406,7005.829,7010.834,92615400,1489813504.0000
2026-07-29 10:40:00,7012.075,7012.075,7001.536,7007.616,77964100,1471954944.0000
2026-07-29 10:41:00,7008.597,7024.617,7008.597,7019.703,96577300,1679163392.0000
2026-07-29 10:42:00,7018.890,7018.890,7009.181,7012.261,66177200,1300496384.0000
2026-07-29 10:43:00,7013.501,7026.075,7013.501,7023.146,76560900,1376108544.0000
2026-07-29 10:44:00,7022.713,7023.191,7006.946,7006.946,73313100,1235107840.0000
2026-07-29 10:45:00,7007.069,7007.069,6997.917,6997.917,68551400,1192984576.0000
2026-07-29 10:46:00,6997.002,6998.443,6991.826,6994.570,72789700,1219477504.0000
2026-07-29 10:47:00,6995.017,6995.017,6981.467,6981.467,80276700,1459339264.0000
2026-07-29 10:48:00,6979.975,6979.975,6972.925,6975.593,81272500,1488945152.0000
2026-07-29 10:49:00,6974.993,6977.034,6971.257,6976.151,68151100,1138802688.0000
2026-07-29 10:50:00,6975.483,6975.483,6969.676,6970.521,68665000,1311997952.0000
2026-07-29 10:51:00,6969.886,6969.886,6958.263,6959.412,84788600,1482899456.0000
2026-07-29 10:52:00,6959.757,6962.719,6959.757,6960.614,59365000,1131364352.0000
2026-07-29 10:53:00,6960.735,6961.212,6954.684,6955.031,58269600,1068367872.0000
2026-07-29 10:54:00,6955.211,6955.756,6950.850,6950.850,66382500,1106198528.0000
2026-07-29 10:55:00,6950.573,6951.804,6942.597,6942.803,73141700,1382006784.0000
2026-07-29 10:56:00,6942.954,6943.788,6941.543,6943.203,63304500,1114079232.0000
2026-07-29 10:57:00,6943.935,6943.935,6937.407,6940.386,64152800,1227472896.0000
2026-07-29 10:58:00,6940.349,6940.349,6937.444,6938.232,53243800,995295232.0000
2026-07-29 10:59:00,6937.200,6943.423,6937.200,6940.827,57775100,1125761024.0000
2026-07-29 11:00:00,6941.534,6941.699,6933.505,6934.672,71341100,1190920192.0000
2026-07-29 11:01:00,6935.298,6939.228,6933.153,6933.937,63258200,1160167424.0000
2026-07-29 11:02:00,6933.362,6936.481,6930.208,6936.481,69260400,1185005568.0000
2026-07-29 11:03:00,6937.365,6952.024,6937.365,6944.153,84629800,1366491136.0000
2026-07-29 11:04:00,6944.472,6945.065,6935.616,6936.603,71573200,1075052544.0000
2026-07-29 11:05:00,6936.484,6942.618,6936.168,6938.557,49434500,831864832.0000
2026-07-29 11:06:00,6939.090,6939.308,6928.951,6930.885,68542000,1050656768.0000
2026-07-29 11:07:00,6930.584,6930.767,6927.382,6927.978,46653100,757743616.0000
2026-07-29 11:08:00,6928.123,6944.496,6916.209,6941.610,162968700,2706554880.0000
2026-07-29 11:09:00,6941.498,6945.702,6939.320,6942.417,75827700,1363083264.0000
2026-07-29 11:10:00,6941.927,6961.550,6941.896,6961.550,60415200,1032306688.0000
2026-07-29 11:11:00,6962.446,6984.192,6962.446,6981.362,167335400,2278637568.0000
2026-07-29 11:12:00,6981.074,6981.074,6965.292,6965.292,71766600,1342963712.0000
2026-07-29 11:13:00,6965.884,6980.457,6965.884,6968.669,69960200,1738014720.0000
2026-07-29 11:14:00,6969.811,6972.528,6966.085,6967.014,36047800,689405952.0000
2026-07-29 11:15:00,6967.585,6967.866,6948.549,6948.765,49254700,909410304.0000
2026-07-29 11:16:00,6948.457,6952.912,6946.720,6949.269,40144200,707624960.0000
2026-07-29 11:17:00,6947.342,6958.338,6947.342,6958.338,40848400,698056704.0000
2026-07-29 11:18:00,6958.195,6958.195,6944.707,6946.350,38016600,754155520.0000
2026-07-29 11:19:00,6946.051,6947.616,6940.545,6947.616,37458200,717750272.0000
2026-07-29 11:20:00,6947.588,6947.588,6936.553,6937.693,41112000,806223872.0000
2026-07-29 11:21:00,6937.395,6943.641,6936.367,6938.441,36988600,704315392.0000
2026-07-29 11:22:00,6938.096,6940.094,6936.502,6939.149,33349700,650215424.0000
2026-07-29 11:23:00,6939.635,6939.635,6934.908,6934.908,29722600,592543744.0000
2026-07-29 11:24:00,6935.074,6936.559,6931.605,6936.559,51741500,1182138368.0000
2026-07-29 11:25:00,6936.417,6936.417,6932.834,6933.984,39336900,757792768.0000
2026-07-29 11:26:00,6933.788,6939.194,6933.788,6939.178,37467000,759955456.0000
2026-07-29 11:27:00,6938.567,6944.243,6938.354,6940.209,38962900,790921216.0000
2026-07-29 11:28:00,6940.229,6940.229,6930.254,6930.254,48021900,934871040.0000
2026-07-29 11:29:00,6930.060,6933.661,6929.888,6932.411,37327900,744685568.0000
2026-07-29 11:30:00,6932.737,6943.001,6932.737,6942.956,53872600,877035520.0000
2026-07-29 13:01:00,6940.275,6940.275,6918.214,6933.744,249008300,4150558720.0000
2026-07-29 13:02:00,6935.110,6946.286,6934.565,6943.525,104911100,1747320832.0000
2026-07-29 13:03:00,6942.404,6946.859,6941.323,6943.207,71518100,1211301888.0000
2026-07-29 13:04:00,6943.026,6976.406,6942.843,6976.406,104454300,1727299584.0000
2026-07-29 13:05:00,6978.998,6993.427,6978.670,6990.551,117227400,1941504000.0000
2026-07-29 13:06:00,6990.034,6994.168,6975.141,6975.164,82790200,1430421504.0000
2026-07-29 13:07:00,6974.707,6987.440,6974.414,6978.023,57303500,1209696256.0000
2026-07-29 13:08:00,6978.162,6996.056,6977.873,6996.056,61537300,1149534208.0000
2026-07-29 13:09:00,6996.252,7022.339,6992.849,7022.339,99683300,1680539648.0000
2026-07-29 13:10:00,7023.616,7042.402,7023.616,7042.402,141535100,2346647552.0000
2026-07-29 13:11:00,7043.987,7046.828,7035.990,7038.945,108920100,1961132032.0000
2026-07-29 13:12:00,7039.818,7060.210,7039.818,7060.210,112472300,2076770304.0000
2026-07-29 13:13:00,7063.401,7077.540,7063.401,7071.570,166033400,2832695296.0000
2026-07-29 13:14:00,7070.573,7077.059,7069.058,7072.644,113743600,2126020608.0000
2026-07-29 13:15:00,7072.182,7087.778,7071.556,7084.383,125562600,2343403520.0000
2026-07-29 13:16:00,7082.184,7083.215,7065.756,7065.756,123205400,2284191744.0000
2026-07-29 13:17:00,7066.397,7066.397,7050.559,7053.379,103390200,1844641792.0000
2026-07-29 13:18:00,7053.590,7057.926,7045.278,7045.878,95313100,1749450752.0000
2026-07-29 13:19:00,7046.119,7052.238,7043.256,7046.063,89051300,1544650752.0000
2026-07-29 13:20:00,7044.111,7044.111,7031.283,7037.168,88956900,1500577792.0000
2026-07-29 13:21:00,7036.432,7050.560,7029.593,7050.560,125080800,1708851200.0000
2026-07-29 13:22:00,7050.457,7050.827,7039.896,7043.748,67682800,1200652288.0000
2026-07-29 13:23:00,7044.484,7067.133,7044.484,7067.133,82600400,1298661376.0000
2026-07-29 13:24:00,7067.584,7074.175,7054.799,7054.799,81967000,1497497600.0000
2026-07-29 13:25:00,7054.693,7054.693,7046.739,7050.630,56631600,1025671168.0000
2026-07-29 13:26:00,7053.937,7071.125,7053.937,7071.125,74121000,1351909376.0000
2026-07-29 13:27:00,7071.386,7073.190,7058.307,7059.070,65277000,1243971584.0000
2026-07-29 13:28:00,7063.295,7072.959,7063.295,7069.440,67798100,1328939008.0000
2026-07-29 13:29:00,7069.357,7080.005,7069.357,7077.536,73683500,1382842368.0000
2026-07-29 13:30:00,7077.026,7085.617,7077.001,7080.211,72488600,1423114240.0000
2026-07-29 13:31:00,7079.945,7079.947,7064.118,7064.118,91778800,1482620928.0000
2026-07-29 13:32:00,7062.102,7068.073,7056.738,7067.411,103848100,1534754816.0000
2026-07-29 13:33:00,7067.738,7067.738,7057.245,7063.244,63313800,1136361472.0000
2026-07-29 13:34:00,7063.439,7088.342,7062.543,7088.342,128889300,1812463616.0000
2026-07-29 13:35:00,7087.508,7109.091,7087.508,7109.091,159194900,2260828160.0000
2026-07-29 13:36:00,7109.218,7113.084,7102.596,7112.816,150203200,2284257280.0000
2026-07-29 13:37:00,7113.734,7115.230,7110.097,7110.097,105340400,1645445120.0000
2026-07-29 13:38:00,7108.946,7108.946,7092.311,7098.434,94984200,1620836352.0000
2026-07-29 13:39:00,7098.390,7106.218,7097.841,7097.841,79484700,1337458688.0000
2026-07-29 13:40:00,7097.956,7121.490,7097.795,7120.879,112788700,1791655936.0000
2026-07-29 13:41:00,7120.963,7122.970,7113.686,7113.686,115321500,1992392704.0000
2026-07-29 13:42:00,7113.482,7128.257,7113.482,7128.257,105688600,1825079296.0000
2026-07-29 13:43:00,7127.807,7132.352,7127.807,7129.472,99675500,1759870976.0000
2026-07-29 13:44:00,7129.475,7129.475,7115.677,7121.350,115262800,1884651520.0000
2026-07-29 13:45:00,7120.313,7127.251,7113.634,7113.634,96418500,1579450368.0000
2026-07-29 13:46:00,7113.559,7122.059,7113.349,7120.907,78818100,1286275072.0000
2026-07-29 13:47:00,7119.610,7119.610,7100.323,7100.323,77911600,1352925184.0000
2026-07-29 13:48:00,7098.355,7098.623,7092.904,7092.904,75659200,1257799680.0000
2026-07-29 13:49:00,7091.982,7101.898,7091.982,7097.480,95817500,1339850752.0000
2026-07-29 13:50:00,7095.580,7095.580,7082.265,7082.600,69512100,1257570304.0000
2026-07-29 13:51:00,7082.822,7085.831,7079.482,7080.432,68142200,1139933184.0000
2026-07-29 13:52:00,7079.311,7091.605,7078.811,7088.612,79175000,1199407104.0000
2026-07-29 13:53:00,7089.209,7090.264,7084.548,7084.548,48953700,940212224.0000
2026-07-29 13:54:00,7084.659,7084.659,7074.063,7074.063,50653100,919961600.0000
2026-07-29 13:55:00,7073.444,7073.708,7064.522,7064.522,67445500,1075576832.0000
2026-07-29 13:56:00,7064.359,7078.045,7064.204,7077.642,62649300,1040973824.0000
2026-07-29 13:57:00,7076.683,7077.618,7074.490,7074.956,51469900,774406144.0000
2026-07-29 13:58:00,7074.794,7084.668,7074.794,7081.224,55785600,913866752.0000
2026-07-29 13:59:00,7080.670,7080.963,7076.303,7077.426,44159800,712146944.0000
2026-07-29 14:00:00,7077.412,7080.244,7076.776,7078.118,44974400,683671552.0000
2026-07-29 14:01:00,7077.604,7088.009,7077.199,7082.166,87212300,1169620992.0000
2026-07-29 14:02:00,7081.882,7089.378,7081.882,7086.679,83663200,1072463872.0000
2026-07-29 14:03:00,7087.495,7095.284,7087.405,7087.674,63629600,997294080.0000
2026-07-29 14:04:00,7087.623,7088.341,7071.681,7071.681,58236900,1016365056.0000
2026-07-29 14:05:00,7070.933,7075.347,7063.870,7063.870,70729500,1036877824.0000
2026-07-29 14:06:00,7062.661,7063.820,7060.382,7060.382,51898300,896139264.0000
2026-07-29 14:07:00,7059.511,7061.185,7053.451,7053.451,50280200,873758720.0000
2026-07-29 14:08:00,7052.780,7056.494,7048.886,7056.234,70961900,1142161408.0000
2026-07-29 14:09:00,7055.330,7059.230,7054.497,7059.230,44810700,738918400.0000
2026-07-29 14:10:00,7058.386,7060.686,7053.958,7055.698,46664700,792166400.0000
2026-07-29 14:11:00,7056.403,7058.116,7053.743,7053.743,45940100,791805952.0000
2026-07-29 14:12:00,7053.617,7054.886,7051.039,7054.622,49151400,798785536.0000
2026-07-29 14:13:00,7055.387,7055.934,7048.175,7048.269,49608900,838664192.0000
2026-07-29 14:14:00,7047.691,7057.077,7047.691,7056.835,48750400,809992192.0000
2026-07-29 14:15:00,7055.671,7071.452,7055.405,7070.457,72147300,1118240768.0000
2026-07-29 14:16:00,7070.773,7071.327,7064.845,7068.560,48846600,798031872.0000
2026-07-29 14:17:00,7069.208,7074.108,7068.220,7072.442,56758400,891420672.0000
2026-07-29 14:18:00,7073.733,7087.555,7073.733,7087.555,64245500,1053261824.0000
2026-07-29 14:19:00,7088.256,7091.572,7088.256,7090.788,56870700,1041235968.0000
2026-07-29 14:20:00,7090.656,7093.900,7089.804,7089.804,46085100,808615936.0000
2026-07-29 14:21:00,7087.944,7090.048,7086.190,7086.190,47686800,858456064.0000
2026-07-29 14:22:00,7085.882,7089.033,7084.717,7084.717,46702700,835813376.0000
2026-07-29 14:23:00,7084.417,7084.417,7075.499,7075.499,44250100,756678656.0000
2026-07-29 14:24:00,7075.254,7075.254,7073.213,7073.606,41116200,649560064.0000
2026-07-29 14:25:00,7072.816,7074.774,7070.288,7074.774,48822300,834928640.0000
2026-07-29 14:26:00,7075.294,7076.244,7072.164,7076.244,48149600,793509888.0000
2026-07-29 14:27:00,7077.216,7082.592,7077.216,7082.592,54985500,935985152.0000
2026-07-29 14:28:00,7082.751,7088.256,7082.751,7087.336,60446900,990478336.0000
2026-07-29 14:29:00,7087.095,7088.822,7086.229,7087.928,64078900,965378048.0000
2026-07-29 14:30:00,7087.879,7087.979,7084.636,7085.432,61143900,893091840.0000
2026-07-29 14:31:00,7085.023,7095.213,7082.150,7095.213,106763400,1487175680.0000
2026-07-29 14:32:00,7095.342,7099.005,7090.728,7090.894,91328500,1361149952.0000
2026-07-29 14:33:00,7090.942,7090.942,7082.158,7084.363,59388900,903380992.0000
2026-07-29 14:34:00,7084.991,7090.328,7084.991,7086.849,63710400,976748544.0000
2026-07-29 14:35:00,7086.461,7086.481,7080.431,7080.431,61664300,982417408.0000
2026-07-29 14:36:00,7080.530,7084.257,7079.718,7083.942,69394900,1004634112.0000
2026-07-29 14:37:00,7084.242,7085.065,7082.019,7082.333,61511600,955449344.0000
2026-07-29 14:38:00,7082.418,7086.797,7080.622,7081.334,61828400,1051361280.0000
2026-07-29 14:39:00,7080.605,7083.574,7077.121,7077.121,66596100,1088585728.0000
2026-07-29 14:40:00,7077.320,7077.320,7070.838,7071.218,91263900,1378844672.0000
2026-07-29 14:41:00,7071.047,7075.116,7071.047,7073.344,77475500,1208647680.0000
2026-07-29 14:42:00,7073.477,7078.192,7073.392,7077.925,66761100,1095598080.0000
2026-07-29 14:43:00,7078.354,7080.875,7078.040,7078.807,78586700,1213562880.0000
2026-07-29 14:44:00,7079.473,7083.914,7078.412,7080.210,82147500,1296302080.0000
2026-07-29 14:45:00,7081.323,7082.413,7080.152,7080.152,70508700,1133510656.0000
2026-07-29 14:46:00,7080.107,7084.081,7079.399,7083.941,89085900,1374846976.0000
2026-07-29 14:47:00,7084.102,7091.653,7083.967,7090.408,104216500,1723760640.0000
2026-07-29 14:48:00,7089.349,7090.589,7088.172,7089.492,83997100,1420754944.0000
2026-07-29 14:49:00,7090.275,7096.027,7090.136,7096.027,124644900,1754038272.0000
2026-07-29 14:50:00,7096.202,7099.371,7096.074,7099.030,157603400,2184216576.0000
2026-07-29 14:51:00,7099.511,7099.511,7096.837,7096.837,141941100,2189295616.0000
2026-07-29 14:52:00,7096.473,7096.473,7091.702,7092.989,114292300,1980203008.0000
2026-07-29 14:53:00,7092.925,7095.885,7092.925,7095.152,120350100,1968439296.0000
2026-07-29 14:54:00,7095.611,7096.502,7094.787,7095.023,126023200,1987477504.0000
2026-07-29 14:55:00,7095.167,7096.915,7094.755,7095.279,153186400,2283110400.0000
2026-07-29 14:56:00,7095.155,7095.683,7093.816,7094.285,175398200,2588475392.0000
2026-07-29 14:57:00,7094.532,7096.314,7094.342,7096.211,185803900,2783870976.0000
2026-07-29 14:58:00,7095.678,7096.191,7095.678,7096.191,10443600,153124864.0000
2026-07-29 15:00:00,7095.494,7095.494,7095.186,7095.186,230882900,3459121152.0000
2026-07-30 09:31:00,7053.090,7080.843,7053.090,7080.843,915920500,15043113984.0000
2026-07-30 09:32:00,7082.634,7102.217,7082.634,7088.896,550133100,9373572096.0000
2026-07-30 09:33:00,7090.042,7105.173,7082.870,7104.148,414283700,6897967104.0000
2026-07-30 09:34:00,7104.647,7114.625,7099.672,7106.189,364976400,6009126912.0000
2026-07-30 09:35:00,7106.303,7121.523,7105.720,7108.550,367835700,6152044544.0000
2026-07-30 09:36:00,7108.228,7110.035,7097.089,7106.757,367474000,5827358720.0000
2026-07-30 09:37:00,7108.526,7113.028,7102.996,7102.996,307958800,5182390272.0000
2026-07-30 09:38:00,7101.958,7111.197,7091.499,7092.164,310724100,5394923520.0000
2026-07-30 09:39:00,7091.599,7091.599,7078.017,7087.147,311177800,5310767104.0000
2026-07-30 09:40:00,7089.098,7106.034,7088.278,7105.151,264731000,4465139712.0000
2026-07-30 09:41:00,7105.765,7106.801,7092.545,7096.888,247830400,4182466560.0000
2026-07-30 09:42:00,7095.997,7096.365,7081.417,7081.417,217399400,3687276544.0000
2026-07-30 09:43:00,7081.641,7095.118,7081.641,7090.100,232637800,3803463680.0000
2026-07-30 09:44:00,7087.960,7087.960,7079.003,7081.810,242861500,3784589312.0000
2026-07-30 09:45:00,7082.672,7101.215,7082.672,7095.851,214586300,3867312128.0000
2026-07-30 09:46:00,7097.322,7097.343,7085.330,7089.174,216097300,3604406272.0000
2026-07-30 09:47:00,7090.723,7093.142,7073.894,7075.116,239624200,4044619776.0000
2026-07-30 09:48:00,7076.983,7077.150,7059.550,7059.550,213050200,3797794816.0000
2026-07-30 09:49:00,7058.321,7062.796,7054.069,7054.807,243278000,4284129280.0000
2026-07-30 09:50:00,7054.954,7063.535,7054.954,7062.394,207920900,3527598080.0000
2026-07-30 09:51:00,7061.531,7088.348,7060.513,7082.776,207056900,3471720448.0000
2026-07-30 09:52:00,7081.785,7089.584,7081.785,7087.596,180503400,2920841216.0000
2026-07-30 09:53:00,7087.435,7087.435,7075.557,7080.319,172076800,2642739200.0000
2026-07-30 09:54:00,7077.598,7086.874,7075.795,7084.433,146598400,2622504960.0000
2026-07-30 09:55:00,7085.516,7099.459,7085.516,7099.459,145967200,2424266752.0000
2026-07-30 09:56:00,7101.287,7110.797,7101.287,7107.240,188180100,2904064000.0000
2026-07-30 09:57:00,7105.834,7105.834,7083.600,7085.564,170110900,2773909504.0000
2026-07-30 09:58:00,7085.236,7089.096,7077.203,7077.203,156709100,2688114688.0000
2026-07-30 09:59:00,7076.694,7076.694,7071.799,7075.613,133260400,2365833216.0000
2026-07-30 10:00:00,7075.279,7076.424,7073.201,7073.201,129139600,2151997440.0000
2026-07-30 10:01:00,7072.467,7072.467,7054.911,7059.186,181837200,3253706752.0000
2026-07-30 10:02:00,7059.539,7072.682,7058.816,7070.679,185507000,2815377408.0000
2026-07-30 10:03:00,7074.481,7075.685,7062.646,7062.646,156121000,2501263360.0000
2026-07-30 10:04:00,7062.505,7062.643,7050.078,7052.235,161468200,2641379328.0000
2026-07-30 10:05:00,7051.787,7057.980,7048.526,7053.848,138776100,2418491392.0000
2026-07-30 10:06:00,7053.815,7054.067,7043.542,7043.542,130322200,2335948800.0000
2026-07-30 10:07:00,7044.358,7045.647,7037.364,7037.364,142129400,2539683840.0000
2026-07-30 10:08:00,7036.647,7037.342,7024.895,7025.133,166823700,2871230464.0000
2026-07-30 10:09:00,7024.385,7030.756,7023.678,7027.583,140237800,2506817536.0000
2026-07-30 10:10:00,7027.548,7034.529,7026.935,7034.416,123116800,2186297344.0000
2026-07-30 10:11:00,7034.131,7034.648,7027.856,7034.648,130700800,2255241216.0000
2026-07-30 10:12:00,7036.629,7043.950,7033.234,7033.234,109774400,1973239808.0000
2026-07-30 10:13:00,7032.807,7037.702,7030.514,7037.691,117666600,1752596480.0000
2026-07-30 10:14:00,7037.707,7037.707,7022.662,7022.662,124419800,2189164544.0000
2026-07-30 10:15:00,7022.516,7022.670,7006.761,7007.295,164609700,2746564608.0000
2026-07-30 10:16:00,7007.747,7012.035,7006.932,7011.473,134380000,2277113856.0000
2026-07-30 10:17:00,7011.254,7024.635,7011.254,7022.050,142728000,2092793856.0000
2026-07-30 10:18:00,7021.816,7037.275,7021.764,7033.429,127980200,2241576960.0000
2026-07-30 10:19:00,7033.047,7033.047,7017.090,7021.899,124803300,1950482432.0000
2026-07-30 10:20:00,7021.349,7035.182,7017.501,7034.166,111929800,1879474176.0000
2026-07-30 10:21:00,7031.243,7032.740,7028.172,7031.507,89390300,1550958592.0000
2026-07-30 10:22:00,7030.324,7030.324,7014.532,7014.532,107593700,1776074752.0000
2026-07-30 10:23:00,7014.139,7014.139,7004.726,7004.726,116981300,1665482752.0000
2026-07-30 10:24:00,7004.355,7004.355,6994.637,6994.743,119773000,1810333696.0000
2026-07-30 10:25:00,6995.641,7001.200,6993.229,6998.570,102570300,1752924160.0000
2026-07-30 10:26:00,6996.036,6996.416,6994.468,6994.468,97405700,1634861056.0000
2026-07-30 10:27:00,6994.578,6994.949,6987.729,6988.423,100228500,1798717440.0000
2026-07-30 10:28:00,6988.429,7002.187,6988.429,6995.734,101299100,1791770624.0000
2026-07-30 10:29:00,6994.850,7002.422,6994.850,6997.518,73086400,1320370176.0000
2026-07-30 10:30:00,6997.233,6997.562,6985.348,6985.348,90342600,1610383360.0000
2026-07-30 10:31:00,6987.011,6995.525,6987.011,6994.747,94810700,1675313152.0000
2026-07-30 10:32:00,6991.617,6994.839,6990.054,6990.672,94451900,1426964480.0000
2026-07-30 10:33:00,6988.238,6988.238,6977.285,6979.709,125039100,2147926016.0000
2026-07-30 10:34:00,6979.025,6979.025,6970.644,6971.274,127968500,1871724544.0000
2026-07-30 10:35:00,6971.250,6971.250,6963.962,6963.962,112271600,1979564032.0000
2026-07-30 10:36:00,6964.068,6967.511,6963.997,6964.044,101795600,1796521984.0000
2026-07-30 10:37:00,6963.809,6963.878,6961.149,6962.722,82911700,1537425408.0000
2026-07-30 10:38:00,6962.747,6963.483,6957.465,6963.482,96994000,1951137792.0000
2026-07-30 10:39:00,6962.681,6962.681,6955.632,6955.632,79175900,1525825536.0000
2026-07-30 10:40:00,6955.556,6962.636,6955.556,6957.232,96279800,1731526656.0000
2026-07-30 10:41:00,6957.764,6966.059,6957.385,6965.348,81750300,1533820928.0000
2026-07-30 10:42:00,6965.580,6973.351,6965.465,6970.712,92445000,1520025600.0000
2026-07-30 10:43:00,6968.556,6968.556,6959.716,6964.849,81403800,1549647872.0000
2026-07-30 10:44:00,6964.261,6964.261,6953.918,6953.918,80552600,1371734016.0000
2026-07-30 10:45:00,6953.547,6961.624,6953.334,6961.624,69211100,1313374208.0000
2026-07-30 10:46:00,6962.018,6974.329,6962.018,6973.243,72928900,1344192512.0000
2026-07-30 10:47:00,6972.147,6972.147,6957.919,6964.235,71806600,1318125568.0000
2026-07-30 10:48:00,6964.554,6974.828,6963.401,6974.828,56695900,960462848.0000
2026-07-30 10:49:00,6976.712,6982.187,6975.932,6975.932,75858600,1288454144.0000
2026-07-30 10:50:00,6975.765,6975.765,6966.898,6971.757,59283900,972488704.0000
2026-07-30 10:51:00,6970.204,6970.204,6957.579,6969.360,100403200,1470103552.0000
2026-07-30 10:52:00,6970.144,6970.144,6964.780,6968.240,54121700,893878272.0000
2026-07-30 10:53:00,6969.339,6969.503,6965.081,6965.487,57668400,873775104.0000
2026-07-30 10:54:00,6965.051,6969.074,6962.068,6962.131,65726700,1031159808.0000
2026-07-30 10:55:00,6962.196,6962.593,6957.877,6957.877,50170900,843153408.0000
2026-07-30 10:56:00,6958.470,6959.306,6953.498,6953.498,64290600,1161887744.0000
2026-07-30 10:57:00,6952.913,6954.004,6950.451,6950.821,57701300,1036632064.0000
2026-07-30 10:58:00,6950.336,6951.637,6943.791,6945.965,69580000,1210744832.0000
2026-07-30 10:59:00,6947.380,6952.187,6947.047,6950.947,67340400,1130659840.0000
2026-07-30 11:00:00,6951.094,6953.489,6948.448,6953.489,56261200,920518656.0000
2026-07-30 11:01:00,6953.331,6953.331,6939.719,6939.719,83116300,1414545408.0000
2026-07-30 11:02:00,6939.805,6945.453,6939.275,6941.837,67440500,1161510912.0000
2026-07-30 11:03:00,6941.940,6955.091,6941.646,6954.218,78829300,1325465600.0000
2026-07-30 11:04:00,6953.524,6953.524,6942.224,6948.940,79060200,1256800256.0000
2026-07-30 11:05:00,6948.663,6950.992,6946.784,6947.987,50677700,836272128.0000
2026-07-30 11:06:00,6947.893,6951.901,6944.714,6951.901,59914800,1006927872.0000
2026-07-30 11:07:00,6952.878,6969.121,6952.878,6969.121,87049600,1241120768.0000
2026-07-30 11:08:00,6969.479,6969.710,6949.770,6950.840,85194100,1529905152.0000
2026-07-30 11:09:00,6949.192,6949.192,6941.729,6942.448,63088700,1147174912.0000
2026-07-30 11:10:00,6943.525,6945.903,6937.203,6937.322,59947000,1129283584.0000
2026-07-30 11:11:00,6936.615,6939.941,6935.496,6935.815,59138100,1122680832.0000
2026-07-30 11:12:00,6936.237,6936.349,6925.577,6925.784,93627300,1528053760.0000
2026-07-30 11:13:00,6925.729,6928.103,6918.159,6918.559,98913200,1543372800.0000
2026-07-30 11:14:00,6918.774,6923.199,6918.774,6921.944,64588000,1156448256.0000
2026-07-30 11:15:00,6921.725,6921.725,6915.215,6915.546,67652600,1328627712.0000
2026-07-30 11:16:00,6915.445,6916.768,6915.136,6915.136,58767100,1062764544.0000
2026-07-30 11:17:00,6914.844,6921.144,6914.844,6916.149,58643200,1062666240.0000
2026-07-30 11:18:00,6916.809,6918.567,6916.569,6917.288,47103600,811974656.0000
2026-07-30 11:19:00,6916.675,6916.675,6909.449,6909.449,63085400,1135329280.0000
2026-07-30 11:20:00,6909.195,6909.195,6901.028,6901.572,91943100,1573453824.0000
2026-07-30 11:21:00,6902.304,6903.825,6900.064,6900.149,87044000,1323597824.0000
2026-07-30 11:22:00,6899.595,6899.595,6894.128,6894.745,98143200,1454047232.0000
2026-07-30 11:23:00,6894.377,6895.753,6892.110,6895.753,84477600,1327267840.0000
2026-07-30 11:24:00,6895.549,6912.860,6895.549,6912.860,85357300,1451245568.0000
2026-07-30 11:25:00,6912.202,6912.202,6902.290,6903.491,54859600,909082624.0000
2026-07-30 11:26:00,6907.934,6909.108,6902.851,6902.851,56667700,946225152.0000
2026-07-30 11:27:00,6902.749,6902.880,6896.572,6896.739,56356800,923549696.0000
2026-07-30 11:28:00,6896.887,6896.887,6888.838,6889.286,66418600,1093468160.0000
2026-07-30 11:29:00,6889.413,6892.874,6888.837,6891.765,58800600,955514880.0000
2026-07-30 11:30:00,6892.159,6893.240,6887.466,6893.240,63021900,1076264960.0000
2026-07-30 13:01:00,6891.965,6891.965,6877.818,6877.818,236503900,3501031424.0000
2026-07-30 13:02:00,6877.055,6877.055,6866.280,6867.415,139557000,2035580928.0000
2026-07-30 13:03:00,6867.027,6869.250,6863.268,6863.268,92187400,1515159552.0000
2026-07-30 13:04:00,6862.977,6862.977,6853.361,6853.361,101885500,1593344000.0000
2026-07-30 13:05:00,6852.895,6861.653,6852.895,6857.619,95469400,1644101632.0000
2026-07-30 13:06:00,6857.349,6870.875,6857.349,6870.875,98694600,1580138496.0000
2026-07-30 13:07:00,6870.656,6879.422,6870.656,6870.690,105389900,1728905216.0000
2026-07-30 13:08:00,6869.458,6907.669,6868.083,6907.669,111137000,1897037824.0000
2026-07-30 13:09:00,6908.204,6916.763,6906.984,6908.613,100018500,1896513536.0000
2026-07-30 13:10:00,6907.153,6917.383,6897.533,6902.041,117315400,2060582912.0000
2026-07-30 13:11:00,6903.434,6903.434,6889.220,6892.836,77443500,1403125760.0000
2026-07-30 13:12:00,6892.034,6892.034,6872.749,6873.624,100018200,1456832512.0000
2026-07-30 13:13:00,6875.263,6875.263,6864.034,6864.034,77061400,1205927936.0000
2026-07-30 13:14:00,6863.758,6886.269,6862.979,6883.941,81837500,1330216960.0000
2026-07-30 13:15:00,6884.230,6884.230,6874.085,6881.695,59350200,1044152320.0000
2026-07-30 13:16:00,6880.606,6886.262,6868.837,6868.837,87130600,1312292864.0000
2026-07-30 13:17:00,6867.268,6867.268,6856.943,6859.295,94742400,1468858368.0000
2026-07-30 13:18:00,6858.844,6858.844,6845.496,6846.461,115493900,1494646784.0000
2026-07-30 13:19:00,6846.501,6850.799,6841.751,6850.799,106778300,1437892608.0000
2026-07-30 13:20:00,6854.829,6861.357,6854.829,6860.495,71621100,1149108224.0000
2026-07-30 13:21:00,6861.036,6866.041,6856.021,6862.529,63029500,1069940736.0000
2026-07-30 13:22:00,6862.915,6887.006,6862.915,6887.006,74655300,1252098048.0000
2026-07-30 13:23:00,6888.260,6915.676,6888.260,6915.676,106059300,1998454784.0000
2026-07-30 13:24:00,6916.454,6925.320,6916.313,6925.320,92731400,1958117376.0000
2026-07-30 13:25:00,6926.927,6936.273,6926.927,6929.609,108514300,2080276480.0000
2026-07-30 13:26:00,6930.421,6948.123,6930.421,6936.780,166422000,2631827456.0000
2026-07-30 13:27:00,6936.315,6943.122,6928.340,6928.340,111440800,2175041536.0000
2026-07-30 13:28:00,6927.491,6937.620,6922.043,6922.043,92262200,1716092928.0000
2026-07-30 13:29:00,6920.050,6930.923,6912.969,6924.534,87585900,1495040000.0000
2026-07-30 13:30:00,6925.505,6935.218,6925.505,6929.742,68644600,1313669120.0000
2026-07-30 13:31:00,6927.786,6927.786,6909.711,6909.711,80674800,1546977280.0000
2026-07-30 13:32:00,6907.169,6908.887,6899.099,6905.436,89219300,1259110400.0000
2026-07-30 13:33:00,6905.698,6905.698,6897.312,6898.178,50047500,982614016.0000
2026-07-30 13:34:00,6899.087,6920.169,6899.087,6908.627,71053700,1240399872.0000
2026-07-30 13:35:00,6907.704,6918.932,6904.260,6910.364,60835200,1087242240.0000
2026-07-30 13:36:00,6910.780,6916.474,6909.577,6914.498,44400300,879493120.0000
2026-07-30 13:37:00,6913.703,6913.703,6892.570,6892.570,75089300,1202618368.0000
2026-07-30 13:38:00,6891.122,6891.122,6875.437,6876.219,75153700,1163100160.0000
2026-07-30 13:39:00,6876.969,6876.969,6863.378,6865.614,74433600,1134821376.0000
2026-07-30 13:40:00,6866.619,6866.619,6858.790,6865.001,64787700,1049362432.0000
2026-07-30 13:41:00,6866.397,6877.123,6864.916,6877.123,62888700,1033011200.0000
2026-07-30 13:42:00,6877.946,6880.520,6874.492,6880.520,49400600,893091840.0000
2026-07-30 13:43:00,6880.721,6880.874,6877.538,6877.978,39643000,725680128.0000
2026-07-30 13:44:00,6880.327,6896.180,6880.327,6892.429,58890500,1013645312.0000
2026-07-30 13:45:00,6894.014,6895.737,6888.723,6888.723,43061100,801439744.0000
2026-07-30 13:46:00,6889.867,6911.482,6889.867,6910.638,58979200,1076396032.0000
2026-07-30 13:47:00,6910.716,6925.201,6910.716,6925.201,62018400,1075740672.0000
2026-07-30 13:48:00,6925.316,6936.551,6925.316,6926.847,74093400,1306296320.0000
2026-07-30 13:49:00,6925.702,6925.702,6915.441,6917.794,50800800,882966528.0000
2026-07-30 13:50:00,6916.934,6916.934,6901.629,6901.629,51058500,846233600.0000
2026-07-30 13:51:00,6902.399,6903.030,6899.669,6899.669,38092100,680591360.0000
2026-07-30 13:52:00,6897.536,6897.536,6887.880,6887.880,60704700,883326976.0000
2026-07-30 13:53:00,6887.904,6889.131,6883.957,6888.463,42217600,703954944.0000
2026-07-30 13:54:00,6889.584,6915.730,6889.584,6913.614,70316000,1043431424.0000
2026-07-30 13:55:00,6913.293,6920.585,6913.293,6916.538,40795500,773390336.0000
2026-07-30 13:56:00,6915.477,6915.477,6901.379,6901.873,46835800,838270976.0000
2026-07-30 13:57:00,6902.321,6921.878,6902.197,6921.604,43652800,820150272.0000
2026-07-30 13:58:00,6921.447,6932.470,6921.177,6932.280,44005300,989757440.0000
2026-07-30 13:59:00,6931.072,6931.072,6917.573,6917.926,47582900,939589632.0000
2026-07-30 14:00:00,6917.215,6917.215,6910.211,6912.195,45338600,764706816.0000
2026-07-30 14:01:00,6911.908,6911.908,6899.935,6900.686,55181300,977698816.0000
2026-07-30 14:02:00,6901.133,6919.170,6898.295,6913.435,92847100,1577943040.0000
2026-07-30 14:03:00,6914.057,6918.044,6914.057,6916.460,43665200,784171008.0000
2026-07-30 14:04:00,6915.664,6915.664,6907.249,6910.836,42453900,776929280.0000
2026-07-30 14:05:00,6911.502,6924.895,6911.502,6924.895,39653200,742588416.0000
2026-07-30 14:06:00,6925.940,6933.862,6925.940,6931.205,62055300,1197572096.0000
2026-07-30 14:07:00,6930.611,6936.020,6930.611,6931.900,51782700,1098579968.0000
2026-07-30 14:08:00,6932.358,6940.573,6929.797,6940.454,65626000,1084227584.0000
2026-07-30 14:09:00,6939.852,6940.799,6922.832,6922.832,61985700,1189478400.0000
2026-07-30 14:10:00,6922.693,6922.693,6919.115,6921.295,43286900,854687744.0000
2026-07-30 14:11:00,6921.292,6927.838,6919.665,6923.915,48400000,919044096.0000
2026-07-30 14:12:00,6923.026,6923.026,6913.799,6914.596,68906600,1159921664.0000
2026-07-30 14:13:00,6914.472,6915.542,6911.024,6915.542,44359300,832634880.0000
2026-07-30 14:14:00,6914.917,6914.917,6906.438,6906.603,47253700,860225536.0000
2026-07-30 14:15:00,6906.659,6921.540,6906.659,6920.796,50583700,1041793024.0000
2026-07-30 14:16:00,6919.429,6921.018,6916.027,6916.027,42117700,796164096.0000
2026-07-30 14:17:00,6915.378,6921.715,6914.482,6921.715,47286100,880574464.0000
2026-07-30 14:18:00,6925.984,6933.316,6923.358,6933.316,69179900,1155432448.0000
2026-07-30 14:19:00,6935.312,6946.007,6934.047,6946.007,73804000,1180336128.0000
2026-07-30 14:20:00,6946.652,6962.276,6946.652,6962.276,98398400,1624539136.0000
2026-07-30 14:21:00,6962.748,6975.478,6962.748,6970.350,118582400,2042560512.0000
2026-07-30 14:22:00,6970.785,6985.787,6970.497,6985.787,103401600,1769963520.0000
2026-07-30 14:23:00,6986.540,6999.104,6985.895,6989.846,147336600,2377482240.0000
2026-07-30 14:24:00,6988.928,6988.928,6976.721,6976.721,73642900,1408532480.0000
2026-07-30 14:25:00,6976.069,6983.750,6973.694,6981.682,66669100,1194033152.0000
2026-07-30 14:26:00,6979.831,6980.273,6971.610,6973.828,60982200,1127219200.0000
2026-07-30 14:27:00,6974.312,6974.312,6961.765,6962.050,69808800,1160675328.0000
2026-07-30 14:28:00,6962.342,6964.354,6959.855,6961.576,60889300,1050476544.0000
2026-07-30 14:29:00,6960.787,6961.231,6954.816,6954.863,51203400,882147328.0000
2026-07-30 14:30:00,6955.557,6965.774,6955.557,6965.774,63547700,1019609088.0000
2026-07-30 14:31:00,6966.166,6977.903,6964.605,6971.701,117298200,1665761280.0000
2026-07-30 14:32:00,6971.112,6973.091,6968.560,6969.427,87668600,1165524992.0000
2026-07-30 14:33:00,6967.830,6967.830,6953.918,6954.870,82044600,1200291840.0000
2026-07-30 14:34:00,6955.545,6955.545,6943.766,6943.766,66079900,1065877504.0000
2026-07-30 14:35:00,6943.048,6954.210,6939.585,6954.210,90735600,1796112384.0000
2026-07-30 14:36:00,6955.784,6955.784,6942.882,6942.882,61203300,1121320960.0000
2026-07-30 14:37:00,6942.049,6942.049,6931.576,6932.344,83512100,1370587136.0000
2026-07-30 14:38:00,6932.953,6932.953,6925.368,6927.326,66034300,1195147264.0000
2026-07-30 14:39:00,6926.833,6926.833,6922.412,6923.417,64556800,1114505216.0000
2026-07-30 14:40:00,6923.274,6923.856,6920.719,6920.888,55992700,990052352.0000
2026-07-30 14:41:00,6920.738,6924.304,6920.444,6922.765,82820000,1374224384.0000
2026-07-30 14:42:00,6922.514,6923.057,6918.848,6919.999,73154200,1216217088.0000
2026-07-30 14:43:00,6919.517,6920.168,6914.315,6914.315,86148700,1379729408.0000
2026-07-30 14:44:00,6914.109,6923.137,6913.653,6923.137,101937600,1574305792.0000
2026-07-30 14:45:00,6922.199,6924.118,6920.518,6920.961,88803000,1328218112.0000
2026-07-30 14:46:00,6920.379,6927.520,6920.074,6920.841,108593900,1613365248.0000
2026-07-30 14:47:00,6919.689,6922.099,6916.845,6916.845,98416300,1459716096.0000
2026-07-30 14:48:00,6918.713,6918.819,6910.276,6910.276,100566000,1611071488.0000
2026-07-30 14:49:00,6910.143,6910.649,6908.268,6908.625,92984400,1560248320.0000
2026-07-30 14:50:00,6908.397,6912.176,6904.455,6904.455,116512300,1840283648.0000
2026-07-30 14:51:00,6902.559,6907.118,6902.062,6907.118,118531900,1933869056.0000
2026-07-30 14:52:00,6906.978,6909.581,6906.382,6909.198,105744500,1738047488.0000
2026-07-30 14:53:00,6909.598,6912.039,6909.598,6911.844,106140400,1689223168.0000
2026-07-30 14:54:00,6911.687,6911.687,6908.085,6908.085,105677000,1662418944.0000
2026-07-30 14:55:00,6908.081,6908.081,6906.843,6907.042,131098600,2094202880.0000
2026-07-30 14:56:00,6906.822,6907.247,6904.950,6905.898,149792000,2360377344.0000
2026-07-30 14:57:00,6906.102,6906.918,6903.492,6903.492,164260100,2570747904.0000
2026-07-30 14:58:00,6903.622,6903.622,6903.426,6903.426,9031000,152174592.0000
2026-07-30 15:00:00,6901.561,6901.561,6900.658,6900.658,193567300,2967601152.0000
2026-07-31 09:31:00,7082.753,7111.848,7082.753,7101.673,1420347200,29319366656.0000
2026-07-31 09:32:00,7101.284,7109.660,7100.318,7109.660,739017300,14422935552.0000
2026-07-31 09:33:00,7109.728,7133.659,7109.728,7133.026,773551300,15001001984.0000
2026-07-31 09:34:00,7131.909,7145.423,7128.415,7140.810,580705200,10733719552.0000
2026-07-31 09:35:00,7139.698,7145.060,7136.104,7136.104,415154500,8145051648.0000
2026-07-31 09:36:00,7136.734,7136.842,7131.055,7134.946,391037700,7273816064.0000
2026-07-31 09:37:00,7134.360,7134.360,7122.982,7125.062,389303700,6888947712.0000
2026-07-31 09:38:00,7124.413,7142.521,7124.413,7142.521,337547100,6251618304.0000
2026-07-31 09:39:00,7144.925,7168.704,7144.925,7167.649,364563900,6851338240.0000
2026-07-31 09:40:00,7168.343,7171.194,7162.286,7163.789,334083700,5865226240.0000
2026-07-31 09:41:00,7164.850,7176.811,7163.850,7171.815,379932800,6292725760.0000
2026-07-31 09:42:00,7170.720,7172.925,7163.099,7168.591,395034400,6822928384.0000
2026-07-31 09:43:00,7172.708,7175.552,7162.916,7169.426,333052200,6156369920.0000
2026-07-31 09:44:00,7169.298,7176.876,7166.141,7173.506,278817800,4904124416.0000
2026-07-31 09:45:00,7173.309,7179.130,7170.045,7174.572,259597600,4593336320.0000
2026-07-31 09:46:00,7174.311,7188.975,7173.684,7181.089,259458100,4720820224.0000
2026-07-31 09:47:00,7180.257,7200.316,7180.257,7200.316,248618900,4764712960.0000
2026-07-31 09:48:00,7199.305,7199.305,7186.013,7197.421,266596100,4958109696.0000
2026-07-31 09:49:00,7197.551,7200.376,7194.676,7198.800,205438000,3864920064.0000
2026-07-31 09:50:00,7199.754,7202.390,7195.136,7202.390,226711100,3876028416.0000
2026-07-31 09:51:00,7203.038,7204.576,7196.458,7197.104,217405500,3744186368.0000
2026-07-31 09:52:00,7198.707,7202.850,7194.328,7196.091,191774700,3434315776.0000
2026-07-31 09:53:00,7199.718,7205.291,7198.786,7201.512,224007900,3962241024.0000
2026-07-31 09:54:00,7202.793,7205.032,7197.930,7199.359,224262200,3935830016.0000
2026-07-31 09:55:00,7199.151,7201.579,7193.720,7196.849,175241900,3327606784.0000
2026-07-31 09:56:00,7197.494,7205.413,7197.494,7204.492,164887300,2937405440.0000
2026-07-31 09:57:00,7204.990,7214.718,7204.629,7212.119,209833100,3531702272.0000
2026-07-31 09:58:00,7211.992,7217.798,7211.992,7217.798,202489100,3327344640.0000
2026-07-31 09:59:00,7218.061,7218.061,7213.949,7213.949,164679500,2808381440.0000
2026-07-31 10:00:00,7213.025,7216.984,7209.011,7213.366,182063200,3115745280.0000
2026-07-31 10:01:00,7211.823,7215.943,7208.124,7208.756,184600900,3085287424.0000
2026-07-31 10:02:00,7208.862,7211.547,7198.631,7198.631,211924500,3327557632.0000
2026-07-31 10:03:00,7198.297,7200.950,7195.851,7199.114,198518800,3343728640.0000
2026-07-31 10:04:00,7197.785,7197.785,7190.252,7193.235,175647800,3120365568.0000
2026-07-31 10:05:00,7196.071,7196.071,7182.872,7186.627,168367500,3246964736.0000
2026-07-31 10:06:00,7186.263,7193.881,7181.732,7192.687,182781400,3045916672.0000
2026-07-31 10:07:00,7192.516,7197.969,7187.574,7187.574,130048100,2395750400.0000
2026-07-31 10:08:00,7187.019,7195.222,7183.870,7192.490,187216900,3064119296.0000
2026-07-31 10:09:00,7190.556,7190.556,7181.929,7181.929,153923100,2694660096.0000
2026-07-31 10:10:00,7182.216,7185.422,7182.010,7182.010,121276400,2240315392.0000
2026-07-31 10:11:00,7182.436,7191.098,7182.436,7190.095,145276500,2643607552.0000
2026-07-31 10:12:00,7190.713,7192.494,7185.520,7192.494,132372600,2360213504.0000
2026-07-31 10:13:00,7193.389,7193.589,7171.755,7173.413,157612400,2416476160.0000
2026-07-31 10:14:00,7173.249,7173.612,7164.872,7169.271,137557600,2337947648.0000
2026-07-31 10:15:00,7168.426,7168.426,7162.091,7162.091,122130200,2069004288.0000
2026-07-31 10:16:00,7159.159,7159.159,7150.832,7155.144,166121000,2754985984.0000
2026-07-31 10:17:00,7155.755,7158.431,7144.080,7145.817,143398700,2696429568.0000
2026-07-31 10:18:00,7145.464,7149.918,7144.375,7147.990,128968800,2407514112.0000
2026-07-31 10:19:00,7147.817,7147.817,7131.033,7131.961,154617100,3190898688.0000
2026-07-31 10:20:00,7131.316,7149.047,7131.175,7149.047,139979200,2478637056.0000
2026-07-31 10:21:00,7149.236,7163.795,7147.361,7163.540,136884900,2298855424.0000
2026-07-31 10:22:00,7163.818,7163.818,7152.676,7152.676,107706000,1962147840.0000
2026-07-31 10:23:00,7150.271,7150.271,7137.411,7140.212,129806500,2961326080.0000
2026-07-31 10:24:00,7140.222,7140.222,7132.872,7132.872,111725600,2282782720.0000
2026-07-31 10:25:00,7132.700,7132.700,7125.971,7125.971,115303600,2466250752.0000
2026-07-31 10:26:00,7125.452,7137.819,7125.089,7137.386,122635000,2348433408.0000
2026-07-31 10:27:00,7136.543,7138.697,7134.604,7137.669,114273100,1991770112.0000
2026-07-31 10:28:00,7139.821,7142.613,7135.112,7142.613,115677000,2077245440.0000
2026-07-31 10:29:00,7144.814,7147.920,7143.849,7146.316,102336000,1793212416.0000
2026-07-31 10:30:00,7146.430,7148.270,7138.488,7138.739,86038600,1579515904.0000
2026-07-31 10:31:00,7138.897,7140.762,7135.817,7136.088,114043400,1802977280.0000
2026-07-31 10:32:00,7137.219,7146.681,7135.439,7146.681,119485700,1907818496.0000
2026-07-31 10:33:00,7147.692,7147.692,7140.431,7143.305,97156900,1776025600.0000
2026-07-31 10:34:00,7143.008,7146.685,7137.146,7146.685,89287700,1739096064.0000
2026-07-31 10:35:00,7146.527,7146.996,7140.729,7146.793,76795000,1372717056.0000
2026-07-31 10:36:00,7146.194,7157.619,7145.456,7157.619,82939600,1421312000.0000
2026-07-31 10:37:00,7157.790,7159.075,7148.689,7149.615,77681100,1408827392.0000
2026-07-31 10:38:00,7149.627,7149.774,7142.031,7142.031,74082800,1283522560.0000
2026-07-31 10:39:00,7141.601,7141.601,7130.710,7130.710,96609400,1535213568.0000
2026-07-31 10:40:00,7132.596,7138.833,7132.596,7138.833,78324800,1332314112.0000
2026-07-31 10:41:00,7138.213,7152.361,7138.213,7152.361,98373900,1584824320.0000
2026-07-31 10:42:00,7152.450,7153.187,7148.499,7148.499,78068000,1292075008.0000
2026-07-31 10:43:00,7148.592,7153.532,7148.219,7152.604,74969000,1277100032.0000
2026-07-31 10:44:00,7152.358,7164.088,7152.358,7164.088,75212500,1243316224.0000
2026-07-31 10:45:00,7164.585,7167.226,7162.686,7162.831,68440300,1233584128.0000
2026-07-31 10:46:00,7162.727,7169.860,7161.985,7168.212,76321700,1356529664.0000
2026-07-31 10:47:00,7168.883,7168.883,7160.383,7161.878,67638600,1162805248.0000
2026-07-31 10:48:00,7161.500,7165.606,7159.713,7159.713,62772200,1112735744.0000
2026-07-31 10:49:00,7159.538,7159.538,7153.195,7154.985,69156300,1169195008.0000
2026-07-31 10:50:00,7154.756,7154.756,7145.748,7145.748,74615400,1201405952.0000
2026-07-31 10:51:00,7145.496,7145.496,7138.800,7138.947,94357400,1489141760.0000
2026-07-31 10:52:00,7138.729,7139.675,7135.610,7139.327,67868400,1126072320.0000
2026-07-31 10:53:00,7139.729,7147.900,7139.729,7147.900,69911000,1218904064.0000
2026-07-31 10:54:00,7148.114,7153.420,7148.114,7149.502,72696400,1100873728.0000
2026-07-31 10:55:00,7149.862,7156.821,7149.862,7156.653,59470200,938508288.0000
2026-07-31 10:56:00,7156.696,7162.900,7156.541,7160.185,69182400,1161101312.0000
2026-07-31 10:57:00,7159.964,7167.302,7159.740,7167.045,59764800,1051656192.0000
2026-07-31 10:58:00,7166.680,7166.875,7165.004,7165.224,59912200,1046708224.0000
2026-07-31 10:59:00,7165.725,7165.725,7159.635,7160.459,63548400,1010860032.0000
2026-07-31 11:00:00,7160.850,7161.195,7157.182,7158.815,71280100,1100644352.0000
2026-07-31 11:01:00,7158.828,7159.207,7156.367,7158.440,119717900,1448542208.0000
2026-07-31 11:02:00,7158.684,7159.045,7154.724,7157.673,122073600,1673691136.0000
2026-07-31 11:03:00,7157.522,7159.142,7154.992,7156.649,84200000,1409122304.0000
2026-07-31 11:04:00,7155.807,7155.807,7146.287,7147.839,96462900,1843167232.0000
2026-07-31 11:05:00,7148.873,7148.873,7141.002,7141.002,81390800,1292697600.0000
2026-07-31 11:06:00,7140.516,7147.319,7139.129,7147.319,77573900,1483341824.0000
2026-07-31 11:07:00,7148.190,7149.927,7146.153,7149.681,72561900,1233321984.0000
2026-07-31 11:08:00,7149.786,7149.972,7143.135,7143.286,66988400,1171193856.0000
2026-07-31 11:09:00,7142.900,7145.191,7141.860,7141.860,62292000,1039859712.0000
2026-07-31 11:10:00,7138.511,7138.511,7126.013,7126.013,99445200,1626275840.0000
2026-07-31 11:11:00,7126.364,7127.854,7123.407,7123.963,86860100,1521745920.0000
2026-07-31 11:12:00,7123.856,7128.719,7122.935,7125.588,90808500,1498415104.0000
2026-07-31 11:13:00,7125.688,7125.688,7115.679,7115.679,92551400,1664942080.0000
2026-07-31 11:14:00,7116.235,7116.284,7103.901,7103.901,124608300,2097119232.0000
2026-07-31 11:15:00,7103.685,7110.002,7103.205,7109.469,74591400,1454768128.0000
2026-07-31 11:16:00,7108.957,7115.498,7108.785,7115.498,66115600,1204027392.0000
2026-07-31 11:17:00,7118.001,7127.929,7118.001,7127.054,68456000,1358036992.0000
2026-07-31 11:18:00,7127.325,7135.501,7127.325,7128.976,84733700,1654259712.0000
2026-07-31 11:19:00,7127.894,7129.766,7122.797,7123.449,50778300,976191488.0000
2026-07-31 11:20:00,7123.559,7136.211,7119.116,7136.211,56528800,1077608448.0000
2026-07-31 11:21:00,7136.589,7146.727,7136.492,7145.418,61734600,1217626112.0000
2026-07-31 11:22:00,7145.668,7151.405,7144.092,7151.229,52040700,983564288.0000
2026-07-31 11:23:00,7151.177,7154.684,7149.372,7151.015,48022500,925466624.0000
2026-07-31 11:24:00,7152.330,7152.788,7139.696,7140.010,50384300,890961920.0000
2026-07-31 11:25:00,7139.928,7139.928,7127.118,7128.090,48728600,814546944.0000
2026-07-31 11:26:00,7126.966,7130.002,7124.737,7127.972,42976300,747274240.0000
2026-07-31 11:27:00,7128.221,7136.816,7126.941,7136.816,41680000,669417472.0000
2026-07-31 11:28:00,7137.289,7148.821,7137.010,7148.680,43592600,717258752.0000
2026-07-31 11:29:00,7149.083,7149.190,7144.321,7147.756,40628900,730300416.0000
2026-07-31 11:30:00,7147.610,7147.610,7143.536,7145.922,46980300,830930944.0000
2026-07-31 13:01:00,7149.798,7177.584,7149.798,7164.927,243338500,4241457152.0000
2026-07-31 13:02:00,7161.807,7165.170,7160.196,7163.708,79878500,1577582592.0000
2026-07-31 13:03:00,7162.738,7162.738,7157.707,7159.595,68213400,1229488128.0000
2026-07-31 13:04:00,7159.355,7162.457,7152.325,7159.151,65807700,1233649664.0000
2026-07-31 13:05:00,7158.905,7166.056,7157.748,7165.540,56159000,1052278784.0000
2026-07-31 13:06:00,7166.813,7171.762,7165.205,7167.562,64571400,1256849408.0000
2026-07-31 13:07:00,7167.750,7170.461,7164.363,7166.369,62887900,1115521024.0000
2026-07-31 13:08:00,7167.380,7168.296,7160.045,7160.045,49565700,990478336.0000
2026-07-31 13:09:00,7160.285,7160.675,7156.034,7157.419,41579400,797704192.0000
2026-07-31 13:10:00,7157.328,7159.141,7153.670,7154.301,59247000,1028980736.0000
2026-07-31 13:11:00,7154.605,7158.413,7154.605,7158.413,52347400,915800064.0000
2026-07-31 13:12:00,7158.548,7159.895,7155.108,7159.842,55004900,1113260032.0000
2026-07-31 13:13:00,7160.469,7165.918,7158.050,7165.918,59118800,1083572224.0000
2026-07-31 13:14:00,7166.649,7168.587,7164.323,7168.079,51609900,990806016.0000
2026-07-31 13:15:00,7168.110,7170.244,7166.729,7169.666,43169500,774012928.0000
2026-07-31 13:16:00,7169.699,7173.975,7168.706,7173.000,52236000,1025966080.0000
2026-07-31 13:17:00,7172.904,7182.312,7172.904,7182.312,77268400,1340342272.0000
2026-07-31 13:18:00,7182.529,7189.458,7180.838,7189.143,60995400,1317240832.0000
2026-07-31 13:19:00,7188.751,7190.950,7183.700,7184.504,55759300,1110048768.0000
2026-07-31 13:20:00,7184.304,7187.953,7184.304,7187.316,60297600,1121353728.0000
2026-07-31 13:21:00,7187.738,7195.025,7187.738,7195.025,75141600,1346240512.0000
2026-07-31 13:22:00,7195.342,7198.206,7192.823,7194.439,65295600,1346306048.0000
2026-07-31 13:23:00,7194.227,7194.227,7187.338,7187.710,63928700,1076133888.0000
2026-07-31 13:24:00,7187.350,7190.596,7186.459,7188.059,56337700,1178107904.0000
2026-07-31 13:25:00,7187.134,7187.134,7181.020,7181.020,58030200,1112244224.0000
2026-07-31 13:26:00,7180.908,7180.908,7176.913,7179.244,55401900,1039237120.0000
2026-07-31 13:27:00,7179.316,7179.316,7174.704,7176.565,48940100,921534464.0000
2026-07-31 13:28:00,7176.619,7176.619,7168.162,7169.294,60578700,988020736.0000
2026-07-31 13:29:00,7168.514,7168.722,7164.767,7168.228,51080100,838500352.0000
2026-07-31 13:30:00,7168.417,7175.195,7168.417,7173.992,46553000,859504640.0000
2026-07-31 13:31:00,7172.862,7172.862,7164.101,7164.101,51270300,923009024.0000
2026-07-31 13:32:00,7163.619,7167.366,7162.328,7165.290,53559900,909180928.0000
2026-07-31 13:33:00,7165.237,7166.016,7161.793,7161.793,45132800,789708800.0000
2026-07-31 13:34:00,7159.689,7164.839,7158.247,7164.839,53504100,877363200.0000
2026-07-31 13:35:00,7165.631,7167.103,7159.419,7160.117,53944300,946667520.0000
2026-07-31 13:36:00,7159.894,7159.894,7154.435,7156.690,65292600,1032323072.0000
2026-07-31 13:37:00,7157.476,7157.666,7148.882,7149.953,73421100,1084489728.0000
2026-07-31 13:38:00,7149.831,7149.831,7145.918,7147.813,54728200,879525888.0000
2026-07-31 13:39:00,7148.350,7148.356,7144.398,7144.502,53388800,891158528.0000
2026-07-31 13:40:00,7144.680,7151.229,7144.680,7151.229,53368500,840925184.0000
2026-07-31 13:41:00,7151.178,7152.422,7147.961,7152.422,49695000,763527168.0000
2026-07-31 13:42:00,7152.654,7153.718,7150.798,7151.394,47860900,808419328.0000
2026-07-31 13:43:00,7151.362,7151.975,7145.546,7148.429,53758800,921337856.0000
2026-07-31 13:44:00,7148.828,7150.928,7147.919,7150.483,37123200,662437888.0000
2026-07-31 13:45:00,7150.299,7151.333,7143.191,7144.702,56963600,869957632.0000
2026-07-31 13:46:00,7145.201,7145.789,7141.639,7144.810,55975100,874348544.0000
2026-07-31 13:47:00,7145.582,7146.288,7135.437,7135.481,81863000,1213890560.0000
2026-07-31 13:48:00,7135.908,7139.736,7135.908,7139.303,42174400,670859264.0000
2026-07-31 13:49:00,7139.194,7144.104,7139.194,7144.104,38772900,661913600.0000
2026-07-31 13:50:00,7144.398,7150.681,7142.947,7150.681,49838600,798392320.0000
2026-07-31 13:51:00,7150.725,7151.806,7149.172,7149.460,44352600,743702528.0000
2026-07-31 13:52:00,7149.702,7150.883,7146.025,7146.671,39176500,699596800.0000
2026-07-31 13:53:00,7146.578,7146.578,7139.617,7142.412,55370400,876642304.0000
2026-07-31 13:54:00,7142.528,7142.528,7139.026,7139.697,40260300,605913088.0000
2026-07-31 13:55:00,7140.334,7143.444,7140.076,7140.076,49658000,777027584.0000
2026-07-31 13:56:00,7139.118,7139.217,7136.201,7138.934,49968000,827392000.0000
2026-07-31 13:57:00,7138.329,7139.327,7132.862,7133.399,54556500,885751808.0000
2026-07-31 13:58:00,7133.508,7134.180,7128.511,7130.977,61814000,1093894144.0000
2026-07-31 13:59:00,7130.735,7137.469,7130.188,7137.469,51535000,906264576.0000
2026-07-31 14:00:00,7137.908,7143.007,7137.908,7142.000,52893800,832700416.0000
2026-07-31 14:01:00,7141.764,7150.618,7140.699,7150.372,82806900,1171226624.0000
2026-07-31 14:02:00,7150.176,7151.791,7144.156,7144.156,73969900,983236608.0000
2026-07-31 14:03:00,7144.658,7145.794,7137.052,7139.336,55362100,898400256.0000
2026-07-31 14:04:00,7139.300,7140.324,7135.045,7140.324,55542800,937000960.0000
2026-07-31 14:05:00,7141.147,7142.877,7137.407,7137.515,53445400,819298304.0000
2026-07-31 14:06:00,7137.399,7138.339,7133.875,7133.875,49267300,807960576.0000
2026-07-31 14:07:00,7134.376,7138.028,7132.261,7138.028,51286200,916455424.0000
2026-07-31 14:08:00,7137.782,7137.782,7136.213,7136.213,42606000,722010112.0000
2026-07-31 14:09:00,7136.284,7136.305,7133.805,7134.790,49645500,894074880.0000
2026-07-31 14:10:00,7134.755,7134.755,7130.968,7130.968,51708400,894697472.0000
2026-07-31 14:11:00,7130.727,7130.727,7127.394,7127.394,70453900,1174962176.0000
2026-07-31 14:12:00,7127.611,7127.611,7122.833,7123.462,66352200,1120501760.0000
2026-07-31 14:13:00,7122.415,7127.235,7122.415,7125.831,68811700,1177354240.0000
2026-07-31 14:14:00,7125.571,7129.783,7125.571,7129.783,55764500,926810112.0000
2026-07-31 14:15:00,7128.840,7128.840,7124.098,7127.226,57491100,916815872.0000
2026-07-31 14:16:00,7126.720,7127.409,7117.870,7117.870,90199700,1255014400.0000
2026-07-31 14:17:00,7117.233,7122.904,7117.233,7122.897,55415600,950665216.0000
2026-07-31 14:18:00,7122.940,7123.069,7119.631,7120.773,48937600,794034176.0000
2026-07-31 14:19:00,7121.293,7122.146,7118.356,7122.146,58925900,972292096.0000
2026-07-31 14:20:00,7122.480,7123.536,7120.565,7122.115,63140900,951746560.0000
2026-07-31 14:21:00,7120.873,7121.378,7117.191,7119.935,71112700,1107034112.0000
2026-07-31 14:22:00,7120.758,7121.006,7119.164,7120.251,70384400,1105297408.0000
2026-07-31 14:23:00,7120.394,7130.458,7120.394,7130.248,91237100,1352925184.0000
2026-07-31 14:24:00,7129.455,7131.700,7127.237,7131.700,63260500,1027440640.0000
2026-07-31 14:25:00,7131.520,7140.627,7131.520,7140.627,91908200,1290010624.0000
2026-07-31 14:26:00,7141.194,7141.602,7136.341,7136.341,67070000,1092648960.0000
2026-07-31 14:27:00,7136.237,7137.583,7134.709,7137.425,64661300,923762688.0000
2026-07-31 14:28:00,7137.268,7142.088,7134.337,7142.088,61904800,986939392.0000
2026-07-31 14:29:00,7142.138,7148.926,7141.864,7147.390,68694400,1144586240.0000
2026-07-31 14:30:00,7148.173,7149.352,7146.087,7146.087,63808200,982286336.0000
2026-07-31 14:31:00,7144.525,7144.525,7133.694,7133.732,123224900,1635123200.0000
2026-07-31 14:32:00,7134.185,7134.237,7125.005,7125.041,93260400,1333723136.0000
2026-07-31 14:33:00,7124.591,7125.242,7122.328,7124.143,65613300,1023737856.0000
2026-07-31 14:34:00,7124.351,7128.604,7122.481,7123.473,60856900,1043628032.0000
2026-07-31 14:35:00,7124.162,7127.208,7124.162,7124.773,58562300,987791360.0000
2026-07-31 14:36:00,7124.403,7129.118,7122.802,7129.010,68135500,1150844928.0000
2026-07-31 14:37:00,7128.624,7128.624,7121.451,7122.318,63972200,1117683712.0000
2026-07-31 14:38:00,7122.147,7122.147,7119.333,7121.666,77204900,1272217600.0000
2026-07-31 14:39:00,7121.887,7124.181,7120.761,7122.912,74836600,1228341248.0000
2026-07-31 14:40:00,7122.703,7122.703,7117.682,7117.962,78484400,1262911488.0000
2026-07-31 14:41:00,7118.006,7118.381,7106.297,7106.297,146520600,2289860608.0000
2026-07-31 14:42:00,7105.438,7105.941,7101.735,7101.735,112542800,1941635072.0000
2026-07-31 14:43:00,7101.119,7101.593,7093.846,7101.593,150717100,2520350720.0000
2026-07-31 14:44:00,7100.220,7100.220,7094.958,7095.762,104915100,1705574400.0000
2026-07-31 14:45:00,7095.460,7095.460,7087.408,7088.211,149598300,2224390144.0000
2026-07-31 14:46:00,7086.518,7087.521,7084.314,7084.314,128861800,2182414336.0000
2026-07-31 14:47:00,7083.611,7083.611,7079.127,7080.755,144149300,2367913984.0000
2026-07-31 14:48:00,7080.589,7088.486,7080.589,7088.486,110160600,2011889664.0000
2026-07-31 14:49:00,7088.171,7088.171,7080.863,7081.509,131658400,2184445952.0000
2026-07-31 14:50:00,7081.340,7081.340,7072.591,7075.787,160111800,2663448576.0000
2026-07-31 14:51:00,7076.099,7076.099,7071.048,7072.211,150802500,2467102720.0000
2026-07-31 14:52:00,7072.145,7076.275,7072.145,7074.334,140093900,2452193280.0000
2026-07-31 14:53:00,7075.075,7079.048,7074.585,7077.375,134940800,2243100672.0000
2026-07-31 14:54:00,7077.081,7079.741,7077.081,7078.342,143309000,2381840384.0000
2026-07-31 14:55:00,7078.059,7078.059,7075.785,7077.610,159809900,2601615360.0000
2026-07-31 14:56:00,7077.917,7080.270,7077.917,7079.251,180240500,2898460672.0000
2026-07-31 14:57:00,7078.881,7081.015,7077.010,7080.576,220820500,3429957632.0000
2026-07-31 14:58:00,7080.711,7081.256,7080.711,7081.256,12387100,185073664.0000
2026-07-31 15:00:00,7078.781,7078.781,7075.507,7075.507,313999100,4579524608.0000
2026-08-03 09:31:00,7055.271,7059.752,7051.630,7055.775,1080026500,18202869760.0000
2026-08-03 09:32:00,7059.621,7076.843,7059.621,7076.843,633364300,11181791232.0000
2026-08-03 09:33:00,7079.219,7090.574,7078.587,7084.458,411478500,7598004224.0000
2026-08-03 09:34:00,7084.655,7097.601,7084.655,7096.301,340249100,6429556736.0000
2026-08-03 09:35:00,7095.731,7105.970,7095.186,7099.235,314227100,5975592960.0000
2026-08-03 09:36:00,7098.859,7111.724,7098.859,7104.430,370270100,6490361856.0000
2026-08-03 09:37:00,7104.085,7116.642,7103.408,7112.604,298149900,5335818240.0000
2026-08-03 09:38:00,7113.147,7118.097,7096.310,7096.310,284820500,5189206016.0000
2026-08-03 09:39:00,7095.059,7095.059,7086.441,7086.441,302565800,5422452736.0000
2026-08-03 09:40:00,7084.390,7084.390,7070.081,7070.081,300946500,5377351680.0000
2026-08-03 09:41:00,7070.705,7079.526,7069.837,7069.837,315143200,5225545728.0000
2026-08-03 09:42:00,7068.276,7072.684,7056.389,7069.911,297589400,5538758656.0000
2026-08-03 09:43:00,7073.897,7074.337,7060.358,7074.337,247185600,4630495232.0000
2026-08-03 09:44:00,7077.846,7085.511,7071.576,7071.576,221112700,3826253824.0000
2026-08-03 09:45:00,7070.078,7070.078,7053.372,7055.485,220559800,4096155648.0000
2026-08-03 09:46:00,7055.108,7065.576,7053.051,7059.459,282040900,4829560832.0000
2026-08-03 09:47:00,7058.543,7058.543,7042.902,7047.717,276991800,4857692160.0000
2026-08-03 09:48:00,7045.743,7058.310,7045.720,7056.175,247793700,4013940736.0000
2026-08-03 09:49:00,7057.503,7071.579,7057.503,7071.579,219602500,3647356928.0000
2026-08-03 09:50:00,7069.551,7083.747,7069.551,7081.686,192044300,3335987200.0000
2026-08-03 09:51:00,7081.468,7081.468,7071.172,7075.967,188770200,3040747520.0000
2026-08-03 09:52:00,7073.646,7097.810,7073.509,7094.774,217617200,3648626688.0000
2026-08-03 09:53:00,7095.391,7096.634,7079.004,7079.313,189841900,3073851392.0000
2026-08-03 09:54:00,7077.887,7077.887,7071.674,7073.405,170392300,2828984320.0000
2026-08-03 09:55:00,7073.050,7086.834,7070.510,7086.834,173203400,2971893760.0000
2026-08-03 09:56:00,7085.652,7101.548,7084.319,7097.444,162758900,2765561856.0000
2026-08-03 09:57:00,7095.131,7097.502,7082.392,7083.764,149814700,2507767808.0000
2026-08-03 09:58:00,7083.008,7088.317,7081.648,7081.648,151295500,2544664576.0000
2026-08-03 09:59:00,7079.526,7085.955,7075.635,7079.820,141579500,2446049280.0000
2026-08-03 10:00:00,7078.447,7086.530,7076.578,7085.952,141791900,2287337472.0000
2026-08-03 10:01:00,7087.957,7103.614,7086.507,7097.593,167670400,2719678464.0000
2026-08-03 10:02:00,7096.267,7096.267,7081.372,7082.204,171070400,2890088448.0000
2026-08-03 10:03:00,7083.882,7093.111,7083.882,7091.276,129839700,2367406080.0000
2026-08-03 10:04:00,7093.007,7101.156,7089.412,7096.221,143758900,2374090752.0000
2026-08-03 10:05:00,7098.330,7101.810,7090.900,7093.543,126000000,2135834624.0000
2026-08-03 10:06:00,7094.611,7106.478,7094.190,7106.478,113000400,1899446272.0000
2026-08-03 10:07:00,7105.992,7109.107,7097.481,7097.481,120636300,2008596480.0000
2026-08-03 10:08:00,7096.839,7100.090,7092.546,7092.546,118437900,1915928576.0000
2026-08-03 10:09:00,7092.269,7093.874,7088.702,7093.770,129275100,2097283072.0000
2026-08-03 10:10:00,7092.746,7093.999,7089.791,7089.926,136633800,2230337536.0000
2026-08-03 10:11:00,7089.913,7096.133,7087.068,7096.133,129991200,2275770368.0000
2026-08-03 10:12:00,7095.588,7095.588,7087.468,7087.631,115976600,1943552000.0000
2026-08-03 10:13:00,7087.998,7092.305,7087.998,7089.124,118234500,1907507200.0000
2026-08-03 10:14:00,7089.582,7102.244,7089.170,7101.709,158787800,2324905984.0000
2026-08-03 10:15:00,7101.901,7109.739,7097.020,7108.116,132789000,1975369728.0000
2026-08-03 10:16:00,7108.214,7108.214,7097.905,7097.905,129058700,1997422592.0000
2026-08-03 10:17:00,7098.060,7098.060,7087.758,7088.494,119247800,1872707584.0000
2026-08-03 10:18:00,7087.884,7088.785,7081.728,7082.231,116952300,1878900736.0000
2026-08-03 10:19:00,7081.890,7082.703,7079.236,7082.703,111265700,1662926848.0000
2026-08-03 10:20:00,7083.528,7084.232,7076.145,7080.202,101593000,1727627264.0000
2026-08-03 10:21:00,7079.896,7108.676,7079.893,7104.784,142545100,2200272896.0000
2026-08-03 10:22:00,7104.271,7104.271,7092.519,7092.519,105624600,1580990464.0000
2026-08-03 10:23:00,7092.613,7092.613,7083.604,7088.077,85917200,1507983360.0000
2026-08-03 10:24:00,7088.266,7088.266,7079.971,7081.215,90313500,1643560960.0000
2026-08-03 10:25:00,7081.185,7081.185,7075.989,7077.656,91062000,1630060544.0000
2026-08-03 10:26:00,7078.353,7080.184,7072.098,7072.098,89452700,1571078144.0000
2026-08-03 10:27:00,7071.919,7079.323,7070.724,7076.976,83372400,1495760896.0000
2026-08-03 10:28:00,7077.445,7082.889,7077.057,7082.889,85472600,1325219840.0000
2026-08-03 10:29:00,7082.625,7082.625,7075.868,7076.892,82979600,1384382464.0000
2026-08-03 10:30:00,7076.568,7076.568,7066.001,7066.001,91537900,1623375872.0000
2026-08-03 10:31:00,7065.452,7073.266,7065.005,7071.677,103650500,1688911872.0000
2026-08-03 10:32:00,7071.104,7071.104,7063.071,7063.071,91078500,1508491264.0000
2026-08-03 10:33:00,7062.949,7074.912,7061.986,7069.050,101653200,1631010816.0000
2026-08-03 10:34:00,7068.866,7078.761,7067.101,7078.761,77340100,1232732160.0000
2026-08-03 10:35:00,7081.746,7088.958,7080.566,7088.614,86376400,1305640960.0000
2026-08-03 10:36:00,7088.232,7091.183,7083.648,7088.457,77666100,1333592064.0000
2026-08-03 10:37:00,7088.284,7097.856,7088.284,7096.654,103949300,1830436864.0000
2026-08-03 10:38:00,7097.636,7100.661,7096.087,7097.022,103546800,1841381376.0000
2026-08-03 10:39:00,7096.274,7099.730,7087.333,7087.333,86670600,1628635136.0000
2026-08-03 10:40:00,7086.487,7088.938,7084.599,7086.879,79482200,1308819456.0000
2026-08-03 10:41:00,7086.342,7092.166,7081.214,7088.497,96030700,1392295936.0000
2026-08-03 10:42:00,7088.332,7089.757,7082.203,7089.757,67590500,1119551488.0000
2026-08-03 10:43:00,7091.087,7101.358,7091.087,7101.358,66452700,1213202432.0000
2026-08-03 10:44:00,7101.899,7106.030,7099.181,7099.181,68396800,1281064960.0000
2026-08-03 10:45:00,7098.804,7098.804,7093.736,7094.702,52996500,927662080.0000
2026-08-03 10:46:00,7093.532,7093.532,7088.836,7088.960,51813800,945668096.0000
2026-08-03 10:47:00,7089.820,7096.647,7083.190,7083.190,71094300,1273757696.0000
2026-08-03 10:48:00,7083.221,7084.134,7077.174,7077.284,70466300,1171685376.0000
2026-08-03 10:49:00,7077.345,7077.345,7069.953,7072.590,80599700,1305837568.0000
2026-08-03 10:50:00,7072.475,7073.208,7071.700,7072.101,59043400,1079525376.0000
2026-08-03 10:51:00,7072.784,7074.323,7069.898,7071.838,67523100,1171079168.0000
2026-08-03 10:52:00,7071.747,7072.123,7069.012,7069.161,51687900,894779392.0000
2026-08-03 10:53:00,7069.513,7079.886,7069.373,7077.875,67083300,1122631680.0000
2026-08-03 10:54:00,7077.670,7082.364,7077.071,7078.326,43554600,766017536.0000
2026-08-03 10:55:00,7077.860,7078.326,7071.834,7077.323,54295500,975847424.0000
2026-08-03 10:56:00,7078.387,7078.387,7071.890,7071.890,41303500,700006400.0000
2026-08-03 10:57:00,7071.367,7072.065,7066.922,7072.065,56529400,966377472.0000
2026-08-03 10:58:00,7071.017,7082.435,7069.537,7082.435,48596200,894320640.0000
2026-08-03 10:59:00,7082.820,7095.935,7082.820,7095.935,57933000,1049559040.0000
2026-08-03 11:00:00,7096.557,7099.843,7089.956,7090.483,63625000,1101742080.0000
2026-08-03 11:01:00,7090.627,7098.672,7090.627,7098.672,60097400,1156857856.0000
2026-08-03 11:02:00,7099.288,7103.526,7098.020,7099.188,77969700,1391099904.0000
2026-08-03 11:03:00,7098.918,7101.723,7094.771,7096.320,69997000,1268432896.0000
2026-08-03 11:04:00,7095.959,7095.959,7087.026,7087.671,74429000,1207730176.0000
2026-08-03 11:05:00,7086.921,7089.771,7085.643,7085.993,51567400,871907328.0000
2026-08-03 11:06:00,7085.503,7085.503,7077.716,7081.231,61171300,1122074624.0000
2026-08-03 11:07:00,7080.959,7080.959,7071.753,7071.753,51399300,910327808.0000
2026-08-03 11:08:00,7071.964,7071.964,7070.383,7070.383,46999100,855523328.0000
2026-08-03 11:09:00,7070.074,7073.989,7069.606,7069.606,49863900,934051840.0000
2026-08-03 11:10:00,7068.201,7068.201,7064.729,7065.890,61515100,1162969088.0000
2026-08-03 11:11:00,7065.798,7076.497,7064.043,7076.081,86520200,1282965504.0000
2026-08-03 11:12:00,7075.993,7076.090,7065.385,7065.385,51687600,922075136.0000
2026-08-03 11:13:00,7064.980,7066.091,7064.139,7065.658,41309400,701366272.0000
2026-08-03 11:14:00,7065.531,7072.153,7065.451,7071.188,33975600,606519296.0000
2026-08-03 11:15:00,7071.398,7071.398,7067.364,7067.364,40102200,700547072.0000
2026-08-03 11:16:00,7066.912,7068.158,7065.431,7065.431,48154100,765771776.0000
2026-08-03 11:17:00,7065.132,7074.755,7065.041,7070.039,43878700,766541824.0000
2026-08-03 11:18:00,7069.980,7074.798,7066.950,7066.950,47261000,774045696.0000
2026-08-03 11:19:00,7066.316,7073.473,7065.480,7073.473,33660800,623984640.0000
2026-08-03 11:20:00,7075.636,7077.010,7074.712,7075.243,71338800,886767616.0000
2026-08-03 11:21:00,7076.586,7078.351,7076.586,7077.978,35951500,655130624.0000
2026-08-03 11:22:00,7076.879,7076.879,7067.411,7068.603,44583400,782270464.0000
2026-08-03 11:23:00,7068.614,7070.708,7065.611,7070.708,42621800,697303040.0000
2026-08-03 11:24:00,7071.048,7080.571,7071.048,7079.407,45444600,778780672.0000
2026-08-03 11:25:00,7079.034,7086.486,7079.034,7084.237,42691400,796508160.0000
2026-08-03 11:26:00,7083.466,7090.360,7083.466,7088.194,51080100,927514624.0000
2026-08-03 11:27:00,7088.005,7088.005,7076.391,7076.391,42774000,776175616.0000
2026-08-03 11:28:00,7075.056,7078.664,7073.612,7078.664,36030500,659374080.0000
2026-08-03 11:29:00,7079.289,7087.459,7079.289,7084.512,34567200,659636224.0000
2026-08-03 11:30:00,7084.630,7091.256,7084.446,7084.881,47118100,819183616.0000
2026-08-03 13:01:00,7086.674,7095.650,7085.698,7091.804,142452100,2526593024.0000
2026-08-03 13:02:00,7092.003,7095.727,7090.382,7092.208,63348700,1259323392.0000
2026-08-03 13:03:00,7091.962,7100.724,7091.269,7099.843,52986200,1116143616.0000
2026-08-03 13:04:00,7099.660,7100.294,7095.409,7095.409,61011900,1132888064.0000
2026-08-03 13:05:00,7095.415,7098.667,7088.495,7088.495,68113200,1215823872.0000
2026-08-03 13:06:00,7088.182,7088.182,7080.938,7080.938,58222100,1067909120.0000
2026-08-03 13:07:00,7080.903,7088.252,7080.903,7085.913,45514900,943390720.0000
2026-08-03 13:08:00,7084.176,7084.176,7077.597,7079.090,58299300,1092780032.0000
2026-08-03 13:09:00,7078.726,7078.726,7067.254,7067.585,59044800,1028947968.0000
2026-08-03 13:10:00,7068.962,7076.620,7067.851,7074.634,56813700,989855744.0000
2026-08-03 13:11:00,7072.535,7079.403,7071.657,7077.380,54699800,965836800.0000
2026-08-03 13:12:00,7077.266,7077.266,7067.216,7067.676,49539100,922976256.0000
2026-08-03 13:13:00,7070.291,7076.275,7068.445,7076.275,40315400,720568320.0000
2026-08-03 13:14:00,7077.164,7078.415,7075.196,7075.196,35707900,634486784.0000
2026-08-03 13:15:00,7075.111,7075.463,7072.507,7072.507,37142400,647004160.0000
2026-08-03 13:16:00,7072.219,7079.732,7068.641,7077.640,54240200,989822976.0000
2026-08-03 13:17:00,7077.130,7077.328,7075.170,7076.008,38580400,614006784.0000
2026-08-03 13:18:00,7076.388,7076.589,7069.242,7069.308,42456200,767557632.0000
2026-08-03 13:19:00,7069.418,7071.651,7069.418,7071.485,42379500,636059648.0000
2026-08-03 13:20:00,7071.321,7075.686,7070.079,7071.195,58341200,889257984.0000
2026-08-03 13:21:00,7070.693,7071.101,7065.407,7067.415,58992000,995328000.0000
2026-08-03 13:22:00,7068.942,7073.679,7067.446,7073.396,54357000,783089664.0000
2026-08-03 13:23:00,7074.438,7074.905,7073.665,7074.380,37777100,655294464.0000
2026-08-03 13:24:00,7074.809,7075.533,7072.728,7074.116,36928900,609386496.0000
2026-08-03 13:25:00,7073.990,7076.071,7073.123,7073.333,39213600,676888576.0000
2026-08-03 13:26:00,7072.716,7078.058,7072.716,7074.943,40468200,743014400.0000
2026-08-03 13:27:00,7074.783,7075.343,7070.250,7070.250,38505600,722731008.0000
2026-08-03 13:28:00,7070.191,7070.708,7068.626,7068.654,36540900,614989824.0000
2026-08-03 13:29:00,7067.967,7069.625,7067.759,7069.625,35291800,609157120.0000
2026-08-03 13:30:00,7069.850,7071.718,7069.850,7071.718,36124300,580386816.0000
2026-08-03 13:31:00,7071.667,7071.667,7069.577,7071.542,41933200,705855488.0000
2026-08-03 13:32:00,7071.594,7073.049,7069.976,7069.976,51405400,776568832.0000
2026-08-03 13:33:00,7069.883,7070.005,7067.224,7069.210,44291100,804913152.0000
2026-08-03 13:34:00,7069.456,7069.696,7067.980,7069.393,41458600,682328064.0000
2026-08-03 13:35:00,7069.166,7076.303,7068.787,7074.665,56798400,854294528.0000
2026-08-03 13:36:00,7074.648,7075.519,7068.143,7068.143,48837500,765493248.0000
2026-08-03 13:37:00,7067.969,7069.253,7067.119,7068.353,48111600,760676352.0000
2026-08-03 13:38:00,7068.396,7076.862,7068.396,7076.747,48339500,869367808.0000
2026-08-03 13:39:00,7077.367,7077.498,7074.481,7074.634,39233200,651132928.0000
2026-08-03 13:40:00,7074.306,7074.573,7069.688,7069.688,39573600,661127168.0000
2026-08-03 13:41:00,7069.766,7070.138,7066.226,7070.046,48856100,773685248.0000
2026-08-03 13:42:00,7070.021,7072.360,7068.860,7070.743,36567300,600539136.0000
2026-08-03 13:43:00,7070.998,7073.458,7070.998,7072.735,41303200,663224320.0000
2026-08-03 13:44:00,7073.190,7079.887,7073.190,7078.656,59360600,758775808.0000
2026-08-03 13:45:00,7078.771,7079.687,7075.779,7076.253,40670500,638681088.0000
2026-08-03 13:46:00,7076.004,7076.204,7073.743,7073.743,39442800,605028352.0000
2026-08-03 13:47:00,7073.549,7079.368,7073.549,7079.368,63039300,803274752.0000
2026-08-03 13:48:00,7079.247,7079.577,7075.634,7078.930,46220300,677380096.0000
2026-08-03 13:49:00,7078.784,7082.701,7077.690,7077.690,52460600,714244096.0000
2026-08-03 13:50:00,7077.518,7078.046,7074.598,7075.230,48160300,720764928.0000
2026-08-03 13:51:00,7074.793,7076.752,7074.755,7076.545,41887300,635928576.0000
2026-08-03 13:52:00,7076.802,7081.782,7076.802,7081.782,49778500,689930240.0000
2026-08-03 13:53:00,7081.258,7083.497,7080.427,7083.244,76768700,844300288.0000
2026-08-03 13:54:00,7083.286,7083.286,7079.881,7080.598,48756900,750256128.0000
2026-08-03 13:55:00,7080.326,7080.326,7077.510,7077.510,49296300,726925312.0000
2026-08-03 13:56:00,7077.473,7077.746,7076.731,7076.731,48543000,735444992.0000
2026-08-03 13:57:00,7076.973,7078.521,7076.320,7076.320,47846300,791150592.0000
2026-08-03 13:58:00,7076.247,7076.247,7069.799,7069.999,59142700,1079541760.0000
2026-08-03 13:59:00,7070.146,7070.146,7067.579,7068.243,60735000,923009024.0000
2026-08-03 14:00:00,7067.928,7068.072,7065.915,7065.915,47334000,786169856.0000
2026-08-03 14:01:00,7065.613,7065.990,7063.532,7064.080,72875800,1090519040.0000
2026-08-03 14:02:00,7064.091,7066.204,7061.714,7066.127,77311500,1236107264.0000
2026-08-03 14:03:00,7066.137,7069.341,7064.730,7069.341,58033600,820281344.0000
2026-08-03 14:04:00,7068.425,7068.425,7064.921,7064.921,55584400,891420672.0000
2026-08-03 14:05:00,7064.962,7064.962,7061.688,7061.817,47878700,803209216.0000
2026-08-03 14:06:00,7061.732,7066.465,7061.615,7065.896,57643700,973144064.0000
2026-08-03 14:07:00,7065.656,7065.656,7060.193,7061.978,61489100,981270528.0000
2026-08-03 14:08:00,7062.529,7062.529,7055.315,7055.315,66928500,1173159936.0000
2026-08-03 14:09:00,7055.139,7056.722,7053.472,7053.472,54333000,960135168.0000
2026-08-03 14:10:00,7053.471,7056.964,7053.471,7054.463,54626000,948502528.0000
2026-08-03 14:11:00,7055.604,7064.730,7055.604,7064.730,76710300,1235845120.0000
2026-08-03 14:12:00,7064.912,7069.462,7064.912,7069.462,73615800,1034682368.0000
2026-08-03 14:13:00,7070.198,7071.903,7069.570,7070.789,72870200,854851584.0000
2026-08-03 14:14:00,7070.724,7080.259,7070.717,7079.943,67130000,914325504.0000
2026-08-03 14:15:00,7079.999,7083.106,7077.387,7083.106,53672000,862093312.0000
2026-08-03 14:16:00,7085.379,7085.379,7075.451,7075.451,66237100,999391232.0000
2026-08-03 14:17:00,7075.020,7075.898,7071.926,7073.000,51001300,707624960.0000
2026-08-03 14:18:00,7072.530,7079.052,7071.641,7078.951,64705100,898498560.0000
2026-08-03 14:19:00,7078.982,7080.605,7076.547,7076.984,52146700,790528000.0000
2026-08-03 14:20:00,7077.007,7077.007,7074.953,7075.569,38478700,600047616.0000
2026-08-03 14:21:00,7075.998,7076.015,7074.347,7075.185,55127900,750747648.0000
2026-08-03 14:22:00,7074.972,7077.456,7073.819,7077.392,46364600,742948864.0000
2026-08-03 14:23:00,7077.142,7090.694,7077.142,7090.694,68072600,1120960512.0000
2026-08-03 14:24:00,7091.002,7091.413,7089.503,7089.503,57604200,949551104.0000
2026-08-03 14:25:00,7089.397,7096.634,7089.397,7095.694,64306400,1043693568.0000
2026-08-03 14:26:00,7096.365,7099.672,7096.365,7097.792,57186400,979599360.0000
2026-08-03 14:27:00,7097.262,7097.262,7091.002,7091.002,55050500,936214528.0000
2026-08-03 14:28:00,7090.989,7093.488,7090.708,7092.738,48178600,799866880.0000
2026-08-03 14:29:00,7092.644,7092.644,7088.951,7088.951,46565500,723648512.0000
2026-08-03 14:30:00,7088.596,7088.596,7084.639,7084.639,68118200,932741120.0000
2026-08-03 14:31:00,7084.626,7087.202,7083.763,7087.202,65819200,1012498432.0000
2026-08-03 14:32:00,7087.119,7087.119,7081.629,7083.217,70682000,1054179328.0000
2026-08-03 14:33:00,7082.282,7082.282,7077.577,7077.577,65778200,1007190016.0000
2026-08-03 14:34:00,7077.247,7078.759,7074.107,7078.759,74760600,1115619328.0000
2026-08-03 14:35:00,7079.172,7079.172,7077.165,7078.310,53106500,787054592.0000
2026-08-03 14:36:00,7078.469,7081.802,7078.426,7078.426,59785500,1006895104.0000
2026-08-03 14:37:00,7078.094,7078.307,7074.953,7078.252,65867200,1085308928.0000
2026-08-03 14:38:00,7078.362,7078.362,7075.294,7075.321,53902700,853278720.0000
2026-08-03 14:39:00,7075.027,7075.510,7073.362,7074.187,61467200,1066598400.0000
2026-08-03 14:40:00,7073.885,7073.885,7071.529,7071.529,70373500,1134952448.0000
2026-08-03 14:41:00,7071.579,7072.645,7071.130,7071.216,78232000,1199865856.0000
2026-08-03 14:42:00,7070.808,7072.410,7069.598,7072.410,76355300,1325891584.0000
2026-08-03 14:43:00,7072.878,7073.288,7071.563,7072.545,74444000,1145274368.0000
2026-08-03 14:44:00,7072.495,7074.074,7071.775,7072.247,75801200,1165950976.0000
2026-08-03 14:45:00,7072.145,7073.296,7071.558,7072.853,77234600,1201504256.0000
2026-08-03 14:46:00,7072.639,7074.602,7070.931,7074.602,104826500,1628733440.0000
2026-08-03 14:47:00,7074.305,7075.986,7073.947,7075.986,85377000,1281359872.0000
2026-08-03 14:48:00,7076.448,7076.471,7073.593,7074.425,92583700,1509425152.0000
2026-08-03 14:49:00,7074.275,7074.275,7072.162,7072.331,90032200,1473642496.0000
2026-08-03 14:50:00,7072.793,7075.808,7072.793,7075.672,100997800,1596063744.0000
2026-08-03 14:51:00,7075.322,7075.768,7073.510,7075.529,137382000,2013134848.0000
2026-08-03 14:52:00,7075.820,7077.678,7075.539,7077.494,117152400,1835466752.0000
2026-08-03 14:53:00,7077.396,7078.115,7076.606,7077.609,119893700,1927675904.0000
2026-08-03 14:54:00,7077.513,7077.530,7075.781,7077.530,133999500,2059206656.0000
2026-08-03 14:55:00,7077.520,7077.520,7075.999,7077.067,141072200,2202468352.0000
2026-08-03 14:56:00,7076.068,7078.839,7076.068,7078.162,169058100,2559410176.0000
2026-08-03 14:57:00,7077.820,7080.768,7077.638,7080.768,200275000,2896429056.0000
2026-08-03 14:58:00,7080.694,7080.950,7080.694,7080.950,11529700,159252480.0000
2026-08-03 15:00:00,7080.217,7080.217,7079.776,7079.776,266527100,3907584000.0000
2026-08-04 09:31:00,7128.493,7134.312,7109.435,7109.435,837726200,15146539008.0000
2026-08-04 09:32:00,7108.702,7110.964,7102.460,7109.331,571204500,10142187520.0000
2026-08-04 09:33:00,7108.677,7117.477,7108.109,7115.136,406708200,7184883712.0000
2026-08-04 09:34:00,7114.001,7123.524,7109.785,7109.785,339953600,6257805312.0000
2026-08-04 09:35:00,7109.436,7129.037,7108.898,7129.037,366915600,6014631936.0000
2026-08-04 09:36:00,7132.036,7142.721,7130.373,7142.306,388342900,6262382592.0000
2026-08-04 09:37:00,7141.993,7161.616,7141.993,7161.155,323222400,5843464192.0000
2026-08-04 09:38:00,7162.650,7169.949,7162.075,7169.140,295724500,5488869376.0000
2026-08-04 09:39:00,7168.358,7168.358,7163.845,7166.907,256844000,4788125696.0000
2026-08-04 09:40:00,7164.709,7169.043,7161.192,7169.043,259749400,4864061440.0000
2026-08-04 09:41:00,7168.731,7173.505,7154.889,7155.673,316953100,5019795456.0000
2026-08-04 09:42:00,7157.660,7157.660,7151.548,7154.885,232179300,3923795968.0000
2026-08-04 09:43:00,7154.945,7159.975,7149.237,7157.796,242147900,3882467328.0000
2026-08-04 09:44:00,7157.839,7161.324,7151.958,7154.066,253133500,4127268864.0000
2026-08-04 09:45:00,7152.541,7160.050,7151.066,7157.371,235567000,3966525440.0000
2026-08-04 09:46:00,7158.133,7167.657,7158.133,7161.121,222034700,3695271936.0000
2026-08-04 09:47:00,7160.222,7170.057,7160.222,7170.057,163782000,2894143488.0000
2026-08-04 09:48:00,7170.778,7188.747,7170.778,7188.226,206691100,3858866176.0000
2026-08-04 09:49:00,7188.163,7189.993,7185.114,7185.114,182810600,3405733888.0000
2026-08-04 09:50:00,7185.441,7200.972,7184.434,7199.333,207678300,3669655552.0000
2026-08-04 09:51:00,7200.386,7215.538,7200.386,7215.538,219869300,3887038464.0000
2026-08-04 09:52:00,7215.214,7215.523,7204.942,7209.246,179995600,3499679744.0000
2026-08-04 09:53:00,7207.670,7207.670,7197.047,7197.047,162355100,2892120064.0000
2026-08-04 09:54:00,7196.986,7205.998,7196.986,7199.523,186385500,3037495296.0000
2026-08-04 09:55:00,7200.187,7202.782,7200.187,7200.435,151714000,2724290560.0000
2026-08-04 09:56:00,7200.103,7200.213,7189.404,7192.029,202078100,3274022912.0000
2026-08-04 09:57:00,7191.066,7198.301,7190.451,7194.962,152972000,2896756736.0000
2026-08-04 09:58:00,7196.102,7197.350,7194.155,7197.350,204245600,3011854336.0000
2026-08-04 09:59:00,7197.900,7200.021,7189.417,7190.529,201532900,3180118016.0000
2026-08-04 10:00:00,7190.569,7192.500,7180.304,7180.304,185324700,3166797824.0000
2026-08-04 10:01:00,7179.742,7182.056,7176.945,7177.847,199980800,3277832192.0000
2026-08-04 10:02:00,7178.159,7181.499,7175.766,7176.862,192775700,3132588032.0000
2026-08-04 10:03:00,7176.265,7178.044,7173.091,7173.091,168852800,2915172352.0000
2026-08-04 10:04:00,7172.830,7178.857,7172.830,7178.415,147577400,2682650624.0000
2026-08-04 10:05:00,7179.907,7179.907,7174.577,7179.683,150222600,2718728192.0000
2026-08-04 10:06:00,7180.414,7180.483,7173.013,7177.048,137465100,2592604160.0000
2026-08-04 10:07:00,7176.838,7186.063,7175.552,7183.576,143554900,2527002624.0000
2026-08-04 10:08:00,7184.138,7190.192,7180.867,7189.685,133787600,2238218240.0000
2026-08-04 10:09:00,7189.010,7195.315,7189.006,7190.152,109791100,1939095552.0000
2026-08-04 10:10:00,7189.527,7189.668,7185.827,7185.827,93635900,1680900096.0000
2026-08-04 10:11:00,7184.636,7184.636,7179.552,7179.552,120662900,2009088000.0000
2026-08-04 10:12:00,7178.869,7180.053,7175.669,7178.307,146997200,2337767424.0000
2026-08-04 10:13:00,7178.524,7185.419,7178.524,7181.450,146892800,2330836992.0000
2026-08-04 10:14:00,7182.317,7182.590,7180.272,7182.200,121461100,1935048704.0000
2026-08-04 10:15:00,7181.592,7183.825,7176.793,7183.825,117565900,1895202816.0000
2026-08-04 10:16:00,7184.618,7190.196,7184.514,7190.196,118420300,1813250048.0000
2026-08-04 10:17:00,7190.451,7192.364,7186.115,7187.344,118886600,1784987648.0000
2026-08-04 10:18:00,7187.275,7189.665,7185.079,7189.474,97986400,1609973760.0000
2026-08-04 10:19:00,7189.012,7195.679,7188.630,7195.679,89881100,1504722944.0000
2026-08-04 10:20:00,7193.383,7202.091,7192.892,7202.091,99419100,1768849408.0000
2026-08-04 10:21:00,7202.488,7204.919,7200.194,7200.329,105077900,1898856448.0000
2026-08-04 10:22:00,7200.577,7201.721,7194.416,7194.416,83129300,1552646144.0000
2026-08-04 10:23:00,7194.601,7196.706,7190.094,7191.486,85271700,1506557952.0000
2026-08-04 10:24:00,7192.736,7196.109,7192.395,7193.016,64222800,1150320640.0000
2026-08-04 10:25:00,7193.290,7195.479,7191.802,7191.802,72749300,1339424768.0000
2026-08-04 10:26:00,7191.682,7192.395,7188.454,7192.062,70974900,1325350912.0000
2026-08-04 10:27:00,7194.153,7198.958,7194.153,7198.958,81000500,1435140096.0000
2026-08-04 10:28:00,7199.288,7202.011,7199.248,7202.011,74244200,1495384064.0000
2026-08-04 10:29:00,7202.254,7205.244,7201.930,7204.523,76112900,1350729728.0000
2026-08-04 10:30:00,7203.895,7203.895,7200.840,7201.948,68985600,1210761216.0000
2026-08-04 10:31:00,7201.343,7207.595,7200.924,7207.135,128952400,1791934464.0000
2026-08-04 10:32:00,7207.130,7207.130,7203.761,7203.761,135952400,1924218880.0000
2026-08-04 10:33:00,7203.418,7203.418,7196.561,7200.106,86038900,1475002368.0000
2026-08-04 10:34:00,7199.799,7199.799,7194.993,7195.480,77520900,1339719680.0000
2026-08-04 10:35:00,7195.570,7201.229,7195.570,7200.707,74063800,1236615168.0000
2026-08-04 10:36:00,7200.881,7203.453,7200.383,7203.427,73648200,1226489856.0000
2026-08-04 10:37:00,7203.586,7212.532,7203.586,7209.913,78917100,1574682624.0000
2026-08-04 10:38:00,7210.397,7215.940,7210.087,7215.940,73007500,1369440256.0000
2026-08-04 10:39:00,7215.629,7225.733,7215.629,7225.716,88475300,1717698560.0000
2026-08-04 10:40:00,7226.919,7229.456,7222.205,7222.827,100127200,1927348224.0000
2026-08-04 10:41:00,7222.699,7234.211,7222.483,7232.208,95559400,2026897408.0000
2026-08-04 10:42:00,7231.093,7231.093,7219.364,7219.364,68680200,1487306752.0000
2026-08-04 10:43:00,7219.304,7220.232,7212.696,7214.861,59641300,1196752896.0000
2026-08-04 10:44:00,7214.599,7215.971,7214.168,7214.483,49743900,959152128.0000
2026-08-04 10:45:00,7216.308,7220.244,7216.308,7217.710,61994200,1186611200.0000
2026-08-04 10:46:00,7217.872,7219.003,7217.090,7217.338,65673800,1294237696.0000
2026-08-04 10:47:00,7214.941,7219.328,7214.472,7218.963,62839800,1199194112.0000
2026-08-04 10:48:00,7218.705,7226.237,7218.554,7226.237,68059300,1252933632.0000
2026-08-04 10:49:00,7226.245,7228.904,7224.081,7228.904,71241900,1313521664.0000
2026-08-04 10:50:00,7228.983,7228.983,7222.593,7222.720,62814400,1329446912.0000
2026-08-04 10:51:00,7222.391,7222.391,7218.719,7219.139,63244800,1171193856.0000
2026-08-04 10:52:00,7219.101,7219.101,7216.631,7216.898,57060000,1079820288.0000
2026-08-04 10:53:00,7216.741,7221.117,7214.126,7214.126,58504500,1153843200.0000
2026-08-04 10:54:00,7213.735,7217.778,7213.199,7217.041,45778500,852770816.0000
2026-08-04 10:55:00,7216.765,7217.343,7215.041,7215.951,56472300,945520640.0000
2026-08-04 10:56:00,7215.306,7219.354,7214.953,7217.338,51772100,902086656.0000
2026-08-04 10:57:00,7217.560,7220.581,7215.432,7219.850,57530500,1034665984.0000
2026-08-04 10:58:00,7221.229,7225.569,7220.035,7225.480,49654800,878313472.0000
2026-08-04 10:59:00,7225.189,7225.189,7216.788,7216.788,52560100,958316544.0000
2026-08-04 11:00:00,7216.594,7216.594,7214.073,7214.073,48275600,839319552.0000
2026-08-04 11:01:00,7213.624,7213.624,7210.721,7210.721,57457700,1099694080.0000
2026-08-04 11:02:00,7210.404,7214.107,7210.098,7211.038,52831200,897925120.0000
2026-08-04 11:03:00,7211.070,7211.070,7205.051,7205.051,51446300,1025130496.0000
2026-08-04 11:04:00,7204.599,7207.286,7203.814,7207.117,48159600,878477312.0000
2026-08-04 11:05:00,7207.286,7208.039,7205.993,7207.842,38440800,718110720.0000
2026-08-04 11:06:00,7207.923,7210.686,7207.923,7210.323,45091100,738869248.0000
2026-08-04 11:07:00,7209.993,7210.765,7206.753,7210.033,43906900,834502656.0000
2026-08-04 11:08:00,7210.201,7217.601,7210.201,7217.509,48494600,809582592.0000
2026-08-04 11:09:00,7217.691,7225.964,7217.691,7225.964,57525000,963362816.0000
2026-08-04 11:10:00,7226.163,7228.644,7223.629,7228.644,45747800,894468096.0000
2026-08-04 11:11:00,7229.047,7232.345,7229.047,7231.367,54541300,1128562688.0000
2026-08-04 11:12:00,7233.341,7233.341,7229.861,7230.794,52216800,934297600.0000
2026-08-04 11:13:00,7230.455,7230.455,7224.087,7224.899,45822400,823427072.0000
2026-08-04 11:14:00,7225.029,7227.607,7224.266,7227.161,40340000,743505920.0000
2026-08-04 11:15:00,7226.769,7231.888,7226.769,7231.888,44515400,813629440.0000
2026-08-04 11:16:00,7232.126,7236.632,7232.126,7234.371,58300800,1175191552.0000
2026-08-04 11:17:00,7234.039,7234.039,7226.667,7226.667,47630100,907771904.0000
2026-08-04 11:18:00,7226.431,7227.902,7226.195,7226.505,40034800,692436992.0000
2026-08-04 11:19:00,7226.184,7230.937,7225.959,7230.302,48163100,838074368.0000
2026-08-04 11:20:00,7230.412,7235.867,7230.412,7235.654,56561600,959315968.0000
2026-08-04 11:21:00,7235.779,7238.216,7235.395,7235.814,49800200,957906944.0000
2026-08-04 11:22:00,7236.032,7239.886,7236.032,7239.555,49016000,970752000.0000
2026-08-04 11:23:00,7239.572,7239.638,7237.481,7239.185,47628300,1005977600.0000
2026-08-04 11:24:00,7239.303,7240.476,7235.332,7237.180,47963100,874971136.0000
2026-08-04 11:25:00,7237.336,7240.178,7237.336,7239.440,59009300,1065254912.0000
2026-08-04 11:26:00,7239.813,7248.539,7239.813,7248.539,59729800,1136197632.0000
2026-08-04 11:27:00,7249.380,7250.224,7248.622,7249.568,59707300,1246756864.0000
2026-08-04 11:28:00,7249.715,7249.715,7248.455,7249.348,47589400,1023590400.0000
2026-08-04 11:29:00,7249.897,7255.449,7249.528,7255.163,58507400,1279344640.0000
2026-08-04 11:30:00,7254.607,7263.716,7254.607,7261.929,93302900,1954250752.0000
2026-08-04 13:01:00,7264.280,7266.520,7255.571,7266.520,272591000,5260918784.0000
2026-08-04 13:02:00,7266.947,7266.947,7261.665,7263.785,103697900,2060500992.0000
2026-08-04 13:03:00,7265.802,7267.357,7264.030,7265.991,85230600,1654784000.0000
2026-08-04 13:04:00,7266.152,7273.851,7266.152,7272.521,77887200,1516863488.0000
2026-08-04 13:05:00,7271.859,7271.859,7264.746,7264.746,73084800,1545371648.0000
2026-08-04 13:06:00,7264.696,7266.068,7260.503,7266.068,78302900,1699217408.0000
2026-08-04 13:07:00,7266.969,7266.969,7260.351,7260.622,74836300,1436483584.0000
2026-08-04 13:08:00,7260.659,7262.087,7257.364,7257.364,69526100,1367343104.0000
2026-08-04 13:09:00,7257.300,7259.371,7256.702,7259.371,64047400,1187348480.0000
2026-08-04 13:10:00,7259.212,7262.689,7259.036,7259.036,63663100,1241972736.0000
2026-08-04 13:11:00,7258.392,7259.347,7255.462,7255.462,64240900,1244987392.0000
2026-08-04 13:12:00,7256.042,7263.338,7256.042,7262.077,67503300,1314127872.0000
2026-08-04 13:13:00,7261.676,7261.676,7252.938,7252.938,70493300,1281458176.0000
2026-08-04 13:14:00,7252.800,7255.541,7251.818,7251.908,67778200,1162149888.0000
2026-08-04 13:15:00,7251.767,7258.658,7251.767,7258.658,59401700,1124171776.0000
2026-08-04 13:16:00,7259.000,7260.062,7258.519,7259.747,62451400,1119715328.0000
2026-08-04 13:17:00,7260.884,7261.004,7255.620,7255.887,70357700,1273921536.0000
2026-08-04 13:18:00,7255.529,7255.529,7253.275,7255.504,65330300,1121419264.0000
2026-08-04 13:19:00,7256.075,7256.239,7251.408,7251.408,68922400,1124892672.0000
2026-08-04 13:20:00,7251.298,7251.298,7246.464,7248.293,71839900,1304952832.0000
2026-08-04 13:21:00,7248.847,7254.038,7247.558,7254.038,72425600,1334476800.0000
2026-08-04 13:22:00,7254.877,7258.659,7254.673,7256.954,60098900,1214119936.0000
2026-08-04 13:23:00,7255.572,7258.825,7255.219,7258.131,58467000,1030062080.0000
2026-08-04 13:24:00,7258.409,7262.334,7258.116,7262.334,59557000,1172307968.0000
2026-08-04 13:25:00,7262.850,7263.056,7259.064,7261.011,59265400,1226735616.0000
2026-08-04 13:26:00,7260.859,7267.383,7260.859,7267.383,68776400,1268350976.0000
2026-08-04 13:27:00,7267.471,7269.542,7267.392,7269.012,77398000,1393262592.0000
2026-08-04 13:28:00,7268.971,7269.268,7268.339,7268.395,57698700,1128890368.0000
2026-08-04 13:29:00,7268.530,7269.139,7266.994,7266.994,61021300,1126924288.0000
2026-08-04 13:30:00,7266.999,7271.447,7266.886,7271.447,71803600,1220476928.0000
2026-08-04 13:31:00,7271.760,7275.747,7271.760,7275.232,94225500,1725628416.0000
2026-08-04 13:32:00,7275.751,7278.987,7275.751,7278.924,81854900,1474363392.0000
2026-08-04 13:33:00,7279.083,7283.279,7279.083,7280.474,79587300,1565786112.0000
2026-08-04 13:34:00,7280.061,7280.913,7276.275,7278.529,73232500,1414987776.0000
2026-08-04 13:35:00,7278.261,7278.898,7275.610,7276.092,64837600,1222443008.0000
2026-08-04 13:36:00,7276.548,7278.616,7275.534,7278.616,63703200,1237483520.0000
2026-08-04 13:37:00,7278.639,7281.852,7277.987,7281.852,61150600,1102544896.0000
2026-08-04 13:38:00,7281.756,7287.411,7281.725,7287.411,63436700,1215987712.0000
2026-08-04 13:39:00,7287.780,7292.333,7287.639,7292.333,79558000,1514143744.0000
2026-08-04 13:40:00,7293.126,7293.126,7288.600,7288.600,70670800,1358626816.0000
2026-08-04 13:41:00,7288.537,7290.229,7288.435,7289.444,67531000,1305706496.0000
2026-08-04 13:42:00,7289.637,7290.238,7288.761,7290.073,65937400,1056571392.0000
2026-08-04 13:43:00,7290.058,7290.058,7285.531,7286.221,68861400,1241874432.0000
2026-08-04 13:44:00,7286.055,7287.481,7285.399,7286.612,49209600,895352832.0000
2026-08-04 13:45:00,7286.481,7291.069,7286.481,7289.019,59913200,1061224448.0000
2026-08-04 13:46:00,7289.100,7294.858,7288.714,7294.858,53251500,1036189696.0000
2026-08-04 13:47:00,7295.162,7297.713,7295.094,7296.166,108551400,1553596416.0000
2026-08-04 13:48:00,7296.402,7298.725,7296.402,7298.635,83054600,1209958400.0000
2026-08-04 13:49:00,7297.127,7300.768,7297.127,7300.734,79715700,1288994816.0000
2026-08-04 13:50:00,7300.651,7300.944,7294.918,7294.918,77661300,1286963200.0000
2026-08-04 13:51:00,7294.620,7295.372,7292.775,7295.372,80293700,1272676352.0000
2026-08-04 13:52:00,7295.365,7295.555,7290.938,7290.938,71608400,1146454016.0000
2026-08-04 13:53:00,7290.746,7295.776,7290.746,7295.776,59054300,1047625728.0000
2026-08-04 13:54:00,7296.044,7298.880,7296.044,7298.261,66052200,1045233664.0000
2026-08-04 13:55:00,7298.256,7298.632,7296.747,7296.982,63413800,1029373952.0000
2026-08-04 13:56:00,7296.792,7296.792,7294.397,7294.397,56160000,976748544.0000
2026-08-04 13:57:00,7294.300,7296.838,7294.105,7296.599,57759200,1013350400.0000
2026-08-04 13:58:00,7296.556,7296.556,7293.283,7293.283,51957100,910819328.0000
2026-08-04 13:59:00,7293.355,7295.049,7292.925,7295.049,49684300,879230976.0000
2026-08-04 14:00:00,7295.532,7297.648,7295.350,7297.255,55744000,940900352.0000
2026-08-04 14:01:00,7297.375,7305.040,7297.375,7304.967,89966900,1528397824.0000
2026-08-04 14:02:00,7305.474,7307.171,7305.162,7305.262,91288800,1542029312.0000
2026-08-04 14:03:00,7305.335,7305.335,7299.004,7299.447,76677800,1221066752.0000
2026-08-04 14:04:00,7299.897,7301.501,7298.492,7300.330,63060900,1092124672.0000
2026-08-04 14:05:00,7300.446,7302.717,7299.769,7302.717,59996900,956891136.0000
2026-08-04 14:06:00,7302.807,7303.924,7299.476,7299.476,70916500,1042612224.0000
2026-08-04 14:07:00,7299.345,7302.034,7299.188,7302.034,64188200,991854592.0000
2026-08-04 14:08:00,7302.273,7304.322,7302.026,7303.520,58258700,1039335424.0000
2026-08-04 14:09:00,7302.857,7306.058,7302.338,7305.022,79369000,1100972032.0000
2026-08-04 14:10:00,7305.003,7305.783,7304.518,7305.110,58948300,1070497792.0000
2026-08-04 14:11:00,7305.024,7305.132,7303.385,7304.515,66029200,1197211648.0000
2026-08-04 14:12:00,7304.520,7304.654,7302.867,7303.703,64122300,1036550144.0000
2026-08-04 14:13:00,7303.663,7303.663,7300.431,7300.431,67412400,1093500928.0000
2026-08-04 14:14:00,7300.374,7304.608,7300.374,7302.555,61805700,1090977792.0000
2026-08-04 14:15:00,7302.306,7302.306,7289.750,7289.750,122019300,1859551232.0000
2026-08-04 14:16:00,7289.216,7289.216,7279.453,7279.453,150026900,2180186112.0000
2026-08-04 14:17:00,7278.799,7282.614,7276.473,7276.473,119595500,1889337344.0000
2026-08-04 14:18:00,7276.096,7280.239,7276.096,7277.743,81444700,1288110080.0000
2026-08-04 14:19:00,7277.725,7277.887,7269.742,7269.742,97604200,1532821504.0000
2026-08-04 14:20:00,7270.203,7272.878,7270.203,7272.878,89594300,1447034880.0000
2026-08-04 14:21:00,7273.491,7277.454,7273.491,7275.964,74249300,1171062784.0000
2026-08-04 14:22:00,7276.568,7277.658,7271.480,7271.480,70131300,1232830464.0000
2026-08-04 14:23:00,7271.397,7271.823,7270.855,7270.855,56567200,1035370496.0000
2026-08-04 14:24:00,7270.830,7273.851,7270.830,7272.154,55914500,969736192.0000
2026-08-04 14:25:00,7272.512,7276.379,7272.512,7276.113,60424200,968458240.0000
2026-08-04 14:26:00,7276.262,7279.250,7276.262,7279.250,56011600,963444736.0000
2026-08-04 14:27:00,7279.409,7281.299,7279.351,7279.351,55136600,956858368.0000
2026-08-04 14:28:00,7279.206,7281.792,7278.919,7281.792,55478300,908623872.0000
2026-08-04 14:29:00,7281.612,7283.475,7281.612,7282.390,52001400,833781760.0000
2026-08-04 14:30:00,7282.329,7282.920,7281.863,7281.863,52864900,878018560.0000
2026-08-04 14:31:00,7281.918,7284.054,7277.845,7277.845,82950900,1406304256.0000
2026-08-04 14:32:00,7277.313,7277.313,7269.060,7270.161,113474300,1812955136.0000
2026-08-04 14:33:00,7270.404,7270.783,7267.808,7269.579,73853000,1205862400.0000
2026-08-04 14:34:00,7270.108,7270.124,7267.668,7268.424,70518800,1099104256.0000
2026-08-04 14:35:00,7268.469,7268.687,7260.228,7260.434,106438400,1733394432.0000
2026-08-04 14:36:00,7260.384,7260.533,7258.960,7260.220,83424900,1460436992.0000
2026-08-04 14:37:00,7260.154,7263.426,7260.154,7263.383,71622400,1227587584.0000
2026-08-04 14:38:00,7263.562,7265.373,7263.543,7264.971,66624400,1112834048.0000
2026-08-04 14:39:00,7265.308,7267.236,7265.308,7267.236,74611700,1145798656.0000
2026-08-04 14:40:00,7266.483,7266.483,7261.059,7261.794,89833000,1412759552.0000
2026-08-04 14:41:00,7261.794,7262.004,7260.437,7260.671,84636800,1257996288.0000
2026-08-04 14:42:00,7260.665,7262.508,7260.665,7262.315,83902400,1258356736.0000
2026-08-04 14:43:00,7262.290,7263.614,7261.460,7262.922,72418100,1212055552.0000
2026-08-04 14:44:00,7263.071,7263.236,7258.358,7259.858,93797400,1510637568.0000
2026-08-04 14:45:00,7260.106,7260.509,7258.031,7258.787,94999600,1420361728.0000
2026-08-04 14:46:00,7259.095,7263.302,7259.095,7263.302,97407500,1558413312.0000
2026-08-04 14:47:00,7263.077,7264.863,7262.570,7264.863,86920800,1481080832.0000
2026-08-04 14:48:00,7264.903,7266.196,7262.693,7263.533,96320300,1653014528.0000
2026-08-04 14:49:00,7263.412,7263.934,7260.342,7260.749,108442200,1656225792.0000
2026-08-04 14:50:00,7261.415,7265.643,7261.415,7265.488,105330600,1609203712.0000
2026-08-04 14:51:00,7265.800,7267.981,7264.486,7267.981,134293900,2098036736.0000
2026-08-04 14:52:00,7268.161,7272.001,7268.161,7272.001,125846600,2043084800.0000
2026-08-04 14:53:00,7272.005,7275.301,7271.700,7274.970,138649300,2063073280.0000
2026-08-04 14:54:00,7274.588,7276.084,7274.048,7275.973,149083500,2238316544.0000
2026-08-04 14:55:00,7276.291,7277.342,7274.804,7277.342,154653900,2368897024.0000
2026-08-04 14:56:00,7277.194,7278.805,7275.819,7278.602,183107400,2788917248.0000
2026-08-04 14:57:00,7278.355,7280.494,7277.733,7280.082,207516400,3132293120.0000
2026-08-04 14:58:00,7280.409,7281.232,7280.409,7281.232,12898300,188645376.0000
2026-08-04 15:00:00,7280.704,7280.704,7279.193,7279.193,321595100,4843536384.0000
2026-08-05 09:31:00,7253.225,7287.515,7253.225,7287.515,920583000,19251914752.0000
2026-08-05 09:32:00,7288.157,7303.425,7288.157,7298.817,589943200,12229285888.0000
2026-08-05 09:33:00,7300.208,7315.037,7300.208,7315.024,426581700,8696029184.0000
2026-08-05 09:34:00,7314.336,7317.994,7312.577,7314.264,361888200,7248633856.0000
2026-08-05 09:35:00,7314.397,7322.040,7313.850,7322.040,358593500,6851461120.0000
2026-08-05 09:36:00,7322.704,7335.686,7322.704,7335.158,384829300,7556837376.0000
2026-08-05 09:37:00,7336.076,7350.376,7336.076,7348.886,302779900,6349697024.0000
2026-08-05 09:38:00,7349.616,7349.616,7341.323,7343.261,297753200,6117892096.0000
2026-08-05 09:39:00,7343.083,7358.884,7343.083,7358.884,306332100,5516058624.0000
2026-08-05 09:40:00,7358.932,7365.825,7357.606,7365.825,261110600,5173477376.0000
2026-08-05 09:41:00,7365.634,7377.142,7365.634,7376.654,251830700,5258199040.0000
2026-08-05 09:42:00,7376.971,7380.879,7376.971,7380.082,282313900,5365563392.0000
2026-08-05 09:43:00,7380.860,7387.653,7380.860,7387.093,228979600,4567080960.0000
2026-08-05 09:44:00,7387.423,7389.438,7380.020,7380.858,233786100,4835934208.0000
2026-08-05 09:45:00,7380.092,7389.890,7379.898,7386.604,211439600,4249886720.0000
2026-08-05 09:46:00,7386.983,7396.945,7385.702,7396.945,252960800,4623466496.0000
2026-08-05 09:47:00,7396.121,7404.223,7395.284,7404.223,236994100,4511883264.0000
2026-08-05 09:48:00,7400.683,7405.847,7400.444,7403.778,211950600,4363681792.0000
2026-08-05 09:49:00,7403.348,7403.711,7395.449,7395.449,210995200,4148281344.0000
2026-08-05 09:50:00,7395.579,7398.864,7394.932,7397.106,192707600,3776716800.0000
2026-08-05 09:51:00,7398.538,7398.538,7384.871,7386.394,238925800,4275658752.0000
2026-08-05 09:52:00,7386.305,7395.395,7383.469,7395.395,193143600,3649175552.0000
2026-08-05 09:53:00,7395.424,7397.256,7391.119,7397.256,176742600,3332423680.0000
2026-08-05 09:54:00,7397.475,7400.966,7395.780,7400.521,177634800,3447734272.0000
2026-08-05 09:55:00,7401.420,7402.389,7390.694,7390.694,199057000,3253010432.0000
2026-08-05 09:56:00,7390.241,7391.235,7386.059,7386.580,199850100,3339698176.0000
2026-08-05 09:57:00,7386.752,7395.130,7386.618,7395.130,172611400,3228778496.0000
2026-08-05 09:58:00,7397.164,7414.199,7397.164,7414.199,190340900,3317956608.0000
2026-08-05 09:59:00,7414.559,7416.379,7408.930,7408.930,188446200,3450093568.0000
2026-08-05 10:00:00,7407.509,7407.509,7402.771,7402.771,178578300,3124838400.0000
2026-08-05 10:01:00,7402.367,7403.331,7398.878,7400.989,184502900,3264184320.0000
2026-08-05 10:02:00,7401.196,7410.307,7401.073,7409.545,187385700,3109781504.0000
2026-08-05 10:03:00,7409.530,7409.911,7405.775,7407.827,171880800,3034120192.0000
2026-08-05 10:04:00,7407.793,7410.951,7403.552,7405.547,145574700,2692759552.0000
2026-08-05 10:05:00,7405.395,7409.304,7405.395,7408.732,123774500,2537848832.0000
2026-08-05 10:06:00,7408.616,7414.801,7406.499,7414.212,131948800,2593046528.0000
2026-08-05 10:07:00,7413.172,7413.172,7403.167,7403.312,137863600,2603712512.0000
2026-08-05 10:08:00,7405.664,7406.055,7394.033,7394.033,167729500,3087024128.0000
2026-08-05 10:09:00,7391.807,7395.707,7390.395,7394.837,145083400,2854993920.0000
2026-08-05 10:10:00,7397.051,7401.583,7396.420,7401.095,103713200,2204794880.0000
2026-08-05 10:11:00,7400.859,7400.953,7393.266,7394.275,136754600,2722807808.0000
2026-08-05 10:12:00,7393.694,7393.694,7387.740,7387.812,151749900,2795257856.0000
2026-08-05 10:13:00,7387.605,7389.480,7385.324,7385.324,201526000,3473588224.0000
2026-08-05 10:14:00,7384.894,7384.894,7375.095,7375.095,193986600,3757637632.0000
2026-08-05 10:15:00,7374.253,7390.731,7374.063,7390.731,174930700,3660005376.0000
2026-08-05 10:16:00,7389.269,7392.184,7379.948,7379.948,173264400,3471736832.0000
2026-08-05 10:17:00,7379.691,7379.691,7371.185,7372.707,163771300,3299885056.0000
2026-08-05 10:18:00,7372.789,7384.875,7368.929,7380.337,162988100,3233349632.0000
2026-08-05 10:19:00,7379.691,7385.317,7379.058,7383.728,130038900,2352726016.0000
2026-08-05 10:20:00,7384.294,7396.500,7384.294,7395.044,130341300,2314223616.0000
2026-08-05 10:21:00,7395.725,7395.725,7385.113,7393.056,164697300,2684846080.0000
2026-08-05 10:22:00,7393.859,7403.399,7392.375,7402.139,132790400,2258272256.0000
2026-08-05 10:23:00,7398.246,7402.449,7395.771,7402.449,129092000,2230124544.0000
2026-08-05 10:24:00,7401.487,7408.227,7401.444,7408.227,108479300,1804140544.0000
2026-08-05 10:25:00,7409.012,7414.708,7407.044,7407.044,109576400,2045427712.0000
2026-08-05 10:26:00,7407.019,7407.019,7400.180,7401.311,99752800,1808596992.0000
2026-08-05 10:27:00,7401.537,7409.257,7401.537,7402.156,102126600,1798504448.0000
2026-08-05 10:28:00,7401.192,7408.703,7401.192,7408.703,98587400,1663107072.0000
2026-08-05 10:29:00,7409.748,7415.916,7409.748,7415.916,92629600,1738932224.0000
2026-08-05 10:30:00,7416.066,7416.066,7413.347,7413.601,89349200,1622212608.0000
2026-08-05 10:31:00,7413.857,7413.857,7404.318,7404.318,105296100,1859256320.0000
2026-08-05 10:32:00,7403.732,7404.917,7401.333,7402.159,103714700,1891844096.0000
2026-08-05 10:33:00,7401.819,7408.277,7401.073,7401.295,104185800,1709686784.0000
2026-08-05 10:34:00,7401.703,7410.836,7401.703,7410.238,94569100,1670496256.0000
2026-08-05 10:35:00,7409.271,7412.742,7409.271,7411.898,92419500,1618542592.0000
2026-08-05 10:36:00,7411.645,7418.211,7407.431,7418.211,77789300,1572028416.0000
2026-08-05 10:37:00,7418.499,7422.506,7417.436,7422.217,75968300,1468858368.0000
2026-08-05 10:38:00,7421.986,7426.753,7420.439,7426.753,77731800,1447215104.0000
2026-08-05 10:39:00,7426.353,7426.353,7421.630,7423.086,78292000,1514684416.0000
2026-08-05 10:40:00,7422.779,7424.317,7419.741,7424.317,66017400,1425752064.0000
2026-08-05 10:41:00,7424.196,7428.463,7422.744,7425.097,80908800,1636630528.0000
2026-08-05 10:42:00,7425.669,7435.395,7425.669,7434.492,68233200,1474101248.0000
2026-08-05 10:43:00,7434.629,7439.924,7434.629,7438.788,71949500,1480982528.0000
2026-08-05 10:44:00,7438.755,7439.637,7435.789,7439.439,70577500,1478557696.0000
2026-08-05 10:45:00,7439.448,7440.332,7437.210,7437.789,65194100,1362722816.0000
2026-08-05 10:46:00,7437.252,7443.348,7435.898,7443.348,69036300,1498906624.0000
2026-08-05 10:47:00,7443.106,7445.358,7441.907,7444.761,80947600,1622949888.0000
2026-08-05 10:48:00,7445.238,7445.834,7442.771,7444.267,78953100,1685684224.0000
2026-08-05 10:49:00,7444.338,7447.885,7444.338,7447.885,85678200,1725710336.0000
2026-08-05 10:50:00,7448.435,7455.247,7448.435,7455.247,84037200,1842741248.0000
2026-08-05 10:51:00,7455.474,7455.474,7450.923,7450.998,87502200,1971650560.0000
2026-08-05 10:52:00,7451.543,7453.533,7450.085,7451.029,73633300,1456340992.0000
2026-08-05 10:53:00,7450.896,7450.899,7448.759,7448.759,74504900,1390051328.0000
2026-08-05 10:54:00,7448.591,7448.591,7443.524,7443.734,74361800,1512636416.0000
2026-08-05 10:55:00,7444.114,7449.537,7443.524,7449.537,65988400,1315995648.0000
2026-08-05 10:56:00,7449.659,7451.350,7446.975,7448.620,60139900,1241874432.0000
2026-08-05 10:57:00,7447.908,7448.633,7444.911,7444.911,55660300,1155039232.0000
2026-08-05 10:58:00,7444.474,7446.837,7443.778,7446.784,52932200,1158414336.0000
2026-08-05 10:59:00,7448.598,7450.092,7448.099,7448.878,50914400,974684160.0000
2026-08-05 11:00:00,7449.009,7449.009,7445.436,7447.141,52858400,1028751360.0000
2026-08-05 11:01:00,7447.676,7458.916,7447.676,7458.916,67283400,1362034688.0000
2026-08-05 11:02:00,7459.197,7459.505,7456.001,7459.410,67572600,1504575488.0000
2026-08-05 11:03:00,7459.654,7459.654,7453.698,7458.087,59907300,1303904256.0000
2026-08-05 11:04:00,7458.171,7461.000,7457.887,7461.000,60721800,1306787840.0000
2026-08-05 11:05:00,7459.645,7462.640,7458.238,7461.253,57897600,1288994816.0000
2026-08-05 11:06:00,7460.906,7460.906,7454.538,7455.121,73930200,1401323520.0000
2026-08-05 11:07:00,7454.823,7458.848,7454.742,7454.854,64797700,1241088000.0000
2026-08-05 11:08:00,7455.398,7463.954,7455.398,7463.954,61433700,1157234688.0000
2026-08-05 11:09:00,7463.757,7467.165,7463.757,7466.753,61081300,1263730688.0000
2026-08-05 11:10:00,7464.821,7467.919,7464.335,7467.681,63605600,1136820224.0000
2026-08-05 11:11:00,7467.585,7469.191,7467.256,7469.076,62500700,1167687680.0000
2026-08-05 11:12:00,7469.468,7475.635,7468.069,7474.986,69537300,1244594176.0000
2026-08-05 11:13:00,7474.945,7475.171,7472.469,7472.842,59699400,1220542464.0000
2026-08-05 11:14:00,7473.036,7476.252,7473.027,7475.462,58566300,1107755008.0000
2026-08-05 11:15:00,7475.236,7480.102,7475.236,7480.102,62120800,1284669440.0000
2026-08-05 11:16:00,7480.542,7482.498,7480.243,7482.498,64943500,1356693504.0000
2026-08-05 11:17:00,7482.826,7487.401,7482.826,7486.920,76465700,1664942080.0000
2026-08-05 11:18:00,7487.220,7492.084,7487.220,7490.505,74721700,1550221312.0000
2026-08-05 11:19:00,7490.565,7496.011,7490.565,7495.803,66920500,1447821312.0000
2026-08-05 11:20:00,7495.917,7496.509,7486.533,7486.767,72803100,1560248320.0000
2026-08-05 11:21:00,7486.666,7486.666,7482.537,7485.304,61474800,1301282816.0000
2026-08-05 11:22:00,7485.167,7488.413,7483.832,7487.712,46911300,958529536.0000
2026-08-05 11:23:00,7487.226,7490.837,7486.670,7490.660,52989900,1040941056.0000
2026-08-05 11:24:00,7488.771,7495.029,7488.366,7494.888,54683100,1207926784.0000
2026-08-05 11:25:00,7495.059,7498.377,7494.581,7497.932,57840700,1243611136.0000
2026-08-05 11:26:00,7497.269,7498.901,7496.426,7498.569,62065800,1241350144.0000
2026-08-05 11:27:00,7498.839,7498.839,7494.334,7496.775,55170600,1129775104.0000
2026-08-05 11:28:00,7497.063,7497.301,7496.113,7496.720,46173900,899252224.0000
2026-08-05 11:29:00,7497.868,7498.653,7497.827,7497.827,53470300,1105330176.0000
2026-08-05 11:30:00,7497.590,7498.869,7495.606,7495.606,55635200,1088126976.0000
2026-08-05 13:01:00,7497.182,7499.128,7494.055,7494.055,263571700,4983652352.0000
2026-08-05 13:02:00,7493.922,7496.974,7491.764,7494.872,108867100,2179760128.0000
2026-08-05 13:03:00,7492.986,7493.337,7488.000,7492.284,98066000,1950646272.0000
2026-08-05 13:04:00,7492.663,7496.069,7490.751,7492.395,80638800,1643380736.0000
2026-08-05 13:05:00,7492.925,7496.940,7492.925,7495.746,78971300,1636335616.0000
2026-08-05 13:06:00,7495.769,7496.191,7484.738,7484.738,92650700,1889468416.0000
2026-08-05 13:07:00,7483.660,7483.660,7480.817,7482.002,101109800,1741815808.0000
2026-08-05 13:08:00,7485.111,7491.979,7484.543,7486.114,103147800,1927315456.0000
2026-08-05 13:09:00,7486.368,7490.763,7485.224,7490.562,68112800,1303773184.0000
2026-08-05 13:10:00,7488.946,7494.115,7488.359,7492.928,80280300,1447985152.0000
2026-08-05 13:11:00,7488.588,7492.433,7486.554,7492.433,71075500,1434648576.0000
2026-08-05 13:12:00,7492.577,7502.615,7491.573,7502.615,73199600,1483243520.0000
2026-08-05 13:13:00,7503.018,7508.498,7503.018,7508.498,84171200,1568669696.0000
2026-08-05 13:14:00,7508.617,7511.373,7508.617,7508.895,71935200,1612021760.0000
2026-08-05 13:15:00,7508.345,7508.470,7503.847,7504.481,72555500,1563918336.0000
2026-08-05 13:16:00,7503.995,7503.995,7499.834,7501.211,71283200,1444380672.0000
2026-08-05 13:17:00,7502.187,7511.042,7501.568,7511.042,70641700,1263009792.0000
2026-08-05 13:18:00,7511.818,7514.565,7511.818,7513.121,75073000,1545797632.0000
2026-08-05 13:19:00,7512.153,7514.077,7511.470,7514.077,63521800,1276313600.0000
2026-08-05 13:20:00,7514.323,7514.742,7508.657,7512.443,72598600,1303707648.0000
2026-08-05 13:21:00,7512.582,7517.071,7511.212,7516.257,71380700,1409056768.0000
2026-08-05 13:22:00,7515.767,7522.217,7515.767,7521.192,78592800,2113765376.0000
2026-08-05 13:23:00,7521.868,7523.498,7518.140,7521.896,74326200,1548845056.0000
2026-08-05 13:24:00,7522.327,7522.327,7515.063,7518.536,84378400,1565556736.0000
2026-08-05 13:25:00,7518.849,7518.849,7516.035,7518.053,69669300,1272643584.0000
2026-08-05 13:26:00,7518.213,7520.610,7515.877,7520.283,66957700,1349779456.0000
2026-08-05 13:27:00,7520.637,7523.047,7517.624,7517.624,77355000,1435369472.0000
2026-08-05 13:28:00,7517.953,7518.580,7511.930,7512.390,87377400,1527185408.0000
2026-08-05 13:29:00,7513.013,7514.524,7507.375,7507.969,98497000,1610579968.0000
2026-08-05 13:30:00,7508.198,7509.002,7507.926,7508.338,82171700,1280180224.0000
2026-08-05 13:31:00,7508.463,7512.317,7508.187,7508.187,77914800,1487568896.0000
2026-08-05 13:32:00,7508.248,7517.542,7508.248,7517.448,75551500,1271529472.0000
2026-08-05 13:33:00,7517.533,7518.176,7514.880,7517.642,85936200,1529610240.0000
2026-08-05 13:34:00,7517.753,7517.753,7515.444,7516.903,55644400,971800576.0000
2026-08-05 13:35:00,7517.185,7517.185,7511.006,7511.046,68126600,1227915264.0000
2026-08-05 13:36:00,7511.616,7511.654,7503.862,7503.885,90406600,1585610752.0000
2026-08-05 13:37:00,7503.170,7505.655,7500.653,7505.655,77433100,1447428096.0000
2026-08-05 13:38:00,7504.848,7504.848,7494.510,7494.510,85211600,1492582400.0000
2026-08-05 13:39:00,7496.740,7497.761,7488.781,7488.781,140426900,2016509952.0000
2026-08-05 13:40:00,7488.736,7497.138,7488.736,7497.138,89738900,1764229120.0000
2026-08-05 13:41:00,7497.948,7502.353,7495.631,7496.012,86167800,1745846272.0000
2026-08-05 13:42:00,7494.959,7495.200,7489.439,7489.809,77104700,1338605568.0000
2026-08-05 13:43:00,7489.469,7492.554,7489.307,7492.554,66811900,1299841024.0000
2026-08-05 13:44:00,7492.980,7501.531,7492.980,7501.531,70477800,1314127872.0000
2026-08-05 13:45:00,7501.505,7504.491,7501.505,7503.677,76084200,1464762368.0000
2026-08-05 13:46:00,7503.480,7508.882,7503.480,7508.323,84555900,1358692352.0000
2026-08-05 13:47:00,7508.753,7513.332,7508.753,7510.859,62755400,1241579520.0000
2026-08-05 13:48:00,7510.575,7511.890,7505.624,7505.624,60900900,1177845760.0000
2026-08-05 13:49:00,7505.079,7507.837,7504.728,7506.988,60293500,1081704448.0000
2026-08-05 13:50:00,7505.769,7505.769,7503.978,7505.230,58172400,991952896.0000
2026-08-05 13:51:00,7506.245,7511.757,7505.421,7511.757,56742400,1017085952.0000
2026-08-05 13:52:00,7512.126,7515.141,7512.126,7512.702,63081500,1022558208.0000
2026-08-05 13:53:00,7511.969,7512.276,7506.651,7506.651,57281400,1042776064.0000
2026-08-05 13:54:00,7506.034,7507.682,7504.962,7507.417,52790800,990806016.0000
2026-08-05 13:55:00,7506.885,7508.322,7504.451,7508.322,48239200,892108800.0000
2026-08-05 13:56:00,7508.321,7508.425,7504.303,7504.475,52086200,930217984.0000
2026-08-05 13:57:00,7504.794,7504.794,7499.556,7499.556,55053200,968032256.0000
2026-08-05 13:58:00,7499.376,7500.978,7498.370,7500.453,53090300,915603456.0000
2026-08-05 13:59:00,7500.557,7503.753,7500.557,7503.567,59141600,909475840.0000
2026-08-05 14:00:00,7502.939,7503.176,7500.670,7500.784,54337600,900366336.0000
2026-08-05 14:01:00,7500.630,7500.630,7496.778,7499.991,86944000,1411743744.0000
2026-08-05 14:02:00,7500.147,7500.147,7491.652,7491.748,104486000,1469087744.0000
2026-08-05 14:03:00,7491.584,7493.199,7484.142,7484.167,123215600,1785495552.0000
2026-08-05 14:04:00,7483.956,7485.321,7479.152,7480.097,144955700,2020835328.0000
2026-08-05 14:05:00,7481.393,7483.465,7480.599,7483.226,85628100,1399717888.0000
2026-08-05 14:06:00,7483.047,7483.047,7472.600,7472.600,106737000,1584529408.0000
2026-08-05 14:07:00,7472.150,7473.562,7468.369,7468.369,165112000,2608103424.0000
2026-08-05 14:08:00,7468.012,7468.012,7464.595,7466.086,115362500,1956708352.0000
2026-08-05 14:09:00,7465.862,7465.862,7462.728,7463.448,93571700,1671495680.0000
2026-08-05 14:10:00,7463.070,7475.998,7463.070,7475.998,99275700,1781399552.0000
2026-08-05 14:11:00,7476.306,7478.309,7474.079,7474.079,74769500,1266843648.0000
2026-08-05 14:12:00,7474.225,7474.247,7470.951,7470.967,57046100,1024753664.0000
2026-08-05 14:13:00,7470.748,7470.809,7468.307,7469.700,60726700,1104510976.0000
2026-08-05 14:14:00,7469.373,7469.373,7466.715,7466.828,55934300,1094057984.0000
2026-08-05 14:15:00,7466.700,7466.700,7462.993,7462.993,71106600,1314750464.0000
2026-08-05 14:16:00,7464.072,7465.431,7462.655,7465.431,72503200,1424949248.0000
2026-08-05 14:17:00,7464.950,7464.950,7458.768,7458.768,73950800,1329233920.0000
2026-08-05 14:18:00,7458.376,7458.376,7453.298,7455.711,89885900,1760133120.0000
2026-08-05 14:19:00,7455.113,7455.620,7446.572,7449.862,98438300,2005762048.0000
2026-08-05 14:20:00,7448.899,7448.899,7443.133,7446.181,99165000,2088894464.0000
2026-08-05 14:21:00,7448.216,7456.151,7447.226,7455.169,104587100,2131525632.0000
2026-08-05 14:22:00,7455.244,7455.244,7452.782,7452.782,60405200,1195704320.0000
2026-08-05 14:23:00,7452.599,7452.657,7444.457,7444.457,69881500,1378582528.0000
2026-08-05 14:24:00,7444.484,7444.484,7442.448,7444.183,74651900,1490092032.0000
2026-08-05 14:25:00,7444.306,7452.034,7444.306,7452.034,73999000,1369538560.0000
2026-08-05 14:26:00,7452.350,7460.202,7452.350,7460.202,80528600,1372782592.0000
2026-08-05 14:27:00,7460.341,7462.513,7460.341,7462.508,67383100,1260584960.0000
2026-08-05 14:28:00,7462.865,7464.875,7462.749,7463.438,57146200,1055719424.0000
2026-08-05 14:29:00,7462.645,7465.175,7461.507,7464.936,63905700,1098219520.0000
2026-08-05 14:30:00,7465.297,7467.074,7464.927,7467.074,58762200,1008074752.0000
2026-08-05 14:31:00,7467.194,7469.608,7466.370,7466.370,89940700,1437827072.0000
2026-08-05 14:32:00,7465.565,7467.450,7463.493,7467.360,84383900,1417838592.0000
2026-08-05 14:33:00,7467.568,7467.616,7465.092,7466.804,73656100,1234403328.0000
2026-08-05 14:34:00,7466.953,7472.881,7466.953,7472.881,81025600,1303871488.0000
2026-08-05 14:35:00,7472.833,7473.241,7471.966,7472.931,81881600,1165066240.0000
2026-08-05 14:36:00,7472.766,7475.340,7472.766,7473.669,78405500,1245773824.0000
2026-08-05 14:37:00,7473.667,7476.333,7473.667,7476.333,82973300,1220673536.0000
2026-08-05 14:38:00,7476.127,7476.128,7473.409,7474.277,70206900,1264222208.0000
2026-08-05 14:39:00,7473.935,7473.935,7469.748,7469.748,85006200,1531871232.0000
2026-08-05 14:40:00,7469.475,7471.894,7469.475,7470.917,81981700,1505624064.0000
2026-08-05 14:41:00,7470.982,7470.982,7469.231,7469.327,82663400,1501298688.0000
2026-08-05 14:42:00,7469.596,7470.776,7469.360,7469.925,74807000,1320648704.0000
2026-08-05 14:43:00,7469.994,7474.951,7469.994,7474.842,80548100,1371111424.0000
2026-08-05 14:44:00,7475.017,7475.017,7472.008,7472.008,78159100,1342570496.0000
2026-08-05 14:45:00,7472.535,7475.424,7472.535,7475.131,82568700,1363705856.0000
2026-08-05 14:46:00,7475.174,7478.066,7475.174,7478.066,93785400,1595408384.0000
2026-08-05 14:47:00,7478.401,7481.401,7478.401,7480.440,96493400,1632862208.0000
2026-08-05 14:48:00,7480.500,7481.682,7478.163,7481.682,98900900,1749221376.0000
2026-08-05 14:49:00,7481.163,7483.453,7481.082,7483.237,95964900,1627160576.0000
2026-08-05 14:50:00,7483.477,7484.438,7481.730,7484.438,115448200,1819049984.0000
2026-08-05 14:51:00,7484.476,7485.070,7482.419,7483.931,139362000,2320957440.0000
2026-08-05 14:52:00,7483.972,7485.746,7483.921,7485.559,118581400,1945272320.0000
2026-08-05 14:53:00,7485.808,7486.134,7484.574,7486.096,132487100,2096332800.0000
2026-08-05 14:54:00,7486.094,7487.320,7484.986,7487.320,141307300,2377678848.0000
2026-08-05 14:55:00,7486.983,7488.438,7486.479,7487.285,169056400,2634809344.0000
2026-08-05 14:56:00,7487.676,7490.610,7487.676,7490.610,186837500,2925133824.0000
2026-08-05 14:57:00,7490.807,7493.536,7490.111,7493.193,222571200,3550511104.0000
2026-08-05 14:58:00,7494.002,7494.240,7494.002,7494.240,12092000,192544768.0000
2026-08-05 15:00:00,7493.234,7493.234,7493.048,7493.048,306292300,4970577920.0000
2026-08-06 09:31:00,7440.008,7446.517,7440.008,7445.175,1035394600,22649192448.0000
2026-08-06 09:32:00,7446.036,7460.723,7446.036,7456.593,654662800,13308207104.0000
2026-08-06 09:33:00,7456.268,7460.016,7451.692,7460.016,506149300,10879275008.0000
2026-08-06 09:34:00,7459.968,7459.968,7442.788,7444.434,428989500,9040531456.0000
2026-08-06 09:35:00,7442.894,7447.043,7434.494,7445.936,393887600,8211509248.0000
2026-08-06 09:36:00,7446.525,7455.116,7445.992,7455.116,372266200,7486902272.0000
2026-08-06 09:37:00,7455.486,7483.951,7455.486,7483.250,383614400,7142440960.0000
2026-08-06 09:38:00,7480.981,7489.230,7480.202,7486.767,398191200,7545946112.0000
2026-08-06 09:39:00,7488.207,7488.207,7472.344,7472.344,341799700,6483124224.0000
2026-08-06 09:40:00,7473.195,7486.866,7473.195,7486.866,319008100,5822955520.0000
2026-08-06 09:41:00,7487.192,7489.974,7480.931,7480.963,304407200,5501206528.0000
2026-08-06 09:42:00,7480.834,7494.059,7479.697,7494.059,258835200,5082144768.0000
2026-08-06 09:43:00,7495.616,7502.375,7492.228,7502.375,265257500,5098012672.0000
2026-08-06 09:44:00,7501.489,7505.050,7498.130,7505.050,247480400,4753268736.0000
2026-08-06 09:45:00,7505.527,7505.527,7495.032,7498.592,251522700,4823924736.0000
2026-08-06 09:46:00,7498.579,7507.858,7498.579,7506.697,217080000,4086759424.0000
2026-08-06 09:47:00,7507.808,7507.808,7496.345,7496.345,264588900,4736466944.0000
2026-08-06 09:48:00,7495.947,7506.355,7495.947,7503.335,204605700,3964911616.0000
2026-08-06 09:49:00,7504.470,7508.309,7503.562,7503.856,244796500,4380401664.0000
2026-08-06 09:50:00,7504.420,7506.881,7502.255,7502.711,213822600,3810508800.0000
2026-08-06 09:51:00,7502.779,7504.447,7497.937,7501.029,243167800,4114169856.0000
2026-08-06 09:52:00,7501.353,7504.609,7498.278,7504.609,207467100,3792388096.0000
2026-08-06 09:53:00,7504.747,7506.430,7498.813,7498.813,225312800,3891200000.0000
2026-08-06 09:54:00,7498.501,7498.501,7481.982,7484.970,298563900,4548329472.0000
2026-08-06 09:55:00,7484.445,7490.158,7481.327,7490.029,202815700,3452796928.0000
2026-08-06 09:56:00,7489.286,7504.452,7487.357,7501.599,209691000,3866361856.0000
2026-08-06 09:57:00,7502.023,7515.451,7502.023,7514.793,171287800,3405332480.0000
2026-08-06 09:58:00,7514.637,7514.932,7506.961,7506.961,201656600,3621683200.0000
2026-08-06 09:59:00,7507.582,7515.221,7507.582,7515.221,138116100,2632286208.0000
2026-08-06 10:00:00,7516.263,7526.600,7516.263,7526.600,154473800,3093790720.0000
2026-08-06 10:01:00,7526.426,7526.495,7521.616,7521.902,179809300,3512926208.0000
2026-08-06 10:02:00,7522.382,7522.382,7515.727,7516.495,148806500,2948415488.0000
2026-08-06 10:03:00,7517.147,7523.682,7517.147,7522.374,150289300,3091939328.0000
2026-08-06 10:04:00,7522.359,7524.101,7518.767,7518.767,154245400,3036577792.0000
2026-08-06 10:05:00,7519.693,7520.168,7512.708,7514.070,157459600,3177660416.0000
2026-08-06 10:06:00,7513.835,7517.983,7512.373,7517.421,127323400,2560901120.0000
2026-08-06 10:07:00,7518.458,7519.623,7513.680,7516.464,134349900,2604908544.0000
2026-08-06 10:08:00,7516.588,7531.492,7515.407,7527.718,132956500,2629844992.0000
2026-08-06 10:09:00,7528.604,7530.838,7526.426,7530.838,120834400,2434629632.0000
2026-08-06 10:10:00,7531.522,7540.589,7531.358,7539.855,119852600,2290630656.0000
2026-08-06 10:11:00,7539.911,7543.705,7537.188,7543.693,141243600,2756378624.0000
2026-08-06 10:12:00,7543.243,7543.243,7535.797,7537.417,129062100,2617016320.0000
2026-08-06 10:13:00,7537.682,7541.289,7536.834,7540.604,103916600,2001125376.0000
2026-08-06 10:14:00,7540.316,7548.930,7540.316,7548.376,116348200,2373124096.0000
2026-08-06 10:15:00,7549.479,7552.057,7548.868,7549.500,119387000,2536292352.0000
2026-08-06 10:16:00,7548.874,7550.456,7541.840,7541.840,161410900,2870050816.0000
2026-08-06 10:17:00,7541.860,7544.156,7537.572,7543.877,154794000,2614820864.0000
2026-08-06 10:18:00,7544.131,7548.292,7544.032,7545.145,111784700,2276229120.0000
2026-08-06 10:19:00,7545.426,7548.220,7542.813,7548.220,114702600,2131181568.0000
2026-08-06 10:20:00,7548.635,7550.827,7545.591,7549.657,119746800,2177220608.0000
2026-08-06 10:21:00,7549.677,7549.761,7543.163,7543.476,120837500,2285633536.0000
2026-08-06 10:22:00,7544.675,7554.474,7544.675,7554.474,116127400,2199666688.0000
2026-08-06 10:23:00,7554.868,7555.764,7548.456,7548.456,143237900,2630090752.0000
2026-08-06 10:24:00,7549.474,7551.514,7544.462,7548.951,126153400,2460270592.0000
2026-08-06 10:25:00,7548.953,7549.661,7546.164,7547.504,103762900,2064072704.0000
2026-08-06 10:26:00,7547.876,7551.086,7547.835,7549.886,108546900,1971617792.0000
2026-08-06 10:27:00,7549.688,7554.763,7549.444,7550.417,122958200,2347433984.0000
2026-08-06 10:28:00,7551.068,7555.467,7551.068,7555.108,167269700,2455142400.0000
2026-08-06 10:29:00,7555.821,7561.645,7555.821,7557.268,145174500,2696396800.0000
2026-08-06 10:30:00,7556.171,7558.136,7554.644,7556.830,130731200,2370043904.0000
2026-08-06 10:31:00,7555.898,7564.692,7553.544,7562.253,153708800,2771566592.0000
2026-08-06 10:32:00,7562.958,7564.229,7560.051,7562.529,118870100,2233516032.0000
2026-08-06 10:33:00,7563.521,7564.420,7554.099,7554.099,127125200,2284257280.0000
2026-08-06 10:34:00,7554.346,7554.724,7547.896,7548.392,126903500,2338897920.0000
2026-08-06 10:35:00,7548.136,7549.634,7541.809,7542.662,132035200,2411806720.0000
2026-08-06 10:36:00,7543.679,7544.438,7536.575,7538.963,120358300,2319810560.0000
2026-08-06 10:37:00,7538.946,7539.617,7534.644,7535.122,110454300,2112389120.0000
2026-08-06 10:38:00,7535.280,7547.826,7535.280,7547.826,105423900,2102525952.0000
2026-08-06 10:39:00,7547.703,7547.703,7541.697,7541.697,86578900,1619558400.0000
2026-08-06 10:40:00,7541.286,7541.286,7526.040,7526.979,136287600,2306670592.0000
2026-08-06 10:41:00,7527.245,7533.409,7526.568,7533.092,133922100,2219245568.0000
2026-08-06 10:42:00,7534.499,7542.163,7534.499,7542.163,97858600,1892646912.0000
2026-08-06 10:43:00,7543.106,7550.128,7543.106,7550.128,95431600,1918631936.0000
2026-08-06 10:44:00,7550.070,7551.340,7544.812,7547.060,120589500,2044231680.0000
2026-08-06 10:45:00,7546.486,7550.200,7546.288,7550.200,94790600,1693057024.0000
2026-08-06 10:46:00,7550.990,7550.990,7543.923,7543.923,107125500,1976172544.0000
2026-08-06 10:47:00,7543.789,7543.789,7535.953,7536.844,114026900,1984856064.0000
2026-08-06 10:48:00,7535.272,7542.719,7534.252,7541.591,101783400,1773928448.0000
2026-08-06 10:49:00,7541.699,7547.862,7541.042,7546.875,105567100,2066317312.0000
2026-08-06 10:50:00,7547.087,7547.369,7543.300,7544.072,118054400,2079817728.0000
2026-08-06 10:51:00,7545.231,7552.163,7545.231,7552.163,106656300,2106884096.0000
2026-08-06 10:52:00,7552.580,7553.223,7545.162,7550.803,104588300,2029027328.0000
2026-08-06 10:53:00,7551.541,7552.693,7546.636,7548.854,97467400,1841659904.0000
2026-08-06 10:54:00,7548.549,7550.854,7546.241,7550.854,90526200,1615265792.0000
2026-08-06 10:55:00,7550.303,7553.460,7550.303,7553.460,89170600,1787854848.0000
2026-08-06 10:56:00,7552.826,7552.826,7543.676,7543.676,101738000,2133753856.0000
2026-08-06 10:57:00,7543.587,7550.369,7543.074,7549.066,90470700,1823801344.0000
2026-08-06 10:58:00,7548.987,7548.987,7539.689,7540.052,74760900,1509457920.0000
2026-08-06 10:59:00,7540.280,7542.747,7539.905,7542.435,79686800,1490124800.0000
2026-08-06 11:00:00,7543.584,7543.584,7534.772,7534.772,78034800,1462370304.0000
2026-08-06 11:01:00,7533.922,7533.922,7522.726,7524.124,113654000,2049409024.0000
2026-08-06 11:02:00,7525.820,7527.539,7520.577,7527.283,107925400,2116091904.0000
2026-08-06 11:03:00,7522.806,7529.730,7522.806,7525.869,86873400,1643839488.0000
2026-08-06 11:04:00,7525.708,7538.083,7525.708,7532.708,84027500,1777074176.0000
2026-08-06 11:05:00,7532.810,7533.537,7529.642,7529.842,57473400,1236992000.0000
2026-08-06 11:06:00,7529.163,7533.145,7529.163,7531.729,71018800,1424752640.0000
2026-08-06 11:07:00,7531.181,7531.181,7518.961,7518.961,78873100,1621295104.0000
2026-08-06 11:08:00,7517.658,7517.658,7509.455,7509.551,110112900,2213773312.0000
2026-08-06 11:09:00,7509.744,7513.230,7507.537,7512.287,124954400,2329378816.0000
2026-08-06 11:10:00,7512.137,7519.300,7511.222,7513.250,127740300,2296741888.0000
2026-08-06 11:11:00,7513.483,7523.112,7513.483,7518.232,77262800,1672445952.0000
2026-08-06 11:12:00,7518.245,7524.693,7518.081,7524.032,61521500,1230209024.0000
2026-08-06 11:13:00,7523.773,7525.521,7519.244,7519.388,68849200,1196359680.0000
2026-08-06 11:14:00,7519.304,7519.974,7513.384,7519.420,55676100,1222934528.0000
2026-08-06 11:15:00,7519.165,7519.165,7505.247,7505.247,73118400,1479475200.0000
2026-08-06 11:16:00,7504.684,7507.373,7504.425,7506.586,83960500,1839792128.0000
2026-08-06 11:17:00,7506.362,7508.461,7496.760,7496.760,92723100,1621327872.0000
2026-08-06 11:18:00,7495.955,7495.955,7485.760,7485.760,125406600,3027697664.0000
2026-08-06 11:19:00,7485.139,7491.657,7485.139,7489.915,115933100,2762866688.0000
2026-08-06 11:20:00,7489.935,7489.963,7481.962,7481.962,86182500,1645772800.0000
2026-08-06 11:21:00,7481.508,7485.089,7480.700,7483.060,92282500,1871839232.0000
2026-08-06 11:22:00,7482.984,7491.408,7482.825,7490.674,78385800,1541603328.0000
2026-08-06 11:23:00,7490.620,7492.015,7486.553,7492.015,68674800,1353777152.0000
2026-08-06 11:24:00,7491.771,7491.771,7479.916,7479.916,70570100,1392082944.0000
2026-08-06 11:25:00,7479.721,7479.721,7471.491,7473.388,98520900,1968766976.0000
2026-08-06 11:26:00,7473.053,7476.400,7470.557,7470.557,84328100,1714880512.0000
2026-08-06 11:27:00,7470.211,7471.884,7465.543,7466.193,79344400,1541406720.0000
2026-08-06 11:28:00,7466.318,7476.073,7464.717,7473.999,103696200,1900118016.0000
2026-08-06 11:29:00,7473.689,7484.383,7473.338,7484.383,80024600,1357086720.0000
2026-08-06 11:30:00,7484.480,7492.800,7484.439,7492.800,62375800,1251704832.0000
2026-08-06 13:01:00,7494.395,7501.440,7490.363,7501.440,175462700,3435102208.0000
2026-08-06 13:02:00,7501.794,7502.576,7497.842,7502.576,74145100,1599504384.0000
2026-08-06 13:03:00,7503.786,7510.014,7503.786,7508.000,73625400,1610252288.0000
2026-08-06 13:04:00,7508.508,7512.055,7507.677,7508.376,57450300,1335230464.0000
2026-08-06 13:05:00,7508.191,7508.191,7501.899,7504.502,64405600,1472004096.0000
2026-08-06 13:06:00,7504.930,7508.312,7504.015,7507.953,53894400,1311211520.0000
2026-08-06 13:07:00,7508.132,7525.789,7508.132,7525.789,69203700,1501102080.0000
2026-08-06 13:08:00,7525.537,7525.537,7512.357,7512.887,59520100,1315438592.0000
2026-08-06 13:09:00,7512.191,7512.191,7506.009,7508.815,52818900,1111359488.0000
2026-08-06 13:10:00,7508.909,7508.909,7503.350,7505.254,51657100,1072955392.0000
2026-08-06 13:11:00,7505.285,7505.285,7492.713,7492.713,68946600,1304166400.0000
2026-08-06 13:12:00,7492.284,7494.596,7482.332,7482.332,109614800,1717698560.0000
2026-08-06 13:13:00,7483.584,7489.892,7483.584,7485.458,84509300,1555464192.0000
2026-08-06 13:14:00,7485.496,7487.314,7484.272,7485.591,61750200,1142194176.0000
2026-08-06 13:15:00,7485.861,7492.751,7484.531,7492.240,58166700,1113325568.0000
2026-08-06 13:16:00,7491.343,7496.745,7491.343,7496.601,53791500,1066401792.0000
2026-08-06 13:17:00,7496.363,7501.760,7496.363,7499.623,57748900,1193181184.0000
2026-08-06 13:18:00,7499.386,7500.443,7491.219,7491.219,51387900,1167294464.0000
2026-08-06 13:19:00,7490.894,7490.894,7483.391,7483.391,63422800,1186791424.0000
2026-08-06 13:20:00,7483.318,7483.318,7474.132,7474.132,87365500,1516994560.0000
2026-08-06 13:21:00,7474.724,7484.329,7474.724,7483.563,72473200,1359904768.0000
2026-08-06 13:22:00,7483.110,7483.110,7479.542,7482.985,58281000,1037336576.0000
2026-08-06 13:23:00,7482.414,7482.546,7478.170,7478.236,49074100,980451328.0000
2026-08-06 13:24:00,7478.256,7485.033,7477.131,7480.749,57147200,1051033600.0000
2026-08-06 13:25:00,7480.282,7480.282,7474.757,7474.757,63677000,1131708416.0000
2026-08-06 13:26:00,7474.698,7475.048,7471.100,7471.100,59909000,1212645376.0000
2026-08-06 13:27:00,7471.084,7472.727,7470.559,7472.348,65664600,1098842112.0000
2026-08-06 13:28:00,7472.050,7473.045,7467.021,7467.021,83323500,1380253696.0000
2026-08-06 13:29:00,7466.254,7466.972,7460.945,7462.121,96149800,1553072128.0000
2026-08-06 13:30:00,7461.584,7466.488,7460.279,7460.279,82362400,1422163968.0000
2026-08-06 13:31:00,7460.020,7469.318,7459.560,7468.326,77425900,1462206464.0000
2026-08-06 13:32:00,7468.320,7476.947,7467.685,7476.385,74439900,1307672576.0000
2026-08-06 13:33:00,7476.001,7476.461,7464.963,7465.203,64605900,1235025920.0000
2026-08-06 13:34:00,7465.025,7465.122,7458.150,7460.537,77682200,1307967488.0000
2026-08-06 13:35:00,7459.740,7466.870,7459.122,7466.495,69646500,1231716352.0000
2026-08-06 13:36:00,7465.962,7466.385,7458.918,7458.989,58819200,1091469312.0000
2026-08-06 13:37:00,7458.701,7461.070,7455.502,7456.274,62935200,1269071872.0000
2026-08-06 13:38:00,7455.766,7455.766,7448.916,7450.421,72238600,1515552768.0000
2026-08-06 13:39:00,7450.119,7458.703,7450.119,7455.665,79315700,1491337216.0000
2026-08-06 13:40:00,7455.348,7456.271,7451.232,7451.232,50021700,1013022720.0000
2026-08-06 13:41:00,7450.669,7451.452,7444.638,7445.958,72690000,1452802048.0000
2026-08-06 13:42:00,7446.260,7450.823,7446.260,7448.791,70784600,1364688896.0000
2026-08-06 13:43:00,7448.504,7458.034,7447.325,7458.034,67975000,1206222848.0000
2026-08-06 13:44:00,7458.075,7459.888,7455.758,7459.888,50178300,930480128.0000
2026-08-06 13:45:00,7460.544,7471.948,7460.544,7471.948,70173300,1116897280.0000
2026-08-06 13:46:00,7473.062,7476.600,7472.887,7476.600,56339700,1132625920.0000
2026-08-06 13:47:00,7478.300,7487.173,7478.300,7486.953,57411600,1121353728.0000
2026-08-06 13:48:00,7486.126,7486.302,7473.273,7473.273,60672900,1281982464.0000
2026-08-06 13:49:00,7473.571,7473.571,7466.124,7470.198,49693400,967081984.0000
2026-08-06 13:50:00,7470.628,7476.011,7470.327,7473.657,44432700,806748160.0000
2026-08-06 13:51:00,7473.104,7485.596,7472.783,7485.596,75177900,992903168.0000
2026-08-06 13:52:00,7486.061,7487.543,7484.844,7485.968,78560300,1063911424.0000
2026-08-06 13:53:00,7486.486,7487.179,7481.967,7485.575,55821400,893124608.0000
2026-08-06 13:54:00,7485.907,7491.932,7485.907,7491.932,60523800,853835776.0000
2026-08-06 13:55:00,7492.492,7493.408,7488.231,7490.080,54965200,913440768.0000
2026-08-06 13:56:00,7490.149,7490.149,7484.376,7485.791,61313700,957743104.0000
2026-08-06 13:57:00,7485.997,7485.997,7476.784,7476.978,53915400,969244672.0000
2026-08-06 13:58:00,7476.800,7478.560,7476.800,7478.271,44017700,720830464.0000
2026-08-06 13:59:00,7478.420,7485.980,7478.420,7485.980,44799500,739115008.0000
2026-08-06 14:00:00,7486.480,7491.864,7486.480,7491.864,63974000,809762816.0000
2026-08-06 14:01:00,7492.129,7499.351,7492.129,7494.308,91926100,1343913984.0000
2026-08-06 14:02:00,7493.956,7493.956,7484.178,7484.178,76283300,1146880000.0000
2026-08-06 14:03:00,7483.870,7483.870,7475.942,7480.849,61922100,1150418944.0000
2026-08-06 14:04:00,7480.229,7480.229,7475.295,7475.605,45996300,847839232.0000
2026-08-06 14:05:00,7475.447,7475.447,7469.861,7469.861,57918800,1095008256.0000
2026-08-06 14:06:00,7470.737,7476.557,7470.737,7474.800,49783900,909639680.0000
2026-08-06 14:07:00,7474.735,7477.937,7473.645,7477.023,54624300,917078016.0000
2026-08-06 14:08:00,7476.448,7477.896,7475.504,7477.896,53301400,836763648.0000
2026-08-06 14:09:00,7477.669,7477.669,7472.224,7472.481,53039800,1099988992.0000
2026-08-06 14:10:00,7471.723,7471.723,7464.080,7464.080,77759200,1360396288.0000
2026-08-06 14:11:00,7464.387,7468.575,7464.387,7466.205,59419100,1083604992.0000
2026-08-06 14:12:00,7465.701,7469.930,7464.958,7469.930,62146000,1007288320.0000
2026-08-06 14:13:00,7470.206,7479.449,7470.206,7479.341,85991900,1175912448.0000
2026-08-06 14:14:00,7479.623,7479.879,7477.735,7477.735,53776900,835125248.0000
2026-08-06 14:15:00,7477.863,7483.682,7477.778,7483.682,48912800,813432832.0000
2026-08-06 14:16:00,7484.049,7484.785,7480.267,7480.267,54990100,969113600.0000
2026-08-06 14:17:00,7480.172,7480.373,7475.768,7476.116,55041100,931037184.0000
2026-08-06 14:18:00,7476.587,7477.093,7474.349,7474.439,45660500,793804800.0000
2026-08-06 14:19:00,7475.203,7480.672,7475.203,7480.672,46086100,876183552.0000
2026-08-06 14:20:00,7481.698,7486.209,7481.698,7486.209,54104900,842235904.0000
2026-08-06 14:21:00,7486.179,7492.846,7486.179,7491.806,71545500,1048313856.0000
2026-08-06 14:22:00,7492.402,7499.886,7492.402,7499.886,55217200,982319104.0000
2026-08-06 14:23:00,7500.274,7500.274,7497.099,7499.042,54333200,985071616.0000
2026-08-06 14:24:00,7499.751,7505.753,7499.692,7505.753,47577700,850132992.0000
2026-08-06 14:25:00,7505.796,7509.374,7505.796,7509.350,56198000,1004929024.0000
2026-08-06 14:26:00,7509.274,7509.274,7503.670,7504.466,60861100,1085603840.0000
2026-08-06 14:27:00,7504.417,7506.909,7502.974,7506.909,60229500,1019674624.0000
2026-08-06 14:28:00,7507.224,7510.051,7505.909,7509.675,52356200,954073088.0000
2026-08-06 14:29:00,7510.158,7510.158,7504.551,7504.551,68080600,1157988352.0000
2026-08-06 14:30:00,7504.896,7516.293,7504.868,7516.293,69660100,1194885120.0000
2026-08-06 14:31:00,7516.466,7521.215,7516.466,7520.992,81017100,1468071936.0000
2026-08-06 14:32:00,7519.728,7519.728,7512.190,7515.404,87003100,1518305280.0000
2026-08-06 14:33:00,7514.102,7519.644,7514.030,7518.938,57926900,1057488896.0000
2026-08-06 14:34:00,7518.585,7524.061,7515.549,7523.643,66754800,1325137920.0000
2026-08-06 14:35:00,7524.089,7526.727,7522.035,7526.727,73221000,1350828032.0000
2026-08-06 14:36:00,7527.780,7533.321,7527.780,7529.794,82841200,1644134400.0000
2026-08-06 14:37:00,7529.251,7529.251,7523.166,7525.328,97011700,1688764416.0000
2026-08-06 14:38:00,7525.270,7525.270,7519.778,7520.197,76103700,1389363200.0000
2026-08-06 14:39:00,7519.287,7522.705,7518.892,7521.126,76325600,1399324672.0000
2026-08-06 14:40:00,7520.803,7520.803,7514.301,7514.301,83460600,1423179776.0000
2026-08-06 14:41:00,7513.760,7515.208,7512.876,7514.228,84222400,1444675584.0000
2026-08-06 14:42:00,7514.155,7520.148,7514.155,7516.467,80210700,1436614656.0000
2026-08-06 14:43:00,7517.177,7518.795,7509.457,7511.569,105717200,1669529600.0000
2026-08-06 14:44:00,7511.324,7514.203,7511.046,7514.203,66768500,1261633536.0000
2026-08-06 14:45:00,7514.113,7518.340,7514.113,7517.530,75688100,1385398272.0000
2026-08-06 14:46:00,7517.416,7517.875,7516.119,7516.119,75636800,1527087104.0000
2026-08-06 14:47:00,7516.085,7518.347,7516.085,7518.347,73605900,1422327808.0000
2026-08-06 14:48:00,7518.565,7519.196,7517.510,7518.496,84220100,1652916224.0000
2026-08-06 14:49:00,7518.856,7519.017,7517.575,7518.326,101927800,1841594368.0000
2026-08-06 14:50:00,7518.994,7521.162,7518.114,7521.158,100819500,1878228992.0000
2026-08-06 14:51:00,7521.420,7526.024,7521.215,7524.533,140863800,2503081984.0000
2026-08-06 14:52:00,7525.275,7527.663,7524.906,7527.663,120362500,2202107904.0000
2026-08-06 14:53:00,7527.782,7530.795,7527.006,7529.897,129242500,2316599296.0000
2026-08-06 14:54:00,7529.042,7530.493,7527.106,7530.493,145827100,2572746752.0000
2026-08-06 14:55:00,7530.677,7531.402,7528.364,7530.662,154599500,2778431488.0000
2026-08-06 14:56:00,7531.745,7533.404,7530.945,7530.945,200708000,3362652160.0000
2026-08-06 14:57:00,7531.078,7533.132,7530.744,7533.132,219507600,3603988480.0000
2026-08-06 14:58:00,7533.513,7533.970,7533.513,7533.970,12400400,199131136.0000
2026-08-06 15:00:00,7532.522,7532.522,7530.425,7530.425,320469800,5230493696.0000
