day,open,high,low,close,volume,amount
2026-07-27 14:02:00,4654.875,4655.218,4651.441,4652.763,51884100,1436614656.0000
2026-07-27 14:03:00,4652.540,4654.116,4652.196,4653.494,38262900,983629824.0000
2026-07-27 14:04:00,4653.236,4654.166,4653.236,4653.317,51826200,1038123008.0000
2026-07-27 14:05:00,4653.103,4657.081,4652.471,4657.081,64864400,1561821184.0000
2026-07-27 14:06:00,4657.362,4663.008,4657.362,4662.958,94190900,1795194880.0000
2026-07-27 14:07:00,4663.404,4663.902,4662.301,4662.301,61984800,1570504704.0000
2026-07-27 14:08:00,4662.021,4662.186,4660.177,4662.186,48463900,1273921536.0000
2026-07-27 14:09:00,4662.414,4665.553,4662.414,4663.756,55588000,1478426624.0000
2026-07-27 14:10:00,4663.794,4664.555,4663.254,4664.555,51446500,1287782400.0000
2026-07-27 14:11:00,4664.796,4666.583,4663.163,4666.583,46166100,1333198848.0000
2026-07-27 14:12:00,4667.118,4667.364,4663.444,4663.819,40662100,1227685888.0000
2026-07-27 14:13:00,4663.687,4663.687,4660.516,4660.905,45382900,1139179520.0000
2026-07-27 14:14:00,4661.728,4662.059,4659.676,4661.079,80020500,1519452160.0000
2026-07-27 14:15:00,4661.028,4662.432,4660.651,4662.432,40589300,1050148864.0000
2026-07-27 14:16:00,4662.455,4662.455,4661.510,4661.851,41251600,1068498944.0000
2026-07-27 14:17:00,4661.388,4661.388,4658.998,4660.290,49446400,1184595968.0000
2026-07-27 14:18:00,4660.684,4663.930,4660.024,4663.279,56321500,1312194560.0000
2026-07-27 14:19:00,4663.149,4663.836,4663.149,4663.751,72923700,1496055808.0000
2026-07-27 14:20:00,4663.550,4665.040,4662.649,4664.866,70422900,1708195840.0000
2026-07-27 14:21:00,4665.464,4665.464,4664.375,4665.019,68257300,1664745472.0000
2026-07-27 14:22:00,4665.203,4667.358,4665.113,4667.021,79933200,1896480768.0000
2026-07-27 14:23:00,4667.367,4670.205,4667.367,4669.169,87667800,2343501824.0000
2026-07-27 14:24:00,4669.486,4669.734,4668.569,4669.311,54043100,1490092032.0000
2026-07-27 14:25:00,4669.778,4670.083,4668.312,4668.602,73887100,1611890688.0000
2026-07-27 14:26:00,4668.612,4670.423,4668.612,4670.423,56000400,1593344000.0000
2026-07-27 14:27:00,4670.610,4670.610,4667.023,4668.753,49985000,1546485760.0000
2026-07-27 14:28:00,4668.659,4669.246,4668.440,4668.844,46548700,1165197312.0000
2026-07-27 14:29:00,4668.603,4670.644,4668.603,4670.572,44941700,1302691840.0000
2026-07-27 14:30:00,4670.529,4673.373,4670.529,4673.373,71219000,1822425088.0000
2026-07-27 14:31:00,4673.394,4678.277,4673.394,4678.277,105139000,2872901632.0000
2026-07-27 14:32:00,4678.164,4679.042,4675.266,4676.215,96326200,2759294976.0000
2026-07-27 14:33:00,4675.943,4682.264,4675.943,4682.264,64816400,2165014528.0000
2026-07-27 14:34:00,4682.420,4685.388,4682.420,4685.388,72386300,2518286336.0000
2026-07-27 14:35:00,4685.666,4687.361,4685.394,4686.092,121546300,3040837632.0000
2026-07-27 14:36:00,4686.084,4686.317,4685.257,4685.608,80778400,2424274944.0000
2026-07-27 14:37:00,4685.537,4685.537,4683.039,4683.929,73536200,2522775552.0000
2026-07-27 14:38:00,4684.185,4687.858,4684.122,4687.858,63839000,2451308544.0000
2026-07-27 14:39:00,4688.896,4692.926,4688.896,4692.926,96348100,3389620224.0000
2026-07-27 14:40:00,4692.910,4692.910,4690.716,4692.851,82354200,2915434496.0000
2026-07-27 14:41:00,4692.916,4695.698,4692.633,4695.698,79372800,2743336960.0000
2026-07-27 14:42:00,4695.363,4697.841,4695.363,4697.777,107620400,3557654528.0000
2026-07-27 14:43:00,4697.637,4698.018,4694.893,4694.893,124266900,3491823616.0000
2026-07-27 14:44:00,4694.801,4694.801,4692.584,4692.801,91762000,2879586304.0000
2026-07-27 14:45:00,4692.501,4694.986,4691.822,4694.579,85974000,2855796736.0000
2026-07-27 14:46:00,4695.094,4695.094,4694.253,4694.559,93238300,2751397888.0000
2026-07-27 14:47:00,4694.251,4694.251,4693.037,4693.037,79821700,2657353728.0000
2026-07-27 14:48:00,4693.090,4693.682,4692.660,4693.682,84184200,2620784640.0000
2026-07-27 14:49:00,4694.133,4697.212,4694.133,4696.714,100024400,3637313536.0000
2026-07-27 14:50:00,4696.503,4697.567,4696.503,4697.468,105780200,2885943296.0000
2026-07-27 14:51:00,4697.550,4697.550,4696.075,4696.523,189703400,3753312256.0000
2026-07-27 14:52:00,4696.447,4697.011,4696.086,4696.376,116745000,2952921088.0000
2026-07-27 14:53:00,4696.607,4699.177,4696.598,4699.177,124373300,3445424128.0000
2026-07-27 14:54:00,4699.368,4701.109,4699.328,4701.109,113310700,3546415104.0000
2026-07-27 14:55:00,4701.135,4701.135,4700.062,4700.425,124109100,3667918848.0000
2026-07-27 14:56:00,4700.468,4701.476,4700.468,4700.905,147846600,4305977344.0000
2026-07-27 14:57:00,4701.081,4701.092,4700.601,4700.821,172798900,4726128640.0000
2026-07-27 14:58:00,4701.167,4701.444,4701.167,4701.444,8760300,280494080.0000
2026-07-27 15:00:00,4702.525,4702.525,4702.427,4702.427,281368100,7039811584.0000
2026-07-28 09:31:00,4623.799,4631.116,4621.027,4622.041,661278300,23610236928.0000
2026-07-28 09:32:00,4623.612,4637.195,4623.612,4637.195,359221300,12753985536.0000
2026-07-28 09:33:00,4637.417,4638.407,4631.745,4637.313,217473100,8643112960.0000
2026-07-28 09:34:00,4636.985,4642.335,4636.985,4641.598,186621200,7142883328.0000
2026-07-28 09:35:00,4642.017,4644.128,4641.708,4644.128,224669800,7223222272.0000
2026-07-28 09:36:00,4644.634,4645.160,4643.716,4644.935,302029200,7616667648.0000
2026-07-28 09:37:00,4645.173,4646.487,4642.320,4644.203,191226900,6609465344.0000
2026-07-28 09:38:00,4644.114,4644.344,4638.917,4641.191,202028600,6603358208.0000
2026-07-28 09:39:00,4641.021,4641.842,4637.339,4640.701,194603500,6287228928.0000
2026-07-28 09:40:00,4640.489,4642.287,4633.814,4633.814,165320200,5538168832.0000
2026-07-28 09:41:00,4633.645,4637.549,4633.266,4637.549,176116200,6226722816.0000
2026-07-28 09:42:00,4638.106,4641.342,4632.320,4632.320,170531300,5297725440.0000
2026-07-28 09:43:00,4632.335,4634.577,4631.225,4633.784,176065900,5392818176.0000
2026-07-28 09:44:00,4633.123,4639.086,4631.843,4636.055,127367200,4713259008.0000
2026-07-28 09:45:00,4636.325,4636.325,4632.201,4632.559,123502500,4100440064.0000
2026-07-28 09:46:00,4632.466,4633.769,4630.365,4633.734,167542600,5365284864.0000
2026-07-28 09:47:00,4633.372,4633.372,4627.828,4629.313,148844400,5323735040.0000
2026-07-28 09:48:00,4629.318,4633.264,4628.285,4628.285,142644500,4993138688.0000
2026-07-28 09:49:00,4628.218,4630.203,4627.378,4627.378,164811300,5844385792.0000
2026-07-28 09:50:00,4626.588,4626.962,4623.517,4625.926,248644400,6457442304.0000
2026-07-28 09:51:00,4625.780,4630.024,4625.635,4625.825,167911300,4848959488.0000
2026-07-28 09:52:00,4625.364,4625.918,4623.498,4625.918,166410700,5609390080.0000
2026-07-28 09:53:00,4625.757,4625.877,4622.288,4622.511,189429000,6240649216.0000
2026-07-28 09:54:00,4622.987,4631.902,4622.987,4630.501,142467300,4797693952.0000
2026-07-28 09:55:00,4630.571,4636.494,4630.571,4635.721,108053400,3561242624.0000
2026-07-28 09:56:00,4635.967,4637.883,4634.053,4634.409,98718900,3285041152.0000
2026-07-28 09:57:00,4634.158,4634.158,4628.549,4631.484,129502700,3969433600.0000
2026-07-28 09:58:00,4631.901,4632.535,4629.720,4631.217,86217400,3257827328.0000
2026-07-28 09:59:00,4630.194,4632.118,4628.914,4629.383,84161200,3348037632.0000
2026-07-28 10:00:00,4629.400,4629.400,4625.884,4628.963,100121400,4547821568.0000
2026-07-28 10:01:00,4628.730,4634.727,4626.847,4634.345,117128300,4378656768.0000
2026-07-28 10:02:00,4634.478,4637.374,4634.408,4637.179,101543200,3410116608.0000
2026-07-28 10:03:00,4637.093,4637.229,4634.379,4634.736,78378500,2884386816.0000
2026-07-28 10:04:00,4634.862,4639.444,4634.862,4636.483,84585700,3062415360.0000
2026-07-28 10:05:00,4636.303,4636.303,4631.081,4631.081,101875700,2831515648.0000
2026-07-28 10:06:00,4630.578,4633.140,4628.802,4629.901,102143000,3119054848.0000
2026-07-28 10:07:00,4629.841,4630.146,4627.716,4628.611,157891500,3200172032.0000
2026-07-28 10:08:00,4628.525,4629.852,4627.019,4627.803,116501000,3264462848.0000
2026-07-28 10:09:00,4628.271,4633.078,4628.208,4631.194,112395200,2563489792.0000
2026-07-28 10:10:00,4631.567,4631.567,4627.010,4627.010,90970300,2351382528.0000
2026-07-28 10:11:00,4627.301,4627.301,4624.662,4624.662,91697000,3563192320.0000
2026-07-28 10:12:00,4623.605,4623.605,4619.134,4619.134,141959400,3185000448.0000
2026-07-28 10:13:00,4619.409,4620.254,4617.016,4620.254,126273700,3466149888.0000
2026-07-28 10:14:00,4619.784,4619.918,4617.775,4619.238,88840400,2356543488.0000
2026-07-28 10:15:00,4619.001,4623.059,4619.001,4620.062,86754700,2198650880.0000
2026-07-28 10:16:00,4619.203,4619.203,4616.237,4617.151,109102300,3135340544.0000
2026-07-28 10:17:00,4617.070,4617.070,4611.577,4614.723,125160700,3675881472.0000
2026-07-28 10:18:00,4614.522,4616.730,4613.690,4613.690,105291200,2491465728.0000
2026-07-28 10:19:00,4614.488,4614.631,4611.173,4612.579,69947400,2246361088.0000
2026-07-28 10:20:00,4612.523,4614.952,4611.091,4611.091,71729800,2246819840.0000
2026-07-28 10:21:00,4611.712,4613.644,4608.901,4613.644,100719900,2575073280.0000
2026-07-28 10:22:00,4613.750,4614.380,4610.163,4610.470,65895100,1931673600.0000
2026-07-28 10:23:00,4610.460,4611.785,4609.622,4610.721,79685800,2378022912.0000
2026-07-28 10:24:00,4610.616,4610.616,4606.695,4606.695,61869300,2464006144.0000
2026-07-28 10:25:00,4606.489,4606.489,4603.290,4604.011,72248000,3125854208.0000
2026-07-28 10:26:00,4604.344,4604.344,4600.654,4601.088,86284800,3087187968.0000
2026-07-28 10:27:00,4600.633,4602.864,4598.604,4598.604,78936900,2482962432.0000
2026-07-28 10:28:00,4597.900,4598.211,4596.533,4596.533,78891100,2715566080.0000
2026-07-28 10:29:00,4596.242,4596.242,4594.488,4595.280,75806400,2896756736.0000
2026-07-28 10:30:00,4595.507,4598.852,4595.476,4598.852,79918600,2833252352.0000
2026-07-28 10:31:00,4598.774,4598.935,4595.966,4596.470,74880700,2879913984.0000
2026-07-28 10:32:00,4597.940,4600.709,4597.885,4598.945,81778000,2390425600.0000
2026-07-28 10:33:00,4598.638,4599.644,4597.392,4599.084,55647300,1809055744.0000
2026-07-28 10:34:00,4598.663,4598.663,4595.021,4595.863,68506200,2144862208.0000
2026-07-28 10:35:00,4596.088,4596.088,4593.904,4595.658,75744600,2381905920.0000
2026-07-28 10:36:00,4595.296,4595.296,4590.868,4591.253,96003000,2722856960.0000
2026-07-28 10:37:00,4591.060,4591.216,4589.000,4589.048,79537900,2910814208.0000
2026-07-28 10:38:00,4588.924,4589.475,4587.167,4587.815,74610100,2705850368.0000
2026-07-28 10:39:00,4587.931,4591.145,4587.931,4590.479,84873900,2556952576.0000
2026-07-28 10:40:00,4590.388,4590.388,4584.190,4585.838,87754600,3253567488.0000
2026-07-28 10:41:00,4587.033,4588.615,4586.528,4587.441,83563500,2794717184.0000
2026-07-28 10:42:00,4587.303,4589.089,4586.790,4587.717,76704500,2328133632.0000
2026-07-28 10:43:00,4587.474,4587.507,4585.260,4585.260,56026400,2333048832.0000
2026-07-28 10:44:00,4584.791,4585.998,4584.394,4585.998,63356200,2296840192.0000
2026-07-28 10:45:00,4586.042,4586.042,4582.032,4582.032,69427000,2635202560.0000
2026-07-28 10:46:00,4582.322,4585.114,4581.892,4583.901,73168100,2541125632.0000
2026-07-28 10:47:00,4583.549,4583.549,4578.965,4578.965,75232000,2959343616.0000
2026-07-28 10:48:00,4579.371,4579.853,4576.849,4576.849,78379200,2920316928.0000
2026-07-28 10:49:00,4576.981,4578.546,4576.595,4576.595,97012000,3046244352.0000
2026-07-28 10:50:00,4575.809,4580.268,4574.930,4579.723,87556800,2705063936.0000
2026-07-28 10:51:00,4579.981,4582.901,4579.408,4580.575,67228800,2170322944.0000
2026-07-28 10:52:00,4580.701,4581.268,4578.448,4579.148,51266600,2155315200.0000
2026-07-28 10:53:00,4579.419,4587.332,4579.419,4587.332,63304400,2207219712.0000
2026-07-28 10:54:00,4587.841,4592.579,4587.841,4591.207,71582000,2711257088.0000
2026-07-28 10:55:00,4590.968,4591.320,4584.444,4586.367,69258100,2368765952.0000
2026-07-28 10:56:00,4587.030,4589.815,4587.030,4587.047,62368200,1799028736.0000
2026-07-28 10:57:00,4586.984,4587.184,4582.114,4584.284,52151800,1729069056.0000
2026-07-28 10:58:00,4583.733,4583.733,4581.462,4581.922,43429300,1402273792.0000
2026-07-28 10:59:00,4582.061,4584.592,4581.413,4583.456,70458400,1844215808.0000
2026-07-28 11:00:00,4583.435,4583.435,4579.586,4580.185,72455000,1894350848.0000
2026-07-28 11:01:00,4580.096,4580.923,4576.929,4576.929,72455900,2015526912.0000
2026-07-28 11:02:00,4577.013,4579.573,4576.564,4576.564,63853000,1963524096.0000
2026-07-28 11:03:00,4577.177,4578.058,4576.378,4577.530,50572900,1614053376.0000
2026-07-28 11:04:00,4577.500,4577.704,4574.965,4575.607,52097400,1813184512.0000
2026-07-28 11:05:00,4575.676,4575.676,4572.694,4573.147,61203000,2009694208.0000
2026-07-28 11:06:00,4573.394,4574.031,4572.050,4573.459,51034200,1731985408.0000
2026-07-28 11:07:00,4573.514,4574.510,4572.172,4574.510,54491100,1703313408.0000
2026-07-28 11:08:00,4574.251,4574.251,4572.054,4572.442,61491300,1815707648.0000
2026-07-28 11:09:00,4571.896,4572.236,4569.521,4569.521,59221800,1931509760.0000
2026-07-28 11:10:00,4569.777,4573.052,4569.777,4571.764,55716700,2099773440.0000
2026-07-28 11:11:00,4572.099,4572.359,4570.488,4572.258,66612500,2528116736.0000
2026-07-28 11:12:00,4572.191,4577.058,4571.651,4576.822,60058900,1962377216.0000
2026-07-28 11:13:00,4576.797,4577.168,4574.459,4577.168,61998100,1790574592.0000
2026-07-28 11:14:00,4577.221,4584.253,4576.883,4584.253,80356700,1948418048.0000
2026-07-28 11:15:00,4584.594,4591.859,4584.594,4591.048,94352100,2503507968.0000
2026-07-28 11:16:00,4591.446,4593.970,4585.733,4593.635,76445400,2165374976.0000
2026-07-28 11:17:00,4592.969,4594.293,4591.981,4593.334,70557000,1895268352.0000
2026-07-28 11:18:00,4592.702,4599.450,4589.288,4599.450,80282500,2132901888.0000
2026-07-28 11:19:00,4599.976,4603.859,4599.976,4601.968,112978100,2648670208.0000
2026-07-28 11:20:00,4602.353,4602.353,4597.391,4597.391,68092300,2006941696.0000
2026-07-28 11:21:00,4596.827,4597.227,4593.397,4596.641,73176400,1988624384.0000
2026-07-28 11:22:00,4596.469,4599.476,4594.902,4597.623,54672500,1659633664.0000
2026-07-28 11:23:00,4598.444,4601.629,4598.074,4601.333,88138800,2021261312.0000
2026-07-28 11:24:00,4600.868,4602.268,4599.274,4602.268,63280500,1605926912.0000
2026-07-28 11:25:00,4604.034,4607.104,4603.397,4603.502,73128100,2000977920.0000
2026-07-28 11:26:00,4603.279,4608.305,4603.279,4607.225,75115600,1788444672.0000
2026-07-28 11:27:00,4607.354,4609.090,4604.573,4604.573,53455900,1650393088.0000
2026-07-28 11:28:00,4604.267,4605.555,4603.276,4603.965,45798500,1399521280.0000
2026-07-28 11:29:00,4603.456,4603.464,4598.801,4598.801,51602600,1516011520.0000
2026-07-28 11:30:00,4599.092,4599.092,4595.773,4596.761,51871700,1238433792.0000
2026-07-28 13:01:00,4595.352,4595.352,4585.138,4586.704,209539000,5212667904.0000
2026-07-28 13:02:00,4586.726,4591.104,4586.285,4587.184,64827400,2284978176.0000
2026-07-28 13:03:00,4586.502,4589.847,4583.624,4589.784,69663300,2130313216.0000
2026-07-28 13:04:00,4590.070,4590.315,4587.365,4587.365,45925000,1581613056.0000
2026-07-28 13:05:00,4587.061,4587.264,4582.859,4582.890,71659500,1604059136.0000
2026-07-28 13:06:00,4582.157,4582.157,4577.662,4578.692,93459400,2111963136.0000
2026-07-28 13:07:00,4578.846,4580.274,4577.779,4579.636,59847000,1724055552.0000
2026-07-28 13:08:00,4579.440,4580.036,4578.970,4579.662,44286400,1354563584.0000
2026-07-28 13:09:00,4579.339,4584.003,4579.030,4583.884,58813500,1545928704.0000
2026-07-28 13:10:00,4583.622,4586.766,4582.930,4586.178,48544600,1494220800.0000
2026-07-28 13:11:00,4586.675,4589.971,4586.675,4588.351,61557300,1504280576.0000
2026-07-28 13:12:00,4588.264,4588.551,4584.083,4584.384,55929000,1327726592.0000
2026-07-28 13:13:00,4585.513,4590.764,4585.513,4590.282,67033300,1886355456.0000
2026-07-28 13:14:00,4591.128,4594.928,4590.943,4594.691,66156000,1961984000.0000
2026-07-28 13:15:00,4594.528,4594.528,4590.594,4591.900,57953800,1885110272.0000
2026-07-28 13:16:00,4591.854,4594.036,4591.567,4593.729,55655900,2026110976.0000
2026-07-28 13:17:00,4594.369,4594.599,4589.066,4589.066,61775600,1977581568.0000
2026-07-28 13:18:00,4588.775,4589.132,4586.645,4587.222,66238600,1821179904.0000
2026-07-28 13:19:00,4587.214,4587.448,4585.394,4587.216,59135900,1879146496.0000
2026-07-28 13:20:00,4587.492,4587.492,4585.358,4585.358,54027900,1738014720.0000
2026-07-28 13:21:00,4585.026,4585.616,4583.423,4584.127,78410900,2248310784.0000
2026-07-28 13:22:00,4583.391,4586.183,4583.391,4584.068,54733800,1723695104.0000
2026-07-28 13:23:00,4583.854,4585.106,4582.876,4584.463,44046300,1454604288.0000
2026-07-28 13:24:00,4584.305,4584.305,4580.701,4580.811,56840900,1817214976.0000
2026-07-28 13:25:00,4580.568,4582.824,4580.568,4581.452,54760300,1663205376.0000
2026-07-28 13:26:00,4581.186,4581.563,4580.794,4581.062,48466500,1594359808.0000
2026-07-28 13:27:00,4580.813,4581.522,4580.706,4580.891,57766600,1575911424.0000
2026-07-28 13:28:00,4581.372,4581.845,4579.801,4579.818,52437700,1588232192.0000
2026-07-28 13:29:00,4579.509,4579.509,4576.592,4576.930,56923100,1890942976.0000
2026-07-28 13:30:00,4578.459,4579.178,4578.160,4578.595,58460500,1772158976.0000
2026-07-28 13:31:00,4578.393,4578.947,4577.676,4577.676,54841900,1751285760.0000
2026-07-28 13:32:00,4577.216,4577.216,4574.566,4575.111,74400600,2223669248.0000
2026-07-28 13:33:00,4574.821,4575.001,4572.798,4572.816,52359900,1808695296.0000
2026-07-28 13:34:00,4572.515,4572.740,4571.206,4571.206,64849600,2059370496.0000
2026-07-28 13:35:00,4571.430,4571.430,4569.375,4569.375,64143300,2568945664.0000
2026-07-28 13:36:00,4569.584,4570.940,4569.376,4570.760,74448700,2494791680.0000
2026-07-28 13:37:00,4571.221,4571.221,4569.629,4570.993,51900000,1713340416.0000
2026-07-28 13:38:00,4571.170,4579.653,4571.170,4579.653,72527200,2098921472.0000
2026-07-28 13:39:00,4579.839,4580.016,4578.210,4578.583,57914900,1720778752.0000
2026-07-28 13:40:00,4578.674,4583.816,4577.703,4583.816,61944600,2013036544.0000
2026-07-28 13:41:00,4583.736,4586.743,4583.518,4586.743,67175200,1824292864.0000
2026-07-28 13:42:00,4586.434,4586.434,4583.005,4583.248,64346000,1806401536.0000
2026-07-28 13:43:00,4583.196,4589.474,4583.196,4589.474,73438700,2084110336.0000
2026-07-28 13:44:00,4589.658,4592.203,4589.231,4589.881,64564400,1851392000.0000
2026-07-28 13:45:00,4589.822,4589.822,4585.419,4586.946,57290500,1569587200.0000
2026-07-28 13:46:00,4586.861,4589.537,4583.057,4583.441,54090500,1606483968.0000
2026-07-28 13:47:00,4583.325,4583.564,4579.975,4579.975,39176900,1234567168.0000
2026-07-28 13:48:00,4579.111,4579.111,4575.991,4576.514,50756200,1541439488.0000
2026-07-28 13:49:00,4576.635,4576.635,4573.316,4574.528,51548500,1603960832.0000
2026-07-28 13:50:00,4574.713,4574.741,4573.059,4573.834,48034100,1405059072.0000
2026-07-28 13:51:00,4573.772,4575.768,4573.511,4575.768,58303600,1737031680.0000
2026-07-28 13:52:00,4575.523,4575.660,4574.232,4574.232,48756500,1379106816.0000
2026-07-28 13:53:00,4573.921,4575.215,4573.549,4574.894,45664800,1419411456.0000
2026-07-28 13:54:00,4574.668,4574.909,4573.595,4574.673,48113900,1552318464.0000
2026-07-28 13:55:00,4574.462,4574.462,4570.922,4570.922,41367900,1427996672.0000
2026-07-28 13:56:00,4571.142,4573.613,4571.142,4573.163,43354700,1527676928.0000
2026-07-28 13:57:00,4573.074,4573.234,4572.473,4572.473,46944500,1168244736.0000
2026-07-28 13:58:00,4572.190,4573.976,4571.959,4573.471,43362500,1339228160.0000
2026-07-28 13:59:00,4573.823,4576.273,4573.369,4576.161,55227400,1330937856.0000
2026-07-28 14:00:00,4576.372,4576.372,4575.285,4575.285,50741000,1226506240.0000
2026-07-28 14:01:00,4575.456,4575.732,4574.959,4575.524,84366600,1569325056.0000
2026-07-28 14:02:00,4575.266,4579.767,4575.266,4579.767,126669300,1962180608.0000
2026-07-28 14:03:00,4579.731,4580.702,4577.739,4580.702,75424500,1550680064.0000
2026-07-28 14:04:00,4580.528,4581.968,4580.528,4581.748,98095200,1627783168.0000
2026-07-28 14:05:00,4580.823,4581.305,4579.089,4579.089,100773500,1765408768.0000
2026-07-28 14:06:00,4579.020,4579.020,4576.240,4576.240,55170600,1478197248.0000
2026-07-28 14:07:00,4575.800,4576.519,4575.634,4575.940,48637700,1522499584.0000
2026-07-28 14:08:00,4575.940,4578.101,4575.940,4576.751,54207600,1429602304.0000
2026-07-28 14:09:00,4576.704,4576.704,4575.232,4575.584,51708300,1277952000.0000
2026-07-28 14:10:00,4575.509,4575.509,4574.275,4574.275,49143500,1325629440.0000
2026-07-28 14:11:00,4573.972,4575.458,4573.972,4574.135,55787800,1636335616.0000
2026-07-28 14:12:00,4574.281,4575.903,4574.281,4574.472,48494900,1476001792.0000
2026-07-28 14:13:00,4574.633,4574.633,4572.714,4573.148,57259700,1573912576.0000
2026-07-28 14:14:00,4573.581,4573.581,4570.741,4570.915,65659800,1868300288.0000
2026-07-28 14:15:00,4570.811,4570.843,4569.460,4570.295,65260300,2331967488.0000
2026-07-28 14:16:00,4569.914,4569.914,4567.377,4567.377,74668500,2392457216.0000
2026-07-28 14:17:00,4566.996,4566.996,4564.932,4565.215,99684800,2388230144.0000
2026-07-28 14:18:00,4564.468,4564.542,4563.453,4564.131,81970100,2691399680.0000
2026-07-28 14:19:00,4564.786,4564.786,4562.836,4562.836,110129500,2208202752.0000
2026-07-28 14:20:00,4563.174,4570.823,4563.143,4569.990,92400500,2545876992.0000
2026-07-28 14:21:00,4570.253,4574.166,4569.911,4573.261,87248700,2210332672.0000
2026-07-28 14:22:00,4572.986,4572.986,4571.029,4571.029,53076300,1436680192.0000
2026-07-28 14:23:00,4571.242,4575.333,4571.040,4575.333,59379500,1612709888.0000
2026-07-28 14:24:00,4574.928,4575.053,4571.048,4571.059,60433100,1518665728.0000
2026-07-28 14:25:00,4570.416,4570.416,4568.415,4570.185,47068000,1591017472.0000
2026-07-28 14:26:00,4570.505,4570.707,4568.964,4569.901,52406400,1400438784.0000
2026-07-28 14:27:00,4569.513,4569.592,4568.390,4568.390,44996900,1311047680.0000
2026-07-28 14:28:00,4568.658,4568.862,4566.658,4566.896,48103400,1537933312.0000
2026-07-28 14:29:00,4566.755,4568.687,4566.546,4567.860,50005000,1461583872.0000
2026-07-28 14:30:00,4567.672,4571.776,4567.672,4571.776,71290000,1762721792.0000
2026-07-28 14:31:00,4571.728,4571.728,4568.431,4568.490,78065800,1815740416.0000
2026-07-28 14:32:00,4568.207,4568.207,4565.299,4565.299,86057600,2016018432.0000
2026-07-28 14:33:00,4565.425,4567.117,4563.617,4563.896,79643000,2360344576.0000
2026-07-28 14:34:00,4563.849,4564.693,4562.012,4562.329,85813400,2563964928.0000
2026-07-28 14:35:00,4562.129,4564.568,4561.922,4562.405,81095100,2523201536.0000
2026-07-28 14:36:00,4562.216,4562.840,4561.541,4562.026,91813500,2438594560.0000
2026-07-28 14:37:00,4562.262,4562.262,4558.082,4558.082,100704300,2931228672.0000
2026-07-28 14:38:00,4558.141,4558.670,4555.291,4555.291,122689300,3639541760.0000
2026-07-28 14:39:00,4554.913,4556.520,4553.741,4556.520,121661800,3628335104.0000
2026-07-28 14:40:00,4556.780,4561.291,4556.780,4560.140,105570700,3134652416.0000
2026-07-28 14:41:00,4560.359,4563.998,4560.359,4563.038,94369100,2759852032.0000
2026-07-28 14:42:00,4562.846,4562.846,4557.647,4557.647,86940700,2346647552.0000
2026-07-28 14:43:00,4557.902,4557.905,4553.996,4554.292,90484400,2481127424.0000
2026-07-28 14:44:00,4554.614,4556.577,4554.614,4555.861,99191700,2838691840.0000
2026-07-28 14:45:00,4555.408,4555.860,4552.259,4552.648,105659900,3084124160.0000
2026-07-28 14:46:00,4552.229,4554.775,4552.229,4552.783,135566900,3318022144.0000
2026-07-28 14:47:00,4552.902,4558.176,4552.810,4557.516,119865600,3252289536.0000
2026-07-28 14:48:00,4557.369,4557.610,4554.873,4555.085,86060400,2254372864.0000
2026-07-28 14:49:00,4554.920,4556.533,4554.920,4556.454,131471400,2938241024.0000
2026-07-28 14:50:00,4556.101,4558.646,4555.771,4558.646,116610000,3176726528.0000
2026-07-28 14:51:00,4559.617,4569.767,4559.617,4569.172,164322700,3855024128.0000
2026-07-28 14:52:00,4569.035,4569.828,4564.972,4565.170,119042200,3192389632.0000
2026-07-28 14:53:00,4564.881,4567.367,4564.454,4567.367,102081700,2666594304.0000
2026-07-28 14:54:00,4567.363,4567.851,4566.732,4567.007,101031400,2706505728.0000
2026-07-28 14:55:00,4566.422,4566.422,4562.863,4563.565,114373500,3039428608.0000
2026-07-28 14:56:00,4563.420,4564.875,4563.420,4564.750,146044100,3769171968.0000
2026-07-28 14:57:00,4564.526,4565.848,4564.526,4565.456,146904400,3745251328.0000
2026-07-28 14:58:00,4564.881,4565.229,4564.881,4565.229,6951300,225574912.0000
2026-07-28 15:00:00,4568.573,4569.524,4568.573,4569.524,333098400,8312586240.0000
2026-07-29 09:31:00,4582.095,4586.117,4574.928,4575.716,708134900,22508140544.0000
2026-07-29 09:32:00,4576.249,4577.625,4569.914,4569.914,432974800,14643660800.0000
2026-07-29 09:33:00,4568.256,4568.256,4560.748,4564.500,311173900,10611142656.0000
2026-07-29 09:34:00,4564.803,4564.803,4557.577,4560.314,227949200,8640069632.0000
2026-07-29 09:35:00,4561.271,4568.020,4561.271,4568.020,256685100,8624525312.0000
2026-07-29 09:36:00,4567.425,4577.038,4566.991,4576.976,285144300,8691130368.0000
2026-07-29 09:37:00,4577.499,4584.726,4577.499,4581.394,245162600,8454488064.0000
2026-07-29 09:38:00,4581.349,4584.796,4579.327,4583.199,198732700,6838730752.0000
2026-07-29 09:39:00,4582.394,4584.577,4578.204,4578.204,205353300,7227785216.0000
2026-07-29 09:40:00,4578.477,4580.660,4577.523,4579.527,167747800,6505799680.0000
2026-07-29 09:41:00,4579.569,4579.923,4577.508,4578.232,182981100,6823305216.0000
2026-07-29 09:42:00,4577.316,4577.982,4567.888,4568.105,171991300,6066274304.0000
2026-07-29 09:43:00,4566.982,4566.982,4560.211,4560.211,204890400,7595073536.0000
2026-07-29 09:44:00,4560.109,4560.109,4553.646,4553.646,198943200,7724695552.0000
2026-07-29 09:45:00,4553.380,4553.855,4549.732,4549.878,218738500,8698904576.0000
2026-07-29 09:46:00,4550.466,4553.016,4545.893,4545.914,230741700,8238858240.0000
2026-07-29 09:47:00,4546.074,4547.526,4544.728,4545.169,221361500,8326103040.0000
2026-07-29 09:48:00,4544.981,4549.239,4541.365,4549.239,219397200,8107606016.0000
2026-07-29 09:49:00,4549.279,4550.226,4538.965,4538.965,235670000,7402061824.0000
2026-07-29 09:50:00,4539.183,4540.490,4537.092,4537.315,180847300,7171293184.0000
2026-07-29 09:51:00,4536.985,4536.985,4532.890,4535.520,231611300,8688910336.0000
2026-07-29 09:52:00,4535.354,4536.357,4531.453,4536.357,175199500,6030000128.0000
2026-07-29 09:53:00,4536.275,4540.697,4536.262,4538.816,211030800,5764857856.0000
2026-07-29 09:54:00,4538.918,4538.918,4533.692,4536.067,160186700,4594466816.0000
2026-07-29 09:55:00,4535.856,4539.309,4535.639,4535.816,144181300,4357963776.0000
2026-07-29 09:56:00,4535.703,4535.703,4529.411,4530.071,189811700,5722669056.0000
2026-07-29 09:57:00,4530.967,4532.186,4526.820,4526.820,181547900,5695160320.0000
2026-07-29 09:58:00,4526.355,4535.892,4526.355,4535.892,179533100,5478334464.0000
2026-07-29 09:59:00,4535.577,4538.561,4533.871,4534.011,147785000,4303175680.0000
2026-07-29 10:00:00,4533.344,4533.399,4530.953,4531.649,138072400,3614588928.0000
2026-07-29 10:01:00,4531.450,4531.450,4526.700,4527.378,133172200,3956129792.0000
2026-07-29 10:02:00,4527.007,4528.847,4525.556,4528.847,180721800,4632952832.0000
2026-07-29 10:03:00,4529.995,4529.995,4524.998,4524.998,143134500,4855250944.0000
2026-07-29 10:04:00,4524.951,4530.634,4524.951,4527.526,148551500,5119229952.0000
2026-07-29 10:05:00,4527.386,4527.386,4521.015,4523.245,147031000,5318131712.0000
2026-07-29 10:06:00,4522.890,4523.631,4518.188,4518.644,158576400,6423134208.0000
2026-07-29 10:07:00,4518.300,4519.965,4516.316,4516.577,151452100,5347278848.0000
2026-07-29 10:08:00,4516.527,4523.766,4516.527,4517.911,184857900,5714345984.0000
2026-07-29 10:09:00,4517.930,4520.121,4517.235,4520.121,151743400,4863574016.0000
2026-07-29 10:10:00,4519.755,4529.001,4519.755,4529.001,142123600,4538531840.0000
2026-07-29 10:11:00,4529.420,4540.456,4529.002,4540.456,126124500,4100096000.0000
2026-07-29 10:12:00,4541.394,4544.123,4539.970,4543.161,132432800,4698767360.0000
2026-07-29 10:13:00,4543.157,4548.894,4541.819,4548.836,128209600,4361191424.0000
2026-07-29 10:14:00,4548.502,4553.414,4548.286,4551.852,121342300,4103045120.0000
2026-07-29 10:15:00,4551.296,4551.296,4545.900,4545.900,114966400,3624534016.0000
2026-07-29 10:16:00,4545.010,4549.069,4542.627,4542.662,91322700,3057647616.0000
2026-07-29 10:17:00,4543.237,4543.965,4541.313,4541.493,92579000,2705784832.0000
2026-07-29 10:18:00,4541.549,4542.775,4538.759,4540.166,82699300,2605973504.0000
2026-07-29 10:19:00,4539.394,4545.495,4539.228,4545.495,73140700,2455764992.0000
2026-07-29 10:20:00,4545.880,4545.880,4540.271,4540.271,134933000,2759098368.0000
2026-07-29 10:21:00,4539.654,4539.654,4537.385,4537.385,110162300,2651979776.0000
2026-07-29 10:22:00,4536.994,4537.262,4534.778,4535.880,110600900,2842853376.0000
2026-07-29 10:23:00,4535.861,4537.703,4534.493,4536.837,94453100,2707456000.0000
2026-07-29 10:24:00,4536.332,4542.651,4536.332,4541.097,97978800,2744057856.0000
2026-07-29 10:25:00,4541.117,4548.277,4541.117,4548.118,76241000,2458812416.0000
2026-07-29 10:26:00,4548.672,4558.484,4548.672,4558.270,124306100,3935469568.0000
2026-07-29 10:27:00,4558.592,4563.221,4557.810,4563.221,204385200,3940450304.0000
2026-07-29 10:28:00,4563.466,4567.722,4563.466,4567.722,161024200,4597972992.0000
2026-07-29 10:29:00,4568.301,4574.013,4568.284,4572.925,157961800,7046266880.0000
2026-07-29 10:30:00,4572.667,4573.342,4569.841,4570.680,125638600,4530405376.0000
2026-07-29 10:31:00,4571.238,4573.962,4570.395,4570.395,166826600,4555931648.0000
2026-07-29 10:32:00,4570.732,4571.697,4569.333,4571.697,114731800,3605037056.0000
2026-07-29 10:33:00,4571.750,4580.131,4571.750,4579.171,141519200,4768202752.0000
2026-07-29 10:34:00,4578.712,4578.712,4575.132,4575.132,118031000,3950149632.0000
2026-07-29 10:35:00,4574.471,4574.471,4570.244,4570.244,114291800,3299835904.0000
2026-07-29 10:36:00,4570.044,4571.892,4569.146,4569.146,112142100,3190947840.0000
2026-07-29 10:37:00,4569.404,4571.602,4567.602,4567.602,128073200,3015573504.0000
2026-07-29 10:38:00,4567.335,4567.335,4563.453,4563.453,105644000,2664857600.0000
2026-07-29 10:39:00,4562.844,4564.762,4562.844,4564.442,79643800,2338553856.0000
2026-07-29 10:40:00,4564.631,4564.631,4561.022,4563.684,80739600,2472214528.0000
2026-07-29 10:41:00,4564.260,4570.882,4564.260,4569.906,87900700,2714501120.0000
2026-07-29 10:42:00,4569.839,4569.839,4565.746,4567.024,62844400,2067922944.0000
2026-07-29 10:43:00,4567.116,4571.196,4567.116,4570.566,79727800,2419654656.0000
2026-07-29 10:44:00,4571.121,4571.623,4566.592,4567.267,81942100,2287828992.0000
2026-07-29 10:45:00,4566.797,4566.923,4562.828,4562.828,58025100,1917059072.0000
2026-07-29 10:46:00,4562.517,4564.770,4561.743,4562.372,69098300,2252668928.0000
2026-07-29 10:47:00,4561.881,4561.881,4557.753,4557.753,82938700,2508390400.0000
2026-07-29 10:48:00,4557.023,4558.630,4555.925,4557.753,83380400,2503835648.0000
2026-07-29 10:49:00,4557.517,4558.960,4556.250,4558.787,72807100,2278686720.0000
2026-07-29 10:50:00,4558.637,4558.637,4553.920,4553.920,62425500,1995472896.0000
2026-07-29 10:51:00,4553.797,4554.289,4551.775,4551.775,65927900,2069102592.0000
2026-07-29 10:52:00,4552.329,4553.549,4552.076,4552.080,71051700,2119565312.0000
2026-07-29 10:53:00,4551.906,4552.235,4550.041,4551.006,58072200,1719730176.0000
2026-07-29 10:54:00,4551.110,4552.695,4549.766,4549.766,68105000,1888092160.0000
2026-07-29 10:55:00,4549.587,4551.351,4548.071,4548.071,78011100,1911521280.0000
2026-07-29 10:56:00,4547.997,4549.781,4547.948,4549.720,76539300,1981415424.0000
2026-07-29 10:57:00,4549.299,4550.102,4548.336,4549.900,74295700,2131918848.0000
2026-07-29 10:58:00,4549.591,4551.971,4548.773,4551.933,63927600,1753939968.0000
2026-07-29 10:59:00,4552.168,4555.907,4552.168,4555.770,69101300,1987444736.0000
2026-07-29 11:00:00,4555.923,4556.944,4554.570,4554.747,66247200,1847263232.0000
2026-07-29 11:01:00,4554.998,4557.382,4554.998,4555.391,80076400,1854504960.0000
2026-07-29 11:02:00,4555.020,4557.509,4554.444,4557.509,58854300,1823801344.0000
2026-07-29 11:03:00,4558.017,4562.798,4557.250,4561.608,101522000,2326593536.0000
2026-07-29 11:04:00,4562.023,4562.639,4559.493,4559.493,57144800,1686044672.0000
2026-07-29 11:05:00,4559.303,4563.399,4559.303,4562.891,53359300,1595113472.0000
2026-07-29 11:06:00,4563.171,4563.734,4560.019,4560.237,51297500,1577844736.0000
2026-07-29 11:07:00,4560.445,4560.445,4557.414,4557.769,58202200,1564672000.0000
2026-07-29 11:08:00,4557.788,4562.732,4552.400,4561.537,96584300,2954559488.0000
2026-07-29 11:09:00,4561.718,4566.026,4561.718,4565.866,107690200,2564718592.0000
2026-07-29 11:10:00,4565.572,4573.145,4565.541,4572.927,71562800,2243231744.0000
2026-07-29 11:11:00,4573.401,4579.855,4573.401,4579.713,171066800,3912761344.0000
2026-07-29 11:12:00,4580.447,4581.010,4577.378,4578.423,102896900,2701000704.0000
2026-07-29 11:13:00,4578.273,4581.136,4577.905,4578.202,68283900,2240479232.0000
2026-07-29 11:14:00,4578.888,4579.200,4576.504,4577.606,41701400,1492549632.0000
2026-07-29 11:15:00,4577.170,4577.521,4570.353,4570.750,73978200,1840283648.0000
2026-07-29 11:16:00,4570.550,4572.479,4570.538,4571.219,44569300,1429241856.0000
2026-07-29 11:17:00,4570.921,4575.860,4570.721,4575.860,50741200,1440219136.0000
2026-07-29 11:18:00,4575.201,4575.201,4569.402,4570.255,43992400,1425211392.0000
2026-07-29 11:19:00,4570.145,4570.374,4567.384,4570.374,45932400,1405583360.0000
2026-07-29 11:20:00,4570.500,4570.558,4566.123,4566.609,49498700,1406599168.0000
2026-07-29 11:21:00,4566.567,4567.551,4564.438,4564.438,46973600,1373077504.0000
2026-07-29 11:22:00,4563.960,4565.009,4563.527,4564.303,40284200,1255309312.0000
2026-07-29 11:23:00,4564.290,4564.311,4561.295,4561.295,40956600,1171783680.0000
2026-07-29 11:24:00,4561.463,4561.463,4558.172,4558.936,49347400,1457225728.0000
2026-07-29 11:25:00,4558.962,4559.203,4557.370,4558.835,40203600,1233420288.0000
2026-07-29 11:26:00,4558.850,4560.776,4558.850,4559.620,45107000,1307017216.0000
2026-07-29 11:27:00,4559.501,4561.385,4559.334,4559.823,56892100,1188003840.0000
2026-07-29 11:28:00,4559.545,4559.545,4555.847,4555.847,45903700,1527644160.0000
2026-07-29 11:29:00,4555.800,4557.474,4555.667,4556.119,40568100,1274052608.0000
2026-07-29 11:30:00,4556.185,4558.598,4556.185,4558.365,52550000,1375797248.0000
2026-07-29 13:01:00,4553.245,4553.245,4542.874,4551.032,239444900,7027097600.0000
2026-07-29 13:02:00,4551.265,4558.557,4551.265,4555.254,89395100,3024191488.0000
2026-07-29 13:03:00,4554.881,4558.195,4554.213,4557.930,60220000,1773568000.0000
2026-07-29 13:04:00,4557.789,4568.739,4557.789,4568.739,83354200,2381873152.0000
2026-07-29 13:05:00,4569.163,4574.011,4569.016,4573.182,80934400,2530541568.0000
2026-07-29 13:06:00,4573.217,4573.217,4567.659,4567.989,69894500,2147024896.0000
2026-07-29 13:07:00,4567.469,4571.984,4567.469,4568.882,65624500,1961754624.0000
2026-07-29 13:08:00,4568.555,4571.878,4568.555,4571.878,85066900,1854963712.0000
2026-07-29 13:09:00,4571.463,4578.580,4570.525,4578.580,88610300,2896035840.0000
2026-07-29 13:10:00,4579.092,4582.232,4579.036,4582.232,111668600,3376807936.0000
2026-07-29 13:11:00,4582.386,4582.993,4579.679,4582.985,94247300,3181281280.0000
2026-07-29 13:12:00,4583.195,4586.297,4581.979,4586.297,103633200,3133538304.0000
2026-07-29 13:13:00,4587.695,4592.361,4587.695,4590.789,112344900,4162813952.0000
2026-07-29 13:14:00,4590.759,4591.913,4590.661,4590.815,95928600,3449257984.0000
2026-07-29 13:15:00,4590.462,4597.376,4590.462,4597.376,116322500,3807248384.0000
2026-07-29 13:16:00,4596.446,4596.549,4593.171,4593.177,100476700,3884646400.0000
2026-07-29 13:17:00,4592.816,4592.816,4588.111,4589.499,90046000,2681700352.0000
2026-07-29 13:18:00,4589.390,4589.538,4586.192,4586.315,77951400,2541158400.0000
2026-07-29 13:19:00,4585.704,4587.938,4584.788,4585.790,71887400,2192441344.0000
2026-07-29 13:20:00,4585.175,4585.299,4582.667,4585.078,107757700,2643656704.0000
2026-07-29 13:21:00,4585.534,4586.849,4581.864,4586.849,94553100,2239299584.0000
2026-07-29 13:22:00,4587.417,4587.417,4583.713,4584.519,60666000,1763540992.0000
2026-07-29 13:23:00,4585.061,4592.112,4585.061,4592.112,65753200,1863057408.0000
2026-07-29 13:24:00,4592.272,4594.814,4590.088,4590.898,74983000,2310602752.0000
2026-07-29 13:25:00,4590.316,4591.950,4590.316,4591.090,67538400,1829568512.0000
2026-07-29 13:26:00,4592.400,4599.069,4592.400,4598.938,93428200,2606694400.0000
2026-07-29 13:27:00,4599.132,4599.132,4594.200,4594.261,68978500,2407792640.0000
2026-07-29 13:28:00,4594.510,4598.031,4594.510,4597.605,59891700,2055798784.0000
2026-07-29 13:29:00,4597.301,4598.194,4596.692,4597.248,99236400,2523594752.0000
2026-07-29 13:30:00,4597.580,4599.456,4597.117,4598.286,86089300,2664497152.0000
2026-07-29 13:31:00,4598.240,4598.385,4594.770,4594.770,93900300,2633302016.0000
2026-07-29 13:32:00,4594.363,4596.967,4592.886,4596.644,214239000,2755067904.0000
2026-07-29 13:33:00,4596.547,4597.445,4593.610,4597.070,69721600,2011299840.0000
2026-07-29 13:34:00,4596.769,4602.477,4596.769,4602.271,79737400,2359099392.0000
2026-07-29 13:35:00,4602.273,4609.715,4602.273,4609.715,92918500,3258515456.0000
2026-07-29 13:36:00,4610.336,4611.610,4608.130,4611.610,91470000,3084058624.0000
2026-07-29 13:37:00,4612.488,4615.343,4612.488,4613.134,102140200,3276472320.0000
2026-07-29 13:38:00,4613.076,4613.076,4610.300,4612.458,100384400,3182166016.0000
2026-07-29 13:39:00,4612.118,4614.169,4611.816,4611.932,70644400,2315649024.0000
2026-07-29 13:40:00,4612.089,4619.508,4612.089,4619.508,95964500,2998992896.0000
2026-07-29 13:41:00,4619.325,4622.356,4619.325,4619.906,104803100,3977904128.0000
2026-07-29 13:42:00,4619.779,4623.294,4619.736,4623.294,87777800,3127640064.0000
2026-07-29 13:43:00,4623.168,4626.284,4623.168,4626.274,100677000,3622895616.0000
2026-07-29 13:44:00,4626.692,4626.706,4621.764,4622.612,140169300,3526361088.0000
2026-07-29 13:45:00,4622.517,4624.201,4620.792,4620.792,90819300,2508062720.0000
2026-07-29 13:46:00,4620.766,4623.090,4620.578,4622.573,74236400,2140995584.0000
2026-07-29 13:47:00,4622.588,4622.588,4614.195,4614.195,74166600,2319122432.0000
2026-07-29 13:48:00,4613.535,4613.535,4610.871,4610.871,69296000,2134441984.0000
2026-07-29 13:49:00,4610.459,4611.814,4609.810,4609.914,67075100,1990328320.0000
2026-07-29 13:50:00,4609.538,4609.538,4604.710,4604.968,75182000,2063532032.0000
2026-07-29 13:51:00,4604.368,4605.514,4603.288,4603.288,63451500,1883439104.0000
2026-07-29 13:52:00,4603.184,4606.437,4602.793,4606.004,54763500,1689190400.0000
2026-07-29 13:53:00,4605.373,4605.527,4603.612,4603.700,53544400,1528496128.0000
2026-07-29 13:54:00,4603.788,4603.788,4599.234,4599.234,63665200,1755316224.0000
2026-07-29 13:55:00,4598.865,4598.865,4594.481,4595.192,90368200,1929052160.0000
2026-07-29 13:56:00,4595.158,4599.338,4595.158,4599.139,73437900,1894580224.0000
2026-07-29 13:57:00,4599.275,4599.275,4597.216,4597.285,55215500,1509949440.0000
2026-07-29 13:58:00,4596.751,4601.032,4596.751,4599.950,52003600,1500774400.0000
2026-07-29 13:59:00,4599.922,4600.359,4598.317,4599.298,45501700,1307508736.0000
2026-07-29 14:00:00,4599.402,4599.999,4598.662,4598.662,47872200,1186004992.0000
2026-07-29 14:01:00,4598.791,4601.962,4598.646,4600.694,83938000,1630863360.0000
2026-07-29 14:02:00,4600.596,4602.160,4600.596,4601.344,62848100,1415512064.0000
2026-07-29 14:03:00,4601.670,4604.309,4601.670,4602.792,71468200,1839464448.0000
2026-07-29 14:04:00,4603.112,4603.229,4595.525,4595.525,61164900,1618804736.0000
2026-07-29 14:05:00,4595.216,4595.608,4591.083,4591.083,62739800,1558642688.0000
2026-07-29 14:06:00,4590.313,4590.313,4587.493,4587.493,69652600,1738145792.0000
2026-07-29 14:07:00,4587.327,4587.327,4585.394,4585.394,56397900,1539244032.0000
2026-07-29 14:08:00,4585.176,4586.975,4584.731,4586.684,64052200,1745813504.0000
2026-07-29 14:09:00,4586.668,4587.841,4585.883,4587.841,45307700,1383727104.0000
2026-07-29 14:10:00,4587.394,4588.221,4586.550,4587.013,42903900,1311244288.0000
2026-07-29 14:11:00,4586.859,4588.190,4586.117,4586.297,39456100,1231355904.0000
2026-07-29 14:12:00,4586.036,4586.211,4585.133,4585.782,44367700,1226178560.0000
2026-07-29 14:13:00,4585.985,4586.458,4584.373,4584.373,46893100,1280311296.0000
2026-07-29 14:14:00,4584.139,4586.987,4584.139,4586.893,40202700,1263927296.0000
2026-07-29 14:15:00,4586.708,4593.298,4586.708,4592.702,56931900,1471217664.0000
2026-07-29 14:16:00,4592.767,4593.550,4591.604,4593.127,54715800,1311703040.0000
2026-07-29 14:17:00,4592.988,4594.109,4592.689,4593.162,43257900,1239089152.0000
2026-07-29 14:18:00,4593.313,4598.844,4593.313,4598.844,56688400,1537802240.0000
2026-07-29 14:19:00,4598.975,4599.612,4598.266,4599.100,60766800,1755709440.0000
2026-07-29 14:20:00,4598.999,4600.872,4598.945,4598.945,50215800,1468858368.0000
2026-07-29 14:21:00,4598.038,4599.421,4598.038,4598.260,61444600,1527185408.0000
2026-07-29 14:22:00,4597.901,4598.894,4595.621,4595.848,52415800,1448476672.0000
2026-07-29 14:23:00,4596.003,4596.003,4590.826,4590.826,58299700,1516503040.0000
2026-07-29 14:24:00,4590.389,4590.883,4589.740,4590.526,48374800,1227423744.0000
2026-07-29 14:25:00,4590.063,4590.828,4588.841,4590.828,47034000,1346568192.0000
2026-07-29 14:26:00,4590.497,4593.063,4589.115,4593.063,45106500,1399586816.0000
2026-07-29 14:27:00,4593.482,4595.867,4593.396,4595.867,49201800,1319436288.0000
2026-07-29 14:28:00,4595.910,4598.008,4595.910,4597.633,50073100,1320550400.0000
2026-07-29 14:29:00,4597.483,4597.563,4596.794,4596.859,47355100,1299775488.0000
2026-07-29 14:30:00,4596.487,4596.608,4595.623,4595.913,54693000,1220018176.0000
2026-07-29 14:31:00,4595.604,4600.140,4595.404,4600.140,85955100,1858732032.0000
2026-07-29 14:32:00,4600.611,4601.305,4598.942,4598.973,77718600,1809776640.0000
2026-07-29 14:33:00,4598.896,4598.896,4596.053,4596.440,60990700,1442971648.0000
2026-07-29 14:34:00,4596.476,4598.610,4596.476,4597.160,58149500,1509031936.0000
2026-07-29 14:35:00,4596.800,4596.879,4595.235,4595.248,71632300,1623523328.0000
2026-07-29 14:36:00,4595.180,4595.858,4594.456,4595.858,62372900,1508442112.0000
2026-07-29 14:37:00,4595.352,4595.740,4594.141,4594.418,54886800,1470365696.0000
2026-07-29 14:38:00,4594.338,4595.440,4594.243,4594.625,53481800,1538981888.0000
2026-07-29 14:39:00,4594.437,4594.666,4591.997,4591.997,65194700,1676083200.0000
2026-07-29 14:40:00,4592.011,4592.011,4588.781,4588.781,80520300,1882587136.0000
2026-07-29 14:41:00,4589.634,4590.613,4589.382,4589.453,77776300,2098987008.0000
2026-07-29 14:42:00,4589.436,4592.493,4589.436,4592.493,70039600,1841299456.0000
2026-07-29 14:43:00,4592.441,4593.658,4592.441,4593.483,63450100,1752760320.0000
2026-07-29 14:44:00,4593.296,4595.270,4592.940,4595.006,73199100,2042953728.0000
2026-07-29 14:45:00,4594.959,4595.796,4594.959,4595.225,74459000,1873084416.0000
2026-07-29 14:46:00,4595.444,4597.590,4595.444,4597.568,80034000,2213937152.0000
2026-07-29 14:47:00,4598.254,4601.201,4598.079,4601.003,83418300,2470838272.0000
2026-07-29 14:48:00,4601.443,4601.443,4599.665,4600.230,84921100,2423128064.0000
2026-07-29 14:49:00,4600.134,4603.898,4600.134,4603.898,100414300,2560098304.0000
2026-07-29 14:50:00,4603.796,4606.722,4603.796,4606.286,159280400,3240558592.0000
2026-07-29 14:51:00,4606.629,4606.629,4602.864,4602.864,119828400,3056074752.0000
2026-07-29 14:52:00,4602.753,4602.753,4600.873,4601.194,99184500,2788622336.0000
2026-07-29 14:53:00,4601.453,4602.850,4601.453,4602.149,110512700,3006660608.0000
2026-07-29 14:54:00,4601.773,4601.949,4600.965,4600.965,115551700,3136815104.0000
2026-07-29 14:55:00,4601.102,4601.683,4600.791,4601.219,136510800,3311730688.0000
2026-07-29 14:56:00,4600.904,4602.382,4600.904,4602.167,171274700,4135452672.0000
2026-07-29 14:57:00,4602.371,4603.515,4601.651,4603.069,178689600,4468178944.0000
2026-07-29 14:58:00,4602.926,4603.530,4602.926,4603.530,7526600,233701376.0000
2026-07-29 15:00:00,4602.917,4602.917,4600.262,4600.262,245019700,6278676480.0000
2026-07-30 09:31:00,4566.047,4583.738,4566.047,4583.738,689917400,20478818304.0000
2026-07-30 09:32:00,4584.984,4592.719,4584.984,4586.134,392750400,12998348800.0000
2026-07-30 09:33:00,4586.271,4587.299,4584.918,4586.409,274125400,9351862272.0000
2026-07-30 09:34:00,4585.391,4586.993,4582.707,4586.850,235196100,8745709568.0000
2026-07-30 09:35:00,4586.461,4593.947,4586.461,4593.150,364893100,9464127488.0000
2026-07-30 09:36:00,4593.421,4595.550,4591.654,4594.295,332409900,8744636416.0000
2026-07-30 09:37:00,4594.259,4596.206,4593.796,4594.862,280748900,7556030464.0000
2026-07-30 09:38:00,4594.527,4595.344,4589.893,4590.430,313794600,8706809856.0000
2026-07-30 09:39:00,4590.090,4590.090,4582.676,4582.873,283179500,8491859968.0000
2026-07-30 09:40:00,4583.861,4588.806,4583.861,4588.464,224199200,6651895808.0000
2026-07-30 09:41:00,4588.490,4588.494,4583.623,4584.095,231135300,6864240640.0000
2026-07-30 09:42:00,4584.515,4584.515,4577.517,4577.517,209416300,6775963648.0000
2026-07-30 09:43:00,4577.064,4582.995,4577.020,4577.020,190361800,6500532224.0000
2026-07-30 09:44:00,4576.478,4576.587,4573.607,4574.286,257288000,7453966336.0000
2026-07-30 09:45:00,4574.412,4579.726,4574.412,4576.722,193736200,6830317568.0000
2026-07-30 09:46:00,4577.585,4577.678,4574.014,4574.014,218748700,6785957888.0000
2026-07-30 09:47:00,4574.342,4575.123,4570.320,4570.507,263919500,7912570880.0000
2026-07-30 09:48:00,4571.376,4571.376,4563.192,4563.192,278018400,8112095232.0000
2026-07-30 09:49:00,4562.819,4567.286,4561.618,4565.230,273533200,8948400128.0000
2026-07-30 09:50:00,4564.924,4570.405,4564.487,4569.707,219962700,6680084480.0000
2026-07-30 09:51:00,4569.454,4577.265,4568.957,4577.020,225137000,6178816000.0000
2026-07-30 09:52:00,4576.389,4581.365,4576.389,4579.837,170022800,5137334272.0000
2026-07-30 09:53:00,4580.045,4580.057,4576.832,4577.214,190459500,5055135744.0000
2026-07-30 09:54:00,4576.428,4581.037,4575.848,4576.538,146626800,4860592128.0000
2026-07-30 09:55:00,4577.345,4582.341,4577.345,4582.341,131565800,4382900224.0000
2026-07-30 09:56:00,4583.327,4585.065,4582.304,4582.304,152900100,4666540032.0000
2026-07-30 09:57:00,4581.866,4581.866,4573.382,4574.152,170878500,5166022656.0000
2026-07-30 09:58:00,4574.543,4576.978,4573.752,4574.384,174035700,4922327040.0000
2026-07-30 09:59:00,4574.212,4575.220,4573.347,4575.082,136913500,4317298688.0000
2026-07-30 10:00:00,4574.809,4575.578,4574.136,4575.000,149933600,3860496384.0000
2026-07-30 10:01:00,4574.915,4574.915,4570.935,4571.866,241023400,5474795520.0000
2026-07-30 10:02:00,4571.301,4576.737,4571.142,4576.313,200433700,5056135168.0000
2026-07-30 10:03:00,4577.503,4577.503,4572.643,4572.643,149589600,4195237888.0000
2026-07-30 10:04:00,4573.246,4573.279,4570.312,4570.497,138656800,4681596928.0000
2026-07-30 10:05:00,4570.666,4570.833,4567.857,4568.752,128827200,4517347328.0000
2026-07-30 10:06:00,4568.492,4568.492,4563.642,4563.662,114283600,3765387264.0000
2026-07-30 10:07:00,4564.320,4564.636,4561.532,4561.558,170991000,5104533504.0000
2026-07-30 10:08:00,4561.003,4561.003,4555.079,4555.079,161900900,5520474112.0000
2026-07-30 10:09:00,4554.603,4557.986,4554.270,4554.387,168503500,5439504384.0000
2026-07-30 10:10:00,4553.760,4556.534,4552.775,4556.221,128741300,4383866880.0000
2026-07-30 10:11:00,4555.723,4556.136,4552.051,4554.110,128520600,4052762624.0000
2026-07-30 10:12:00,4554.553,4555.230,4550.220,4550.220,120029600,3994615808.0000
2026-07-30 10:13:00,4550.069,4551.721,4549.571,4549.753,109383500,3467378688.0000
2026-07-30 10:14:00,4549.859,4549.859,4544.454,4544.454,131546000,4626022400.0000
2026-07-30 10:15:00,4545.140,4545.140,4539.209,4539.798,185718900,5789679616.0000
2026-07-30 10:16:00,4539.703,4541.180,4539.045,4539.045,155744500,5028904960.0000
2026-07-30 10:17:00,4538.749,4541.332,4538.730,4539.521,176821600,4400283648.0000
2026-07-30 10:18:00,4539.123,4545.487,4539.123,4544.709,136222800,4171759616.0000
2026-07-30 10:19:00,4544.299,4544.299,4539.177,4541.659,129222300,3711238144.0000
2026-07-30 10:20:00,4542.054,4545.820,4540.797,4545.471,111951100,3607363584.0000
2026-07-30 10:21:00,4545.203,4547.489,4543.865,4547.081,88604900,2995027968.0000
2026-07-30 10:22:00,4547.209,4547.209,4543.264,4544.400,111477200,3077799936.0000
2026-07-30 10:23:00,4543.288,4543.288,4539.925,4539.925,104345100,2774269952.0000
2026-07-30 10:24:00,4540.268,4540.268,4537.391,4537.391,84971300,2710437888.0000
2026-07-30 10:25:00,4537.735,4540.717,4537.735,4539.365,85533900,2939060224.0000
2026-07-30 10:26:00,4538.682,4540.380,4538.527,4539.232,132696300,3073048576.0000
2026-07-30 10:27:00,4538.943,4539.804,4538.573,4539.137,125121700,3287613440.0000
2026-07-30 10:28:00,4539.040,4543.800,4539.040,4541.601,103125000,3026649088.0000
2026-07-30 10:29:00,4541.133,4546.314,4541.133,4543.772,80626100,2357264384.0000
2026-07-30 10:30:00,4543.249,4543.977,4540.140,4540.465,77164100,2232188928.0000
2026-07-30 10:31:00,4541.139,4545.870,4541.139,4544.795,94495000,2716925952.0000
2026-07-30 10:32:00,4544.132,4545.880,4543.844,4543.872,103200800,2449702912.0000
2026-07-30 10:33:00,4543.253,4543.253,4537.484,4537.812,90109300,3040968704.0000
2026-07-30 10:34:00,4537.177,4537.177,4533.611,4534.658,89183500,2637201408.0000
2026-07-30 10:35:00,4534.667,4534.667,4532.250,4532.250,105631800,3066593280.0000
2026-07-30 10:36:00,4531.630,4533.101,4530.560,4530.560,97480700,3226173440.0000
2026-07-30 10:37:00,4530.256,4530.256,4527.233,4528.878,108278900,3415080960.0000
2026-07-30 10:38:00,4529.492,4530.994,4527.861,4530.994,95714500,3610116096.0000
2026-07-30 10:39:00,4530.687,4530.687,4527.230,4527.487,101610100,2736652288.0000
2026-07-30 10:40:00,4527.830,4529.052,4527.822,4528.128,102896300,2810052608.0000
2026-07-30 10:41:00,4528.396,4532.578,4528.339,4529.974,91082900,2742026240.0000
2026-07-30 10:42:00,4530.649,4536.353,4530.649,4535.400,105692600,2565111808.0000
2026-07-30 10:43:00,4534.703,4534.703,4530.112,4531.174,119641500,2731638784.0000
2026-07-30 10:44:00,4531.029,4531.056,4526.803,4526.803,80974600,2367488000.0000
2026-07-30 10:45:00,4526.416,4527.265,4524.976,4526.100,85641500,2566520832.0000
2026-07-30 10:46:00,4526.751,4530.963,4526.709,4530.494,80027900,2544238592.0000
2026-07-30 10:47:00,4529.783,4529.783,4524.012,4524.776,93757500,2332360704.0000
2026-07-30 10:48:00,4524.998,4528.103,4524.707,4527.805,60414100,1737195520.0000
2026-07-30 10:49:00,4528.540,4531.590,4527.327,4527.327,84916800,2276098048.0000
2026-07-30 10:50:00,4527.225,4527.393,4524.667,4526.040,63163000,1824915456.0000
2026-07-30 10:51:00,4525.308,4525.308,4520.927,4524.370,105108000,2389409792.0000
2026-07-30 10:52:00,4524.699,4524.699,4522.576,4523.895,69907700,1828913152.0000
2026-07-30 10:53:00,4524.294,4524.294,4519.148,4519.537,62211100,1901068288.0000
2026-07-30 10:54:00,4518.973,4520.025,4515.934,4515.934,69458100,2287370240.0000
2026-07-30 10:55:00,4515.877,4515.877,4512.762,4512.762,66872300,2230616064.0000
2026-07-30 10:56:00,4512.512,4512.847,4511.510,4511.510,75954300,2655813632.0000
2026-07-30 10:57:00,4511.583,4511.715,4510.393,4510.596,71140200,2652471296.0000
2026-07-30 10:58:00,4509.941,4510.033,4506.373,4506.373,74755200,2955902976.0000
2026-07-30 10:59:00,4506.753,4509.567,4506.295,4508.788,72393500,2705850368.0000
2026-07-30 11:00:00,4509.088,4510.662,4507.294,4510.662,68893000,2126282752.0000
2026-07-30 11:01:00,4510.338,4510.338,4504.462,4504.462,96423700,2514190336.0000
2026-07-30 11:02:00,4504.522,4506.723,4504.115,4505.961,76264400,2477490176.0000
2026-07-30 11:03:00,4505.889,4512.097,4505.474,4512.097,73989500,2444427264.0000
2026-07-30 11:04:00,4511.830,4512.836,4509.288,4512.367,100358000,2368405504.0000
2026-07-30 11:05:00,4512.289,4514.493,4512.289,4514.216,126955700,2348810240.0000
2026-07-30 11:06:00,4514.500,4517.368,4513.625,4517.368,84269300,2210856960.0000
2026-07-30 11:07:00,4518.352,4526.490,4518.352,4526.490,82238600,2313977856.0000
2026-07-30 11:08:00,4526.729,4526.747,4521.864,4522.438,97072100,2798583808.0000
2026-07-30 11:09:00,4521.314,4521.314,4516.584,4516.584,67192400,1646690304.0000
2026-07-30 11:10:00,4517.156,4518.474,4514.657,4515.325,64890900,1859026944.0000
2026-07-30 11:11:00,4515.338,4517.703,4514.103,4514.309,73267000,1961132032.0000
2026-07-30 11:12:00,4514.140,4514.140,4510.671,4511.318,71375800,2168750080.0000
2026-07-30 11:13:00,4511.122,4512.843,4508.015,4508.015,76885900,2108588032.0000
2026-07-30 11:14:00,4508.135,4511.273,4508.135,4510.795,64380400,1955332096.0000
2026-07-30 11:15:00,4510.552,4510.552,4507.161,4507.609,67559700,2054324224.0000
2026-07-30 11:16:00,4507.333,4509.471,4507.333,4507.480,59439100,1847721984.0000
2026-07-30 11:17:00,4507.786,4510.932,4507.786,4509.093,62927000,1919254528.0000
2026-07-30 11:18:00,4509.158,4509.491,4507.907,4507.907,50536400,1492025344.0000
2026-07-30 11:19:00,4507.936,4507.936,4504.567,4504.567,81594500,2088075264.0000
2026-07-30 11:20:00,4504.679,4504.679,4501.928,4502.631,87654400,2513600512.0000
2026-07-30 11:21:00,4503.722,4504.689,4501.816,4501.816,89593800,2178088960.0000
2026-07-30 11:22:00,4502.078,4502.078,4500.171,4500.262,81082500,2391900160.0000
2026-07-30 11:23:00,4500.230,4501.984,4499.229,4501.984,76562100,2191032320.0000
2026-07-30 11:24:00,4501.691,4512.064,4501.691,4511.904,105260300,2614525952.0000
2026-07-30 11:25:00,4510.839,4510.839,4505.697,4505.697,69022000,1807122432.0000
2026-07-30 11:26:00,4507.818,4508.876,4504.932,4504.932,64541400,1758920704.0000
2026-07-30 11:27:00,4505.001,4505.001,4501.489,4501.865,58679900,2010415104.0000
2026-07-30 11:28:00,4501.706,4501.706,4499.694,4500.191,58863900,2242347008.0000
2026-07-30 11:29:00,4499.981,4502.087,4499.821,4501.201,63125700,2032271360.0000
2026-07-30 11:30:00,4501.028,4501.577,4498.414,4500.160,67877500,2081882112.0000
2026-07-30 13:01:00,4498.824,4498.824,4490.175,4490.175,261202900,7266402304.0000
2026-07-30 13:02:00,4489.918,4490.505,4484.293,4484.293,119675200,3609657344.0000
2026-07-30 13:03:00,4484.484,4486.446,4482.311,4482.311,116705200,3283746816.0000
2026-07-30 13:04:00,4482.704,4482.704,4478.290,4478.290,114910900,3566010368.0000
2026-07-30 13:05:00,4478.209,4484.486,4478.209,4482.993,107887200,3528982528.0000
2026-07-30 13:06:00,4482.706,4488.271,4482.669,4487.622,116293400,2949087232.0000
2026-07-30 13:07:00,4488.133,4494.753,4488.133,4493.842,133497700,3058663424.0000
2026-07-30 13:08:00,4493.688,4505.431,4493.688,4505.431,106439200,3323527168.0000
2026-07-30 13:09:00,4506.389,4510.832,4506.389,4510.722,125466400,3800891392.0000
2026-07-30 13:10:00,4510.918,4518.440,4510.918,4516.016,106153100,3731914752.0000
2026-07-30 13:11:00,4516.450,4516.630,4512.248,4516.343,94057500,2839937024.0000
2026-07-30 13:12:00,4515.548,4515.548,4507.267,4507.414,80825600,2377842688.0000
2026-07-30 13:13:00,4507.897,4507.897,4504.088,4504.088,72052000,2039447552.0000
2026-07-30 13:14:00,4503.656,4513.289,4503.025,4511.650,72327700,2454159360.0000
2026-07-30 13:15:00,4511.388,4513.975,4509.963,4513.388,65217500,2137522176.0000
2026-07-30 13:16:00,4513.373,4516.020,4510.826,4510.826,69226900,2091712512.0000
2026-07-30 13:17:00,4510.895,4510.895,4505.719,4507.970,85916200,2242838528.0000
2026-07-30 13:18:00,4507.800,4507.800,4503.674,4504.168,75697900,1976270848.0000
2026-07-30 13:19:00,4504.400,4505.813,4501.106,4505.813,79521600,2036170752.0000
2026-07-30 13:20:00,4507.292,4511.746,4507.292,4511.746,71582300,2089353216.0000
2026-07-30 13:21:00,4511.892,4515.177,4510.281,4514.772,74073100,2152136704.0000
2026-07-30 13:22:00,4514.677,4525.213,4514.677,4525.213,99557000,2652078080.0000
2026-07-30 13:23:00,4525.882,4535.127,4525.882,4535.127,119704900,3693772800.0000
2026-07-30 13:24:00,4535.241,4542.139,4535.241,4541.949,103805500,4537319424.0000
2026-07-30 13:25:00,4542.916,4544.144,4540.634,4541.874,122469300,4235460608.0000
2026-07-30 13:26:00,4542.162,4546.604,4542.152,4542.438,156407000,5161025536.0000
2026-07-30 13:27:00,4541.843,4543.799,4540.174,4543.429,137428200,4605149184.0000
2026-07-30 13:28:00,4543.214,4548.514,4543.214,4544.229,125406100,4300144640.0000
2026-07-30 13:29:00,4543.870,4552.658,4543.870,4550.745,125032400,3634364416.0000
2026-07-30 13:30:00,4551.435,4555.696,4551.435,4554.507,119848900,3560374272.0000
2026-07-30 13:31:00,4554.275,4554.275,4545.065,4545.065,136183500,3423797248.0000
2026-07-30 13:32:00,4544.059,4544.059,4540.212,4542.904,139109700,2928345088.0000
2026-07-30 13:33:00,4542.546,4542.546,4539.521,4540.832,88640800,2402811904.0000
2026-07-30 13:34:00,4541.285,4547.418,4541.285,4544.586,92744100,2653159424.0000
2026-07-30 13:35:00,4543.867,4547.031,4542.559,4544.367,77979200,2241069056.0000
2026-07-30 13:36:00,4543.823,4544.904,4542.339,4542.339,61059600,1877540864.0000
2026-07-30 13:37:00,4542.102,4542.102,4534.586,4534.678,91776200,2059796480.0000
2026-07-30 13:38:00,4534.091,4534.100,4529.310,4530.244,74471600,1972436992.0000
2026-07-30 13:39:00,4530.037,4530.037,4527.395,4528.990,92326300,2206007296.0000
2026-07-30 13:40:00,4529.877,4530.693,4528.242,4530.269,77726300,2083586048.0000
2026-07-30 13:41:00,4530.533,4537.228,4530.533,4536.484,80036800,2122514432.0000
2026-07-30 13:42:00,4536.365,4537.870,4534.611,4537.870,71193800,1813250048.0000
2026-07-30 13:43:00,4538.310,4540.040,4538.310,4539.532,65885500,1885995008.0000
2026-07-30 13:44:00,4540.771,4547.300,4540.771,4545.946,106525200,2585919488.0000
2026-07-30 13:45:00,4546.565,4547.022,4544.014,4544.014,60785700,1924399104.0000
2026-07-30 13:46:00,4544.576,4552.320,4544.576,4550.995,85529000,2414280704.0000
2026-07-30 13:47:00,4551.825,4557.920,4551.825,4557.746,73187100,2580807680.0000
2026-07-30 13:48:00,4557.874,4561.224,4557.795,4558.661,94679500,2959278080.0000
2026-07-30 13:49:00,4558.569,4559.204,4556.369,4558.975,64810200,2381643776.0000
2026-07-30 13:50:00,4558.108,4558.108,4550.819,4550.819,58367200,1821638656.0000
2026-07-30 13:51:00,4551.701,4551.701,4548.173,4548.173,52381000,1561526272.0000
2026-07-30 13:52:00,4546.845,4547.166,4542.072,4542.347,65058200,1691484160.0000
2026-07-30 13:53:00,4542.624,4545.613,4542.573,4545.146,52286100,1514012672.0000
2026-07-30 13:54:00,4546.180,4557.336,4546.180,4555.966,64925400,2023161856.0000
2026-07-30 13:55:00,4555.462,4558.906,4555.462,4558.036,52953300,1981546496.0000
2026-07-30 13:56:00,4557.783,4558.744,4553.372,4554.785,59272400,1984561152.0000
2026-07-30 13:57:00,4554.319,4561.674,4554.316,4561.636,48158600,1934557184.0000
2026-07-30 13:58:00,4561.789,4564.235,4560.686,4564.008,60522600,2397044736.0000
2026-07-30 13:59:00,4563.916,4563.916,4560.323,4560.323,57458100,2227372032.0000
2026-07-30 14:00:00,4560.415,4560.415,4557.851,4558.328,59428600,1732050944.0000
2026-07-30 14:01:00,4557.926,4557.926,4552.512,4552.967,86991100,2259746816.0000
2026-07-30 14:02:00,4552.976,4560.393,4552.412,4556.790,104686900,2521038848.0000
2026-07-30 14:03:00,4557.720,4559.559,4557.720,4559.107,50061900,1608253440.0000
2026-07-30 14:04:00,4558.679,4559.125,4557.364,4558.734,57645900,1822490624.0000
2026-07-30 14:05:00,4558.798,4563.804,4558.566,4563.804,47589900,1740046336.0000
2026-07-30 14:06:00,4564.640,4568.271,4564.640,4567.978,65635800,2421686272.0000
2026-07-30 14:07:00,4567.848,4570.931,4567.848,4570.208,66016100,2523529216.0000
2026-07-30 14:08:00,4570.746,4572.489,4570.746,4572.473,63406300,2240348160.0000
2026-07-30 14:09:00,4571.711,4572.569,4567.276,4567.432,72876900,2651127808.0000
2026-07-30 14:10:00,4567.649,4569.897,4566.514,4569.897,71970900,2340880384.0000
2026-07-30 14:11:00,4569.436,4572.357,4568.503,4570.640,64975100,2416181248.0000
2026-07-30 14:12:00,4570.403,4570.440,4563.998,4564.018,80333900,2309488640.0000
2026-07-30 14:13:00,4564.102,4564.525,4561.745,4563.921,58107000,2038759424.0000
2026-07-30 14:14:00,4564.076,4564.076,4563.154,4563.514,67056000,1927938048.0000
2026-07-30 14:15:00,4563.483,4566.667,4563.137,4565.954,64350300,1917976576.0000
2026-07-30 14:16:00,4566.109,4568.542,4565.730,4567.669,64268000,1923350528.0000
2026-07-30 14:17:00,4567.120,4569.437,4566.667,4569.043,67729600,1721892864.0000
2026-07-30 14:18:00,4569.984,4575.140,4569.984,4575.140,74012200,1968242688.0000
2026-07-30 14:19:00,4575.388,4580.560,4575.362,4580.560,73870000,2230255616.0000
2026-07-30 14:20:00,4580.576,4584.131,4580.371,4584.131,91729300,3247767552.0000
2026-07-30 14:21:00,4584.663,4588.346,4584.663,4588.000,109664700,3784245248.0000
2026-07-30 14:22:00,4587.891,4592.163,4587.891,4592.163,94406000,3352100864.0000
2026-07-30 14:23:00,4591.977,4594.003,4591.662,4592.909,99554500,3838705664.0000
2026-07-30 14:24:00,4593.112,4593.112,4585.812,4585.812,98968800,3023175680.0000
2026-07-30 14:25:00,4585.392,4589.690,4584.815,4589.195,77259200,2479292416.0000
2026-07-30 14:26:00,4589.332,4589.525,4584.676,4584.837,73506700,2232614912.0000
2026-07-30 14:27:00,4584.443,4584.443,4577.611,4577.807,106003600,2204958720.0000
2026-07-30 14:28:00,4577.609,4578.840,4576.192,4578.409,85996300,2151874560.0000
2026-07-30 14:29:00,4578.758,4579.132,4576.499,4576.508,73636000,1971716096.0000
2026-07-30 14:30:00,4577.068,4583.335,4577.068,4583.335,81204800,2106654720.0000
2026-07-30 14:31:00,4583.201,4588.879,4583.201,4586.197,162066300,2955018240.0000
2026-07-30 14:32:00,4586.699,4586.699,4585.187,4585.187,103983900,2136145920.0000
2026-07-30 14:33:00,4584.451,4584.451,4575.630,4575.630,97489600,2152529920.0000
2026-07-30 14:34:00,4575.972,4575.972,4570.897,4570.939,80411000,2075459584.0000
2026-07-30 14:35:00,4570.717,4572.450,4568.264,4572.450,99140900,2645098496.0000
2026-07-30 14:36:00,4573.034,4573.034,4568.157,4568.157,80574400,2274951168.0000
2026-07-30 14:37:00,4567.933,4567.933,4562.417,4562.417,93456400,2329411584.0000
2026-07-30 14:38:00,4562.368,4562.392,4558.905,4560.189,76088800,2210594816.0000
2026-07-30 14:39:00,4559.753,4559.957,4557.392,4557.392,83611300,2183856128.0000
2026-07-30 14:40:00,4557.751,4558.197,4557.267,4557.850,79552700,2383609856.0000
2026-07-30 14:41:00,4557.988,4559.794,4557.901,4558.045,94967000,2639659008.0000
2026-07-30 14:42:00,4558.378,4558.431,4557.592,4557.950,93632900,2505900032.0000
2026-07-30 14:43:00,4557.349,4557.475,4554.227,4554.227,92147700,2270560256.0000
2026-07-30 14:44:00,4554.430,4557.360,4553.454,4557.360,113901300,2935357440.0000
2026-07-30 14:45:00,4556.949,4558.274,4555.966,4555.966,128102500,2779906048.0000
2026-07-30 14:46:00,4555.395,4556.231,4554.709,4554.709,98505400,2554920960.0000
2026-07-30 14:47:00,4554.309,4554.615,4553.456,4553.456,103034200,2773680128.0000
2026-07-30 14:48:00,4553.132,4553.554,4550.194,4550.194,106631300,2963931136.0000
2026-07-30 14:49:00,4549.811,4549.811,4546.793,4546.946,109461000,2963537920.0000
2026-07-30 14:50:00,4546.190,4548.113,4544.959,4544.959,134430400,3462660096.0000
2026-07-30 14:51:00,4544.487,4547.713,4544.345,4547.471,141233300,3427598336.0000
2026-07-30 14:52:00,4547.789,4550.352,4547.420,4550.352,120767900,2914648064.0000
2026-07-30 14:53:00,4550.665,4552.085,4550.561,4551.575,132544000,3117154304.0000
2026-07-30 14:54:00,4551.739,4551.739,4546.992,4546.992,145027200,3413704704.0000
2026-07-30 14:55:00,4546.713,4546.713,4543.929,4544.348,145091700,3557949440.0000
2026-07-30 14:56:00,4544.320,4544.618,4543.420,4543.639,170563300,4182507520.0000
2026-07-30 14:57:00,4544.055,4544.055,4541.357,4541.357,182163300,4350803968.0000
2026-07-30 14:58:00,4540.998,4540.998,4540.881,4540.881,8754900,249233408.0000
2026-07-30 15:00:00,4548.196,4549.720,4548.196,4549.720,322338300,8394244096.0000
2026-07-31 09:31:00,4623.854,4623.854,4617.568,4617.568,1485847900,55376089088.0000
2026-07-31 09:32:00,4617.530,4621.688,4615.875,4621.688,691881400,25717772288.0000
2026-07-31 09:33:00,4621.560,4621.560,4615.083,4619.122,619367800,23707426816.0000
2026-07-31 09:34:00,4619.122,4619.122,4610.520,4611.075,507392700,17119428608.0000
2026-07-31 09:35:00,4610.727,4610.804,4607.932,4608.648,374888700,13044293632.0000
2026-07-31 09:36:00,4608.292,4608.395,4604.382,4604.417,343055000,12252176384.0000
2026-07-31 09:37:00,4604.430,4605.102,4601.674,4601.674,314290200,11176624128.0000
2026-07-31 09:38:00,4601.518,4608.531,4599.906,4608.531,278446300,10204315648.0000
2026-07-31 09:39:00,4609.338,4618.061,4609.338,4614.874,280322400,9956294656.0000
2026-07-31 09:40:00,4614.972,4619.009,4614.912,4618.127,275114700,8766668800.0000
2026-07-31 09:41:00,4617.735,4619.940,4617.550,4617.551,381498400,10235592704.0000
2026-07-31 09:42:00,4617.324,4620.208,4617.099,4620.014,436715900,11209490432.0000
2026-07-31 09:43:00,4620.785,4622.348,4619.287,4622.348,339561600,10371596288.0000
2026-07-31 09:44:00,4622.626,4623.608,4618.545,4621.665,280569000,8046460928.0000
2026-07-31 09:45:00,4621.762,4623.707,4621.339,4623.707,238053000,7582957568.0000
2026-07-31 09:46:00,4623.090,4628.148,4623.090,4627.665,287047400,8205680640.0000
2026-07-31 09:47:00,4627.515,4634.014,4627.515,4632.970,255698400,9607282688.0000
2026-07-31 09:48:00,4632.031,4632.031,4629.566,4631.246,266417200,8051163136.0000
2026-07-31 09:49:00,4631.373,4633.289,4630.980,4630.980,237860800,6914195456.0000
2026-07-31 09:50:00,4630.664,4630.664,4627.803,4630.029,266754600,6690062336.0000
2026-07-31 09:51:00,4629.818,4631.826,4629.777,4630.764,202762900,6027100160.0000
2026-07-31 09:52:00,4631.226,4633.457,4630.724,4631.412,205927000,6562086912.0000
2026-07-31 09:53:00,4631.988,4632.484,4630.333,4632.102,207765100,6167527424.0000
2026-07-31 09:54:00,4632.192,4632.192,4626.316,4627.292,303875600,6561333248.0000
2026-07-31 09:55:00,4627.173,4630.900,4627.173,4630.900,220034100,5447680000.0000
2026-07-31 09:56:00,4631.138,4631.937,4630.951,4631.462,172527200,4491935744.0000
2026-07-31 09:57:00,4631.876,4633.868,4630.719,4630.719,173868600,5252349952.0000
2026-07-31 09:58:00,4630.838,4631.746,4630.250,4630.294,261945700,5409472512.0000
2026-07-31 09:59:00,4629.948,4631.074,4629.194,4631.074,194373900,4850286592.0000
2026-07-31 10:00:00,4631.264,4633.619,4630.056,4632.799,208895500,5847875584.0000
2026-07-31 10:01:00,4633.318,4635.589,4633.023,4634.985,192861100,5284659200.0000
2026-07-31 10:02:00,4635.065,4635.065,4630.331,4630.331,195003800,5064065024.0000
2026-07-31 10:03:00,4630.739,4634.039,4630.232,4634.039,224718300,5170331648.0000
2026-07-31 10:04:00,4634.281,4634.509,4631.370,4631.370,224615800,6300565504.0000
2026-07-31 10:05:00,4631.231,4631.231,4627.674,4627.853,176600700,5137039360.0000
2026-07-31 10:06:00,4628.005,4630.938,4626.824,4630.731,156928300,4828758016.0000
2026-07-31 10:07:00,4630.786,4632.476,4630.786,4631.645,146939100,4541448192.0000
2026-07-31 10:08:00,4631.876,4632.258,4630.118,4631.147,154643800,4723015680.0000
2026-07-31 10:09:00,4630.558,4631.076,4628.668,4628.668,133689100,4683497472.0000
2026-07-31 10:10:00,4629.029,4630.369,4628.480,4629.441,114304100,3963846656.0000
2026-07-31 10:11:00,4629.315,4631.300,4629.315,4631.294,146474300,4028366848.0000
2026-07-31 10:12:00,4631.650,4631.783,4630.140,4630.205,129935700,3820552192.0000
2026-07-31 10:13:00,4629.630,4630.019,4624.876,4625.244,140922600,3852173312.0000
2026-07-31 10:14:00,4625.314,4625.314,4623.604,4624.163,107056400,3502669824.0000
2026-07-31 10:15:00,4624.141,4624.728,4623.721,4624.366,136727400,3585146880.0000
2026-07-31 10:16:00,4624.347,4624.347,4620.924,4620.990,134781000,4070604800.0000
2026-07-31 10:17:00,4620.967,4621.639,4617.680,4617.909,144647400,7232421888.0000
2026-07-31 10:18:00,4617.712,4619.729,4617.435,4617.963,133188300,5228789760.0000
2026-07-31 10:19:00,4618.084,4618.138,4614.228,4616.381,117366300,5162270720.0000
2026-07-31 10:20:00,4616.084,4623.055,4616.084,4623.055,120509700,4190666752.0000
2026-07-31 10:21:00,4622.627,4625.703,4621.535,4624.140,129937100,4541677568.0000
2026-07-31 10:22:00,4624.628,4624.628,4620.366,4620.366,103042100,3481206784.0000
2026-07-31 10:23:00,4619.607,4619.607,4616.512,4618.459,136513500,4737433600.0000
2026-07-31 10:24:00,4618.632,4618.632,4613.849,4613.849,100961600,4078075904.0000
2026-07-31 10:25:00,4613.795,4615.581,4613.640,4614.470,94933900,4296998912.0000
2026-07-31 10:26:00,4614.110,4617.077,4614.110,4616.520,109733100,3926163456.0000
2026-07-31 10:27:00,4617.079,4617.191,4613.027,4613.073,92429000,3205005312.0000
2026-07-31 10:28:00,4613.540,4613.540,4610.210,4611.418,96127100,3555655680.0000
2026-07-31 10:29:00,4611.703,4615.642,4610.885,4614.748,84305500,2827485184.0000
2026-07-31 10:30:00,4614.636,4615.052,4612.164,4612.388,79683900,2674884608.0000
2026-07-31 10:31:00,4612.496,4613.958,4611.342,4612.145,91956300,2675376128.0000
2026-07-31 10:32:00,4612.091,4612.803,4610.619,4611.001,81918100,2880012288.0000
2026-07-31 10:33:00,4610.882,4610.882,4608.757,4610.178,75524500,2898886656.0000
2026-07-31 10:34:00,4609.895,4611.794,4608.832,4611.754,97294700,3482320896.0000
2026-07-31 10:35:00,4611.927,4611.927,4608.501,4609.024,68841600,2604466176.0000
2026-07-31 10:36:00,4608.363,4610.959,4607.851,4610.959,102315600,2522382336.0000
2026-07-31 10:37:00,4610.903,4611.372,4607.641,4609.292,86450600,2587197440.0000
2026-07-31 10:38:00,4609.551,4610.081,4604.279,4604.279,63356000,2142994432.0000
2026-07-31 10:39:00,4603.708,4603.708,4602.323,4602.431,86431700,2815524864.0000
2026-07-31 10:40:00,4602.638,4602.961,4601.637,4602.064,82819000,2556559360.0000
2026-07-31 10:41:00,4601.545,4608.010,4601.305,4608.010,75003300,2457108480.0000
2026-07-31 10:42:00,4607.972,4607.972,4604.646,4605.438,57989000,1933934592.0000
2026-07-31 10:43:00,4605.812,4609.153,4605.812,4608.700,68379600,2118549504.0000
2026-07-31 10:44:00,4608.959,4613.585,4608.959,4613.585,62301600,2110947328.0000
2026-07-31 10:45:00,4614.100,4614.964,4612.231,4612.231,62315100,2166784000.0000
2026-07-31 10:46:00,4612.094,4614.827,4611.528,4614.026,76288800,2237988864.0000
2026-07-31 10:47:00,4613.871,4613.871,4609.203,4611.085,56937400,1881374720.0000
2026-07-31 10:48:00,4610.668,4610.668,4606.709,4606.709,71178300,2013593600.0000
2026-07-31 10:49:00,4606.759,4607.051,4603.942,4604.623,61962400,1870659584.0000
2026-07-31 10:50:00,4604.477,4604.506,4601.564,4601.564,64197000,2162786304.0000
2026-07-31 10:51:00,4601.236,4601.236,4599.378,4600.664,75462400,2662629376.0000
2026-07-31 10:52:00,4600.377,4601.367,4598.951,4600.109,61657000,2017132544.0000
2026-07-31 10:53:00,4600.231,4605.751,4600.231,4605.751,65819400,1915486208.0000
2026-07-31 10:54:00,4606.258,4607.600,4605.685,4606.061,67132700,2023882752.0000
2026-07-31 10:55:00,4605.693,4607.521,4605.693,4606.571,62626800,1949630464.0000
2026-07-31 10:56:00,4606.415,4609.275,4606.254,4608.415,94595600,2511339520.0000
2026-07-31 10:57:00,4608.733,4613.338,4608.478,4612.577,54363600,2064089088.0000
2026-07-31 10:58:00,4612.278,4613.413,4611.458,4612.477,54214900,1694498816.0000
2026-07-31 10:59:00,4612.495,4612.623,4608.927,4609.591,61612500,1844346880.0000
2026-07-31 11:00:00,4610.093,4610.289,4608.347,4608.491,73217200,2095349760.0000
2026-07-31 11:01:00,4608.443,4609.494,4607.935,4608.654,84265700,2329444352.0000
2026-07-31 11:02:00,4608.670,4609.833,4607.909,4609.188,136549000,2545451008.0000
2026-07-31 11:03:00,4609.107,4609.667,4607.395,4607.541,108004400,2203746304.0000
2026-07-31 11:04:00,4607.459,4607.459,4604.175,4604.575,75917600,2876506112.0000
2026-07-31 11:05:00,4604.027,4604.061,4601.417,4601.417,68630600,2381905920.0000
2026-07-31 11:06:00,4601.229,4601.229,4598.895,4600.284,76931200,2669215744.0000
2026-07-31 11:07:00,4600.687,4601.599,4598.822,4601.537,57927100,1820229632.0000
2026-07-31 11:08:00,4601.180,4601.715,4597.478,4597.478,63921800,1922072576.0000
2026-07-31 11:09:00,4597.135,4599.085,4597.135,4598.276,55998100,1743978496.0000
2026-07-31 11:10:00,4597.995,4598.071,4595.247,4595.503,75839700,2330984448.0000
2026-07-31 11:11:00,4595.402,4595.522,4592.735,4594.679,83862100,2474377216.0000
2026-07-31 11:12:00,4594.279,4597.136,4593.955,4595.731,93172200,2061303808.0000
2026-07-31 11:13:00,4596.379,4596.379,4591.989,4592.231,69814500,2080833536.0000
2026-07-31 11:14:00,4592.114,4592.114,4589.134,4589.134,89474400,2245787648.0000
2026-07-31 11:15:00,4588.954,4591.183,4588.534,4590.579,63402500,2042757120.0000
2026-07-31 11:16:00,4590.038,4592.235,4590.038,4592.235,55303900,1666187264.0000
2026-07-31 11:17:00,4592.868,4597.545,4592.868,4597.545,62035800,1921581056.0000
2026-07-31 11:18:00,4598.285,4602.235,4598.212,4598.353,55249900,1958477824.0000
2026-07-31 11:19:00,4598.014,4598.886,4595.830,4596.127,45862500,1346961408.0000
2026-07-31 11:20:00,4596.253,4601.584,4594.792,4601.584,52127400,1622474752.0000
2026-07-31 11:21:00,4601.866,4605.710,4601.866,4603.963,63974200,2032074752.0000
2026-07-31 11:22:00,4604.065,4604.782,4602.139,4604.675,48406700,1735524352.0000
2026-07-31 11:23:00,4604.597,4606.053,4601.556,4603.183,48698800,1868038144.0000
2026-07-31 11:24:00,4603.730,4603.730,4597.720,4597.720,69552400,1843462144.0000
2026-07-31 11:25:00,4597.655,4597.712,4593.910,4594.787,54112500,1460273152.0000
2026-07-31 11:26:00,4594.938,4598.018,4594.502,4596.771,69791500,1392115712.0000
2026-07-31 11:27:00,4596.872,4601.709,4596.872,4601.709,56622300,1213792256.0000
2026-07-31 11:28:00,4601.810,4606.055,4601.687,4605.713,55938700,1587019776.0000
2026-07-31 11:29:00,4606.121,4606.121,4603.789,4605.755,40875300,1467678720.0000
2026-07-31 11:30:00,4605.707,4607.025,4603.809,4605.920,45589600,1519452160.0000
2026-07-31 13:01:00,4608.846,4616.197,4608.582,4608.582,185702000,5699469312.0000
2026-07-31 13:02:00,4607.539,4610.390,4607.539,4609.790,76989800,2568290304.0000
2026-07-31 13:03:00,4608.662,4608.662,4605.713,4605.729,58945300,1872363520.0000
2026-07-31 13:04:00,4604.509,4605.036,4601.626,4604.874,62305500,1860042752.0000
2026-07-31 13:05:00,4604.703,4606.586,4603.752,4606.431,51330100,1649475584.0000
2026-07-31 13:06:00,4606.922,4609.729,4606.691,4607.567,62112400,2034630656.0000
2026-07-31 13:07:00,4607.773,4610.337,4606.740,4607.305,49925800,1809973248.0000
2026-07-31 13:08:00,4608.022,4608.401,4605.908,4605.908,47966700,1682112512.0000
2026-07-31 13:09:00,4605.703,4605.703,4602.341,4602.341,45274700,1345060864.0000
2026-07-31 13:10:00,4602.584,4603.306,4601.442,4601.469,57548900,1533476864.0000
2026-07-31 13:11:00,4601.593,4602.974,4600.913,4601.465,59168500,1527775232.0000
2026-07-31 13:12:00,4601.574,4601.574,4600.125,4600.646,49407700,1468399616.0000
2026-07-31 13:13:00,4600.864,4601.138,4598.133,4601.138,56649100,1741881344.0000
2026-07-31 13:14:00,4601.422,4602.836,4600.919,4602.633,64808900,1625882624.0000
2026-07-31 13:15:00,4602.124,4605.388,4602.016,4605.178,55349700,1550974976.0000
2026-07-31 13:16:00,4605.346,4607.790,4604.399,4607.370,56900600,1658847232.0000
2026-07-31 13:17:00,4607.775,4611.686,4607.775,4611.686,73250200,2279931904.0000
2026-07-31 13:18:00,4611.661,4613.864,4610.475,4613.589,72945300,2386558976.0000
2026-07-31 13:19:00,4612.971,4613.599,4609.974,4610.406,61809600,1992556544.0000
2026-07-31 13:20:00,4610.730,4613.051,4610.730,4613.051,57664400,1932722176.0000
2026-07-31 13:21:00,4613.426,4617.395,4613.426,4617.395,76290700,2315059200.0000
2026-07-31 13:22:00,4617.639,4617.944,4614.625,4615.807,81385400,2656960512.0000
2026-07-31 13:23:00,4615.560,4615.560,4612.817,4612.905,66966100,2124087296.0000
2026-07-31 13:24:00,4612.680,4614.566,4612.522,4613.085,70768600,1991376896.0000
2026-07-31 13:25:00,4612.583,4612.583,4610.060,4610.060,60218800,1772683264.0000
2026-07-31 13:26:00,4609.969,4609.969,4607.792,4608.843,49992900,1564737536.0000
2026-07-31 13:27:00,4608.712,4608.844,4606.130,4607.218,89522100,1763966976.0000
2026-07-31 13:28:00,4607.424,4607.497,4605.893,4606.364,85612100,1924464640.0000
2026-07-31 13:29:00,4606.502,4607.856,4606.095,4607.856,48580000,1380974592.0000
2026-07-31 13:30:00,4607.923,4609.334,4607.923,4608.799,57579800,1651048448.0000
2026-07-31 13:31:00,4608.428,4608.428,4604.650,4604.650,60791200,1726349312.0000
2026-07-31 13:32:00,4604.544,4605.022,4603.523,4603.523,62913100,1654063104.0000
2026-07-31 13:33:00,4603.589,4604.181,4602.467,4602.467,54253500,1415315456.0000
2026-07-31 13:34:00,4601.311,4604.922,4601.311,4604.922,59061000,1569718272.0000
2026-07-31 13:35:00,4605.413,4605.771,4603.597,4603.940,57020700,1635909632.0000
2026-07-31 13:36:00,4603.769,4604.788,4603.187,4604.767,66329500,1759051776.0000
2026-07-31 13:37:00,4605.123,4606.175,4602.310,4602.769,60183500,1650917376.0000
2026-07-31 13:38:00,4602.253,4603.747,4601.996,4603.608,48998800,1353449472.0000
2026-07-31 13:39:00,4603.577,4604.237,4602.283,4603.228,48882300,1448542208.0000
2026-07-31 13:40:00,4603.555,4605.687,4603.555,4605.687,47943600,1346895872.0000
2026-07-31 13:41:00,4605.920,4606.245,4605.065,4605.858,57551000,1369964544.0000
2026-07-31 13:42:00,4605.712,4607.163,4605.171,4605.855,55560400,1451425792.0000
2026-07-31 13:43:00,4606.054,4606.371,4605.240,4605.904,57196600,1399521280.0000
2026-07-31 13:44:00,4605.896,4607.383,4605.896,4607.383,46545300,1352335360.0000
2026-07-31 13:45:00,4607.387,4608.054,4605.391,4606.149,71374500,1546125312.0000
2026-07-31 13:46:00,4606.394,4607.962,4605.975,4607.962,70454400,1633091584.0000
2026-07-31 13:47:00,4608.005,4608.278,4605.740,4605.983,100953300,1937702912.0000
2026-07-31 13:48:00,4605.878,4607.114,4605.878,4606.422,47815600,1250623488.0000
2026-07-31 13:49:00,4606.212,4606.766,4606.034,4606.607,48219100,1256980480.0000
2026-07-31 13:50:00,4606.979,4609.090,4606.363,4608.957,51995600,1437073408.0000
2026-07-31 13:51:00,4608.409,4608.902,4607.083,4607.225,47348300,1398079488.0000
2026-07-31 13:52:00,4607.306,4608.599,4605.970,4606.327,46638600,1333133312.0000
2026-07-31 13:53:00,4606.105,4606.649,4603.975,4605.201,65276300,1559298048.0000
2026-07-31 13:54:00,4605.169,4605.488,4604.471,4604.840,66386800,1318846464.0000
2026-07-31 13:55:00,4606.064,4606.991,4605.355,4605.627,57335100,1385103360.0000
2026-07-31 13:56:00,4606.129,4606.342,4604.383,4605.153,50392800,1365966848.0000
2026-07-31 13:57:00,4604.957,4605.697,4603.552,4603.552,60548100,1548484608.0000
2026-07-31 13:58:00,4603.862,4604.180,4602.546,4603.770,72911000,1748500480.0000
2026-07-31 13:59:00,4603.660,4607.178,4603.660,4607.178,69619600,1575747584.0000
2026-07-31 14:00:00,4607.231,4608.317,4606.659,4607.883,57749000,1392443392.0000
2026-07-31 14:01:00,4607.811,4609.017,4606.778,4608.455,111113200,2000814080.0000
2026-07-31 14:02:00,4608.451,4610.141,4607.418,4607.418,80843600,1627848704.0000
2026-07-31 14:03:00,4607.945,4608.636,4605.980,4606.701,56835200,1449066496.0000
2026-07-31 14:04:00,4606.828,4606.828,4605.034,4606.751,72475500,1481768960.0000
2026-07-31 14:05:00,4606.820,4607.228,4604.916,4605.369,55550400,1407778816.0000
2026-07-31 14:06:00,4605.481,4605.847,4604.412,4604.412,58994800,1326972928.0000
2026-07-31 14:07:00,4604.624,4606.431,4604.164,4606.059,53754400,1402535936.0000
2026-07-31 14:08:00,4605.920,4605.920,4604.941,4604.948,56474200,1370030080.0000
2026-07-31 14:09:00,4604.882,4605.265,4604.052,4604.066,53429800,1607729152.0000
2026-07-31 14:10:00,4604.001,4604.001,4602.771,4602.771,65528800,1447100416.0000
2026-07-31 14:11:00,4603.097,4603.217,4602.312,4602.412,102532400,1989083136.0000
2026-07-31 14:12:00,4602.566,4602.566,4601.331,4601.431,74809300,1802895360.0000
2026-07-31 14:13:00,4600.909,4602.785,4600.909,4601.206,82671000,2040791040.0000
2026-07-31 14:14:00,4601.165,4601.787,4600.823,4601.537,58805000,1562705920.0000
2026-07-31 14:15:00,4600.951,4601.101,4600.376,4600.552,59627500,1517420544.0000
2026-07-31 14:16:00,4600.434,4600.434,4596.899,4596.899,83164500,1898053632.0000
2026-07-31 14:17:00,4596.819,4598.783,4596.819,4598.783,60774600,1587740672.0000
2026-07-31 14:18:00,4599.132,4599.132,4598.089,4598.342,58519000,1432223744.0000
2026-07-31 14:19:00,4598.456,4600.187,4597.928,4600.163,72113200,1646395392.0000
2026-07-31 14:20:00,4600.399,4602.256,4600.399,4602.024,75097500,1659830272.0000
2026-07-31 14:21:00,4602.289,4603.464,4600.948,4603.464,75105700,1846935552.0000
2026-07-31 14:22:00,4603.810,4604.948,4603.795,4604.539,91462900,1924268032.0000
2026-07-31 14:23:00,4604.657,4608.435,4604.316,4608.435,88504300,2236350464.0000
2026-07-31 14:24:00,4608.338,4608.870,4607.460,4608.305,81692600,1882718208.0000
2026-07-31 14:25:00,4608.437,4612.174,4608.437,4612.174,84339800,2009399296.0000
2026-07-31 14:26:00,4612.304,4612.510,4611.030,4611.167,77634000,1965031424.0000
2026-07-31 14:27:00,4611.357,4611.357,4610.673,4610.689,57383500,1452081152.0000
2026-07-31 14:28:00,4610.688,4612.885,4610.269,4612.846,65197200,1726414848.0000
2026-07-31 14:29:00,4613.145,4616.241,4613.145,4615.663,84510800,2154627072.0000
2026-07-31 14:30:00,4615.901,4616.056,4615.502,4615.502,66818200,1617494016.0000
2026-07-31 14:31:00,4614.844,4614.844,4608.698,4608.926,111826800,2345140224.0000
2026-07-31 14:32:00,4608.857,4608.857,4603.762,4603.860,87285800,1942028288.0000
2026-07-31 14:33:00,4603.987,4604.261,4603.096,4603.591,72484100,1750269952.0000
2026-07-31 14:34:00,4603.503,4604.830,4603.503,4604.007,69273200,1786707968.0000
2026-07-31 14:35:00,4603.989,4606.694,4603.989,4606.552,77664600,1744961536.0000
2026-07-31 14:36:00,4606.585,4610.280,4606.585,4610.280,100302600,2176647168.0000
2026-07-31 14:37:00,4610.007,4610.007,4608.264,4608.264,83806100,2051866624.0000
2026-07-31 14:38:00,4608.283,4609.314,4608.214,4609.220,81352400,2101149696.0000
2026-07-31 14:39:00,4609.427,4610.393,4609.427,4609.834,72714700,2054488064.0000
2026-07-31 14:40:00,4609.922,4609.922,4607.595,4608.334,80366700,2087976960.0000
2026-07-31 14:41:00,4608.408,4608.408,4605.803,4606.197,105103400,2756182016.0000
2026-07-31 14:42:00,4605.838,4606.079,4604.201,4604.201,87486500,2720661504.0000
2026-07-31 14:43:00,4604.040,4604.067,4601.349,4603.120,123531600,3610771456.0000
2026-07-31 14:44:00,4603.014,4603.014,4600.922,4600.922,91802900,2606956544.0000
2026-07-31 14:45:00,4600.900,4600.900,4597.190,4597.881,139868900,3608281088.0000
2026-07-31 14:46:00,4597.714,4597.786,4596.156,4596.156,112678100,2944466944.0000
2026-07-31 14:47:00,4595.762,4595.762,4593.633,4593.816,109508600,3226796032.0000
2026-07-31 14:48:00,4593.497,4596.592,4593.497,4596.592,101577600,3299606528.0000
2026-07-31 14:49:00,4596.561,4596.674,4595.000,4595.669,107462800,2936406016.0000
2026-07-31 14:50:00,4595.341,4595.358,4592.763,4593.901,128298200,3447062528.0000
2026-07-31 14:51:00,4593.432,4593.432,4591.777,4591.959,135657900,3283484672.0000
2026-07-31 14:52:00,4591.602,4592.465,4591.602,4592.384,122550900,3372744704.0000
2026-07-31 14:53:00,4592.213,4592.748,4591.973,4591.973,132377200,3306356736.0000
2026-07-31 14:54:00,4591.839,4593.354,4591.835,4592.781,126639800,3574005760.0000
2026-07-31 14:55:00,4592.841,4592.989,4591.669,4592.050,148859300,3731095552.0000
2026-07-31 14:56:00,4591.798,4592.786,4591.733,4592.690,164260300,4418961408.0000
2026-07-31 14:57:00,4592.796,4593.516,4592.440,4593.250,200620700,4940496896.0000
2026-07-31 14:58:00,4593.625,4593.645,4593.625,4593.645,8668400,283443200.0000
2026-07-31 15:00:00,4590.906,4590.906,4588.197,4588.197,449002400,9729277952.0000
2026-08-03 09:31:00,4561.817,4563.495,4556.087,4557.787,890558600,23474065408.0000
2026-08-03 09:32:00,4558.888,4567.090,4558.888,4562.445,537307500,14274494464.0000
2026-08-03 09:33:00,4562.269,4572.226,4561.663,4570.323,348935100,10428919808.0000
2026-08-03 09:34:00,4570.059,4572.588,4569.459,4570.179,299939400,9335078912.0000
2026-08-03 09:35:00,4570.112,4570.811,4566.527,4566.527,271661400,8378245120.0000
2026-08-03 09:36:00,4566.360,4570.559,4566.094,4567.440,352139100,9267372032.0000
2026-08-03 09:37:00,4567.456,4570.370,4567.456,4568.874,314718600,7750803456.0000
2026-08-03 09:38:00,4569.219,4570.714,4562.129,4562.129,262459600,7596482560.0000
2026-08-03 09:39:00,4561.976,4562.028,4558.641,4558.788,284710800,8265064448.0000
2026-08-03 09:40:00,4557.779,4557.779,4553.407,4553.407,278429900,8198062080.0000
2026-08-03 09:41:00,4553.471,4554.561,4551.957,4552.530,291610600,7725146112.0000
2026-08-03 09:42:00,4551.983,4551.983,4546.669,4548.221,277516600,8959377408.0000
2026-08-03 09:43:00,4549.157,4550.050,4544.889,4548.947,240729500,7158726656.0000
2026-08-03 09:44:00,4549.471,4552.010,4544.768,4544.768,194612000,5514330112.0000
2026-08-03 09:45:00,4544.940,4544.979,4541.615,4542.073,220840800,6203850752.0000
2026-08-03 09:46:00,4542.473,4543.931,4541.418,4542.144,235455700,6545342464.0000
2026-08-03 09:47:00,4541.800,4546.093,4539.250,4545.730,270092500,7007371264.0000
2026-08-03 09:48:00,4545.037,4552.646,4545.037,4552.569,280624900,6470483968.0000
2026-08-03 09:49:00,4552.296,4553.081,4551.420,4551.420,213249000,5370347520.0000
2026-08-03 09:50:00,4551.051,4555.368,4551.031,4555.161,219676400,5087428608.0000
2026-08-03 09:51:00,4556.013,4556.013,4551.689,4552.177,163544900,4423925760.0000
2026-08-03 09:52:00,4552.725,4561.180,4552.725,4559.676,182720800,5023858688.0000
2026-08-03 09:53:00,4559.601,4559.980,4554.343,4554.343,150101400,4575461376.0000
2026-08-03 09:54:00,4554.151,4554.151,4552.684,4552.757,129948800,3982082048.0000
2026-08-03 09:55:00,4553.155,4558.515,4552.641,4558.348,151242500,4036247552.0000
2026-08-03 09:56:00,4557.962,4562.025,4557.315,4561.744,155815200,4422418432.0000
2026-08-03 09:57:00,4561.801,4562.517,4559.438,4559.992,144796400,3681091584.0000
2026-08-03 09:58:00,4559.753,4560.760,4555.950,4555.950,129251800,3666280448.0000
2026-08-03 09:59:00,4556.212,4561.306,4555.283,4558.985,155593600,3696164864.0000
2026-08-03 10:00:00,4558.068,4563.661,4557.940,4562.204,170208200,3708076032.0000
2026-08-03 10:01:00,4561.901,4566.046,4561.901,4564.817,187531900,4637425664.0000
2026-08-03 10:02:00,4564.735,4564.735,4559.891,4560.568,168750300,4046209024.0000
2026-08-03 10:03:00,4561.022,4563.459,4561.022,4562.310,150024800,3602251776.0000
2026-08-03 10:04:00,4562.765,4565.329,4562.469,4563.192,142500200,3617783808.0000
2026-08-03 10:05:00,4564.390,4564.881,4560.410,4561.281,110985800,3243163648.0000
2026-08-03 10:06:00,4561.316,4562.363,4559.693,4562.363,151075900,3434840064.0000
2026-08-03 10:07:00,4562.126,4562.718,4558.624,4558.624,204695300,3681402880.0000
2026-08-03 10:08:00,4558.909,4558.909,4553.833,4553.898,122188100,2990964736.0000
2026-08-03 10:09:00,4553.999,4556.993,4553.746,4556.521,107821000,3017064448.0000
2026-08-03 10:10:00,4556.237,4556.705,4554.181,4554.843,116586600,3170402304.0000
2026-08-03 10:11:00,4555.537,4559.061,4555.537,4558.601,143643200,3674030080.0000
2026-08-03 10:12:00,4558.396,4558.396,4554.608,4555.528,129476700,3246964736.0000
2026-08-03 10:13:00,4555.496,4556.689,4550.806,4550.806,121154500,3436216320.0000
2026-08-03 10:14:00,4551.757,4557.067,4551.757,4557.003,131013200,3485630464.0000
2026-08-03 10:15:00,4556.727,4556.999,4553.583,4555.938,133326300,3093987328.0000
2026-08-03 10:16:00,4556.015,4556.115,4550.276,4550.621,119889300,2902179840.0000
2026-08-03 10:17:00,4551.014,4551.241,4549.167,4549.176,109947700,2761326592.0000
2026-08-03 10:18:00,4549.422,4551.896,4549.416,4551.518,111391900,3003858944.0000
2026-08-03 10:19:00,4551.797,4553.800,4551.358,4553.800,116952900,3002466304.0000
2026-08-03 10:20:00,4554.124,4554.448,4552.263,4552.531,99548900,2856419328.0000
2026-08-03 10:21:00,4552.553,4560.401,4552.226,4560.314,136578400,3231318016.0000
2026-08-03 10:22:00,4559.909,4559.909,4555.689,4555.852,91090400,2450554880.0000
2026-08-03 10:23:00,4556.328,4556.328,4552.564,4553.788,76818500,2519007232.0000
2026-08-03 10:24:00,4554.302,4554.302,4551.626,4553.478,91854900,3092119552.0000
2026-08-03 10:25:00,4552.965,4552.965,4550.256,4550.256,88929600,2667577344.0000
2026-08-03 10:26:00,4550.422,4550.658,4547.028,4547.230,97876700,2642182144.0000
2026-08-03 10:27:00,4547.128,4547.988,4546.237,4546.237,100868600,2601713664.0000
2026-08-03 10:28:00,4546.285,4547.273,4545.746,4545.847,75545700,2061860864.0000
2026-08-03 10:29:00,4546.264,4546.264,4542.647,4542.647,82010600,2283503616.0000
2026-08-03 10:30:00,4542.793,4543.358,4541.093,4541.093,97802700,2475360256.0000
2026-08-03 10:31:00,4540.837,4542.471,4540.797,4541.263,93113400,2778759168.0000
2026-08-03 10:32:00,4541.059,4541.059,4539.089,4539.673,84505100,2302607360.0000
2026-08-03 10:33:00,4539.652,4544.427,4539.652,4542.798,94933000,2462547968.0000
2026-08-03 10:34:00,4542.968,4545.227,4542.530,4544.658,93013800,2173173760.0000
2026-08-03 10:35:00,4546.408,4549.549,4545.410,4549.549,86227200,2054488064.0000
2026-08-03 10:36:00,4549.674,4550.742,4547.501,4549.357,73928200,1987739648.0000
2026-08-03 10:37:00,4549.221,4553.586,4549.221,4553.046,98613500,2553708544.0000
2026-08-03 10:38:00,4553.327,4555.238,4553.327,4553.650,93872100,2796650496.0000
2026-08-03 10:39:00,4553.209,4553.312,4548.361,4548.361,72961700,2168487936.0000
2026-08-03 10:40:00,4548.081,4549.450,4546.963,4548.083,76159200,1777860608.0000
2026-08-03 10:41:00,4547.961,4550.276,4545.949,4548.154,102089300,2047049728.0000
2026-08-03 10:42:00,4548.584,4550.123,4547.304,4550.123,72535400,1647968256.0000
2026-08-03 10:43:00,4550.820,4557.026,4550.820,4557.026,73795800,1787592704.0000
2026-08-03 10:44:00,4557.237,4558.479,4554.650,4554.650,68041600,1877737472.0000
2026-08-03 10:45:00,4554.618,4554.618,4553.293,4553.453,51068200,1352695808.0000
2026-08-03 10:46:00,4553.132,4553.132,4551.961,4552.291,54286000,1414004736.0000
2026-08-03 10:47:00,4552.856,4555.860,4550.014,4550.051,72193700,1768390656.0000
2026-08-03 10:48:00,4550.334,4550.792,4548.392,4549.059,86838200,1674510336.0000
2026-08-03 10:49:00,4548.979,4548.979,4547.588,4548.369,120851500,1961525248.0000
2026-08-03 10:50:00,4548.443,4549.235,4548.128,4548.128,61915200,1623490560.0000
2026-08-03 10:51:00,4548.490,4549.273,4546.214,4547.948,63667000,1545437184.0000
2026-08-03 10:52:00,4548.158,4549.068,4546.575,4547.168,55742100,1367080960.0000
2026-08-03 10:53:00,4547.355,4551.105,4547.215,4549.754,92431000,1972895744.0000
2026-08-03 10:54:00,4549.799,4552.903,4549.737,4550.026,48176100,1454211072.0000
2026-08-03 10:55:00,4550.089,4551.641,4548.164,4551.381,67326500,1647575040.0000
2026-08-03 10:56:00,4551.250,4551.485,4549.769,4549.769,45904400,1209663488.0000
2026-08-03 10:57:00,4549.560,4551.769,4547.998,4551.769,64829200,1727266816.0000
2026-08-03 10:58:00,4552.017,4558.162,4551.684,4558.162,62392100,2057338880.0000
2026-08-03 10:59:00,4558.808,4562.579,4558.430,4561.368,70706500,2349662208.0000
2026-08-03 11:00:00,4561.502,4562.238,4559.783,4559.975,64252100,2085617664.0000
2026-08-03 11:01:00,4560.167,4565.135,4560.167,4565.135,75993200,2366636032.0000
2026-08-03 11:02:00,4565.534,4567.711,4564.767,4565.415,79883300,2933194752.0000
2026-08-03 11:03:00,4564.907,4566.434,4561.588,4562.110,65721600,2446688256.0000
2026-08-03 11:04:00,4561.917,4561.917,4558.826,4559.477,86359500,2152464384.0000
2026-08-03 11:05:00,4559.052,4560.850,4559.039,4559.092,52658200,1635844096.0000
2026-08-03 11:06:00,4558.804,4558.804,4555.603,4557.968,66343100,1802469376.0000
2026-08-03 11:07:00,4557.552,4557.552,4553.538,4553.538,48038600,1367769088.0000
2026-08-03 11:08:00,4553.401,4553.401,4551.724,4551.862,48923600,1577353216.0000
2026-08-03 11:09:00,4551.792,4553.260,4551.109,4551.109,46665500,1442119680.0000
2026-08-03 11:10:00,4550.490,4551.306,4549.621,4551.174,86146400,1707835392.0000
2026-08-03 11:11:00,4550.979,4553.964,4550.395,4553.964,84418500,1871937536.0000
2026-08-03 11:12:00,4554.173,4554.190,4549.377,4549.377,61256000,1458569216.0000
2026-08-03 11:13:00,4549.493,4550.079,4549.414,4549.414,50453600,1272053760.0000
2026-08-03 11:14:00,4549.427,4553.416,4549.427,4553.261,47746500,1362296832.0000
2026-08-03 11:15:00,4553.094,4553.094,4550.685,4550.685,44276100,1173356544.0000
2026-08-03 11:16:00,4550.546,4551.769,4548.986,4549.071,55515000,1487732736.0000
2026-08-03 11:17:00,4548.930,4551.653,4548.539,4549.680,64837600,1531117568.0000
2026-08-03 11:18:00,4550.116,4552.343,4549.135,4549.135,50774600,1293746176.0000
2026-08-03 11:19:00,4548.996,4551.593,4548.825,4551.593,44746900,1147174912.0000
2026-08-03 11:20:00,4552.001,4553.780,4551.762,4552.925,71752500,1976958976.0000
2026-08-03 11:21:00,4554.171,4555.182,4552.938,4553.213,48532400,1374027776.0000
2026-08-03 11:22:00,4552.891,4552.891,4549.949,4550.405,48538100,1379106816.0000
2026-08-03 11:23:00,4550.541,4551.074,4548.340,4551.074,46038400,1239613440.0000
2026-08-03 11:24:00,4551.370,4554.134,4550.728,4552.763,54256600,1501691904.0000
2026-08-03 11:25:00,4552.911,4556.494,4552.911,4555.474,72272200,1890648064.0000
2026-08-03 11:26:00,4554.992,4557.861,4554.834,4555.824,83551500,2088271872.0000
2026-08-03 11:27:00,4554.777,4555.041,4550.923,4550.923,58093200,1481900032.0000
2026-08-03 11:28:00,4551.096,4553.478,4550.455,4553.478,47627300,1299349504.0000
2026-08-03 11:29:00,4554.428,4556.605,4554.428,4555.362,48307000,1321336832.0000
2026-08-03 11:30:00,4555.234,4557.371,4554.621,4554.621,48116900,1337655296.0000
2026-08-03 13:01:00,4556.046,4556.768,4554.979,4555.693,171038800,3895721984.0000
2026-08-03 13:02:00,4555.733,4559.567,4555.733,4558.341,73350200,2107146240.0000
2026-08-03 13:03:00,4558.373,4560.352,4558.368,4560.352,54276700,1800175616.0000
2026-08-03 13:04:00,4560.105,4560.604,4558.092,4558.092,55956700,1735065600.0000
2026-08-03 13:05:00,4558.250,4559.278,4556.053,4556.053,60412000,1938161664.0000
2026-08-03 13:06:00,4555.899,4556.264,4553.204,4553.262,61286700,1737621504.0000
2026-08-03 13:07:00,4553.484,4555.061,4553.141,4553.493,61467700,1589608448.0000
2026-08-03 13:08:00,4553.626,4553.626,4550.786,4551.465,50172200,1652424704.0000
2026-08-03 13:09:00,4551.655,4551.767,4548.871,4548.871,64632000,1711636480.0000
2026-08-03 13:10:00,4549.208,4552.136,4548.347,4551.298,57056600,1599012864.0000
2026-08-03 13:11:00,4550.229,4552.165,4549.496,4551.678,51674700,1379106816.0000
2026-08-03 13:12:00,4551.403,4551.403,4547.649,4548.288,48689900,1343750144.0000
2026-08-03 13:13:00,4548.172,4553.324,4548.172,4553.261,49657500,1257832448.0000
2026-08-03 13:14:00,4553.467,4553.537,4551.894,4551.894,41892000,1061847040.0000
2026-08-03 13:15:00,4551.546,4552.110,4549.739,4549.739,41406300,1040187392.0000
2026-08-03 13:16:00,4549.713,4551.079,4548.492,4549.919,65896900,1532428288.0000
2026-08-03 13:17:00,4549.830,4549.830,4547.824,4547.971,44155200,1099038720.0000
2026-08-03 13:18:00,4548.169,4548.169,4545.640,4545.640,58554500,1446739968.0000
2026-08-03 13:19:00,4545.978,4545.978,4544.815,4544.815,47859700,1298333696.0000
2026-08-03 13:20:00,4544.650,4546.088,4543.969,4544.002,59069000,1420886016.0000
2026-08-03 13:21:00,4543.918,4544.394,4542.669,4543.018,67984800,1831239680.0000
2026-08-03 13:22:00,4543.332,4545.804,4542.954,4545.804,42669400,1401454592.0000
2026-08-03 13:23:00,4545.678,4546.981,4545.209,4545.494,45265600,1082884096.0000
2026-08-03 13:24:00,4545.714,4546.599,4545.029,4546.374,39061500,1003683840.0000
2026-08-03 13:25:00,4546.252,4547.084,4544.434,4544.434,45415400,1259372544.0000
2026-08-03 13:26:00,4544.597,4546.024,4544.118,4544.118,64984800,1588985856.0000
2026-08-03 13:27:00,4544.083,4544.396,4542.740,4542.740,54633800,1459486720.0000
2026-08-03 13:28:00,4542.721,4542.818,4541.942,4541.942,44041200,1471610880.0000
2026-08-03 13:29:00,4542.099,4543.115,4541.970,4543.106,47944600,1242300416.0000
2026-08-03 13:30:00,4543.110,4543.580,4543.065,4543.167,41225400,1107197952.0000
2026-08-03 13:31:00,4543.262,4544.263,4542.563,4544.263,57155700,1435795456.0000
2026-08-03 13:32:00,4544.358,4544.740,4541.938,4541.938,60872500,1574928384.0000
2026-08-03 13:33:00,4541.697,4541.697,4539.453,4540.316,59819300,1667399680.0000
2026-08-03 13:34:00,4540.262,4540.400,4539.187,4540.221,44566400,1298726912.0000
2026-08-03 13:35:00,4540.147,4541.443,4539.713,4539.739,68924400,1467908096.0000
2026-08-03 13:36:00,4539.821,4539.821,4537.466,4537.466,55296500,1583906816.0000
2026-08-03 13:37:00,4537.617,4538.266,4536.779,4536.822,65652300,1518895104.0000
2026-08-03 13:38:00,4536.837,4539.930,4536.754,4539.930,63415000,1574043648.0000
2026-08-03 13:39:00,4539.915,4539.915,4537.806,4538.393,56125700,1233715200.0000
2026-08-03 13:40:00,4537.990,4538.007,4535.705,4535.705,45557900,1281064960.0000
2026-08-03 13:41:00,4535.978,4537.374,4535.293,4537.322,58487300,1627979776.0000
2026-08-03 13:42:00,4536.974,4538.177,4536.974,4537.814,49855900,1159102464.0000
2026-08-03 13:43:00,4537.756,4539.126,4537.756,4538.369,46869700,1328349184.0000
2026-08-03 13:44:00,4538.639,4542.133,4538.639,4541.452,76263100,1588461568.0000
2026-08-03 13:45:00,4541.410,4541.488,4539.211,4539.545,44851300,1208451072.0000
2026-08-03 13:46:00,4539.386,4539.561,4538.726,4538.726,47751400,1157070848.0000
2026-08-03 13:47:00,4538.763,4539.460,4538.548,4539.460,43403100,1161003008.0000
2026-08-03 13:48:00,4539.184,4539.349,4538.659,4539.113,44536600,1162215424.0000
2026-08-03 13:49:00,4539.109,4540.633,4539.031,4539.088,37769500,1156317184.0000
2026-08-03 13:50:00,4539.154,4539.238,4538.322,4538.450,45415400,1229914112.0000
2026-08-03 13:51:00,4538.596,4539.285,4538.059,4539.132,49940400,1232207872.0000
2026-08-03 13:52:00,4539.423,4541.529,4539.357,4541.166,52250800,1212416000.0000
2026-08-03 13:53:00,4540.784,4542.868,4540.784,4542.404,93989500,1556054016.0000
2026-08-03 13:54:00,4542.456,4542.456,4540.771,4540.771,58051200,1251868672.0000
2026-08-03 13:55:00,4540.802,4540.802,4539.271,4539.345,62000900,1359609856.0000
2026-08-03 13:56:00,4539.408,4539.622,4538.964,4538.964,43758000,1144291328.0000
2026-08-03 13:57:00,4539.101,4540.408,4538.808,4539.584,40107900,1329004544.0000
2026-08-03 13:58:00,4539.716,4539.854,4537.487,4537.643,58422700,1827667968.0000
2026-08-03 13:59:00,4537.286,4537.420,4536.550,4536.793,57120500,2126348288.0000
2026-08-03 14:00:00,4536.821,4536.880,4535.703,4535.703,54308100,1606189056.0000
2026-08-03 14:01:00,4535.605,4535.962,4535.200,4535.498,79778500,1858207744.0000
2026-08-03 14:02:00,4535.332,4535.795,4533.994,4535.795,75664000,1990885376.0000
2026-08-03 14:03:00,4535.186,4535.909,4534.877,4535.872,55836300,1384316928.0000
2026-08-03 14:04:00,4535.708,4535.901,4533.524,4533.524,61434500,1619132416.0000
2026-08-03 14:05:00,4533.473,4533.753,4532.847,4532.851,44639600,1430290432.0000
2026-08-03 14:06:00,4532.606,4534.302,4532.490,4534.047,49594900,1490255872.0000
2026-08-03 14:07:00,4533.667,4533.882,4532.262,4532.964,48575300,1810694144.0000
2026-08-03 14:08:00,4532.770,4533.274,4530.581,4530.581,77102100,2340192256.0000
2026-08-03 14:09:00,4530.388,4531.651,4529.186,4529.485,55747700,1890287616.0000
2026-08-03 14:10:00,4529.533,4530.912,4529.275,4529.991,51424300,1686863872.0000
2026-08-03 14:11:00,4530.453,4535.824,4530.453,4535.448,79402300,2212757504.0000
2026-08-03 14:12:00,4535.909,4537.274,4535.378,4537.274,51774200,1471643648.0000
2026-08-03 14:13:00,4538.082,4538.445,4536.989,4537.692,62381900,1771765760.0000
2026-08-03 14:14:00,4538.007,4542.369,4537.569,4542.273,60977300,1762787328.0000
2026-08-03 14:15:00,4542.026,4543.256,4541.229,4543.256,59882700,1609924608.0000
2026-08-03 14:16:00,4543.684,4544.146,4540.670,4540.670,82808200,1966374912.0000
2026-08-03 14:17:00,4540.432,4540.432,4538.942,4539.271,49085900,1357742080.0000
2026-08-03 14:18:00,4539.356,4541.706,4539.117,4541.650,54797400,1330315264.0000
2026-08-03 14:19:00,4541.612,4542.009,4540.397,4540.397,60819700,1444249600.0000
2026-08-03 14:20:00,4540.430,4540.469,4539.554,4540.159,48124000,1286144000.0000
2026-08-03 14:21:00,4540.146,4540.997,4540.088,4540.384,57016300,1318518784.0000
2026-08-03 14:22:00,4540.431,4542.464,4540.198,4542.039,60051400,1543864320.0000
2026-08-03 14:23:00,4542.408,4549.278,4542.408,4549.278,83087500,1937833984.0000
2026-08-03 14:24:00,4549.496,4549.696,4548.929,4549.212,62866400,1737949184.0000
2026-08-03 14:25:00,4549.129,4552.458,4549.129,4551.707,83560900,1853456384.0000
2026-08-03 14:26:00,4552.174,4553.828,4552.174,4552.776,73813200,1935802368.0000
2026-08-03 14:27:00,4552.532,4553.177,4550.336,4550.513,65365500,1886224384.0000
2026-08-03 14:28:00,4550.235,4551.437,4550.091,4551.126,58700100,1457160192.0000
2026-08-03 14:29:00,4551.298,4551.394,4550.055,4550.055,56364400,1312817152.0000
2026-08-03 14:30:00,4549.952,4549.952,4545.637,4545.637,66691300,1475674112.0000
2026-08-03 14:31:00,4545.503,4547.181,4545.393,4547.066,66791000,1616379904.0000
2026-08-03 14:32:00,4546.939,4546.939,4544.306,4544.306,66221900,1572339712.0000
2026-08-03 14:33:00,4543.810,4543.810,4540.857,4540.857,63393500,1745158144.0000
2026-08-03 14:34:00,4540.860,4541.433,4539.842,4541.297,66399000,1651572736.0000
2026-08-03 14:35:00,4541.950,4542.084,4540.090,4540.365,53460300,1460142080.0000
2026-08-03 14:36:00,4540.340,4542.247,4540.340,4540.971,66901800,1700659200.0000
2026-08-03 14:37:00,4540.688,4541.057,4538.969,4540.538,63648700,1664876544.0000
2026-08-03 14:38:00,4539.983,4540.167,4538.448,4538.448,55132300,1547960320.0000
2026-08-03 14:39:00,4538.791,4539.686,4538.269,4538.344,66897800,1994915840.0000
2026-08-03 14:40:00,4538.325,4538.389,4536.623,4536.962,74882300,1978204160.0000
2026-08-03 14:41:00,4536.897,4537.905,4536.466,4536.466,72420800,2032533504.0000
2026-08-03 14:42:00,4536.355,4536.755,4535.753,4536.755,66444100,1857617920.0000
2026-08-03 14:43:00,4537.071,4537.734,4536.307,4536.590,74481300,1828978688.0000
2026-08-03 14:44:00,4536.846,4538.513,4536.807,4536.962,74732100,1903820800.0000
2026-08-03 14:45:00,4537.077,4538.206,4536.965,4537.627,71949200,1819803648.0000
2026-08-03 14:46:00,4537.735,4539.514,4537.267,4539.402,88274500,2253193216.0000
2026-08-03 14:47:00,4539.434,4540.127,4538.810,4539.911,74805400,1988886528.0000
2026-08-03 14:48:00,4539.941,4540.365,4538.492,4538.492,82733400,2071789568.0000
2026-08-03 14:49:00,4538.582,4538.822,4537.025,4537.354,94974300,2333474816.0000
2026-08-03 14:50:00,4537.741,4539.890,4537.635,4539.890,98256800,2481717248.0000
2026-08-03 14:51:00,4539.408,4540.570,4538.812,4539.678,98623300,2609381376.0000
2026-08-03 14:52:00,4539.859,4542.126,4539.859,4540.995,104536100,2645491712.0000
2026-08-03 14:53:00,4540.985,4541.070,4539.259,4539.259,107111400,2559705088.0000
2026-08-03 14:54:00,4539.595,4539.642,4538.953,4539.598,102888600,2691629056.0000
2026-08-03 14:55:00,4539.653,4539.653,4538.400,4538.985,109325600,2742878208.0000
2026-08-03 14:56:00,4538.555,4539.530,4538.336,4538.956,134142600,3362062336.0000
2026-08-03 14:57:00,4539.199,4539.307,4538.370,4538.370,144187500,3479044096.0000
2026-08-03 14:58:00,4538.640,4538.640,4538.295,4538.295,7196600,193396736.0000
2026-08-03 15:00:00,4540.945,4543.178,4540.945,4543.178,231222400,5928321024.0000
2026-08-04 09:31:00,4566.943,4569.106,4566.692,4567.342,630422900,22522605568.0000
2026-08-04 09:32:00,4566.637,4566.637,4561.026,4561.924,428355000,15011971072.0000
2026-08-04 09:33:00,4561.411,4561.411,4558.594,4558.948,270937100,9734856704.0000
2026-08-04 09:34:00,4558.907,4562.455,4556.328,4556.328,216592400,8171859968.0000
2026-08-04 09:35:00,4556.389,4560.467,4555.247,4560.467,227148700,7534440448.0000
2026-08-04 09:36:00,4561.203,4564.951,4560.641,4564.151,384861100,8427565056.0000
2026-08-04 09:37:00,4563.798,4571.974,4563.798,4571.974,274297200,8245624832.0000
2026-08-04 09:38:00,4572.057,4572.925,4570.345,4570.345,253662900,7968194560.0000
2026-08-04 09:39:00,4570.032,4570.032,4565.404,4567.461,195947700,6482763776.0000
2026-08-04 09:40:00,4567.669,4568.927,4566.207,4567.891,182708400,5896142848.0000
2026-08-04 09:41:00,4567.643,4569.185,4561.538,4561.538,320018100,8404189184.0000
2026-08-04 09:42:00,4561.890,4561.890,4559.532,4560.347,210889000,6081314816.0000
2026-08-04 09:43:00,4561.228,4562.694,4561.228,4562.203,265102400,7472250880.0000
2026-08-04 09:44:00,4561.775,4562.278,4560.343,4560.726,297939700,8311848960.0000
2026-08-04 09:45:00,4560.654,4562.504,4559.802,4561.596,258566200,7574568960.0000
2026-08-04 09:46:00,4561.250,4565.922,4561.250,4561.674,227474800,6145933312.0000
2026-08-04 09:47:00,4561.728,4565.623,4561.728,4565.072,166939600,5846417408.0000
2026-08-04 09:48:00,4565.264,4569.956,4565.264,4569.956,216593400,6665076736.0000
2026-08-04 09:49:00,4570.183,4570.183,4567.672,4567.672,203843200,6408241152.0000
2026-08-04 09:50:00,4567.617,4569.681,4566.682,4569.109,166125900,5602623488.0000
2026-08-04 09:51:00,4569.084,4575.255,4569.084,4575.255,169109100,6619299840.0000
2026-08-04 09:52:00,4575.421,4576.856,4575.163,4575.163,146080900,5537513472.0000
2026-08-04 09:53:00,4574.851,4575.908,4573.420,4575.195,154809300,4615716864.0000
2026-08-04 09:54:00,4575.189,4578.268,4575.082,4577.000,152675700,4631134208.0000
2026-08-04 09:55:00,4577.547,4579.030,4577.547,4578.592,161997100,4898914304.0000
2026-08-04 09:56:00,4578.345,4578.345,4576.374,4577.177,258793400,6035079168.0000
2026-08-04 09:57:00,4577.028,4578.100,4575.359,4576.008,150121800,4930420736.0000
2026-08-04 09:58:00,4575.684,4577.997,4575.671,4577.997,259113800,6110691328.0000
2026-08-04 09:59:00,4578.155,4578.155,4576.327,4576.327,219521500,5892898816.0000
2026-08-04 10:00:00,4576.768,4576.911,4569.888,4569.888,195316700,5513297920.0000
2026-08-04 10:01:00,4569.345,4569.345,4567.136,4567.136,178505700,5441929216.0000
2026-08-04 10:02:00,4566.731,4570.264,4566.731,4569.955,195174500,5461704704.0000
2026-08-04 10:03:00,4569.608,4569.692,4563.316,4563.316,142997600,4788469760.0000
2026-08-04 10:04:00,4563.185,4565.919,4563.065,4565.085,135162900,4987404288.0000
2026-08-04 10:05:00,4565.398,4565.398,4560.814,4561.750,136504500,4437852160.0000
2026-08-04 10:06:00,4561.903,4562.940,4560.307,4562.285,151653500,4311531520.0000
2026-08-04 10:07:00,4562.317,4566.852,4562.188,4564.988,146747100,3846569984.0000
2026-08-04 10:08:00,4564.940,4566.030,4563.710,4566.030,125152500,3325591552.0000
2026-08-04 10:09:00,4566.131,4570.272,4566.093,4569.591,93081800,2910322688.0000
2026-08-04 10:10:00,4569.603,4571.531,4569.140,4569.140,93289100,3002810368.0000
2026-08-04 10:11:00,4569.068,4569.068,4564.967,4564.967,112987600,3154034688.0000
2026-08-04 10:12:00,4564.997,4564.997,4562.400,4564.022,143144700,3887333376.0000
2026-08-04 10:13:00,4563.917,4567.705,4563.917,4565.172,118115000,3468722176.0000
2026-08-04 10:14:00,4565.763,4566.766,4564.902,4566.507,95282900,2840166400.0000
2026-08-04 10:15:00,4566.050,4566.328,4563.381,4566.328,132548500,3149529088.0000
2026-08-04 10:16:00,4566.562,4566.883,4565.339,4566.883,96715400,2411692032.0000
2026-08-04 10:17:00,4566.550,4567.411,4564.226,4564.684,98898500,2398978048.0000
2026-08-04 10:18:00,4565.013,4565.356,4563.565,4565.356,81975700,2234351616.0000
2026-08-04 10:19:00,4565.341,4568.811,4565.073,4568.608,64950700,2027126784.0000
2026-08-04 10:20:00,4567.880,4571.016,4567.880,4570.826,78470700,3325296640.0000
2026-08-04 10:21:00,4570.989,4571.723,4569.726,4569.887,101863400,2801532928.0000
2026-08-04 10:22:00,4569.432,4570.088,4566.592,4566.592,76607900,2548563968.0000
2026-08-04 10:23:00,4566.716,4567.335,4565.601,4565.601,73302300,2193457152.0000
2026-08-04 10:24:00,4565.913,4566.788,4564.718,4564.718,63490100,1944027136.0000
2026-08-04 10:25:00,4564.980,4565.471,4562.370,4562.370,71755600,1976958976.0000
2026-08-04 10:26:00,4562.361,4562.361,4560.831,4561.754,78476600,2183430144.0000
2026-08-04 10:27:00,4562.382,4566.626,4562.382,4566.626,76855000,2301001728.0000
2026-08-04 10:28:00,4566.658,4568.560,4565.901,4567.601,68610200,2367586304.0000
2026-08-04 10:29:00,4567.933,4569.234,4567.347,4568.196,57655300,2041872384.0000
2026-08-04 10:30:00,4567.980,4568.947,4567.426,4567.469,83762200,1885274112.0000
2026-08-04 10:31:00,4567.201,4568.835,4566.946,4568.347,107319100,2212888576.0000
2026-08-04 10:32:00,4568.396,4569.844,4568.298,4569.154,172825900,2977333248.0000
2026-08-04 10:33:00,4569.480,4569.480,4568.068,4568.273,82891700,2162229248.0000
2026-08-04 10:34:00,4567.757,4567.757,4565.874,4566.122,77858800,1888124928.0000
2026-08-04 10:35:00,4566.023,4567.937,4566.023,4567.445,63830000,1812365312.0000
2026-08-04 10:36:00,4567.135,4570.338,4567.125,4570.238,70215800,1883832320.0000
2026-08-04 10:37:00,4570.388,4573.562,4570.237,4571.981,66888000,2285010944.0000
2026-08-04 10:38:00,4571.794,4574.119,4571.794,4573.677,64535300,1950908416.0000
2026-08-04 10:39:00,4573.898,4574.044,4571.900,4572.328,86953900,2418704384.0000
2026-08-04 10:40:00,4572.274,4572.828,4571.985,4572.167,111444900,2627895296.0000
2026-08-04 10:41:00,4572.180,4574.985,4572.180,4574.025,94532900,2834104320.0000
2026-08-04 10:42:00,4573.012,4573.012,4568.628,4568.990,84594600,2140504064.0000
2026-08-04 10:43:00,4568.850,4569.760,4566.720,4569.141,73397600,1958871040.0000
2026-08-04 10:44:00,4568.876,4570.899,4568.876,4570.714,59231200,1536622592.0000
2026-08-04 10:45:00,4571.291,4573.768,4571.291,4572.615,64864200,1953136640.0000
2026-08-04 10:46:00,4572.926,4574.108,4572.926,4573.060,62673400,1830486016.0000
2026-08-04 10:47:00,4572.571,4573.191,4572.409,4572.409,71215200,1930395648.0000
2026-08-04 10:48:00,4572.162,4574.043,4571.722,4574.043,67926600,2034073600.0000
2026-08-04 10:49:00,4574.174,4574.253,4573.222,4574.001,104219500,2234253312.0000
2026-08-04 10:50:00,4574.320,4574.537,4571.770,4571.770,75495400,1915715584.0000
2026-08-04 10:51:00,4571.521,4571.521,4568.802,4569.155,73951300,1874886656.0000
2026-08-04 10:52:00,4569.387,4569.387,4568.063,4568.063,57024300,1519452160.0000
2026-08-04 10:53:00,4568.104,4569.767,4567.149,4567.149,62555200,1806925824.0000
2026-08-04 10:54:00,4567.196,4567.837,4566.767,4566.767,58085000,1346371584.0000
2026-08-04 10:55:00,4566.608,4567.047,4566.055,4566.055,54326300,1246232576.0000
2026-08-04 10:56:00,4566.159,4568.632,4566.159,4567.760,61476100,1426325504.0000
2026-08-04 10:57:00,4567.564,4569.382,4566.793,4569.150,58129400,1622081536.0000
2026-08-04 10:58:00,4569.304,4572.596,4568.954,4572.225,46582100,1278771200.0000
2026-08-04 10:59:00,4572.326,4572.326,4569.470,4569.470,58976400,1415708672.0000
2026-08-04 11:00:00,4569.507,4569.507,4566.634,4566.690,62245700,1391886336.0000
2026-08-04 11:01:00,4566.627,4566.627,4565.823,4565.989,58375100,1505329152.0000
2026-08-04 11:02:00,4565.895,4566.680,4565.554,4565.554,60967500,1640890368.0000
2026-08-04 11:03:00,4565.533,4565.637,4563.522,4564.163,43929600,1609105408.0000
2026-08-04 11:04:00,4563.791,4565.478,4563.405,4565.225,39343100,1539211264.0000
2026-08-04 11:05:00,4564.355,4565.450,4563.661,4565.450,44383800,1349812224.0000
2026-08-04 11:06:00,4565.512,4566.101,4565.366,4565.571,58135100,1315766272.0000
2026-08-04 11:07:00,4565.497,4567.461,4564.218,4567.461,49075200,1491730432.0000
2026-08-04 11:08:00,4567.700,4571.901,4567.364,4571.901,43126100,1191903232.0000
2026-08-04 11:09:00,4571.877,4574.432,4571.877,4573.865,56540100,1517125632.0000
2026-08-04 11:10:00,4574.172,4575.279,4572.493,4575.279,50749800,1436876800.0000
2026-08-04 11:11:00,4575.454,4576.141,4575.386,4576.136,51663800,1368621056.0000
2026-08-04 11:12:00,4577.076,4577.134,4575.123,4575.391,56257800,1574699008.0000
2026-08-04 11:13:00,4574.752,4574.752,4572.770,4573.314,49442900,1389166592.0000
2026-08-04 11:14:00,4573.406,4574.337,4572.529,4573.983,44127600,1195737088.0000
2026-08-04 11:15:00,4574.143,4575.900,4573.996,4575.886,42198300,1519222784.0000
2026-08-04 11:16:00,4575.938,4577.730,4575.938,4576.195,55024400,1775861760.0000
2026-08-04 11:17:00,4576.010,4576.010,4574.176,4574.176,47222600,1321009152.0000
2026-08-04 11:18:00,4573.865,4573.867,4573.178,4573.178,41917200,1096482816.0000
2026-08-04 11:19:00,4572.909,4574.973,4572.909,4574.746,35676400,1032060928.0000
2026-08-04 11:20:00,4574.661,4577.102,4574.661,4577.074,47926200,1459322880.0000
2026-08-04 11:21:00,4577.442,4578.898,4576.921,4577.088,50960700,2146893824.0000
2026-08-04 11:22:00,4577.153,4578.898,4576.984,4578.640,51828300,1985708032.0000
2026-08-04 11:23:00,4578.638,4578.915,4577.785,4578.796,50824800,1483767808.0000
2026-08-04 11:24:00,4578.665,4579.318,4576.754,4578.194,40030400,1587150848.0000
2026-08-04 11:25:00,4578.442,4579.434,4578.081,4578.160,45872000,1764524032.0000
2026-08-04 11:26:00,4578.272,4580.094,4578.272,4580.094,71120400,1935474688.0000
2026-08-04 11:27:00,4580.167,4580.480,4579.293,4580.182,74670500,2359721984.0000
2026-08-04 11:28:00,4580.363,4580.943,4579.728,4580.943,64640900,2090926080.0000
2026-08-04 11:29:00,4581.117,4584.144,4581.117,4584.144,66878400,2983886848.0000
2026-08-04 11:30:00,4584.159,4586.327,4584.159,4585.655,87857200,3407183872.0000
2026-08-04 13:01:00,4586.377,4590.390,4586.214,4590.390,284101600,8669036544.0000
2026-08-04 13:02:00,4590.440,4591.404,4589.073,4589.704,137038600,4653023232.0000
2026-08-04 13:03:00,4590.311,4591.827,4590.138,4591.827,85618700,2952527872.0000
2026-08-04 13:04:00,4592.217,4595.674,4592.149,4595.572,75038300,2947678208.0000
2026-08-04 13:05:00,4595.509,4595.509,4593.710,4593.941,77666100,2965012480.0000
2026-08-04 13:06:00,4593.937,4594.408,4590.940,4593.175,77495300,2927460352.0000
2026-08-04 13:07:00,4593.123,4593.123,4591.562,4592.824,77361500,2480635904.0000
2026-08-04 13:08:00,4593.154,4593.932,4592.214,4592.408,70127000,2215018496.0000
2026-08-04 13:09:00,4592.595,4594.481,4592.595,4594.410,81712000,2334392320.0000
2026-08-04 13:10:00,4594.431,4594.431,4591.073,4591.073,103046400,2449866752.0000
2026-08-04 13:11:00,4590.694,4591.013,4589.289,4589.289,82042400,2321219584.0000
2026-08-04 13:12:00,4589.495,4592.114,4589.495,4590.191,67784400,2158690304.0000
2026-08-04 13:13:00,4590.077,4590.077,4585.657,4586.320,77893500,2186182656.0000
2026-08-04 13:14:00,4586.336,4587.623,4585.779,4587.376,73761300,1917845504.0000
2026-08-04 13:15:00,4587.387,4590.172,4586.718,4590.172,49337100,1550548992.0000
2026-08-04 13:16:00,4590.746,4591.371,4589.134,4590.139,65415800,1803649024.0000
2026-08-04 13:17:00,4590.312,4591.361,4588.587,4588.750,76395600,2020802560.0000
2026-08-04 13:18:00,4588.303,4588.395,4587.275,4588.395,60923100,1765343232.0000
2026-08-04 13:19:00,4588.868,4589.003,4586.740,4587.107,55506800,1686142976.0000
2026-08-04 13:20:00,4587.094,4587.094,4584.131,4585.585,67722500,2065235968.0000
2026-08-04 13:21:00,4585.400,4587.329,4584.723,4587.329,58171400,1663762432.0000
2026-08-04 13:22:00,4587.682,4589.396,4587.668,4588.556,58963800,1620508672.0000
2026-08-04 13:23:00,4588.118,4590.228,4587.782,4589.920,52817500,1604190208.0000
2026-08-04 13:24:00,4589.505,4591.850,4589.505,4591.850,72463100,2225700864.0000
2026-08-04 13:25:00,4591.788,4592.215,4590.071,4591.319,64126500,1992785920.0000
2026-08-04 13:26:00,4591.300,4593.256,4591.300,4593.248,52993900,1850572800.0000
2026-08-04 13:27:00,4593.179,4594.285,4593.179,4594.031,96037300,2596274176.0000
2026-08-04 13:28:00,4594.165,4595.076,4593.526,4595.076,86558100,2368634880.0000
2026-08-04 13:29:00,4595.181,4596.326,4595.181,4595.927,74508800,2392850432.0000
2026-08-04 13:30:00,4595.680,4598.467,4595.296,4598.467,70224900,2247131136.0000
2026-08-04 13:31:00,4598.405,4599.642,4598.184,4599.642,95539500,3133964288.0000
2026-08-04 13:32:00,4599.300,4601.634,4599.300,4601.234,94508500,2997977088.0000
2026-08-04 13:33:00,4601.572,4603.027,4601.121,4601.121,89171900,2765684736.0000
2026-08-04 13:34:00,4601.110,4601.801,4599.625,4601.290,70742100,2567340032.0000
2026-08-04 13:35:00,4601.355,4601.519,4600.383,4601.201,65765900,2094497792.0000
2026-08-04 13:36:00,4601.146,4601.631,4599.936,4600.643,61784700,2156003328.0000
2026-08-04 13:37:00,4600.503,4602.020,4600.383,4602.020,56606700,1852997632.0000
2026-08-04 13:38:00,4602.073,4603.482,4601.839,4603.482,74899700,2474049536.0000
2026-08-04 13:39:00,4603.686,4605.660,4603.686,4605.660,83646400,2844786688.0000
2026-08-04 13:40:00,4605.667,4605.667,4604.214,4604.615,93008300,2871197696.0000
2026-08-04 13:41:00,4604.722,4605.948,4604.655,4605.856,71187300,2181562368.0000
2026-08-04 13:42:00,4605.944,4606.898,4605.652,4606.849,68708200,2142076928.0000
2026-08-04 13:43:00,4607.175,4607.175,4605.084,4605.345,85439500,2412052480.0000
2026-08-04 13:44:00,4605.559,4605.559,4603.380,4603.483,56064700,1798209536.0000
2026-08-04 13:45:00,4603.491,4606.434,4603.491,4605.605,59852900,1873969152.0000
2026-08-04 13:46:00,4605.750,4608.435,4605.750,4608.407,67234600,2196602880.0000
2026-08-04 13:47:00,4608.585,4608.944,4607.255,4607.907,65104100,2242969600.0000
2026-08-04 13:48:00,4607.834,4608.789,4607.749,4608.338,68240100,1850048512.0000
2026-08-04 13:49:00,4607.915,4609.190,4607.780,4609.121,58176800,1935867904.0000
2026-08-04 13:50:00,4609.084,4609.084,4606.094,4606.094,61472800,2037022720.0000
2026-08-04 13:51:00,4606.545,4606.594,4605.080,4605.800,77888500,1976958976.0000
2026-08-04 13:52:00,4606.078,4606.190,4603.729,4603.729,71875700,1996783616.0000
2026-08-04 13:53:00,4604.014,4608.073,4603.792,4608.073,71274800,1805320192.0000
2026-08-04 13:54:00,4607.792,4608.470,4607.510,4607.736,78253300,1842937856.0000
2026-08-04 13:55:00,4607.636,4608.195,4606.043,4606.370,63693600,1649410048.0000
2026-08-04 13:56:00,4606.346,4606.346,4604.654,4604.654,63982400,1614807040.0000
2026-08-04 13:57:00,4604.537,4606.863,4604.274,4606.672,65110300,1779826688.0000
2026-08-04 13:58:00,4606.376,4606.474,4605.226,4605.527,55609400,1626013696.0000
2026-08-04 13:59:00,4605.301,4606.635,4605.301,4606.467,52493200,1582825472.0000
2026-08-04 14:00:00,4606.613,4608.387,4606.613,4608.387,54522400,1694957568.0000
2026-08-04 14:01:00,4608.491,4610.462,4608.276,4610.462,86335800,2792423424.0000
2026-08-04 14:02:00,4610.307,4611.086,4610.194,4610.549,114129100,2571436032.0000
2026-08-04 14:03:00,4610.824,4610.824,4607.783,4608.208,105215700,2341142528.0000
2026-08-04 14:04:00,4608.433,4608.626,4607.418,4608.359,63894100,1666908160.0000
2026-08-04 14:05:00,4608.353,4609.906,4608.177,4609.906,66572100,1668808704.0000
2026-08-04 14:06:00,4610.307,4610.307,4607.957,4607.957,60107200,1753939968.0000
2026-08-04 14:07:00,4608.167,4609.618,4607.952,4609.385,52973000,1456537600.0000
2026-08-04 14:08:00,4609.230,4610.406,4609.123,4610.168,61254200,1669070848.0000
2026-08-04 14:09:00,4610.205,4611.751,4609.960,4611.435,68679800,1817247744.0000
2026-08-04 14:10:00,4611.789,4612.682,4611.755,4612.474,81638500,2212888576.0000
2026-08-04 14:11:00,4612.525,4613.001,4611.780,4613.001,74173500,1949040640.0000
2026-08-04 14:12:00,4613.136,4613.599,4613.028,4613.494,71881100,1928200192.0000
2026-08-04 14:13:00,4613.568,4613.568,4611.973,4612.288,85787700,2153512960.0000
2026-08-04 14:14:00,4612.295,4613.694,4612.228,4612.848,73804000,2023489536.0000
2026-08-04 14:15:00,4612.522,4612.522,4605.883,4605.883,114576600,2880176128.0000
2026-08-04 14:16:00,4605.862,4605.862,4601.564,4601.564,122277200,3083534336.0000
2026-08-04 14:17:00,4601.187,4603.799,4601.143,4602.376,88598900,2848063488.0000
2026-08-04 14:18:00,4601.992,4603.457,4601.992,4602.754,79891400,1991180288.0000
2026-08-04 14:19:00,4602.652,4602.878,4599.829,4599.829,82186800,2218524672.0000
2026-08-04 14:20:00,4599.579,4601.318,4599.579,4601.318,80249900,2281766912.0000
2026-08-04 14:21:00,4601.561,4603.478,4601.561,4603.167,65345200,1882259456.0000
2026-08-04 14:22:00,4603.053,4603.246,4600.426,4600.426,59458300,1725497344.0000
2026-08-04 14:23:00,4600.868,4600.919,4599.818,4599.830,57352000,1543503872.0000
2026-08-04 14:24:00,4599.862,4600.959,4599.862,4600.955,54603600,1519452160.0000
2026-08-04 14:25:00,4601.136,4602.862,4601.136,4602.847,67561900,1664090112.0000
2026-08-04 14:26:00,4602.861,4604.438,4602.861,4604.415,61042000,1534066688.0000
2026-08-04 14:27:00,4604.649,4605.650,4603.569,4603.569,65928300,1651769344.0000
2026-08-04 14:28:00,4603.315,4605.305,4603.121,4605.255,60162000,1448935424.0000
2026-08-04 14:29:00,4605.343,4606.311,4605.343,4605.631,52754300,1657536512.0000
2026-08-04 14:30:00,4605.516,4606.366,4605.121,4605.121,67185300,1850343424.0000
2026-08-04 14:31:00,4605.296,4606.855,4604.141,4604.241,86551000,2347958272.0000
2026-08-04 14:32:00,4603.908,4603.908,4600.228,4600.498,97097000,2423980032.0000
2026-08-04 14:33:00,4600.677,4600.895,4599.599,4600.681,88679400,2025652224.0000
2026-08-04 14:34:00,4600.283,4600.576,4599.198,4599.601,77627500,1904017408.0000
2026-08-04 14:35:00,4599.358,4599.530,4595.492,4595.492,91427500,2613641216.0000
2026-08-04 14:36:00,4595.367,4596.156,4594.985,4595.979,78918200,2429812736.0000
2026-08-04 14:37:00,4595.884,4597.438,4595.884,4597.411,73285400,1893728256.0000
2026-08-04 14:38:00,4597.373,4598.408,4597.373,4597.729,71952200,1830551552.0000
2026-08-04 14:39:00,4597.813,4599.046,4597.813,4598.966,72005600,1629356032.0000
2026-08-04 14:40:00,4598.565,4598.565,4595.856,4596.565,89355100,2302410752.0000
2026-08-04 14:41:00,4596.408,4596.541,4595.626,4596.193,87457000,1982332928.0000
2026-08-04 14:42:00,4596.150,4596.344,4595.935,4596.104,81679500,2173173760.0000
2026-08-04 14:43:00,4595.630,4596.574,4595.280,4595.714,88350100,2235760640.0000
2026-08-04 14:44:00,4595.899,4595.922,4593.537,4593.990,111811100,2546335744.0000
2026-08-04 14:45:00,4594.283,4594.685,4593.080,4593.097,92349900,2188443648.0000
2026-08-04 14:46:00,4593.309,4595.479,4593.309,4595.479,90291200,2407071744.0000
2026-08-04 14:47:00,4595.585,4595.929,4594.693,4595.605,85777400,2160787456.0000
2026-08-04 14:48:00,4595.493,4596.121,4594.024,4594.101,99955800,2627534848.0000
2026-08-04 14:49:00,4593.895,4594.635,4592.914,4592.914,166728700,2816933888.0000
2026-08-04 14:50:00,4593.106,4595.089,4593.106,4594.838,102401400,2476736512.0000
2026-08-04 14:51:00,4594.992,4596.515,4594.992,4596.437,103634700,2698838016.0000
2026-08-04 14:52:00,4596.570,4597.679,4596.375,4597.668,109039800,2654928896.0000
2026-08-04 14:53:00,4597.435,4598.685,4597.435,4598.668,126512100,3090284544.0000
2026-08-04 14:54:00,4598.745,4598.745,4597.547,4598.244,136295700,3287875584.0000
2026-08-04 14:55:00,4598.467,4599.503,4598.215,4599.503,137272800,3275489280.0000
2026-08-04 14:56:00,4599.325,4601.025,4599.325,4601.025,172287100,3891265536.0000
2026-08-04 14:57:00,4601.034,4602.763,4600.994,4602.197,208665600,4685692928.0000
2026-08-04 14:58:00,4602.055,4602.883,4602.055,4602.883,13071000,287768576.0000
2026-08-04 15:00:00,4602.265,4602.265,4600.894,4600.930,309815700,6973095936.0000
2026-08-05 09:31:00,4550.189,4569.188,4550.189,4568.653,804067600,36812124160.0000
2026-08-05 09:32:00,4570.052,4572.235,4570.052,4571.080,476445200,21355438080.0000
2026-08-05 09:33:00,4572.272,4583.783,4572.272,4583.783,309774300,13785075712.0000
2026-08-05 09:34:00,4584.130,4584.917,4579.056,4579.056,350342900,14312194048.0000
2026-08-05 09:35:00,4578.372,4578.970,4576.670,4578.970,320383300,12589129728.0000
2026-08-05 09:36:00,4579.417,4589.457,4579.417,4588.748,405107800,12747046912.0000
2026-08-05 09:37:00,4589.405,4594.909,4589.314,4594.616,308894500,11937710080.0000
2026-08-05 09:38:00,4595.286,4595.976,4590.930,4591.055,306656100,11435319296.0000
2026-08-05 09:39:00,4591.059,4593.273,4590.430,4593.166,250013100,10422919168.0000
2026-08-05 09:40:00,4593.199,4594.025,4591.925,4593.456,230615500,9804021760.0000
2026-08-05 09:41:00,4593.327,4600.204,4593.327,4598.810,247727000,9114091520.0000
2026-08-05 09:42:00,4599.615,4602.320,4598.837,4602.194,321938200,10029907968.0000
2026-08-05 09:43:00,4602.205,4605.860,4602.126,4605.749,225948200,8051032064.0000
2026-08-05 09:44:00,4605.809,4605.967,4601.463,4601.975,248495600,8701132800.0000
2026-08-05 09:45:00,4601.574,4605.528,4601.437,4603.244,220448300,7104675840.0000
2026-08-05 09:46:00,4603.077,4610.359,4602.682,4610.359,250920700,7446609920.0000
2026-08-05 09:47:00,4609.964,4614.394,4609.964,4614.394,278571700,8304967680.0000
2026-08-05 09:48:00,4612.487,4614.441,4612.438,4612.567,198156000,7720927232.0000
2026-08-05 09:49:00,4612.415,4613.278,4608.770,4608.770,219310300,7400636416.0000
2026-08-05 09:50:00,4608.289,4609.091,4606.797,4607.658,208755000,6330646528.0000
2026-08-05 09:51:00,4607.042,4607.111,4605.025,4605.766,211420700,6378160128.0000
2026-08-05 09:52:00,4605.676,4608.008,4604.065,4608.008,226742700,6465552384.0000
2026-08-05 09:53:00,4607.906,4609.993,4605.618,4609.993,162586500,5094260736.0000
2026-08-05 09:54:00,4610.400,4612.260,4609.855,4612.260,169375200,5105565696.0000
2026-08-05 09:55:00,4612.691,4613.512,4609.842,4609.842,173514700,4951474176.0000
2026-08-05 09:56:00,4609.639,4610.951,4607.766,4607.766,197638100,5503533056.0000
2026-08-05 09:57:00,4607.769,4610.456,4606.593,4610.456,188842100,5250678784.0000
2026-08-05 09:58:00,4610.784,4613.143,4610.784,4613.109,174252200,5013815296.0000
2026-08-05 09:59:00,4613.166,4614.313,4610.300,4610.300,200362000,5601263616.0000
2026-08-05 10:00:00,4609.921,4609.921,4605.313,4605.313,206703600,4999053312.0000
2026-08-05 10:01:00,4605.260,4606.468,4604.763,4604.763,188699100,5182881792.0000
2026-08-05 10:02:00,4604.419,4605.609,4603.963,4605.313,145065400,5001510912.0000
2026-08-05 10:03:00,4605.199,4606.514,4604.385,4606.136,169422600,4926963712.0000
2026-08-05 10:04:00,4606.195,4608.868,4606.015,4606.113,179861900,4584865792.0000
2026-08-05 10:05:00,4606.012,4606.391,4604.546,4605.424,144965700,3961552896.0000
2026-08-05 10:06:00,4604.976,4607.385,4604.044,4607.385,153793700,4686151680.0000
2026-08-05 10:07:00,4607.255,4607.529,4604.671,4604.671,169608300,4699455488.0000
2026-08-05 10:08:00,4605.250,4605.250,4602.065,4602.065,163677400,5720408064.0000
2026-08-05 10:09:00,4601.554,4602.534,4600.311,4600.311,143795600,5239308288.0000
2026-08-05 10:10:00,4600.895,4602.589,4600.895,4602.323,111938900,4248928256.0000
2026-08-05 10:11:00,4602.329,4603.035,4600.334,4600.334,151980700,4845731840.0000
2026-08-05 10:12:00,4600.233,4601.781,4600.095,4600.785,162815100,5298749440.0000
2026-08-05 10:13:00,4600.980,4600.980,4597.649,4597.649,185069700,6084427776.0000
2026-08-05 10:14:00,4597.241,4597.241,4592.510,4592.510,185159000,6687424512.0000
2026-08-05 10:15:00,4592.249,4598.067,4592.157,4598.067,169709000,5891784704.0000
2026-08-05 10:16:00,4597.469,4599.737,4596.063,4596.063,155319100,5310185472.0000
2026-08-05 10:17:00,4595.975,4595.975,4591.181,4592.019,144738200,5696552960.0000
2026-08-05 10:18:00,4592.097,4596.716,4592.097,4595.756,182459100,5480480768.0000
2026-08-05 10:19:00,4595.601,4599.095,4595.544,4599.089,162242900,4143316992.0000
2026-08-05 10:20:00,4599.359,4602.940,4599.153,4602.919,123534500,3873341440.0000
2026-08-05 10:21:00,4602.946,4603.540,4601.018,4602.544,124478400,4390027264.0000
2026-08-05 10:22:00,4603.015,4609.715,4603.015,4609.715,128351100,4071981056.0000
2026-08-05 10:23:00,4609.608,4609.880,4608.288,4609.880,149009000,4443242496.0000
2026-08-05 10:24:00,4610.039,4612.638,4609.937,4612.638,106580600,3143729152.0000
2026-08-05 10:25:00,4612.848,4613.917,4612.386,4612.386,95919500,3298885632.0000
2026-08-05 10:26:00,4612.489,4612.713,4609.773,4609.773,114534400,3089072128.0000
2026-08-05 10:27:00,4609.837,4612.930,4609.139,4609.190,108048000,3082878976.0000
2026-08-05 10:28:00,4608.689,4611.765,4608.674,4611.765,85701200,2464677888.0000
2026-08-05 10:29:00,4612.021,4614.502,4612.021,4613.992,172091300,2905309184.0000
2026-08-05 10:30:00,4613.269,4613.269,4610.349,4610.681,90320700,2769879040.0000
2026-08-05 10:31:00,4610.652,4610.697,4607.760,4607.902,114009000,3370909696.0000
2026-08-05 10:32:00,4607.651,4608.727,4607.561,4608.239,108975700,3346530304.0000
2026-08-05 10:33:00,4608.396,4610.498,4608.080,4609.306,104522900,3316318208.0000
2026-08-05 10:34:00,4609.664,4615.295,4609.664,4614.378,90345900,2842886144.0000
2026-08-05 10:35:00,4612.960,4614.559,4612.832,4614.338,71634100,2357788672.0000
2026-08-05 10:36:00,4614.648,4615.686,4612.636,4615.686,81175800,2526740480.0000
2026-08-05 10:37:00,4615.882,4618.808,4615.405,4618.808,91356800,2661744640.0000
2026-08-05 10:38:00,4618.840,4619.958,4618.646,4618.958,97665800,2544500736.0000
2026-08-05 10:39:00,4618.705,4618.718,4615.754,4615.798,73150800,2515304448.0000
2026-08-05 10:40:00,4615.921,4615.921,4613.114,4614.096,57231300,1992785920.0000
2026-08-05 10:41:00,4613.818,4614.738,4612.591,4612.726,59654100,2015625216.0000
2026-08-05 10:42:00,4612.829,4616.770,4612.639,4616.206,75941500,2088796160.0000
2026-08-05 10:43:00,4616.256,4619.728,4616.256,4619.656,66197400,2109407232.0000
2026-08-05 10:44:00,4619.664,4620.014,4617.708,4620.014,75309100,2301198336.0000
2026-08-05 10:45:00,4620.120,4620.274,4618.651,4619.358,58851100,2079555584.0000
2026-08-05 10:46:00,4619.471,4621.892,4618.881,4621.892,69059700,2220556288.0000
2026-08-05 10:47:00,4621.763,4622.619,4619.645,4620.781,74385900,2410217472.0000
2026-08-05 10:48:00,4621.353,4621.678,4619.833,4620.450,90230100,2331181056.0000
2026-08-05 10:49:00,4620.935,4623.232,4620.935,4623.121,58756500,2115436544.0000
2026-08-05 10:50:00,4623.836,4625.891,4623.836,4625.891,66316100,2396946432.0000
2026-08-05 10:51:00,4625.861,4625.861,4621.318,4621.333,67516300,2559475712.0000
2026-08-05 10:52:00,4621.409,4623.374,4621.310,4622.746,71131000,2636513280.0000
2026-08-05 10:53:00,4623.057,4623.391,4622.651,4623.191,98792500,2140438528.0000
2026-08-05 10:54:00,4623.203,4623.203,4619.690,4619.690,77185000,2162917376.0000
2026-08-05 10:55:00,4619.693,4624.920,4619.693,4624.920,59709900,2019098624.0000
2026-08-05 10:56:00,4624.959,4626.684,4624.602,4625.328,80977900,2288058368.0000
2026-08-05 10:57:00,4625.386,4625.805,4622.483,4622.483,53961400,1929314304.0000
2026-08-05 10:58:00,4621.928,4624.289,4621.928,4623.327,57107500,1964015616.0000
2026-08-05 10:59:00,4623.744,4623.959,4621.559,4621.964,62175900,1786937344.0000
2026-08-05 11:00:00,4622.109,4622.109,4620.932,4621.576,47623700,1457881088.0000
2026-08-05 11:01:00,4621.850,4626.676,4621.850,4626.676,61710100,1985904640.0000
2026-08-05 11:02:00,4626.645,4626.689,4625.466,4626.317,55465100,1965981696.0000
2026-08-05 11:03:00,4626.758,4626.799,4624.875,4626.641,53153700,2022375424.0000
2026-08-05 11:04:00,4626.380,4627.317,4626.116,4626.569,55949200,1944453120.0000
2026-08-05 11:05:00,4626.596,4626.881,4625.121,4625.466,62505300,2132705280.0000
2026-08-05 11:06:00,4625.353,4625.353,4622.462,4622.757,51487200,1869021184.0000
2026-08-05 11:07:00,4622.610,4625.178,4622.335,4622.933,51925300,1891368960.0000
2026-08-05 11:08:00,4623.010,4628.234,4623.010,4628.234,57116000,1808596992.0000
2026-08-05 11:09:00,4628.268,4628.901,4627.096,4628.897,57934000,1829535744.0000
2026-08-05 11:10:00,4627.596,4629.211,4627.247,4629.211,53056800,1739489280.0000
2026-08-05 11:11:00,4629.051,4630.980,4629.051,4630.747,72247000,2220523520.0000
2026-08-05 11:12:00,4630.928,4632.397,4630.928,4632.370,72905800,2112716800.0000
2026-08-05 11:13:00,4632.379,4632.445,4630.931,4631.641,70644200,2309652480.0000
2026-08-05 11:14:00,4632.248,4634.445,4632.074,4634.147,55903200,1835008000.0000
2026-08-05 11:15:00,4634.027,4636.678,4633.965,4636.678,69127300,1900478464.0000
2026-08-05 11:16:00,4636.737,4639.211,4636.737,4639.211,66554700,2318696448.0000
2026-08-05 11:17:00,4639.981,4642.014,4639.981,4640.232,88829500,3313336320.0000
2026-08-05 11:18:00,4640.603,4642.941,4640.603,4641.974,90565800,3538223104.0000
2026-08-05 11:19:00,4642.136,4644.765,4642.136,4644.765,87536000,3060596736.0000
2026-08-05 11:20:00,4645.179,4645.431,4639.745,4640.159,90311900,3230040064.0000
2026-08-05 11:21:00,4639.770,4639.770,4637.976,4639.172,71708700,2265546752.0000
2026-08-05 11:22:00,4638.941,4641.749,4638.456,4640.946,58705200,2003927040.0000
2026-08-05 11:23:00,4640.262,4642.662,4640.197,4641.845,69454200,2083586048.0000
2026-08-05 11:24:00,4641.262,4646.220,4640.859,4646.220,71763200,2462580736.0000
2026-08-05 11:25:00,4645.942,4647.767,4645.519,4646.987,63492900,2333016064.0000
2026-08-05 11:26:00,4646.911,4647.874,4645.706,4647.408,76921600,2734161920.0000
2026-08-05 11:27:00,4647.660,4648.343,4645.760,4648.343,63325200,2261581824.0000
2026-08-05 11:28:00,4648.410,4648.828,4647.899,4648.385,54764000,1900937216.0000
2026-08-05 11:29:00,4649.373,4649.920,4647.732,4648.329,69454200,2438922240.0000
2026-08-05 11:30:00,4648.754,4649.243,4645.845,4646.248,94164600,2376531968.0000
2026-08-05 13:01:00,4648.265,4653.514,4648.265,4652.636,325663100,9507176448.0000
2026-08-05 13:02:00,4652.704,4657.637,4652.643,4656.631,148274400,5387124736.0000
2026-08-05 13:03:00,4655.558,4655.662,4652.349,4654.606,134214900,4270981120.0000
2026-08-05 13:04:00,4654.885,4657.421,4653.875,4656.348,116830700,3973382144.0000
2026-08-05 13:05:00,4656.549,4658.135,4655.946,4656.462,99446200,3260940288.0000
2026-08-05 13:06:00,4656.951,4657.149,4648.975,4648.975,115871000,3777560576.0000
2026-08-05 13:07:00,4648.648,4648.655,4644.976,4644.976,106138200,3106799616.0000
2026-08-05 13:08:00,4646.582,4651.249,4646.582,4650.575,91352600,3181182976.0000
2026-08-05 13:09:00,4650.522,4650.531,4647.918,4649.252,126322900,2906324992.0000
2026-08-05 13:10:00,4649.142,4650.760,4648.751,4649.540,87785600,2422800384.0000
2026-08-05 13:11:00,4648.063,4649.416,4646.458,4649.083,93335000,3313500160.0000
2026-08-05 13:12:00,4649.064,4656.472,4649.064,4656.472,83171500,2894725120.0000
2026-08-05 13:13:00,4656.823,4662.221,4656.823,4661.847,112703400,3623354368.0000
2026-08-05 13:14:00,4661.691,4662.469,4661.067,4661.855,99732400,3328507904.0000
2026-08-05 13:15:00,4661.404,4661.897,4658.993,4659.774,90448200,2848915456.0000
2026-08-05 13:16:00,4659.547,4659.547,4657.451,4657.893,81763900,2797731840.0000
2026-08-05 13:17:00,4658.126,4664.381,4658.126,4664.381,91552000,2732785664.0000
2026-08-05 13:18:00,4665.064,4667.023,4665.064,4666.247,107747600,3243048960.0000
2026-08-05 13:19:00,4666.815,4667.149,4665.034,4666.727,83230500,2798125056.0000
2026-08-05 13:20:00,4667.217,4667.217,4663.362,4665.007,79273700,2764570624.0000
2026-08-05 13:21:00,4665.920,4669.090,4665.624,4668.702,68060800,2612527104.0000
2026-08-05 13:22:00,4668.992,4670.668,4668.978,4670.474,74790600,2734096384.0000
2026-08-05 13:23:00,4670.589,4672.288,4670.453,4672.288,82501100,3077308416.0000
2026-08-05 13:24:00,4672.118,4672.176,4669.205,4671.149,81365800,2969567232.0000
2026-08-05 13:25:00,4671.079,4672.928,4671.016,4672.901,79230900,2771451904.0000
2026-08-05 13:26:00,4673.210,4676.145,4673.210,4676.145,83980900,2738094080.0000
2026-08-05 13:27:00,4676.447,4678.335,4676.241,4676.727,105260000,3656777728.0000
2026-08-05 13:28:00,4676.493,4676.823,4672.048,4673.087,115963900,3230990336.0000
2026-08-05 13:29:00,4673.650,4674.013,4670.228,4670.228,95678800,2777677824.0000
2026-08-05 13:30:00,4669.813,4671.179,4668.577,4668.586,78169100,2450653184.0000
2026-08-05 13:31:00,4668.599,4671.250,4668.599,4670.033,78901300,2835349504.0000
2026-08-05 13:32:00,4670.360,4674.615,4670.360,4674.369,82351300,2350776320.0000
2026-08-05 13:33:00,4674.536,4675.015,4672.789,4675.007,67930500,2344747008.0000
2026-08-05 13:34:00,4675.158,4675.158,4673.536,4674.042,66481000,2192965632.0000
2026-08-05 13:35:00,4674.086,4674.778,4673.271,4674.323,75388800,2241265664.0000
2026-08-05 13:36:00,4674.589,4674.811,4673.286,4673.378,103541700,2536767488.0000
2026-08-05 13:37:00,4673.484,4673.831,4672.152,4673.657,120277300,2725445632.0000
2026-08-05 13:38:00,4673.719,4673.719,4668.650,4668.671,79943400,2214330368.0000
2026-08-05 13:39:00,4669.004,4669.011,4664.381,4664.381,105868200,2687959040.0000
2026-08-05 13:40:00,4663.836,4667.115,4663.333,4667.115,106229400,2794192896.0000
2026-08-05 13:41:00,4667.420,4670.307,4667.420,4668.822,97315000,2446721024.0000
2026-08-05 13:42:00,4668.725,4669.157,4666.616,4666.616,63209700,1884618752.0000
2026-08-05 13:43:00,4666.477,4667.328,4666.321,4667.328,55233400,1828061184.0000
2026-08-05 13:44:00,4667.739,4672.749,4667.739,4672.749,58971600,2074673152.0000
2026-08-05 13:45:00,4672.818,4675.306,4672.818,4674.798,86175200,2381774848.0000
2026-08-05 13:46:00,4675.375,4677.781,4675.375,4677.074,114269200,2724265984.0000
2026-08-05 13:47:00,4677.057,4679.203,4677.057,4677.419,70839100,2337538048.0000
2026-08-05 13:48:00,4677.482,4677.894,4675.759,4675.759,84047100,2042888192.0000
2026-08-05 13:49:00,4675.390,4675.939,4674.793,4674.793,83819300,1984167936.0000
2026-08-05 13:50:00,4674.596,4674.645,4673.217,4673.974,68806800,1824718848.0000
2026-08-05 13:51:00,4674.240,4677.915,4674.240,4677.915,67415600,2019753984.0000
2026-08-05 13:52:00,4678.257,4679.859,4678.204,4678.459,78318000,2049703936.0000
2026-08-05 13:53:00,4678.105,4678.751,4675.118,4675.118,57217100,1689387008.0000
2026-08-05 13:54:00,4674.858,4675.610,4674.216,4675.013,58879000,1548419072.0000
2026-08-05 13:55:00,4674.992,4676.393,4674.393,4676.393,57420700,1589903360.0000
2026-08-05 13:56:00,4676.674,4676.674,4674.843,4674.927,70401700,1924268032.0000
2026-08-05 13:57:00,4674.676,4675.269,4671.664,4671.664,76325200,2023096320.0000
2026-08-05 13:58:00,4671.643,4672.916,4670.929,4672.916,67978600,1921843200.0000
2026-08-05 13:59:00,4673.636,4676.252,4673.600,4676.252,60152500,1692073984.0000
2026-08-05 14:00:00,4676.080,4676.684,4672.980,4673.071,65234700,1788608512.0000
2026-08-05 14:01:00,4672.798,4672.858,4670.143,4671.434,105793300,2304245760.0000
2026-08-05 14:02:00,4671.664,4671.676,4668.954,4669.238,74387700,1941635072.0000
2026-08-05 14:03:00,4669.043,4669.840,4664.986,4664.986,103073000,2546204672.0000
2026-08-05 14:04:00,4665.203,4665.338,4662.765,4662.967,120397800,2708865024.0000
2026-08-05 14:05:00,4663.262,4664.794,4663.079,4664.679,89189400,2383675392.0000
2026-08-05 14:06:00,4664.593,4664.593,4659.899,4659.899,92414200,2398945280.0000
2026-08-05 14:07:00,4659.689,4659.790,4658.362,4658.362,117680300,3106275328.0000
2026-08-05 14:08:00,4658.145,4658.145,4655.298,4655.298,84064200,2553085952.0000
2026-08-05 14:09:00,4655.044,4655.054,4653.423,4653.425,80790800,2574974976.0000
2026-08-05 14:10:00,4653.446,4660.378,4653.446,4660.378,84126900,2740387840.0000
2026-08-05 14:11:00,4660.473,4661.797,4659.187,4659.187,67222100,2006188032.0000
2026-08-05 14:12:00,4659.393,4659.791,4657.430,4657.430,55247700,1615527936.0000
2026-08-05 14:13:00,4657.584,4657.584,4655.527,4655.527,53589500,1579810816.0000
2026-08-05 14:14:00,4655.587,4655.587,4653.508,4653.680,55620400,1743716352.0000
2026-08-05 14:15:00,4653.106,4653.132,4651.743,4652.019,67397500,2177499136.0000
2026-08-05 14:16:00,4653.018,4653.151,4652.389,4653.095,69844100,2381643776.0000
2026-08-05 14:17:00,4653.059,4653.059,4648.883,4648.883,107778800,2322202624.0000
2026-08-05 14:18:00,4648.683,4648.826,4645.602,4646.325,101532800,3351248896.0000
2026-08-05 14:19:00,4646.003,4646.003,4641.297,4642.365,101818000,3181182976.0000
2026-08-05 14:20:00,4641.948,4641.948,4640.193,4640.909,123262300,3338797056.0000
2026-08-05 14:21:00,4641.809,4646.675,4641.623,4646.511,96079800,3158441984.0000
2026-08-05 14:22:00,4646.361,4646.773,4645.471,4645.951,64448600,2067791872.0000
2026-08-05 14:23:00,4646.178,4646.178,4640.855,4640.855,76845800,2321481728.0000
2026-08-05 14:24:00,4640.828,4642.471,4640.059,4642.066,73668100,2460811264.0000
2026-08-05 14:25:00,4642.384,4646.410,4642.384,4646.410,66972400,2182414336.0000
2026-08-05 14:26:00,4646.637,4651.132,4646.637,4651.132,78395900,1990459392.0000
2026-08-05 14:27:00,4651.509,4651.822,4650.895,4651.688,78645600,2267742208.0000
2026-08-05 14:28:00,4652.057,4653.245,4651.346,4651.346,62036800,1819607040.0000
2026-08-05 14:29:00,4651.128,4652.452,4650.234,4652.242,57791000,1655767040.0000
2026-08-05 14:30:00,4652.683,4653.016,4652.046,4652.743,57927000,1468661760.0000
2026-08-05 14:31:00,4653.118,4653.959,4652.326,4652.625,89083900,2128281600.0000
2026-08-05 14:32:00,4651.579,4652.479,4650.050,4652.355,82945400,2218983424.0000
2026-08-05 14:33:00,4652.105,4652.126,4651.008,4651.499,75331200,1845886976.0000
2026-08-05 14:34:00,4651.400,4654.430,4651.400,4654.430,68349700,1827471360.0000
2026-08-05 14:35:00,4654.226,4654.468,4653.501,4653.772,69393700,1797849088.0000
2026-08-05 14:36:00,4653.848,4654.847,4653.752,4654.265,79337000,2041184256.0000
2026-08-05 14:37:00,4654.457,4655.723,4654.457,4655.345,72092100,1812987904.0000
2026-08-05 14:38:00,4655.453,4655.453,4653.223,4653.262,75901800,1982136320.0000
2026-08-05 14:39:00,4653.345,4653.345,4649.534,4649.534,69823000,2147483648.0000
2026-08-05 14:40:00,4649.916,4650.628,4649.808,4649.863,78970300,2269380608.0000
2026-08-05 14:41:00,4649.980,4650.172,4649.522,4649.650,87026500,2192113664.0000
2026-08-05 14:42:00,4649.852,4650.560,4649.682,4649.826,77631200,2137587712.0000
2026-08-05 14:43:00,4650.261,4651.873,4650.114,4651.807,75392100,2178088960.0000
2026-08-05 14:44:00,4651.570,4652.241,4650.317,4650.414,85463700,2312568832.0000
2026-08-05 14:45:00,4650.741,4651.864,4650.519,4651.850,88142500,2354315264.0000
2026-08-05 14:46:00,4651.931,4653.669,4651.931,4653.669,96706800,2576285696.0000
2026-08-05 14:47:00,4653.682,4654.823,4653.682,4654.777,98234300,2554658816.0000
2026-08-05 14:48:00,4654.489,4654.892,4653.523,4654.856,85190800,2476015616.0000
2026-08-05 14:49:00,4654.951,4655.663,4654.660,4655.379,97760300,2559967232.0000
2026-08-05 14:50:00,4655.627,4655.743,4655.049,4655.743,100163700,2648047616.0000
2026-08-05 14:51:00,4655.689,4655.689,4654.389,4655.054,112195100,3113811968.0000
2026-08-05 14:52:00,4655.044,4655.950,4655.044,4655.833,115308200,3035496448.0000
2026-08-05 14:53:00,4655.938,4656.177,4655.391,4656.177,130457500,3449880576.0000
2026-08-05 14:54:00,4656.333,4656.559,4655.848,4656.559,121077600,3595960320.0000
2026-08-05 14:55:00,4656.237,4657.489,4656.073,4657.143,162285500,4080271360.0000
2026-08-05 14:56:00,4657.350,4658.971,4657.350,4658.971,168505400,4445569024.0000
2026-08-05 14:57:00,4658.751,4659.225,4658.518,4659.010,211817900,5096210432.0000
2026-08-05 14:58:00,4659.305,4659.435,4659.305,4659.435,10559200,320405504.0000
2026-08-05 15:00:00,4659.328,4659.328,4658.155,4658.155,327669800,8382775296.0000
2026-08-06 09:31:00,4621.803,4627.844,4621.803,4622.977,863521600,29445238784.0000
2026-08-06 09:32:00,4621.985,4626.868,4621.985,4623.187,479704000,16740229120.0000
2026-08-06 09:33:00,4623.133,4624.446,4618.285,4618.995,384477300,13089452032.0000
2026-08-06 09:34:00,4619.066,4619.066,4615.116,4615.116,312260900,11640422400.0000
2026-08-06 09:35:00,4614.845,4614.845,4611.065,4613.605,274768600,10493468672.0000
2026-08-06 09:36:00,4613.655,4619.148,4613.655,4617.234,246239100,9184223232.0000
2026-08-06 09:37:00,4617.089,4627.121,4616.792,4625.279,292533900,9087901696.0000
2026-08-06 09:38:00,4625.994,4629.744,4625.789,4628.221,276921200,9663848448.0000
2026-08-06 09:39:00,4628.482,4628.482,4624.377,4624.799,228336100,7995875328.0000
2026-08-06 09:40:00,4625.749,4633.584,4625.749,4633.584,202935800,7497539584.0000
2026-08-06 09:41:00,4633.760,4633.933,4628.319,4629.350,223657700,7335264256.0000
2026-08-06 09:42:00,4628.758,4633.018,4626.566,4633.018,188135300,6440058880.0000
2026-08-06 09:43:00,4633.803,4637.925,4632.094,4637.758,204914100,6454214656.0000
2026-08-06 09:44:00,4638.045,4638.045,4634.892,4636.645,189591200,6407618560.0000
2026-08-06 09:45:00,4636.092,4638.270,4635.362,4637.397,185175400,6480035840.0000
2026-08-06 09:46:00,4637.257,4640.548,4636.878,4640.180,189307800,5789138944.0000
2026-08-06 09:47:00,4640.696,4640.788,4634.905,4634.905,236664700,6168182784.0000
2026-08-06 09:48:00,4635.501,4638.344,4635.501,4636.862,169687200,5510512640.0000
2026-08-06 09:49:00,4637.329,4638.511,4637.148,4637.956,184869000,5225791488.0000
2026-08-06 09:50:00,4638.479,4638.708,4634.267,4634.315,136189400,4799758336.0000
2026-08-06 09:51:00,4634.211,4634.662,4632.611,4634.291,179773000,5347475456.0000
2026-08-06 09:52:00,4633.858,4633.858,4630.657,4631.612,205926500,5142102016.0000
2026-08-06 09:53:00,4631.372,4631.372,4629.401,4629.521,188709400,4481105920.0000
2026-08-06 09:54:00,4629.597,4629.889,4625.597,4626.807,248559900,5267603456.0000
2026-08-06 09:55:00,4626.742,4630.517,4626.033,4630.517,149165800,4844699648.0000
2026-08-06 09:56:00,4629.996,4637.144,4629.696,4637.144,158106700,4854104064.0000
2026-08-06 09:57:00,4637.147,4641.815,4637.147,4641.552,166970500,4779491328.0000
2026-08-06 09:58:00,4641.184,4641.548,4638.530,4638.641,179879400,5382537216.0000
2026-08-06 09:59:00,4638.822,4641.289,4638.625,4641.289,147479400,3926786048.0000
2026-08-06 10:00:00,4642.086,4644.184,4640.773,4644.082,127543500,3969073152.0000
2026-08-06 10:01:00,4644.006,4644.006,4641.278,4642.492,162114900,5176475648.0000
2026-08-06 10:02:00,4642.537,4642.537,4639.238,4639.571,131497100,4381360128.0000
2026-08-06 10:03:00,4639.459,4641.128,4639.459,4640.761,122136100,3727884288.0000
2026-08-06 10:04:00,4640.602,4641.346,4639.557,4639.919,136108900,3973775360.0000
2026-08-06 10:05:00,4639.858,4640.103,4637.108,4638.710,161745000,4387438592.0000
2026-08-06 10:06:00,4638.361,4639.051,4637.343,4638.910,106375900,3241279488.0000
2026-08-06 10:07:00,4638.975,4638.975,4636.626,4636.626,93346500,3270524928.0000
2026-08-06 10:08:00,4636.468,4640.162,4636.065,4638.920,130802300,3655073792.0000
2026-08-06 10:09:00,4638.507,4639.321,4637.750,4638.813,104802700,3300048896.0000
2026-08-06 10:10:00,4639.340,4644.412,4639.340,4644.412,101601800,3315417088.0000
2026-08-06 10:11:00,4644.694,4645.094,4642.986,4643.926,113050500,3788259328.0000
2026-08-06 10:12:00,4643.629,4643.629,4638.147,4639.534,111318700,3492151296.0000
2026-08-06 10:13:00,4639.255,4641.743,4639.105,4641.743,118783300,3005513728.0000
2026-08-06 10:14:00,4641.992,4644.379,4639.778,4644.379,117054500,3371892736.0000
2026-08-06 10:15:00,4644.775,4647.122,4644.582,4646.551,98418700,3401318400.0000
2026-08-06 10:16:00,4647.052,4647.324,4642.035,4642.035,146962000,4029546496.0000
2026-08-06 10:17:00,4642.032,4645.371,4641.387,4645.371,143939100,3958538240.0000
2026-08-06 10:18:00,4645.587,4649.634,4645.587,4649.634,95921800,3615784960.0000
2026-08-06 10:19:00,4649.758,4653.682,4649.558,4653.682,87333400,3181641728.0000
2026-08-06 10:20:00,4653.849,4655.930,4653.598,4654.342,94800000,4033511424.0000
2026-08-06 10:21:00,4654.133,4654.411,4651.393,4651.393,81284000,3275161600.0000
2026-08-06 10:22:00,4651.592,4656.485,4651.592,4656.485,100895400,3844997120.0000
2026-08-06 10:23:00,4657.343,4657.709,4656.044,4656.697,106928000,4220649472.0000
2026-08-06 10:24:00,4656.763,4657.562,4653.623,4655.636,114406700,4184047616.0000
2026-08-06 10:25:00,4655.985,4656.924,4655.164,4656.924,93793700,3361996800.0000
2026-08-06 10:26:00,4657.015,4659.463,4656.752,4659.114,89456300,3224829952.0000
2026-08-06 10:27:00,4659.239,4663.517,4659.020,4661.964,98274600,3768811520.0000
2026-08-06 10:28:00,4661.851,4666.395,4661.633,4666.395,140645700,4136861696.0000
2026-08-06 10:29:00,4666.616,4667.672,4666.244,4666.244,144797200,4613373952.0000
2026-08-06 10:30:00,4665.966,4667.471,4665.462,4667.065,125518400,4075192320.0000
2026-08-06 10:31:00,4666.588,4667.858,4664.458,4666.999,150656500,4447698944.0000
2026-08-06 10:32:00,4667.296,4669.157,4667.170,4668.156,115381000,3623485440.0000
2026-08-06 10:33:00,4668.198,4669.188,4667.619,4668.100,109128900,3508273152.0000
2026-08-06 10:34:00,4668.351,4668.969,4666.282,4666.282,117592000,3616538624.0000
2026-08-06 10:35:00,4666.113,4666.113,4660.294,4660.476,114260300,3885563904.0000
2026-08-06 10:36:00,4660.822,4661.282,4659.523,4659.946,123261900,4058578944.0000
2026-08-06 10:37:00,4659.446,4659.498,4655.450,4655.801,94317900,3481763840.0000
2026-08-06 10:38:00,4655.616,4662.295,4655.616,4661.562,142631300,3775627264.0000
2026-08-06 10:39:00,4661.712,4661.712,4658.276,4658.276,118395600,3063218176.0000
2026-08-06 10:40:00,4657.930,4657.930,4651.803,4653.336,118090500,3419897856.0000
2026-08-06 10:41:00,4652.902,4656.306,4652.822,4656.306,96428500,3494084608.0000
2026-08-06 10:42:00,4656.728,4662.647,4656.728,4662.647,93058900,3044802560.0000
2026-08-06 10:43:00,4663.171,4666.842,4663.171,4666.600,88372400,3533733888.0000
2026-08-06 10:44:00,4666.850,4668.949,4666.850,4668.562,100489900,3794665472.0000
2026-08-06 10:45:00,4669.043,4672.763,4669.043,4672.763,89238400,3663036416.0000
2026-08-06 10:46:00,4672.907,4672.907,4670.569,4670.569,87865900,3497852928.0000
2026-08-06 10:47:00,4670.637,4670.637,4665.199,4666.110,113034300,3329589248.0000
2026-08-06 10:48:00,4665.955,4670.810,4665.122,4670.655,87426200,2846097408.0000
2026-08-06 10:49:00,4670.753,4674.306,4670.753,4672.174,133738000,4652171264.0000
2026-08-06 10:50:00,4672.268,4672.947,4670.937,4671.488,125938100,3224109056.0000
2026-08-06 10:51:00,4671.519,4674.505,4671.450,4674.505,135854900,3409805312.0000
2026-08-06 10:52:00,4674.178,4675.171,4671.984,4674.709,106737600,3311861760.0000
2026-08-06 10:53:00,4675.273,4675.645,4672.597,4673.128,91457500,2954985472.0000
2026-08-06 10:54:00,4673.525,4673.525,4671.111,4671.111,73013100,2417623040.0000
2026-08-06 10:55:00,4670.796,4671.246,4669.691,4671.173,78514300,2625208320.0000
2026-08-06 10:56:00,4671.084,4671.084,4667.053,4667.562,98760600,3024093184.0000
2026-08-06 10:57:00,4667.468,4669.845,4666.584,4669.440,86065500,2632876032.0000
2026-08-06 10:58:00,4669.649,4669.649,4663.800,4663.800,66745700,2188247040.0000
2026-08-06 10:59:00,4664.223,4667.452,4663.953,4667.124,66831600,2150727680.0000
2026-08-06 11:00:00,4667.657,4667.657,4663.674,4663.674,63940800,1938751488.0000
2026-08-06 11:01:00,4663.219,4663.219,4655.382,4656.270,144677400,3257401344.0000
2026-08-06 11:02:00,4656.033,4657.386,4653.635,4656.590,169273700,3483336704.0000
2026-08-06 11:03:00,4655.886,4656.886,4654.570,4654.570,91242000,2453340160.0000
2026-08-06 11:04:00,4654.639,4659.726,4654.297,4657.864,63582600,2372075520.0000
2026-08-06 11:05:00,4657.664,4657.664,4654.478,4654.478,69259800,1944223744.0000
2026-08-06 11:06:00,4654.509,4657.289,4654.509,4657.199,69019200,2116419584.0000
2026-08-06 11:07:00,4656.567,4656.567,4650.859,4650.859,72268100,2291073024.0000
2026-08-06 11:08:00,4650.320,4650.320,4646.138,4646.353,111221600,3966763008.0000
2026-08-06 11:09:00,4646.226,4648.707,4645.644,4648.416,132620100,3808690176.0000
2026-08-06 11:10:00,4648.066,4650.624,4647.721,4647.997,122036500,3305111552.0000
2026-08-06 11:11:00,4647.888,4650.484,4647.113,4649.182,77029400,2856353792.0000
2026-08-06 11:12:00,4649.838,4652.245,4649.241,4651.766,53902800,1963950080.0000
2026-08-06 11:13:00,4651.494,4651.673,4649.442,4649.460,55693600,1959624704.0000
2026-08-06 11:14:00,4649.573,4649.856,4646.708,4649.398,54917900,2006548480.0000
2026-08-06 11:15:00,4649.372,4649.372,4641.406,4641.406,76568600,2513534976.0000
2026-08-06 11:16:00,4641.117,4643.328,4640.587,4642.266,71021800,2876145664.0000
2026-08-06 11:17:00,4642.099,4642.993,4638.539,4638.539,93496300,2540339200.0000
2026-08-06 11:18:00,4638.251,4638.251,4634.424,4634.678,109425000,3665494016.0000
2026-08-06 11:19:00,4634.384,4636.940,4633.768,4636.940,90760400,3121709056.0000
2026-08-06 11:20:00,4636.713,4636.713,4632.949,4633.373,78124600,2153480192.0000
2026-08-06 11:21:00,4633.280,4634.513,4633.071,4633.596,82303500,2641100800.0000
2026-08-06 11:22:00,4633.446,4636.672,4633.446,4636.180,81401600,2296840192.0000
2026-08-06 11:23:00,4636.842,4638.458,4634.959,4638.458,55992000,1902870528.0000
2026-08-06 11:24:00,4638.100,4638.100,4632.781,4632.865,57247300,1973911552.0000
2026-08-06 11:25:00,4632.780,4632.780,4630.433,4630.702,93508000,2797895680.0000
2026-08-06 11:26:00,4630.636,4632.113,4628.647,4628.647,75486100,2604826624.0000
2026-08-06 11:27:00,4628.679,4629.548,4627.710,4628.264,62014700,2121236480.0000
2026-08-06 11:28:00,4628.078,4631.564,4626.968,4631.500,80397100,2594340864.0000
2026-08-06 11:29:00,4631.053,4634.928,4630.628,4634.843,64154500,1725464576.0000
2026-08-06 11:30:00,4635.248,4638.136,4634.205,4637.886,63457500,1663827968.0000
2026-08-06 13:01:00,4638.916,4639.420,4634.011,4639.358,151151800,4479877120.0000
2026-08-06 13:02:00,4639.502,4641.817,4639.069,4641.817,58192400,1868103680.0000
2026-08-06 13:03:00,4642.222,4644.623,4641.988,4643.387,83422700,2171633664.0000
2026-08-06 13:04:00,4643.445,4644.655,4641.719,4641.719,53268200,1741717504.0000
2026-08-06 13:05:00,4641.645,4641.864,4638.468,4638.468,59772100,1749450752.0000
2026-08-06 13:06:00,4638.302,4639.534,4636.930,4638.894,44075400,1468006400.0000
2026-08-06 13:07:00,4638.732,4644.831,4638.732,4644.789,61647800,1802993664.0000
2026-08-06 13:08:00,4644.906,4645.372,4639.452,4639.452,53181600,1874296832.0000
2026-08-06 13:09:00,4639.545,4639.545,4636.318,4636.326,50653100,1572765696.0000
2026-08-06 13:10:00,4636.104,4636.104,4633.672,4634.404,48355200,1621098496.0000
2026-08-06 13:11:00,4634.489,4634.489,4630.065,4630.112,60513300,2127626240.0000
2026-08-06 13:12:00,4629.740,4630.926,4628.179,4628.179,101832600,2585100288.0000
2026-08-06 13:13:00,4628.018,4628.850,4626.175,4626.175,75499600,2184937472.0000
2026-08-06 13:14:00,4626.243,4627.955,4626.243,4627.875,74914700,1829339136.0000
2026-08-06 13:15:00,4627.853,4632.151,4626.703,4631.529,68853600,1880031232.0000
2026-08-06 13:16:00,4631.317,4633.546,4631.141,4633.333,56499000,1594490880.0000
2026-08-06 13:17:00,4633.492,4635.777,4633.478,4633.925,66246100,2009071616.0000
2026-08-06 13:18:00,4633.814,4634.310,4629.996,4629.996,59511600,1650196480.0000
2026-08-06 13:19:00,4629.789,4630.666,4628.985,4629.194,74033900,1747255296.0000
2026-08-06 13:20:00,4628.933,4629.255,4626.875,4627.146,86028900,1888092160.0000
2026-08-06 13:21:00,4627.298,4630.628,4627.298,4630.609,78176100,1915813888.0000
2026-08-06 13:22:00,4630.799,4630.911,4629.293,4630.911,68598400,1633812480.0000
2026-08-06 13:23:00,4631.738,4631.901,4629.347,4629.731,66364900,1436155904.0000
2026-08-06 13:24:00,4629.983,4631.357,4629.272,4629.272,60053300,1455816704.0000
2026-08-06 13:25:00,4629.170,4629.170,4626.935,4627.783,69379400,1865351168.0000
2026-08-06 13:26:00,4627.666,4629.338,4627.666,4628.561,69887600,1711865856.0000
2026-08-06 13:27:00,4628.636,4629.888,4628.348,4629.719,83117000,1588068352.0000
2026-08-06 13:28:00,4629.601,4629.869,4628.260,4628.260,62678800,1522204672.0000
2026-08-06 13:29:00,4628.348,4628.348,4625.603,4626.271,95099600,2403663872.0000
2026-08-06 13:30:00,4626.053,4626.998,4625.223,4625.454,83817300,2083586048.0000
2026-08-06 13:31:00,4625.058,4627.441,4625.052,4627.441,89858000,2110914560.0000
2026-08-06 13:32:00,4626.949,4632.302,4626.548,4631.986,85258600,1960247296.0000
2026-08-06 13:33:00,4632.075,4632.075,4627.856,4627.856,65229200,1725956096.0000
2026-08-06 13:34:00,4628.172,4628.350,4624.531,4627.188,76525700,1741160448.0000
2026-08-06 13:35:00,4627.356,4629.332,4626.955,4629.332,58167300,1516371968.0000
2026-08-06 13:36:00,4629.082,4629.694,4627.986,4627.986,63991500,1560608768.0000
2026-08-06 13:37:00,4627.975,4629.578,4627.933,4627.933,70700400,1688338432.0000
2026-08-06 13:38:00,4627.742,4627.742,4623.747,4623.747,76828100,2035744768.0000
2026-08-06 13:39:00,4623.686,4626.490,4623.686,4624.493,82784600,2148859904.0000
2026-08-06 13:40:00,4624.631,4624.631,4623.062,4623.509,46002600,1437794304.0000
2026-08-06 13:41:00,4623.219,4623.257,4621.365,4621.491,68467000,1941962752.0000
2026-08-06 13:42:00,4621.813,4622.337,4620.445,4621.338,67408700,2091974656.0000
2026-08-06 13:43:00,4620.944,4624.318,4620.923,4624.144,72649400,1985871872.0000
2026-08-06 13:44:00,4624.444,4625.518,4623.568,4625.504,45564200,1417674752.0000
2026-08-06 13:45:00,4625.841,4631.426,4625.708,4631.426,67072500,1650393088.0000
2026-08-06 13:46:00,4631.831,4633.677,4631.488,4633.677,59336800,1602486272.0000
2026-08-06 13:47:00,4634.161,4636.337,4634.161,4636.222,62611400,1589444608.0000
2026-08-06 13:48:00,4635.521,4635.521,4628.778,4628.778,69806600,1822031872.0000
2026-08-06 13:49:00,4628.723,4628.874,4626.729,4628.060,61373300,1493893120.0000
2026-08-06 13:50:00,4628.069,4630.304,4628.069,4628.539,49273800,1204158464.0000
2026-08-06 13:51:00,4628.271,4633.171,4628.229,4633.171,69576600,1314062336.0000
2026-08-06 13:52:00,4633.488,4633.488,4632.563,4632.860,70338600,1533018112.0000
2026-08-06 13:53:00,4633.090,4634.058,4632.561,4634.058,108670000,1653080064.0000
2026-08-06 13:54:00,4634.213,4636.906,4634.153,4636.906,67703900,1516961792.0000
2026-08-06 13:55:00,4637.193,4637.193,4634.929,4635.301,63008200,1507393536.0000
2026-08-06 13:56:00,4635.161,4635.332,4633.707,4634.010,82275700,1474822144.0000
2026-08-06 13:57:00,4633.909,4633.909,4630.487,4630.554,66506200,1806630912.0000
2026-08-06 13:58:00,4630.383,4632.398,4630.383,4632.361,63161000,1362886656.0000
2026-08-06 13:59:00,4632.366,4635.002,4632.366,4635.002,60173700,1239351296.0000
2026-08-06 14:00:00,4635.428,4636.678,4635.210,4636.621,61158800,1170669568.0000
2026-08-06 14:01:00,4636.549,4639.597,4636.549,4638.578,102262900,1900871680.0000
2026-08-06 14:02:00,4638.080,4638.362,4634.565,4634.565,74981800,1597767680.0000
2026-08-06 14:03:00,4634.438,4635.140,4632.301,4635.140,85856400,1767178240.0000
2026-08-06 14:04:00,4634.614,4634.614,4633.287,4633.330,53523100,1433862144.0000
2026-08-06 14:05:00,4633.211,4633.211,4630.833,4630.833,84706400,1833238528.0000
2026-08-06 14:06:00,4630.908,4633.493,4630.908,4631.469,66072500,1586561024.0000
2026-08-06 14:07:00,4631.396,4631.943,4630.683,4631.034,62742500,1411973120.0000
2026-08-06 14:08:00,4631.019,4631.019,4630.193,4630.491,55557700,1437597696.0000
2026-08-06 14:09:00,4630.573,4630.628,4630.248,4630.421,62390100,1718681600.0000
2026-08-06 14:10:00,4630.313,4630.313,4626.144,4626.144,68129200,2102394880.0000
2026-08-06 14:11:00,4626.208,4627.727,4626.188,4626.451,55088400,1883897856.0000
2026-08-06 14:12:00,4626.644,4627.891,4626.373,4627.874,58427600,1631322112.0000
2026-08-06 14:13:00,4627.990,4632.904,4627.990,4632.568,68387300,1783889920.0000
2026-08-06 14:14:00,4632.399,4633.299,4632.104,4632.436,44552900,1301676032.0000
2026-08-06 14:15:00,4632.203,4634.875,4632.203,4634.875,51336800,1403715584.0000
2026-08-06 14:16:00,4634.744,4635.204,4633.035,4633.035,45434500,1402470400.0000
2026-08-06 14:17:00,4632.847,4633.365,4630.762,4630.838,58989100,1518927872.0000
2026-08-06 14:18:00,4630.809,4631.113,4629.028,4629.124,53153800,1462304768.0000
2026-08-06 14:19:00,4629.822,4631.836,4629.822,4631.836,47372200,1320157184.0000
2026-08-06 14:20:00,4632.082,4633.199,4632.082,4633.004,45241400,1250295808.0000
2026-08-06 14:21:00,4632.865,4634.999,4632.865,4634.999,64317000,1510539264.0000
2026-08-06 14:22:00,4635.093,4638.302,4635.093,4638.302,89240800,1733754880.0000
2026-08-06 14:23:00,4638.587,4638.663,4637.181,4638.586,51056600,1593049088.0000
2026-08-06 14:24:00,4638.607,4640.435,4638.439,4640.435,40669900,1330577408.0000
2026-08-06 14:25:00,4640.358,4642.206,4640.358,4641.511,49953800,1673592832.0000
2026-08-06 14:26:00,4641.439,4641.612,4638.862,4638.862,49852300,1523318784.0000
2026-08-06 14:27:00,4639.051,4640.015,4638.189,4640.015,58349500,1568473088.0000
2026-08-06 14:28:00,4640.177,4640.989,4640.127,4640.870,49037300,1422983168.0000
2026-08-06 14:29:00,4640.777,4640.790,4639.476,4639.476,59347200,1537605632.0000
2026-08-06 14:30:00,4639.518,4644.001,4639.518,4644.001,65518100,1842282496.0000
2026-08-06 14:31:00,4644.206,4646.284,4644.206,4646.276,81327600,2272395264.0000
2026-08-06 14:32:00,4646.253,4646.253,4643.738,4643.983,80257500,2230976512.0000
2026-08-06 14:33:00,4644.111,4645.444,4644.015,4645.282,59204200,1591476224.0000
2026-08-06 14:34:00,4645.512,4647.882,4644.737,4647.882,56056600,1718616064.0000
2026-08-06 14:35:00,4648.314,4650.549,4648.314,4650.383,60981500,1989476352.0000
2026-08-06 14:36:00,4650.760,4653.760,4650.760,4653.620,83498700,2828337152.0000
2026-08-06 14:37:00,4653.655,4653.655,4650.584,4650.584,82795700,2593128448.0000
2026-08-06 14:38:00,4650.674,4650.685,4647.875,4647.875,58204200,1966735360.0000
2026-08-06 14:39:00,4647.872,4647.872,4646.404,4646.404,62524000,1916665856.0000
2026-08-06 14:40:00,4645.975,4646.074,4642.079,4642.079,65605700,1960312832.0000
2026-08-06 14:41:00,4642.356,4643.510,4641.680,4642.970,70454300,2016870400.0000
2026-08-06 14:42:00,4642.918,4645.667,4642.918,4644.326,60679900,1923809280.0000
2026-08-06 14:43:00,4644.163,4644.375,4640.654,4640.654,68357500,1996619776.0000
2026-08-06 14:44:00,4640.811,4642.124,4640.323,4642.124,71380500,1806303232.0000
2026-08-06 14:45:00,4642.023,4643.581,4642.023,4643.167,68140300,1850015744.0000
2026-08-06 14:46:00,4643.092,4643.243,4642.596,4642.619,62197100,1793523712.0000
2026-08-06 14:47:00,4642.515,4643.526,4642.515,4643.526,66439300,1890123776.0000
2026-08-06 14:48:00,4643.682,4644.491,4643.415,4644.210,69167000,1985150976.0000
2026-08-06 14:49:00,4644.546,4644.759,4643.839,4643.839,80554000,2173698048.0000
2026-08-06 14:50:00,4644.306,4644.601,4643.674,4644.516,79501500,2364866560.0000
2026-08-06 14:51:00,4644.628,4647.351,4644.331,4647.138,97122600,2873556992.0000
2026-08-06 14:52:00,4647.337,4647.772,4647.076,4647.385,89965500,2657484800.0000
2026-08-06 14:53:00,4647.665,4649.673,4647.506,4649.673,112442900,3018653696.0000
2026-08-06 14:54:00,4649.482,4649.920,4649.021,4649.847,104554400,3080650752.0000
2026-08-06 14:55:00,4650.088,4650.784,4649.421,4650.784,118192700,3850633216.0000
2026-08-06 14:56:00,4650.836,4651.635,4650.836,4651.214,133148800,3862233088.0000
2026-08-06 14:57:00,4651.454,4651.830,4650.898,4651.619,157762500,4235526144.0000
2026-08-06 14:58:00,4652.080,4652.080,4651.970,4651.970,8833800,267517952.0000
2026-08-06 15:00:00,4651.299,4651.310,4651.291,4651.310,238415800,6766657536.0000
