day,open,high,low,close,volume,amount
2026-07-27 14:02:00,7599.662,7600.070,7587.606,7589.367,55264000,1015709696.0000
2026-07-27 14:03:00,7589.109,7593.770,7587.068,7592.622,29246100,627408896.0000
2026-07-27 14:04:00,7592.190,7593.587,7590.689,7590.689,32026400,596803584.0000
2026-07-27 14:05:00,7589.800,7596.741,7586.092,7596.741,72828700,893550592.0000
2026-07-27 14:06:00,7596.907,7610.041,7596.907,7610.041,89527500,1187971072.0000
2026-07-27 14:07:00,7611.957,7612.800,7608.549,7608.549,53888100,946241536.0000
2026-07-27 14:08:00,7607.435,7609.185,7603.244,7609.185,38130600,793706496.0000
2026-07-27 14:09:00,7609.874,7618.021,7609.874,7614.156,90443200,1005879296.0000
2026-07-27 14:10:00,7613.964,7614.546,7611.174,7612.988,40959300,712114176.0000
2026-07-27 14:11:00,7613.607,7618.449,7611.987,7618.449,33247100,850132992.0000
2026-07-27 14:12:00,7618.408,7619.317,7614.181,7614.181,31256000,724205568.0000
2026-07-27 14:13:00,7614.163,7614.163,7607.401,7607.646,33825700,786169856.0000
2026-07-27 14:14:00,7608.637,7610.047,7603.748,7603.908,59281500,992051200.0000
2026-07-27 14:15:00,7604.512,7608.260,7604.502,7607.983,37299200,929660928.0000
2026-07-27 14:16:00,7608.137,7608.876,7606.605,7608.550,39334300,735543296.0000
2026-07-27 14:17:00,7608.814,7608.814,7602.269,7605.244,39487800,830406656.0000
2026-07-27 14:18:00,7605.079,7614.758,7605.079,7613.586,33513100,739213312.0000
2026-07-27 14:19:00,7613.391,7620.872,7611.978,7620.872,35116900,873889792.0000
2026-07-27 14:20:00,7620.554,7626.434,7618.503,7626.403,34380700,939098112.0000
2026-07-27 14:21:00,7627.381,7628.194,7624.913,7628.194,35742900,924909568.0000
2026-07-27 14:22:00,7628.590,7640.721,7628.590,7640.218,56447700,1386479616.0000
2026-07-27 14:23:00,7640.833,7650.361,7639.659,7644.594,77621900,1732018176.0000
2026-07-27 14:24:00,7644.653,7649.036,7643.844,7646.425,51498100,1100873728.0000
2026-07-27 14:25:00,7647.808,7648.655,7640.941,7640.941,52574300,1031700480.0000
2026-07-27 14:26:00,7640.660,7645.101,7640.660,7644.023,36112500,946110464.0000
2026-07-27 14:27:00,7643.430,7643.430,7633.592,7642.520,44125700,1126563840.0000
2026-07-27 14:28:00,7640.068,7640.394,7637.838,7638.177,29376000,666337280.0000
2026-07-27 14:29:00,7637.141,7643.234,7636.936,7641.435,35182100,819429376.0000
2026-07-27 14:30:00,7641.488,7653.994,7641.488,7651.953,56925200,1401028608.0000
2026-07-27 14:31:00,7652.156,7670.338,7652.156,7670.338,95311700,2057273344.0000
2026-07-27 14:32:00,7670.389,7672.416,7660.265,7663.015,76487700,1722023936.0000
2026-07-27 14:33:00,7663.452,7674.615,7663.190,7674.615,51776700,1305870336.0000
2026-07-27 14:34:00,7676.175,7684.681,7675.307,7684.681,92015600,2093252608.0000
2026-07-27 14:35:00,7684.047,7691.626,7683.485,7689.360,115998700,2171469824.0000
2026-07-27 14:36:00,7689.398,7697.045,7689.398,7696.085,98501600,2053472256.0000
2026-07-27 14:37:00,7694.602,7694.602,7681.933,7688.595,68344000,1617592320.0000
2026-07-27 14:38:00,7688.661,7696.601,7687.025,7696.601,67313600,1572208640.0000
2026-07-27 14:39:00,7697.892,7709.151,7697.892,7708.100,97813100,2305196032.0000
2026-07-27 14:40:00,7707.343,7708.556,7702.839,7707.951,95048700,2030862336.0000
2026-07-27 14:41:00,7707.004,7717.085,7707.004,7717.085,112926300,2391343104.0000
2026-07-27 14:42:00,7717.741,7721.403,7717.741,7720.404,84426100,2285273088.0000
2026-07-27 14:43:00,7721.132,7721.132,7713.992,7713.992,81546800,2109407232.0000
2026-07-27 14:44:00,7714.097,7714.097,7709.095,7709.426,77133300,1748959232.0000
2026-07-27 14:45:00,7708.894,7714.018,7707.324,7713.097,74018200,1800437760.0000
2026-07-27 14:46:00,7713.163,7713.163,7709.157,7710.098,64840900,1616510976.0000
2026-07-27 14:47:00,7709.286,7709.815,7706.704,7706.704,69741100,1657405440.0000
2026-07-27 14:48:00,7706.670,7711.063,7706.148,7711.063,72103100,1759936512.0000
2026-07-27 14:49:00,7711.690,7718.592,7711.690,7713.471,102115000,2535456768.0000
2026-07-27 14:50:00,7714.407,7718.523,7714.407,7716.889,77946200,1911717888.0000
2026-07-27 14:51:00,7717.539,7717.539,7710.633,7711.316,119040900,2390556672.0000
2026-07-27 14:52:00,7711.617,7715.083,7710.731,7714.886,89448700,2062352384.0000
2026-07-27 14:53:00,7714.996,7718.126,7714.892,7718.126,90605900,2049540096.0000
2026-07-27 14:54:00,7718.119,7719.533,7717.337,7718.642,98606800,2235400192.0000
2026-07-27 14:55:00,7718.551,7718.551,7717.049,7717.551,109113000,2400714752.0000
2026-07-27 14:56:00,7718.087,7718.151,7715.904,7716.809,124680700,2536407040.0000
2026-07-27 14:57:00,7716.874,7718.560,7716.712,7717.301,141342600,2921070592.0000
2026-07-27 14:58:00,7717.787,7717.787,7717.735,7717.735,7234300,154337280.0000
2026-07-27 15:00:00,7719.129,7720.597,7719.129,7720.597,197584000,4024434688.0000
2026-07-28 09:31:00,7589.760,7595.428,7580.604,7581.185,621617000,16760499200.0000
2026-07-28 09:32:00,7585.521,7608.848,7585.521,7608.848,364322300,9682797568.0000
2026-07-28 09:33:00,7608.989,7617.415,7597.091,7616.993,239649700,6536464384.0000
2026-07-28 09:34:00,7616.526,7626.099,7616.526,7626.099,206635700,5411620864.0000
2026-07-28 09:35:00,7626.548,7635.033,7623.400,7628.814,281327900,5732941824.0000
2026-07-28 09:36:00,7631.850,7642.785,7628.515,7633.244,274833300,6044041216.0000
2026-07-28 09:37:00,7632.618,7646.016,7632.618,7638.891,220515300,5267345408.0000
2026-07-28 09:38:00,7640.052,7641.485,7626.469,7635.820,211510200,4969332736.0000
2026-07-28 09:39:00,7637.289,7638.492,7620.797,7633.260,226561600,4907991040.0000
2026-07-28 09:40:00,7632.177,7639.814,7622.790,7623.303,194044000,4360900608.0000
2026-07-28 09:41:00,7621.873,7634.173,7620.253,7634.173,192399300,4074799104.0000
2026-07-28 09:42:00,7633.925,7640.334,7619.912,7619.912,160529700,3578003456.0000
2026-07-28 09:43:00,7618.747,7621.183,7613.205,7619.185,156204000,3592077312.0000
2026-07-28 09:44:00,7617.284,7637.250,7616.206,7632.328,133664700,3347562496.0000
2026-07-28 09:45:00,7633.894,7634.693,7619.131,7621.399,139598500,3118718976.0000
2026-07-28 09:46:00,7621.112,7622.644,7610.683,7621.007,159396000,3667525632.0000
2026-07-28 09:47:00,7618.403,7618.403,7598.815,7601.069,166964400,3672260608.0000
2026-07-28 09:48:00,7600.066,7605.129,7588.336,7588.336,151145900,3562266624.0000
2026-07-28 09:49:00,7587.843,7591.260,7582.911,7590.131,136319800,3421569024.0000
2026-07-28 09:50:00,7589.321,7599.482,7582.162,7597.202,174882000,3928399872.0000
2026-07-28 09:51:00,7597.619,7613.595,7597.521,7603.335,139111600,2909167616.0000
2026-07-28 09:52:00,7602.648,7607.956,7598.951,7607.373,134410700,3130023936.0000
2026-07-28 09:53:00,7607.112,7607.112,7581.407,7581.407,147967400,3953377280.0000
2026-07-28 09:54:00,7583.295,7594.360,7579.225,7590.736,148408100,3043573760.0000
2026-07-28 09:55:00,7589.811,7601.847,7589.811,7601.688,107245300,2417516544.0000
2026-07-28 09:56:00,7600.551,7611.724,7599.485,7600.317,97298200,2251866112.0000
2026-07-28 09:57:00,7599.944,7599.944,7585.920,7585.920,112593400,2497830912.0000
2026-07-28 09:58:00,7586.818,7591.966,7585.384,7588.014,86635400,2093195264.0000
2026-07-28 09:59:00,7587.549,7591.957,7584.313,7586.434,85961100,2206359552.0000
2026-07-28 10:00:00,7587.755,7593.344,7579.601,7590.630,88424700,2321711104.0000
2026-07-28 10:01:00,7589.161,7608.615,7581.418,7607.454,109624700,2595151872.0000
2026-07-28 10:02:00,7609.952,7611.676,7607.364,7611.163,98120000,2399412224.0000
2026-07-28 10:03:00,7609.766,7612.764,7604.776,7606.110,81911900,2043232256.0000
2026-07-28 10:04:00,7606.312,7618.946,7604.465,7608.358,86074800,2249457664.0000
2026-07-28 10:05:00,7609.242,7609.242,7598.591,7599.333,75529100,2025897984.0000
2026-07-28 10:06:00,7597.907,7604.908,7590.611,7594.304,81853700,2018770944.0000
2026-07-28 10:07:00,7595.272,7595.956,7584.113,7587.837,84728000,2032435200.0000
2026-07-28 10:08:00,7587.417,7589.351,7577.272,7581.936,77517400,1869037568.0000
2026-07-28 10:09:00,7582.202,7597.070,7582.202,7591.175,76582400,1847246848.0000
2026-07-28 10:10:00,7589.041,7589.041,7577.869,7581.250,89167200,1920811008.0000
2026-07-28 10:11:00,7580.855,7580.855,7573.513,7573.513,77219100,1932623872.0000
2026-07-28 10:12:00,7572.727,7572.727,7563.978,7563.978,118726700,2142715904.0000
2026-07-28 10:13:00,7563.326,7563.957,7555.459,7562.994,112246200,2410823680.0000
2026-07-28 10:14:00,7562.980,7566.833,7561.765,7562.796,80499500,1692303360.0000
2026-07-28 10:15:00,7563.265,7573.170,7563.265,7568.952,79474200,1518059520.0000
2026-07-28 10:16:00,7566.377,7569.016,7562.935,7569.016,74646100,1645395968.0000
2026-07-28 10:17:00,7569.015,7570.670,7558.316,7569.076,72535100,2029551616.0000
2026-07-28 10:18:00,7571.423,7576.798,7568.831,7569.197,56946500,1420771328.0000
2026-07-28 10:19:00,7571.888,7572.923,7565.106,7568.301,55368400,1319567360.0000
2026-07-28 10:20:00,7568.526,7572.719,7566.197,7566.813,65556800,1327824896.0000
2026-07-28 10:21:00,7567.993,7579.870,7563.638,7579.870,71396900,1518600192.0000
2026-07-28 10:22:00,7580.707,7582.581,7573.598,7576.068,56826200,1268219904.0000
2026-07-28 10:23:00,7575.813,7587.969,7574.250,7585.208,58214900,1370718208.0000
2026-07-28 10:24:00,7584.792,7584.792,7574.148,7574.148,47444700,1115193344.0000
2026-07-28 10:25:00,7573.441,7573.441,7562.603,7564.530,56973800,1456439296.0000
2026-07-28 10:26:00,7564.736,7564.736,7558.196,7560.762,46153500,1466351616.0000
2026-07-28 10:27:00,7560.587,7566.529,7556.418,7556.418,42934400,1335132160.0000
2026-07-28 10:28:00,7553.263,7555.325,7551.349,7551.396,50032000,1506066432.0000
2026-07-28 10:29:00,7550.559,7550.559,7545.054,7545.054,51216100,1646510080.0000
2026-07-28 10:30:00,7545.231,7550.166,7545.231,7549.365,55786600,1531215872.0000
2026-07-28 10:31:00,7549.697,7549.697,7535.252,7535.252,83261500,2122530816.0000
2026-07-28 10:32:00,7539.758,7546.673,7539.430,7545.613,60925200,1472724992.0000
2026-07-28 10:33:00,7544.772,7545.474,7540.661,7544.510,53191000,1177518080.0000
2026-07-28 10:34:00,7545.075,7545.075,7534.162,7534.162,60270600,1367834624.0000
2026-07-28 10:35:00,7533.295,7534.462,7528.780,7533.131,62457800,1496973312.0000
2026-07-28 10:36:00,7532.570,7532.908,7518.842,7520.871,101815900,2079031296.0000
2026-07-28 10:37:00,7520.918,7522.813,7519.029,7521.442,70444400,1564377088.0000
2026-07-28 10:38:00,7521.394,7521.712,7516.808,7519.246,66482500,1761509376.0000
2026-07-28 10:39:00,7519.133,7526.967,7519.133,7526.543,54440200,1536491520.0000
2026-07-28 10:40:00,7526.305,7526.305,7511.916,7514.191,68204100,1947713536.0000
2026-07-28 10:41:00,7516.326,7520.459,7515.055,7518.199,51053100,1420263424.0000
2026-07-28 10:42:00,7518.360,7521.564,7517.490,7518.583,53807300,1260093440.0000
2026-07-28 10:43:00,7518.613,7518.966,7512.099,7512.099,49024200,1391394816.0000
2026-07-28 10:44:00,7512.318,7517.111,7511.721,7517.111,49037700,1330872320.0000
2026-07-28 10:45:00,7517.782,7517.782,7503.660,7503.660,65499000,1565376512.0000
2026-07-28 10:46:00,7503.611,7509.508,7503.363,7508.296,53380200,1419280384.0000
2026-07-28 10:47:00,7507.685,7507.685,7496.782,7496.782,69229700,1883127808.0000
2026-07-28 10:48:00,7496.670,7497.422,7490.352,7490.352,60618300,1618608128.0000
2026-07-28 10:49:00,7489.620,7494.223,7489.508,7490.134,60150700,1649426432.0000
2026-07-28 10:50:00,7489.939,7496.382,7487.310,7496.382,68182900,1714110464.0000
2026-07-28 10:51:00,7496.438,7501.971,7495.606,7496.214,54129200,1287258112.0000
2026-07-28 10:52:00,7497.181,7498.809,7490.814,7496.730,45690000,1224589312.0000
2026-07-28 10:53:00,7497.078,7516.665,7497.078,7516.665,39360800,1158840320.0000
2026-07-28 10:54:00,7517.882,7529.411,7517.882,7525.358,62090800,1567424512.0000
2026-07-28 10:55:00,7524.213,7524.217,7507.960,7510.888,52634800,1171996672.0000
2026-07-28 10:56:00,7510.332,7524.471,7510.332,7519.201,46969900,997457920.0000
2026-07-28 10:57:00,7519.432,7519.432,7505.855,7508.080,35147500,879869952.0000
2026-07-28 10:58:00,7507.010,7507.010,7500.848,7501.745,34344000,813350912.0000
2026-07-28 10:59:00,7502.796,7506.284,7494.347,7496.850,49475100,1064058880.0000
2026-07-28 11:00:00,7498.010,7498.010,7489.455,7490.084,38355300,1054883840.0000
2026-07-28 11:01:00,7489.605,7492.045,7482.328,7483.622,52803400,1329840128.0000
2026-07-28 11:02:00,7483.472,7493.449,7483.249,7487.563,36226300,972505088.0000
2026-07-28 11:03:00,7487.901,7493.143,7487.901,7492.126,34320200,856899584.0000
2026-07-28 11:04:00,7490.037,7490.601,7484.742,7487.422,37554500,988610560.0000
2026-07-28 11:05:00,7487.456,7487.456,7480.715,7482.559,38985700,1096155136.0000
2026-07-28 11:06:00,7482.948,7483.626,7479.973,7482.389,36214900,999424000.0000
2026-07-28 11:07:00,7482.836,7486.343,7479.428,7486.343,41436800,1098629120.0000
2026-07-28 11:08:00,7485.728,7486.073,7478.938,7479.538,45617100,968589312.0000
2026-07-28 11:09:00,7479.685,7481.786,7472.704,7474.256,48956500,1141014528.0000
2026-07-28 11:10:00,7474.194,7481.316,7474.194,7478.929,41155000,1060929536.0000
2026-07-28 11:11:00,7478.577,7478.577,7472.494,7476.169,47583300,1303085056.0000
2026-07-28 11:12:00,7475.735,7485.301,7475.123,7481.647,43718700,992051200.0000
2026-07-28 11:13:00,7481.032,7481.582,7474.389,7478.255,38419100,918077440.0000
2026-07-28 11:14:00,7479.389,7489.539,7478.402,7489.394,36833000,815693824.0000
2026-07-28 11:15:00,7490.899,7504.614,7490.899,7501.938,49757600,1184038912.0000
2026-07-28 11:16:00,7500.488,7504.869,7488.598,7504.184,49190000,1052262400.0000
2026-07-28 11:17:00,7503.983,7504.291,7499.280,7499.280,33291700,759709696.0000
2026-07-28 11:18:00,7497.832,7515.107,7492.578,7515.107,45032700,985284608.0000
2026-07-28 11:19:00,7517.163,7522.791,7517.163,7518.521,51919600,1141489664.0000
2026-07-28 11:20:00,7519.093,7519.093,7504.752,7504.752,42733700,996294656.0000
2026-07-28 11:21:00,7505.182,7505.182,7491.675,7503.160,52777000,1210564608.0000
2026-07-28 11:22:00,7501.444,7505.579,7496.796,7505.139,27378900,740720640.0000
2026-07-28 11:23:00,7504.936,7513.249,7504.936,7513.249,32765100,816545792.0000
2026-07-28 11:24:00,7511.448,7513.584,7507.081,7513.584,28016100,670728192.0000
2026-07-28 11:25:00,7517.934,7528.012,7516.906,7518.954,43148600,986071040.0000
2026-07-28 11:26:00,7521.039,7536.866,7520.549,7533.979,41856700,1043382272.0000
2026-07-28 11:27:00,7533.292,7535.998,7523.629,7523.629,37571700,947798016.0000
2026-07-28 11:28:00,7523.076,7523.546,7515.958,7519.776,26754600,684670976.0000
2026-07-28 11:29:00,7516.634,7516.697,7508.925,7508.925,39806800,905871360.0000
2026-07-28 11:30:00,7507.585,7512.260,7503.159,7512.260,28014300,760872960.0000
2026-07-28 13:01:00,7513.365,7513.365,7488.807,7495.691,160876400,2949726208.0000
2026-07-28 13:02:00,7495.463,7505.133,7491.441,7491.441,45036300,1237188608.0000
2026-07-28 13:03:00,7490.369,7492.252,7484.692,7489.862,36884700,1111261184.0000
2026-07-28 13:04:00,7489.440,7489.559,7482.018,7482.736,31536400,1010434048.0000
2026-07-28 13:05:00,7482.561,7484.035,7479.889,7479.889,33369600,887259136.0000
2026-07-28 13:06:00,7478.471,7478.471,7468.116,7470.822,59914600,1508032512.0000
2026-07-28 13:07:00,7470.445,7471.251,7465.525,7467.138,38922900,1161003008.0000
2026-07-28 13:08:00,7466.771,7472.049,7466.771,7469.718,29954200,781910016.0000
2026-07-28 13:09:00,7469.217,7480.298,7469.217,7480.282,32469600,948142080.0000
2026-07-28 13:10:00,7479.145,7486.333,7476.696,7483.301,36298700,864993280.0000
2026-07-28 13:11:00,7484.342,7491.743,7484.342,7484.648,37539800,853213184.0000
2026-07-28 13:12:00,7484.307,7484.515,7476.971,7478.571,31245700,781484032.0000
2026-07-28 13:13:00,7481.552,7502.557,7481.552,7500.836,40007500,1022951424.0000
2026-07-28 13:14:00,7501.593,7510.532,7501.593,7508.098,36981400,898973696.0000
2026-07-28 13:15:00,7506.120,7506.360,7498.599,7499.766,34385000,877395968.0000
2026-07-28 13:16:00,7500.423,7505.577,7497.834,7502.166,33058300,826163200.0000
2026-07-28 13:17:00,7503.730,7503.730,7488.923,7488.923,36374800,816971776.0000
2026-07-28 13:18:00,7489.025,7490.555,7482.247,7484.846,35610400,831651840.0000
2026-07-28 13:19:00,7485.085,7485.085,7477.033,7481.320,36627900,951746560.0000
2026-07-28 13:20:00,7482.302,7482.302,7477.877,7478.471,31597000,674693120.0000
2026-07-28 13:21:00,7477.986,7478.338,7472.235,7474.390,39155400,1061060608.0000
2026-07-28 13:22:00,7474.733,7480.702,7474.729,7478.655,32068200,774766592.0000
2026-07-28 13:23:00,7478.382,7481.667,7476.863,7479.163,25930200,727646208.0000
2026-07-28 13:24:00,7479.295,7479.459,7470.402,7470.935,32960700,881393664.0000
2026-07-28 13:25:00,7470.735,7473.910,7469.643,7469.643,28415400,850919424.0000
2026-07-28 13:26:00,7468.614,7470.990,7468.614,7469.442,28294100,755236864.0000
2026-07-28 13:27:00,7469.449,7469.653,7467.230,7469.173,36858400,897384448.0000
2026-07-28 13:28:00,7469.343,7469.818,7465.854,7466.334,37237600,996835328.0000
2026-07-28 13:29:00,7466.540,7466.540,7462.261,7462.261,37212200,1066041344.0000
2026-07-28 13:30:00,7465.233,7466.754,7464.433,7465.185,33334500,970293248.0000
2026-07-28 13:31:00,7464.603,7465.551,7462.372,7462.372,31916900,858128384.0000
2026-07-28 13:32:00,7461.447,7461.484,7457.574,7460.328,38761400,1346502656.0000
2026-07-28 13:33:00,7460.513,7460.513,7454.868,7455.668,30922300,983105536.0000
2026-07-28 13:34:00,7454.648,7454.648,7450.367,7450.367,39304100,1221099520.0000
2026-07-28 13:35:00,7450.107,7450.107,7443.539,7443.539,49895400,1356857344.0000
2026-07-28 13:36:00,7443.539,7451.539,7443.539,7451.539,39100300,1303871488.0000
2026-07-28 13:37:00,7451.768,7452.063,7447.480,7449.882,33464200,961183744.0000
2026-07-28 13:38:00,7450.866,7467.246,7450.866,7467.246,56197800,1282473984.0000
2026-07-28 13:39:00,7468.069,7468.069,7463.793,7465.153,40825300,938672128.0000
2026-07-28 13:40:00,7464.560,7479.713,7463.218,7479.602,58245400,1117618176.0000
2026-07-28 13:41:00,7479.788,7486.743,7479.620,7485.810,45382900,1052442624.0000
2026-07-28 13:42:00,7485.601,7485.683,7477.127,7478.073,38375400,910721024.0000
2026-07-28 13:43:00,7479.776,7499.939,7479.776,7499.939,39052400,1082228736.0000
2026-07-28 13:44:00,7500.753,7509.360,7500.753,7500.944,45443000,1191084032.0000
2026-07-28 13:45:00,7500.812,7500.812,7487.378,7489.411,36520100,929005568.0000
2026-07-28 13:46:00,7489.535,7495.538,7481.043,7481.618,38857300,898826240.0000
2026-07-28 13:47:00,7481.371,7481.666,7473.214,7474.320,29131500,723648512.0000
2026-07-28 13:48:00,7470.894,7470.894,7464.453,7466.257,41725000,970293248.0000
2026-07-28 13:49:00,7465.797,7465.936,7458.590,7460.925,38588800,856555520.0000
2026-07-28 13:50:00,7460.958,7460.958,7457.107,7458.391,31931100,837255168.0000
2026-07-28 13:51:00,7459.036,7462.286,7455.456,7462.286,37502600,972128256.0000
2026-07-28 13:52:00,7462.256,7464.284,7457.192,7457.192,30024500,776732672.0000
2026-07-28 13:53:00,7457.632,7461.714,7457.632,7461.440,24421900,613253120.0000
2026-07-28 13:54:00,7461.779,7462.962,7458.847,7461.333,29219900,802390016.0000
2026-07-28 13:55:00,7461.773,7461.773,7455.022,7455.022,28072100,787251200.0000
2026-07-28 13:56:00,7455.082,7460.155,7455.082,7459.623,28189400,780992512.0000
2026-07-28 13:57:00,7459.333,7459.333,7456.235,7456.385,27440900,690225152.0000
2026-07-28 13:58:00,7455.999,7456.701,7453.202,7456.701,34061500,827949056.0000
2026-07-28 13:59:00,7456.980,7462.051,7456.369,7462.045,36944400,774897664.0000
2026-07-28 14:00:00,7462.401,7462.401,7458.543,7459.658,32573600,704151552.0000
2026-07-28 14:01:00,7459.831,7461.811,7458.119,7460.009,47498200,883818496.0000
2026-07-28 14:02:00,7460.790,7471.267,7460.790,7471.267,55855100,999948288.0000
2026-07-28 14:03:00,7471.140,7472.085,7465.828,7472.085,42115100,955613184.0000
2026-07-28 14:04:00,7471.832,7473.640,7469.606,7470.397,49591100,779321344.0000
2026-07-28 14:05:00,7467.892,7467.892,7461.972,7463.947,42724000,1057947648.0000
2026-07-28 14:06:00,7464.191,7464.191,7455.672,7455.672,38091100,1031962624.0000
2026-07-28 14:07:00,7455.523,7458.092,7455.523,7457.269,33911600,1035534336.0000
2026-07-28 14:08:00,7457.164,7463.195,7457.164,7460.745,34773400,885522432.0000
2026-07-28 14:09:00,7461.249,7461.734,7456.258,7456.580,33786800,1014824960.0000
2026-07-28 14:10:00,7456.051,7456.734,7454.748,7454.778,29594300,843743232.0000
2026-07-28 14:11:00,7454.592,7457.221,7453.587,7453.587,32368500,959119360.0000
2026-07-28 14:12:00,7454.515,7456.749,7453.802,7453.802,33409800,980254720.0000
2026-07-28 14:13:00,7453.799,7453.799,7449.972,7451.549,31906400,904396800.0000
2026-07-28 14:14:00,7452.422,7452.496,7445.935,7445.935,39660400,952303616.0000
2026-07-28 14:15:00,7445.146,7445.799,7441.218,7443.135,47837200,1246593024.0000
2026-07-28 14:16:00,7442.959,7442.959,7439.889,7439.889,44013200,1047887872.0000
2026-07-28 14:17:00,7438.814,7440.124,7437.124,7437.217,50439000,1059749888.0000
2026-07-28 14:18:00,7436.507,7436.507,7431.996,7433.244,56583300,1303281664.0000
2026-07-28 14:19:00,7433.291,7433.291,7429.392,7429.782,34556200,1047625728.0000
2026-07-28 14:20:00,7429.924,7442.864,7429.924,7442.641,57449200,1408958464.0000
2026-07-28 14:21:00,7443.237,7453.416,7443.036,7451.138,58095600,1234468864.0000
2026-07-28 14:22:00,7451.044,7452.069,7446.695,7446.828,28532700,754483200.0000
2026-07-28 14:23:00,7446.567,7458.155,7446.230,7458.155,33002500,905216000.0000
2026-07-28 14:24:00,7457.891,7457.943,7447.083,7447.161,29180100,925204480.0000
2026-07-28 14:25:00,7446.532,7446.532,7443.080,7446.361,31237200,796426240.0000
2026-07-28 14:26:00,7447.464,7448.095,7444.258,7446.515,25966700,744882176.0000
2026-07-28 14:27:00,7446.571,7446.571,7442.951,7443.350,24868800,662470656.0000
2026-07-28 14:28:00,7443.496,7443.496,7440.829,7440.954,31139400,821133312.0000
2026-07-28 14:29:00,7441.038,7444.557,7440.241,7440.241,33531200,913899520.0000
2026-07-28 14:30:00,7439.826,7447.727,7439.826,7447.727,38782700,1022885888.0000
2026-07-28 14:31:00,7448.412,7449.684,7441.621,7442.022,54896600,1154580480.0000
2026-07-28 14:32:00,7441.148,7441.148,7434.712,7435.514,56026300,1313177600.0000
2026-07-28 14:33:00,7435.827,7439.336,7434.768,7435.403,46583300,1128890368.0000
2026-07-28 14:34:00,7436.892,7437.876,7434.334,7435.295,38039300,1021739008.0000
2026-07-28 14:35:00,7435.456,7441.035,7435.456,7437.660,43387500,1099956224.0000
2026-07-28 14:36:00,7438.382,7439.334,7435.332,7435.332,46639300,1116733440.0000
2026-07-28 14:37:00,7435.718,7435.718,7426.074,7426.234,67280600,1716551680.0000
2026-07-28 14:38:00,7425.606,7427.140,7418.044,7418.044,68941200,1756004352.0000
2026-07-28 14:39:00,7418.055,7419.633,7415.894,7419.633,68906700,1836154880.0000
2026-07-28 14:40:00,7420.213,7429.003,7420.213,7427.959,66348100,1556774912.0000
2026-07-28 14:41:00,7428.488,7436.208,7427.604,7434.981,58036400,1330741248.0000
2026-07-28 14:42:00,7433.868,7433.868,7421.864,7421.864,53511700,1285324800.0000
2026-07-28 14:43:00,7422.105,7422.849,7416.905,7417.860,54167100,1277624320.0000
2026-07-28 14:44:00,7417.578,7421.507,7417.578,7419.962,59861200,1422327808.0000
2026-07-28 14:45:00,7419.333,7420.210,7413.338,7413.414,62814200,1510866944.0000
2026-07-28 14:46:00,7413.146,7417.433,7412.631,7412.850,73266500,1713668096.0000
2026-07-28 14:47:00,7413.646,7426.691,7413.646,7424.646,87878600,1931018240.0000
2026-07-28 14:48:00,7424.875,7425.206,7418.689,7418.689,53931300,1191870464.0000
2026-07-28 14:49:00,7419.429,7426.891,7418.540,7426.441,89049700,1556414464.0000
2026-07-28 14:50:00,7425.729,7428.788,7421.414,7428.788,79375200,1563590656.0000
2026-07-28 14:51:00,7431.705,7453.670,7431.705,7452.540,134918500,2458877952.0000
2026-07-28 14:52:00,7451.251,7451.802,7442.800,7442.800,79757600,1735884800.0000
2026-07-28 14:53:00,7442.394,7448.586,7442.394,7448.586,68062200,1388183552.0000
2026-07-28 14:54:00,7448.734,7448.734,7446.298,7447.442,69173600,1501790208.0000
2026-07-28 14:55:00,7446.575,7446.575,7442.545,7442.856,83759100,1742831616.0000
2026-07-28 14:56:00,7443.244,7445.844,7443.244,7444.334,99958300,1964048384.0000
2026-07-28 14:57:00,7444.940,7446.652,7444.298,7445.883,104008800,2082471936.0000
2026-07-28 14:58:00,7445.901,7445.914,7445.901,7445.914,6193000,133595136.0000
2026-07-28 15:00:00,7444.349,7444.349,7443.433,7443.433,154726400,3065577472.0000
2026-07-29 09:31:00,7444.802,7458.870,7444.802,7446.449,536903600,12505056256.0000
2026-07-29 09:32:00,7448.593,7455.366,7442.008,7446.317,390012300,8597791744.0000
2026-07-29 09:33:00,7443.970,7443.970,7430.193,7438.729,268103900,6305835008.0000
2026-07-29 09:34:00,7437.693,7437.693,7419.839,7429.401,209702200,5617477632.0000
2026-07-29 09:35:00,7430.154,7452.648,7430.154,7452.648,208745500,5054818304.0000
2026-07-29 09:36:00,7450.655,7469.706,7447.321,7469.706,206808800,5181661184.0000
2026-07-29 09:37:00,7471.578,7503.445,7471.578,7496.016,210381600,5021642752.0000
2026-07-29 09:38:00,7496.107,7503.332,7488.588,7495.777,206148000,4628287488.0000
2026-07-29 09:39:00,7494.160,7504.482,7488.556,7490.502,190343400,4098224128.0000
2026-07-29 09:40:00,7490.250,7498.762,7484.774,7493.251,177842900,3801669632.0000
2026-07-29 09:41:00,7492.840,7492.840,7484.011,7488.088,134602500,3445436416.0000
2026-07-29 09:42:00,7487.763,7487.763,7456.205,7456.916,145252400,3333545984.0000
2026-07-29 09:43:00,7454.564,7454.564,7434.914,7434.914,182549500,4506771456.0000
2026-07-29 09:44:00,7434.480,7434.480,7414.103,7414.103,169879800,4448706560.0000
2026-07-29 09:45:00,7413.354,7416.636,7403.657,7406.586,186570400,5023440896.0000
2026-07-29 09:46:00,7410.632,7414.301,7388.353,7391.312,213070400,5216747520.0000
2026-07-29 09:47:00,7394.178,7397.791,7385.440,7385.440,162956500,4355637248.0000
2026-07-29 09:48:00,7384.248,7404.462,7377.838,7404.462,180730300,5095235584.0000
2026-07-29 09:49:00,7405.023,7410.455,7378.149,7378.393,179806100,4492206080.0000
2026-07-29 09:50:00,7378.491,7386.029,7370.846,7370.846,173893300,4016078848.0000
2026-07-29 09:51:00,7369.086,7369.086,7353.835,7368.401,202722500,5006319616.0000
2026-07-29 09:52:00,7366.952,7371.283,7358.346,7370.327,137823900,3540639744.0000
2026-07-29 09:53:00,7373.743,7392.779,7373.743,7390.797,149451800,3476160512.0000
2026-07-29 09:54:00,7390.543,7390.543,7371.898,7381.181,164000200,3183820800.0000
2026-07-29 09:55:00,7381.130,7395.137,7380.106,7383.761,125399400,2601263104.0000
2026-07-29 09:56:00,7382.285,7382.285,7356.991,7358.099,143325800,3148963840.0000
2026-07-29 09:57:00,7361.497,7361.497,7345.275,7345.275,137179500,3022127104.0000
2026-07-29 09:58:00,7344.150,7375.962,7344.150,7375.962,131460900,3284303872.0000
2026-07-29 09:59:00,7376.483,7388.482,7372.330,7372.330,98630600,2401525760.0000
2026-07-29 10:00:00,7370.085,7371.910,7363.592,7363.592,167092600,2427920384.0000
2026-07-29 10:01:00,7362.852,7362.852,7353.784,7356.866,141900000,2719875072.0000
2026-07-29 10:02:00,7354.277,7363.483,7349.230,7363.483,169152200,3157753856.0000
2026-07-29 10:03:00,7365.996,7365.996,7347.373,7350.831,143840800,3134406656.0000
2026-07-29 10:04:00,7350.765,7367.551,7349.741,7349.741,127900800,2874769408.0000
2026-07-29 10:05:00,7348.687,7348.687,7334.016,7341.062,149399400,3533012992.0000
2026-07-29 10:06:00,7340.824,7344.120,7325.356,7329.319,136856400,3799171072.0000
2026-07-29 10:07:00,7331.290,7341.549,7326.506,7330.431,139447100,3381198848.0000
2026-07-29 10:08:00,7331.281,7350.788,7331.281,7336.510,138789100,3240181760.0000
2026-07-29 10:09:00,7335.651,7347.928,7331.242,7347.928,102640300,2473394176.0000
2026-07-29 10:10:00,7347.803,7357.663,7347.803,7350.668,115548200,2521808896.0000
2026-07-29 10:11:00,7352.018,7386.252,7351.563,7385.779,115221800,2631204864.0000
2026-07-29 10:12:00,7385.816,7385.816,7371.568,7376.016,118596200,2558509056.0000
2026-07-29 10:13:00,7375.496,7390.680,7366.838,7390.680,104281200,2390982656.0000
2026-07-29 10:14:00,7391.297,7405.868,7390.686,7402.938,96532300,2487271424.0000
2026-07-29 10:15:00,7400.327,7400.327,7384.309,7384.309,104861100,2195898368.0000
2026-07-29 10:16:00,7383.278,7392.802,7376.748,7378.932,74083600,1808646144.0000
2026-07-29 10:17:00,7385.215,7387.060,7371.516,7371.516,72878300,1651818496.0000
2026-07-29 10:18:00,7370.757,7373.437,7363.013,7366.538,72340900,1812676608.0000
2026-07-29 10:19:00,7365.496,7381.924,7364.863,7381.924,60401400,1489960960.0000
2026-07-29 10:20:00,7383.264,7383.264,7363.801,7363.801,79704600,1767751680.0000
2026-07-29 10:21:00,7363.174,7363.174,7352.394,7353.715,74660100,1812955136.0000
2026-07-29 10:22:00,7351.848,7356.029,7344.471,7350.763,84758100,1965899776.0000
2026-07-29 10:23:00,7349.307,7359.500,7345.129,7355.451,83736200,1891516416.0000
2026-07-29 10:24:00,7354.880,7379.741,7353.754,7372.408,98903900,2026405888.0000
2026-07-29 10:25:00,7372.410,7392.333,7372.410,7392.333,143103000,1809973248.0000
2026-07-29 10:26:00,7395.602,7424.521,7395.602,7421.712,149146500,2759720960.0000
2026-07-29 10:27:00,7421.644,7434.636,7417.573,7434.043,145443600,2652438528.0000
2026-07-29 10:28:00,7434.698,7463.794,7433.490,7463.794,172548700,3301556224.0000
2026-07-29 10:29:00,7465.011,7481.962,7464.640,7475.394,160114200,3715448832.0000
2026-07-29 10:30:00,7476.980,7477.623,7462.805,7465.433,118491500,2746712064.0000
2026-07-29 10:31:00,7467.506,7478.319,7464.710,7465.061,165602200,3094659072.0000
2026-07-29 10:32:00,7466.900,7466.900,7455.355,7461.386,107959200,2261958656.0000
2026-07-29 10:33:00,7460.555,7485.686,7460.555,7482.567,177246800,3442524160.0000
2026-07-29 10:34:00,7480.133,7482.228,7467.595,7467.595,123291600,2677833728.0000
2026-07-29 10:35:00,7467.152,7467.152,7449.830,7449.994,102213600,2129100800.0000
2026-07-29 10:36:00,7449.655,7451.610,7439.509,7439.509,87579000,1959870464.0000
2026-07-29 10:37:00,7439.493,7455.963,7439.493,7444.297,87181300,1861484544.0000
2026-07-29 10:38:00,7445.122,7447.379,7434.615,7434.615,74890100,1547550720.0000
2026-07-29 10:39:00,7434.011,7438.486,7433.317,7438.486,73576300,1521090560.0000
2026-07-29 10:40:00,7438.622,7438.622,7426.177,7431.748,62948900,1482096640.0000
2026-07-29 10:41:00,7432.393,7452.668,7432.393,7447.443,71435400,1588264960.0000
2026-07-29 10:42:00,7445.868,7446.533,7435.140,7438.586,57495200,1299939328.0000
2026-07-29 10:43:00,7438.233,7454.428,7438.233,7452.684,55656200,1175175168.0000
2026-07-29 10:44:00,7452.596,7454.368,7435.926,7435.926,53392600,1228505088.0000
2026-07-29 10:45:00,7437.632,7437.986,7426.270,7426.270,46924300,1190051840.0000
2026-07-29 10:46:00,7425.527,7426.904,7421.399,7421.508,54593300,1298857984.0000
2026-07-29 10:47:00,7421.334,7421.334,7408.118,7408.118,63181800,1510850560.0000
2026-07-29 10:48:00,7407.460,7408.063,7400.806,7406.502,69918100,1510391808.0000
2026-07-29 10:49:00,7405.510,7408.157,7401.415,7407.358,58607600,1249001472.0000
2026-07-29 10:50:00,7407.869,7407.869,7397.740,7397.740,52069200,1226555392.0000
2026-07-29 10:51:00,7397.046,7397.225,7389.863,7390.455,56373100,1377894400.0000
2026-07-29 10:52:00,7392.077,7394.373,7389.767,7391.614,53296000,1196261376.0000
2026-07-29 10:53:00,7392.049,7392.942,7388.510,7388.845,63201200,1183186944.0000
2026-07-29 10:54:00,7389.194,7391.804,7385.476,7385.476,64310700,1108393984.0000
2026-07-29 10:55:00,7385.936,7388.454,7379.211,7379.211,58091300,1270988800.0000
2026-07-29 10:56:00,7379.546,7381.663,7379.114,7379.957,43944900,1140916224.0000
2026-07-29 10:57:00,7380.158,7380.158,7375.415,7378.111,50613000,1253228544.0000
2026-07-29 10:58:00,7376.944,7377.371,7374.508,7375.189,42094100,1015463936.0000
2026-07-29 10:59:00,7374.616,7382.910,7374.616,7382.910,50746400,1162280960.0000
2026-07-29 11:00:00,7383.209,7384.125,7375.487,7375.487,54012300,1042202624.0000
2026-07-29 11:01:00,7375.723,7381.855,7375.697,7377.682,43488000,1056440320.0000
2026-07-29 11:02:00,7376.727,7381.023,7373.650,7381.023,46936000,1129627648.0000
2026-07-29 11:03:00,7381.385,7396.976,7381.385,7389.371,60466500,1372471296.0000
2026-07-29 11:04:00,7390.732,7391.629,7382.736,7382.859,51889000,933183488.0000
2026-07-29 11:05:00,7382.670,7390.688,7382.254,7385.510,36299700,853262336.0000
2026-07-29 11:06:00,7386.118,7386.603,7374.401,7375.517,49195100,938049536.0000
2026-07-29 11:07:00,7375.927,7376.405,7370.876,7371.967,40515300,840876032.0000
2026-07-29 11:08:00,7371.898,7391.732,7359.895,7388.759,101615300,2261106688.0000
2026-07-29 11:09:00,7388.141,7395.625,7386.871,7390.473,85011200,1500921856.0000
2026-07-29 11:10:00,7390.184,7410.247,7389.534,7410.247,51664700,1099612160.0000
2026-07-29 11:11:00,7410.836,7433.559,7410.836,7432.043,123991000,2354888704.0000
2026-07-29 11:12:00,7430.972,7430.972,7416.688,7416.688,63237700,1560887296.0000
2026-07-29 11:13:00,7417.614,7435.009,7417.614,7422.411,54690000,1628045312.0000
2026-07-29 11:14:00,7422.919,7423.986,7416.240,7418.409,32161400,785416192.0000
2026-07-29 11:15:00,7418.465,7419.201,7399.570,7399.570,39837400,825819136.0000
2026-07-29 11:16:00,7399.103,7402.677,7396.715,7400.775,33535100,711032832.0000
2026-07-29 11:17:00,7399.703,7410.082,7396.895,7410.082,30924500,708935680.0000
2026-07-29 11:18:00,7409.769,7409.769,7395.414,7395.990,29109800,698875904.0000
2026-07-29 11:19:00,7396.289,7396.289,7391.001,7396.023,30186300,698122240.0000
2026-07-29 11:20:00,7396.491,7396.769,7385.302,7387.279,39241300,925892608.0000
2026-07-29 11:21:00,7386.702,7391.519,7385.742,7386.281,32684900,781615104.0000
2026-07-29 11:22:00,7385.413,7388.813,7383.479,7386.572,27012400,688455680.0000
2026-07-29 11:23:00,7386.928,7386.928,7382.333,7382.420,26307500,625016832.0000
2026-07-29 11:24:00,7382.116,7384.751,7377.966,7381.334,32235200,775979008.0000
2026-07-29 11:25:00,7381.373,7381.373,7378.020,7380.313,25595300,600408064.0000
2026-07-29 11:26:00,7380.053,7384.731,7380.053,7382.435,26174300,617447424.0000
2026-07-29 11:27:00,7382.745,7389.103,7382.745,7385.012,26859800,661782528.0000
2026-07-29 11:28:00,7384.747,7384.747,7373.310,7373.310,33548000,845185024.0000
2026-07-29 11:29:00,7373.011,7377.205,7373.011,7376.831,30162500,770244608.0000
2026-07-29 11:30:00,7376.916,7386.796,7376.916,7385.923,38030500,843251712.0000
2026-07-29 13:01:00,7378.199,7378.199,7353.059,7375.201,192788300,4240834560.0000
2026-07-29 13:02:00,7375.366,7388.676,7374.516,7381.502,70157900,1674051584.0000
2026-07-29 13:03:00,7377.992,7383.221,7377.144,7381.774,44329400,1040908288.0000
2026-07-29 13:04:00,7381.716,7416.325,7381.716,7416.325,77283500,1616216064.0000
2026-07-29 13:05:00,7417.728,7433.273,7417.563,7431.264,86587800,1903984640.0000
2026-07-29 13:06:00,7432.986,7435.645,7416.846,7416.846,74335100,1460207616.0000
2026-07-29 13:07:00,7417.390,7429.867,7416.255,7419.675,48101200,1136590848.0000
2026-07-29 13:08:00,7419.537,7436.387,7419.528,7436.177,45736300,1053130752.0000
2026-07-29 13:09:00,7435.671,7464.559,7432.753,7464.559,91439100,1805451264.0000
2026-07-29 13:10:00,7465.932,7484.849,7465.932,7484.849,126517900,2603646976.0000
2026-07-29 13:11:00,7487.280,7490.737,7479.405,7484.509,94916000,2142175232.0000
2026-07-29 13:12:00,7484.296,7500.857,7484.296,7500.857,80246400,1917222912.0000
2026-07-29 13:13:00,7502.893,7519.618,7502.893,7514.357,115191600,2804809728.0000
2026-07-29 13:14:00,7512.558,7521.828,7511.255,7517.963,87236600,2238906368.0000
2026-07-29 13:15:00,7517.355,7532.040,7516.531,7530.760,89344300,2371026944.0000
2026-07-29 13:16:00,7528.180,7528.180,7510.854,7510.854,80504900,2170945536.0000
2026-07-29 13:17:00,7510.148,7510.148,7491.189,7493.425,73198200,1780842496.0000
2026-07-29 13:18:00,7493.961,7496.244,7485.128,7486.458,68574500,1698332672.0000
2026-07-29 13:19:00,7484.905,7490.112,7482.323,7484.729,63428700,1434681344.0000
2026-07-29 13:20:00,7481.841,7481.841,7469.960,7474.152,87767100,1601142784.0000
2026-07-29 13:21:00,7473.832,7487.322,7466.297,7487.322,85959600,1521516544.0000
2026-07-29 13:22:00,7487.631,7488.553,7475.910,7480.100,45812100,1181417472.0000
2026-07-29 13:23:00,7480.375,7503.043,7480.375,7502.954,61432000,1278017536.0000
2026-07-29 13:24:00,7502.692,7510.748,7490.340,7490.340,60719900,1382219776.0000
2026-07-29 13:25:00,7490.319,7490.319,7485.447,7485.849,47032900,1037565952.0000
2026-07-29 13:26:00,7487.989,7511.843,7487.989,7509.033,84913000,1486290944.0000
2026-07-29 13:27:00,7509.784,7511.511,7497.433,7499.203,73131600,1426784256.0000
2026-07-29 13:28:00,7499.357,7513.693,7499.357,7509.660,64560200,1294303232.0000
2026-07-29 13:29:00,7509.190,7517.500,7509.190,7516.839,67123500,1363673088.0000
2026-07-29 13:30:00,7516.232,7523.812,7516.232,7519.323,53174500,1481605120.0000
2026-07-29 13:31:00,7518.624,7518.624,7501.104,7501.104,88399600,1580007424.0000
2026-07-29 13:32:00,7499.694,7503.518,7494.422,7503.518,84736400,1495859200.0000
2026-07-29 13:33:00,7504.081,7504.081,7492.614,7501.875,69685200,1225785344.0000
2026-07-29 13:34:00,7501.892,7524.766,7501.537,7524.386,85798900,1592459264.0000
2026-07-29 13:35:00,7525.339,7547.929,7525.339,7547.703,159812900,2220654592.0000
2026-07-29 13:36:00,7548.967,7548.967,7539.886,7547.772,99376800,2017099776.0000
2026-07-29 13:37:00,7548.450,7558.385,7548.450,7549.221,139846800,2175664128.0000
2026-07-29 13:38:00,7549.319,7549.319,7532.875,7539.674,98293900,1878818816.0000
2026-07-29 13:39:00,7539.073,7549.419,7538.836,7539.514,68181500,1516994560.0000
2026-07-29 13:40:00,7539.490,7563.156,7539.490,7563.156,89570400,1842348032.0000
2026-07-29 13:41:00,7562.809,7567.948,7555.777,7555.777,111851500,2269347840.0000
2026-07-29 13:42:00,7555.839,7567.648,7555.826,7567.398,77161800,1740767232.0000
2026-07-29 13:43:00,7567.793,7572.814,7567.793,7570.593,79564900,1897791488.0000
2026-07-29 13:44:00,7570.588,7571.132,7556.945,7559.673,92206300,1934622720.0000
2026-07-29 13:45:00,7560.041,7563.746,7553.062,7553.062,62430800,1430224896.0000
2026-07-29 13:46:00,7553.253,7561.829,7553.130,7561.423,56640500,1308295168.0000
2026-07-29 13:47:00,7560.424,7560.424,7538.846,7538.846,65574300,1427734528.0000
2026-07-29 13:48:00,7537.190,7537.345,7530.900,7530.900,58931000,1267695616.0000
2026-07-29 13:49:00,7530.169,7536.290,7528.123,7531.661,59185100,1232142336.0000
2026-07-29 13:50:00,7530.995,7530.995,7517.363,7517.400,60757800,1313701888.0000
2026-07-29 13:51:00,7517.540,7520.425,7514.805,7516.323,49683600,1091305472.0000
2026-07-29 13:52:00,7514.774,7525.506,7514.241,7524.408,56887100,1065779200.0000
2026-07-29 13:53:00,7524.541,7524.810,7520.517,7520.922,39626300,927039488.0000
2026-07-29 13:54:00,7519.904,7519.904,7509.740,7509.740,45981400,1010925568.0000
2026-07-29 13:55:00,7509.019,7509.019,7499.321,7499.444,58155100,1092288512.0000
2026-07-29 13:56:00,7499.322,7513.275,7499.322,7512.478,50273100,1033469952.0000
2026-07-29 13:57:00,7512.543,7512.543,7509.702,7510.398,44363000,818151424.0000
2026-07-29 13:58:00,7510.426,7522.132,7510.426,7517.507,42133000,948830208.0000
2026-07-29 13:59:00,7517.514,7517.677,7513.226,7515.647,30427000,686653440.0000
2026-07-29 14:00:00,7516.289,7518.025,7515.293,7516.459,33228900,672137216.0000
2026-07-29 14:01:00,7516.755,7523.960,7516.025,7520.894,60027800,1028784128.0000
2026-07-29 14:02:00,7521.775,7527.289,7521.775,7525.959,58062000,942145536.0000
2026-07-29 14:03:00,7526.655,7534.931,7526.655,7529.484,51219500,1054408704.0000
2026-07-29 14:04:00,7530.281,7531.473,7509.959,7509.959,55203300,999424000.0000
2026-07-29 14:05:00,7509.407,7511.729,7498.365,7498.365,65147600,974389248.0000
2026-07-29 14:06:00,7497.413,7497.413,7490.636,7490.636,49649700,936247296.0000
2026-07-29 14:07:00,7490.202,7490.202,7482.358,7482.761,43658000,911998976.0000
2026-07-29 14:08:00,7481.847,7484.751,7478.424,7484.751,56438600,1062109184.0000
2026-07-29 14:09:00,7484.234,7486.336,7482.012,7486.336,35761600,775716864.0000
2026-07-29 14:10:00,7486.457,7487.142,7482.329,7483.227,32919500,738066432.0000
2026-07-29 14:11:00,7483.270,7485.460,7481.405,7481.879,36843200,746323968.0000
2026-07-29 14:12:00,7481.336,7481.440,7478.920,7480.225,34151000,701497344.0000
2026-07-29 14:13:00,7480.692,7481.563,7475.228,7475.231,38193300,805732352.0000
2026-07-29 14:14:00,7475.252,7483.550,7475.252,7483.126,31397700,707624960.0000
2026-07-29 14:15:00,7482.684,7497.668,7482.250,7497.003,42296800,927989760.0000
2026-07-29 14:16:00,7496.333,7496.333,7490.500,7493.432,36638000,733970432.0000
2026-07-29 14:17:00,7493.989,7498.354,7493.751,7498.262,37259900,710180864.0000
2026-07-29 14:18:00,7499.666,7514.614,7498.649,7514.614,43035500,910721024.0000
2026-07-29 14:19:00,7514.583,7516.931,7514.398,7515.425,39336100,948207616.0000
2026-07-29 14:20:00,7515.364,7518.150,7513.483,7513.845,31196500,792002560.0000
2026-07-29 14:21:00,7512.491,7513.993,7509.784,7509.784,35619600,818085888.0000
2026-07-29 14:22:00,7509.786,7513.410,7506.126,7506.435,31863100,731381760.0000
2026-07-29 14:23:00,7505.863,7505.863,7493.961,7494.041,42552600,787283968.0000
2026-07-29 14:24:00,7494.220,7494.220,7491.880,7492.544,30423200,687112192.0000
2026-07-29 14:25:00,7491.537,7496.999,7489.883,7496.999,35321800,808255488.0000
2026-07-29 14:26:00,7496.692,7499.757,7492.764,7499.757,30282300,760381440.0000
2026-07-29 14:27:00,7500.756,7506.987,7500.756,7506.749,37842200,834404352.0000
2026-07-29 14:28:00,7507.210,7513.979,7507.116,7512.347,36856900,839516160.0000
2026-07-29 14:29:00,7511.928,7513.021,7510.089,7510.439,37380000,774995968.0000
2026-07-29 14:30:00,7510.082,7510.082,7506.806,7507.185,37048100,684359680.0000
2026-07-29 14:31:00,7506.636,7517.439,7504.294,7517.439,70157700,1228701696.0000
2026-07-29 14:32:00,7517.949,7520.382,7513.102,7513.102,60874300,1095368704.0000
2026-07-29 14:33:00,7512.984,7512.984,7505.985,7506.142,45046000,850722816.0000
2026-07-29 14:34:00,7507.122,7513.819,7507.122,7511.506,46373700,938147840.0000
2026-07-29 14:35:00,7511.168,7511.168,7505.529,7505.948,58923400,999358464.0000
2026-07-29 14:36:00,7505.110,7508.376,7503.473,7508.376,54581500,962985984.0000
2026-07-29 14:37:00,7508.664,7508.908,7505.926,7506.374,47280300,906854400.0000
2026-07-29 14:38:00,7505.901,7509.427,7505.296,7505.540,46635000,995557376.0000
2026-07-29 14:39:00,7505.596,7506.600,7500.311,7500.311,48983400,999915520.0000
2026-07-29 14:40:00,7500.462,7500.462,7494.619,7495.005,61369500,1194426368.0000
2026-07-29 14:41:00,7494.267,7499.183,7494.267,7497.490,58822600,1148059648.0000
2026-07-29 14:42:00,7497.218,7502.577,7497.218,7501.299,49891500,1042939904.0000
2026-07-29 14:43:00,7501.028,7503.746,7501.028,7502.194,49746300,1024819200.0000
2026-07-29 14:44:00,7502.787,7507.507,7500.958,7506.267,57253300,1236271104.0000
2026-07-29 14:45:00,7505.349,7507.803,7505.177,7506.959,58588800,1169981440.0000
2026-07-29 14:46:00,7506.768,7510.615,7506.167,7510.615,59336000,1329430528.0000
2026-07-29 14:47:00,7511.350,7518.849,7510.876,7518.558,66922300,1482063872.0000
2026-07-29 14:48:00,7517.726,7518.082,7515.750,7517.353,60707900,1315766272.0000
2026-07-29 14:49:00,7517.414,7525.371,7517.414,7525.371,89997500,1570701312.0000
2026-07-29 14:50:00,7525.206,7532.204,7524.634,7532.204,117482000,1927086080.0000
2026-07-29 14:51:00,7532.169,7532.169,7525.893,7525.916,102711400,1946353664.0000
2026-07-29 14:52:00,7525.786,7525.786,7519.833,7521.318,83709900,1748402176.0000
2026-07-29 14:53:00,7521.535,7524.684,7521.535,7524.684,84652800,1769701376.0000
2026-07-29 14:54:00,7524.448,7526.033,7523.565,7525.369,94816200,1843888128.0000
2026-07-29 14:55:00,7524.913,7525.782,7523.788,7524.673,109121400,2066513920.0000
2026-07-29 14:56:00,7524.501,7525.090,7523.196,7523.967,119390000,2212724736.0000
2026-07-29 14:57:00,7524.165,7526.300,7524.077,7526.169,136515900,2629500928.0000
2026-07-29 14:58:00,7525.987,7526.071,7525.987,7526.071,7690900,146079744.0000
2026-07-29 15:00:00,7525.686,7525.686,7524.507,7524.507,167172700,3302326272.0000
2026-07-30 09:31:00,7477.314,7498.767,7477.314,7498.767,656038400,13795960832.0000
2026-07-30 09:32:00,7499.864,7522.404,7499.864,7506.476,405133900,9063712768.0000
2026-07-30 09:33:00,7506.505,7519.610,7499.390,7518.796,278917500,6117115904.0000
2026-07-30 09:34:00,7519.519,7529.742,7511.848,7522.972,248446900,5354696704.0000
2026-07-30 09:35:00,7523.038,7536.485,7522.928,7525.502,264993600,5689067520.0000
2026-07-30 09:36:00,7523.256,7528.958,7514.555,7528.068,300141500,5438124032.0000
2026-07-30 09:37:00,7527.871,7531.676,7520.581,7522.748,227192400,5143683072.0000
2026-07-30 09:38:00,7521.286,7525.293,7504.402,7506.814,251069200,5352878080.0000
2026-07-30 09:39:00,7505.833,7505.833,7490.536,7495.495,239471600,5196857344.0000
2026-07-30 09:40:00,7498.320,7510.905,7495.379,7510.111,194283000,4104318976.0000
2026-07-30 09:41:00,7510.405,7511.308,7496.141,7502.285,211522000,4458119168.0000
2026-07-30 09:42:00,7501.263,7501.263,7482.594,7482.594,200512800,3879215104.0000
2026-07-30 09:43:00,7481.715,7496.419,7481.715,7487.948,232511200,4204986368.0000
2026-07-30 09:44:00,7485.719,7485.719,7476.125,7481.120,172063800,3681304576.0000
2026-07-30 09:45:00,7481.996,7497.845,7481.996,7491.671,151219500,3839844352.0000
2026-07-30 09:46:00,7492.167,7492.210,7481.042,7485.001,141326800,3482574848.0000
2026-07-30 09:47:00,7486.506,7489.373,7469.801,7469.801,154365300,4018192384.0000
2026-07-30 09:48:00,7473.812,7473.812,7451.799,7451.799,170612200,3962716160.0000
2026-07-30 09:49:00,7451.263,7457.638,7448.506,7451.132,182096100,4385955840.0000
2026-07-30 09:50:00,7450.755,7461.817,7450.755,7458.794,159658000,3526647808.0000
2026-07-30 09:51:00,7457.881,7485.710,7456.310,7481.987,178731600,3349471232.0000
2026-07-30 09:52:00,7480.697,7490.516,7480.697,7488.159,133411700,2796642304.0000
2026-07-30 09:53:00,7488.396,7488.396,7477.362,7483.873,128825300,2604081152.0000
2026-07-30 09:54:00,7480.304,7489.860,7478.638,7484.470,111426700,2517065728.0000
2026-07-30 09:55:00,7485.842,7498.770,7485.842,7498.770,107217500,2415124480.0000
2026-07-30 09:56:00,7501.046,7508.290,7501.046,7501.603,124104800,2840797184.0000
2026-07-30 09:57:00,7499.758,7499.758,7479.314,7480.138,126580700,2742943744.0000
2026-07-30 09:58:00,7480.318,7484.240,7473.225,7473.637,128553600,2799804416.0000
2026-07-30 09:59:00,7472.933,7473.018,7466.946,7473.009,101034700,2452627456.0000
2026-07-30 10:00:00,7472.826,7473.763,7470.494,7471.273,94630100,2247761920.0000
2026-07-30 10:01:00,7470.737,7470.737,7454.478,7459.044,127229200,3068788736.0000
2026-07-30 10:02:00,7458.216,7472.552,7457.438,7469.066,129120700,2771320832.0000
2026-07-30 10:03:00,7473.144,7473.887,7461.856,7461.856,120428100,2551554048.0000
2026-07-30 10:04:00,7461.462,7462.236,7452.208,7452.993,173378100,2802663424.0000
2026-07-30 10:05:00,7452.992,7457.428,7447.610,7453.949,133484600,2676228096.0000
2026-07-30 10:06:00,7453.519,7453.910,7441.232,7441.232,108049000,2397880320.0000
2026-07-30 10:07:00,7442.956,7443.551,7434.385,7435.525,136835500,2931294208.0000
2026-07-30 10:08:00,7435.399,7436.423,7422.224,7423.776,140241900,3152707584.0000
2026-07-30 10:09:00,7423.175,7428.570,7420.901,7423.868,143520100,3442671616.0000
2026-07-30 10:10:00,7424.259,7431.677,7422.322,7430.275,109656600,2617180160.0000
2026-07-30 10:11:00,7430.210,7431.253,7423.265,7431.253,114534300,2562883584.0000
2026-07-30 10:12:00,7432.693,7439.778,7425.485,7426.622,100569300,2402254848.0000
2026-07-30 10:13:00,7426.352,7433.363,7423.657,7432.744,83726300,1837006848.0000
2026-07-30 10:14:00,7432.376,7432.376,7417.721,7417.721,102366400,2299723776.0000
2026-07-30 10:15:00,7417.937,7418.076,7403.610,7405.373,119507900,2849701888.0000
2026-07-30 10:16:00,7405.841,7408.411,7403.813,7407.130,100096800,2531770368.0000
2026-07-30 10:17:00,7405.492,7420.036,7405.492,7413.383,120284000,2451390464.0000
2026-07-30 10:18:00,7414.261,7428.872,7412.986,7424.125,105647100,2425503744.0000
2026-07-30 10:19:00,7423.420,7423.420,7405.392,7411.126,108292000,2228568064.0000
2026-07-30 10:20:00,7410.010,7425.379,7405.917,7425.338,92514900,1977532416.0000
2026-07-30 10:21:00,7422.737,7422.737,7416.454,7420.590,79321400,1732870144.0000
2026-07-30 10:22:00,7420.790,7420.889,7405.189,7406.365,89767000,2001551360.0000
2026-07-30 10:23:00,7405.913,7405.913,7396.811,7396.811,72664800,1601880064.0000
2026-07-30 10:24:00,7397.164,7397.164,7388.100,7388.627,82085400,1917845504.0000
2026-07-30 10:25:00,7390.105,7394.220,7386.112,7391.819,68692800,1784348672.0000
2026-07-30 10:26:00,7388.447,7391.480,7387.140,7388.100,77412100,1739587584.0000
2026-07-30 10:27:00,7387.449,7389.466,7379.746,7379.746,76229700,2018492416.0000
2026-07-30 10:28:00,7379.761,7396.326,7379.761,7385.163,77133700,1989722112.0000
2026-07-30 10:29:00,7385.093,7396.000,7385.093,7388.012,62706600,1607778304.0000
2026-07-30 10:30:00,7388.562,7389.140,7377.176,7377.176,70022500,1673723904.0000
2026-07-30 10:31:00,7378.793,7390.246,7378.793,7389.169,76336800,1813299200.0000
2026-07-30 10:32:00,7384.885,7389.721,7383.906,7385.371,65313900,1364787200.0000
2026-07-30 10:33:00,7381.297,7381.297,7369.321,7372.559,110104500,2312945664.0000
2026-07-30 10:34:00,7370.386,7371.309,7366.276,7370.132,83974400,1769275392.0000
2026-07-30 10:35:00,7370.403,7370.403,7359.962,7359.962,81191700,1932066816.0000
2026-07-30 10:36:00,7360.271,7362.249,7356.878,7356.878,68837600,1906704384.0000
2026-07-30 10:37:00,7356.852,7358.008,7354.644,7356.963,63640700,1749778432.0000
2026-07-30 10:38:00,7357.151,7359.444,7350.520,7359.391,83396600,2158608384.0000
2026-07-30 10:39:00,7358.044,7358.044,7348.995,7349.961,66727400,1661026304.0000
2026-07-30 10:40:00,7350.865,7356.631,7350.542,7351.364,64893300,1704394752.0000
2026-07-30 10:41:00,7351.821,7360.073,7351.523,7357.981,66238000,1670660096.0000
2026-07-30 10:42:00,7358.358,7368.854,7358.358,7365.245,71491200,1602109440.0000
2026-07-30 10:43:00,7362.245,7362.245,7351.583,7356.642,70678500,1712373760.0000
2026-07-30 10:44:00,7355.998,7355.998,7340.419,7340.419,81937600,1789231104.0000
2026-07-30 10:45:00,7339.832,7350.583,7339.832,7350.583,58114100,1513701376.0000
2026-07-30 10:46:00,7351.291,7365.569,7351.291,7362.214,56186900,1376206848.0000
2026-07-30 10:47:00,7361.328,7361.328,7343.721,7350.033,60078800,1336655872.0000
2026-07-30 10:48:00,7350.601,7360.653,7349.584,7360.653,40108400,1038172160.0000
2026-07-30 10:49:00,7361.569,7370.181,7356.177,7356.177,62210000,1434271744.0000
2026-07-30 10:50:00,7356.140,7356.928,7348.225,7353.499,100949900,1176879104.0000
2026-07-30 10:51:00,7349.707,7349.707,7334.729,7348.246,105087400,1718321152.0000
2026-07-30 10:52:00,7349.355,7349.355,7339.744,7342.529,42093400,941326336.0000
2026-07-30 10:53:00,7345.217,7345.217,7338.147,7338.854,59219300,1064714240.0000
2026-07-30 10:54:00,7337.949,7342.953,7334.135,7334.135,54529700,1281998848.0000
2026-07-30 10:55:00,7334.747,7334.747,7330.903,7330.903,43493800,996360192.0000
2026-07-30 10:56:00,7330.367,7331.054,7326.625,7326.856,55925100,1413709824.0000
2026-07-30 10:57:00,7326.758,7327.584,7324.156,7324.679,49106200,1200160768.0000
2026-07-30 10:58:00,7324.799,7325.225,7317.600,7318.182,53374700,1422163968.0000
2026-07-30 10:59:00,7318.381,7324.266,7317.546,7322.732,49741300,1252409344.0000
2026-07-30 11:00:00,7323.368,7324.460,7318.925,7324.460,57440300,1165934592.0000
2026-07-30 11:01:00,7324.268,7324.268,7307.432,7307.684,90825600,1666695168.0000
2026-07-30 11:02:00,7307.025,7313.531,7306.199,7308.793,62360600,1339342848.0000
2026-07-30 11:03:00,7308.780,7322.937,7307.236,7321.321,57674200,1426210816.0000
2026-07-30 11:04:00,7321.764,7321.764,7309.308,7317.607,60714400,1324171264.0000
2026-07-30 11:05:00,7317.018,7319.589,7314.450,7316.471,38908700,906313728.0000
2026-07-30 11:06:00,7317.045,7320.468,7311.735,7320.468,50068500,1122484224.0000
2026-07-30 11:07:00,7323.230,7343.023,7323.230,7343.023,59036100,1263992832.0000
2026-07-30 11:08:00,7343.442,7343.442,7319.593,7322.406,82890000,1657257984.0000
2026-07-30 11:09:00,7317.451,7317.451,7308.209,7308.713,57048800,1253130240.0000
2026-07-30 11:10:00,7311.253,7315.833,7303.386,7306.840,51977700,1269661696.0000
2026-07-30 11:11:00,7304.166,7311.521,7303.798,7305.257,49932800,1126252544.0000
2026-07-30 11:12:00,7304.016,7306.679,7294.648,7295.460,82124000,1518600192.0000
2026-07-30 11:13:00,7295.872,7299.146,7288.527,7289.120,71895100,1499447296.0000
2026-07-30 11:14:00,7289.628,7295.294,7289.628,7292.991,48136100,1202552832.0000
2026-07-30 11:15:00,7293.073,7293.107,7284.511,7286.023,53533900,1377533952.0000
2026-07-30 11:16:00,7285.506,7289.590,7284.362,7284.362,53949200,1352007680.0000
2026-07-30 11:17:00,7284.279,7292.551,7284.279,7285.765,50927500,1160527872.0000
2026-07-30 11:18:00,7286.079,7289.733,7285.783,7285.783,41165900,916946944.0000
2026-07-30 11:19:00,7285.445,7285.729,7277.160,7277.405,60156300,1236893696.0000
2026-07-30 11:20:00,7276.608,7276.608,7270.333,7271.209,66226500,1628897280.0000
2026-07-30 11:21:00,7272.257,7276.277,7269.375,7269.375,63542100,1359151104.0000
2026-07-30 11:22:00,7268.931,7268.931,7263.798,7266.510,133202100,1625964544.0000
2026-07-30 11:23:00,7266.206,7267.920,7262.489,7267.654,68740400,1413152768.0000
2026-07-30 11:24:00,7267.762,7285.789,7267.762,7285.469,62239600,1367670784.0000
2026-07-30 11:25:00,7284.461,7284.461,7271.702,7272.015,43503200,1009614848.0000
2026-07-30 11:26:00,7276.503,7279.121,7270.631,7270.645,45963800,1057521664.0000
2026-07-30 11:27:00,7270.696,7271.022,7261.147,7262.242,57871700,1168637952.0000
2026-07-30 11:28:00,7263.469,7263.469,7254.873,7256.419,53561400,1208352768.0000
2026-07-30 11:29:00,7255.911,7262.437,7255.911,7260.837,45554400,1124564992.0000
2026-07-30 11:30:00,7261.268,7264.674,7254.429,7263.175,46034200,1113849856.0000
2026-07-30 13:01:00,7260.503,7260.739,7247.998,7247.998,219127300,3850207232.0000
2026-07-30 13:02:00,7247.495,7247.495,7233.711,7233.711,144863600,2371223552.0000
2026-07-30 13:03:00,7232.761,7238.720,7231.184,7231.184,91249700,1895301120.0000
2026-07-30 13:04:00,7232.027,7232.027,7221.947,7222.414,84893500,1857028096.0000
2026-07-30 13:05:00,7222.297,7234.686,7222.297,7229.843,77948300,1820459008.0000
2026-07-30 13:06:00,7228.665,7243.509,7228.665,7243.188,80808700,1735229440.0000
2026-07-30 13:07:00,7243.871,7255.166,7243.871,7246.539,83361900,1882521600.0000
2026-07-30 13:08:00,7244.682,7288.563,7244.682,7288.563,92515300,2144010240.0000
2026-07-30 13:09:00,7289.163,7298.176,7289.163,7291.025,90288600,2401140736.0000
2026-07-30 13:10:00,7289.435,7308.794,7288.122,7296.669,82676100,2277998592.0000
2026-07-30 13:11:00,7298.391,7298.391,7282.389,7286.178,60480400,1774977024.0000
2026-07-30 13:12:00,7284.941,7284.941,7264.233,7265.732,70689700,1545207808.0000
2026-07-30 13:13:00,7267.895,7267.895,7254.546,7255.542,65191400,1355022336.0000
2026-07-30 13:14:00,7254.452,7281.927,7253.776,7276.801,68031500,1543700480.0000
2026-07-30 13:15:00,7277.782,7280.523,7270.220,7280.523,46202700,1217232896.0000
2026-07-30 13:16:00,7280.627,7288.861,7270.907,7270.907,54370600,1393164288.0000
2026-07-30 13:17:00,7269.651,7269.651,7257.113,7259.663,67283300,1431076864.0000
2026-07-30 13:18:00,7258.565,7258.781,7245.993,7248.184,68031100,1274445824.0000
2026-07-30 13:19:00,7248.872,7256.185,7242.471,7256.185,70700700,1268023296.0000
2026-07-30 13:20:00,7260.335,7269.097,7260.230,7269.097,53703500,1201831936.0000
2026-07-30 13:21:00,7268.734,7273.004,7262.794,7268.609,43870800,1121910784.0000
2026-07-30 13:22:00,7270.176,7298.431,7270.176,7298.431,62611800,1414070272.0000
2026-07-30 13:23:00,7299.256,7328.861,7299.256,7328.861,88988700,2654240768.0000
2026-07-30 13:24:00,7329.263,7339.737,7326.803,7339.737,89203800,2692022272.0000
2026-07-30 13:25:00,7340.386,7349.243,7340.386,7344.014,98069100,2369093632.0000
2026-07-30 13:26:00,7344.436,7362.984,7344.436,7357.071,115956700,2873982976.0000
2026-07-30 13:27:00,7354.613,7360.931,7343.393,7343.393,86942900,2452357120.0000
2026-07-30 13:28:00,7343.006,7354.850,7338.709,7338.709,79543900,2022768640.0000
2026-07-30 13:29:00,7336.299,7351.439,7330.499,7345.947,77643300,1675198464.0000
2026-07-30 13:30:00,7346.920,7357.611,7346.920,7352.771,65450400,1585217536.0000
2026-07-30 13:31:00,7349.110,7349.110,7330.503,7330.503,72083200,1676869632.0000
2026-07-30 13:32:00,7328.527,7329.700,7319.062,7328.154,84967000,1441529856.0000
2026-07-30 13:33:00,7328.018,7328.125,7317.541,7320.133,41472900,1130168320.0000
2026-07-30 13:34:00,7321.296,7340.312,7321.296,7329.459,55274500,1351024640.0000
2026-07-30 13:35:00,7328.632,7340.123,7325.787,7330.349,53776800,1227751424.0000
2026-07-30 13:36:00,7330.039,7333.864,7328.371,7330.016,32463800,924942336.0000
2026-07-30 13:37:00,7328.049,7328.049,7307.968,7307.968,59113100,1150877696.0000
2026-07-30 13:38:00,7306.952,7306.952,7292.120,7292.120,65754500,1658388480.0000
2026-07-30 13:39:00,7293.230,7293.230,7276.247,7279.458,72462600,1356300288.0000
2026-07-30 13:40:00,7281.508,7282.345,7272.496,7278.646,52820500,1187840000.0000
2026-07-30 13:41:00,7278.858,7293.322,7278.407,7290.324,50470100,1118437376.0000
2026-07-30 13:42:00,7290.739,7294.287,7286.249,7294.287,37105300,920715264.0000
2026-07-30 13:43:00,7293.607,7295.919,7292.728,7294.223,37244500,873168896.0000
2026-07-30 13:44:00,7296.628,7314.430,7296.628,7309.914,60652500,1188003840.0000
2026-07-30 13:45:00,7311.582,7312.108,7306.579,7306.579,33412600,953483264.0000
2026-07-30 13:46:00,7308.850,7331.091,7308.850,7330.606,56054400,1185677312.0000
2026-07-30 13:47:00,7331.396,7345.869,7331.396,7345.598,66142900,1189314560.0000
2026-07-30 13:48:00,7345.678,7356.779,7345.678,7346.672,59458600,1431896064.0000
2026-07-30 13:49:00,7345.457,7345.466,7335.949,7340.163,39844200,1021476864.0000
2026-07-30 13:50:00,7337.776,7337.776,7319.247,7321.816,44484400,863272960.0000
2026-07-30 13:51:00,7322.798,7323.357,7317.676,7318.158,29186200,724762624.0000
2026-07-30 13:52:00,7315.230,7315.230,7302.118,7302.118,53300900,885719040.0000
2026-07-30 13:53:00,7302.892,7307.504,7301.055,7306.687,34619700,764837888.0000
2026-07-30 13:54:00,7308.479,7337.587,7308.479,7334.323,50878900,1065385984.0000
2026-07-30 13:55:00,7333.627,7342.263,7333.627,7337.610,40427600,918585344.0000
2026-07-30 13:56:00,7336.102,7336.911,7322.593,7324.190,38330800,854556672.0000
2026-07-30 13:57:00,7323.946,7344.700,7323.946,7344.700,35708200,905248768.0000
2026-07-30 13:58:00,7344.882,7355.762,7343.240,7355.665,38603300,1159725056.0000
2026-07-30 13:59:00,7354.223,7354.223,7339.005,7339.005,39229200,1009451008.0000
2026-07-30 14:00:00,7338.620,7338.620,7332.114,7332.593,38398700,855572480.0000
2026-07-30 14:01:00,7332.535,7332.535,7319.331,7320.961,48880600,935886848.0000
2026-07-30 14:02:00,7320.216,7342.964,7318.654,7333.851,77055100,1581187072.0000
2026-07-30 14:03:00,7334.891,7339.829,7334.891,7338.680,35111200,872873984.0000
2026-07-30 14:04:00,7339.240,7339.240,7330.141,7334.007,38121200,867794944.0000
2026-07-30 14:05:00,7335.069,7348.127,7335.069,7348.127,36320000,890732544.0000
2026-07-30 14:06:00,7349.364,7358.138,7349.364,7356.224,45597900,1392214016.0000
2026-07-30 14:07:00,7356.396,7365.303,7356.396,7360.258,46135100,1422786560.0000
2026-07-30 14:08:00,7361.389,7364.884,7359.269,7363.265,42680400,1155530752.0000
2026-07-30 14:09:00,7363.266,7365.112,7346.562,7346.562,48563600,1204715520.0000
2026-07-30 14:10:00,7346.490,7348.765,7343.267,7348.765,36961800,907411456.0000
2026-07-30 14:11:00,7348.645,7356.632,7345.946,7352.707,36667900,952205312.0000
2026-07-30 14:12:00,7350.970,7350.970,7338.884,7340.047,55950300,1093206016.0000
2026-07-30 14:13:00,7339.539,7341.121,7334.659,7339.988,34660800,838008832.0000
2026-07-30 14:14:00,7340.038,7340.038,7332.040,7332.215,38177900,830472192.0000
2026-07-30 14:15:00,7332.440,7343.981,7332.440,7343.490,39085000,895942656.0000
2026-07-30 14:16:00,7342.439,7346.970,7340.631,7343.363,41992800,999981056.0000
2026-07-30 14:17:00,7341.600,7348.633,7341.099,7348.633,40546000,1018986496.0000
2026-07-30 14:18:00,7350.181,7358.149,7350.181,7358.149,52125300,1159692288.0000
2026-07-30 14:19:00,7358.775,7368.991,7358.775,7368.991,54059700,1305149440.0000
2026-07-30 14:20:00,7369.806,7381.555,7369.806,7381.485,74953200,1835171840.0000
2026-07-30 14:21:00,7382.752,7398.493,7382.752,7394.055,85993400,2237530112.0000
2026-07-30 14:22:00,7394.359,7407.001,7394.359,7407.001,78670400,1748860928.0000
2026-07-30 14:23:00,7408.210,7419.916,7407.376,7413.233,107230600,2196439040.0000
2026-07-30 14:24:00,7411.632,7411.632,7398.830,7398.830,60860300,1572143104.0000
2026-07-30 14:25:00,7397.834,7407.424,7395.376,7405.796,55573500,1368096768.0000
2026-07-30 14:26:00,7404.506,7404.506,7392.973,7394.556,47072400,1200291840.0000
2026-07-30 14:27:00,7394.113,7394.168,7379.650,7379.650,50397600,1142095872.0000
2026-07-30 14:28:00,7378.706,7382.495,7376.949,7377.747,54943100,1274216448.0000
2026-07-30 14:29:00,7377.736,7378.170,7372.801,7372.965,44785000,1012531200.0000
2026-07-30 14:30:00,7374.346,7387.809,7374.346,7386.308,55079400,1185939456.0000
2026-07-30 14:31:00,7386.191,7399.996,7385.494,7393.548,93018300,1701937152.0000
2026-07-30 14:32:00,7392.936,7394.170,7388.662,7388.843,62069100,1173749760.0000
2026-07-30 14:33:00,7387.558,7387.558,7373.573,7373.573,67698800,1321271296.0000
2026-07-30 14:34:00,7373.157,7373.157,7362.950,7363.324,65077400,1292697600.0000
2026-07-30 14:35:00,7363.387,7373.883,7358.811,7373.883,67350700,1577811968.0000
2026-07-30 14:36:00,7374.679,7374.679,7360.710,7360.710,52343200,1215266816.0000
2026-07-30 14:37:00,7359.668,7359.668,7349.447,7349.447,73135200,1277853696.0000
2026-07-30 14:38:00,7348.793,7348.793,7341.870,7344.432,59033700,1282670592.0000
2026-07-30 14:39:00,7343.604,7343.604,7339.434,7339.872,56450100,1242759168.0000
2026-07-30 14:40:00,7340.416,7341.045,7338.280,7338.383,51181000,1152909312.0000
2026-07-30 14:41:00,7337.984,7343.183,7337.790,7341.132,65467400,1403650048.0000
2026-07-30 14:42:00,7341.310,7341.850,7339.124,7340.074,58993400,1214152704.0000
2026-07-30 14:43:00,7339.920,7339.920,7332.762,7332.762,62924400,1378123776.0000
2026-07-30 14:44:00,7332.713,7339.544,7331.150,7339.544,76497300,1598881792.0000
2026-07-30 14:45:00,7339.032,7342.269,7337.084,7337.084,73493600,1454637056.0000
2026-07-30 14:46:00,7336.783,7342.434,7336.678,7337.947,82494500,1609662464.0000
2026-07-30 14:47:00,7336.405,7337.865,7331.640,7331.640,74020400,1417838592.0000
2026-07-30 14:48:00,7331.540,7331.617,7321.182,7321.182,74660800,1651146752.0000
2026-07-30 14:49:00,7320.141,7320.149,7316.055,7317.486,78163500,1780711424.0000
2026-07-30 14:50:00,7316.505,7321.396,7312.752,7312.752,105401200,2057011200.0000
2026-07-30 14:51:00,7312.255,7318.785,7311.672,7318.785,97903600,2086600704.0000
2026-07-30 14:52:00,7317.268,7321.824,7315.690,7321.824,99156000,1909227520.0000
2026-07-30 14:53:00,7321.937,7326.472,7321.937,7326.472,110954300,2022506496.0000
2026-07-30 14:54:00,7325.527,7325.527,7317.685,7317.685,89441000,1723334656.0000
2026-07-30 14:55:00,7317.447,7317.578,7314.837,7316.085,113434900,2133655552.0000
2026-07-30 14:56:00,7314.367,7315.708,7312.727,7314.892,120329500,2470117376.0000
2026-07-30 14:57:00,7315.155,7315.155,7310.293,7310.293,138916100,2577760256.0000
2026-07-30 14:58:00,7310.574,7310.731,7310.574,7310.731,7453100,157941760.0000
2026-07-30 15:00:00,7310.054,7310.054,7309.575,7309.575,164023000,3229810688.0000
2026-07-31 09:31:00,7537.848,7550.019,7537.172,7537.172,1068778400,29460514816.0000
2026-07-31 09:32:00,7540.415,7544.016,7532.381,7543.226,546931600,14769735680.0000
2026-07-31 09:33:00,7544.153,7558.886,7544.153,7557.818,521345600,13855670272.0000
2026-07-31 09:34:00,7558.076,7567.376,7551.482,7562.820,393462600,10447794176.0000
2026-07-31 09:35:00,7561.774,7563.815,7553.522,7553.522,311587400,8477777920.0000
2026-07-31 09:36:00,7552.348,7552.348,7539.630,7539.757,276976900,7293370368.0000
2026-07-31 09:37:00,7538.316,7538.316,7525.832,7528.317,286890000,7291461632.0000
2026-07-31 09:38:00,7527.374,7550.401,7527.374,7550.401,255904200,6312976384.0000
2026-07-31 09:39:00,7554.907,7585.622,7554.907,7577.986,308119500,7658536960.0000
2026-07-31 09:40:00,7579.597,7584.449,7578.337,7581.309,248228100,5593604096.0000
2026-07-31 09:41:00,7581.523,7595.485,7581.502,7590.180,306212100,6451576832.0000
2026-07-31 09:42:00,7590.061,7595.455,7584.836,7590.123,336230200,7414685696.0000
2026-07-31 09:43:00,7593.959,7595.170,7580.726,7585.761,281423200,6321610752.0000
2026-07-31 09:44:00,7585.039,7587.614,7577.429,7579.610,209568200,4786020352.0000
2026-07-31 09:45:00,7580.208,7588.975,7579.024,7582.703,191640900,4394065920.0000
2026-07-31 09:46:00,7582.443,7597.907,7581.700,7595.953,193246100,4660396032.0000
2026-07-31 09:47:00,7595.656,7613.968,7595.656,7613.968,177488300,4766564352.0000
2026-07-31 09:48:00,7612.920,7612.920,7601.110,7609.135,206415500,5042159616.0000
2026-07-31 09:49:00,7609.995,7613.330,7609.588,7610.975,153708000,3866296320.0000
2026-07-31 09:50:00,7611.547,7612.232,7606.537,7612.232,189453300,4457791488.0000
2026-07-31 09:51:00,7613.045,7617.946,7610.648,7612.963,176535200,4120969216.0000
2026-07-31 09:52:00,7613.667,7618.141,7609.980,7612.880,165278500,3769188352.0000
2026-07-31 09:53:00,7616.312,7621.205,7613.780,7618.098,156175000,3810279424.0000
2026-07-31 09:54:00,7619.422,7621.255,7613.443,7614.922,175815900,4097392640.0000
2026-07-31 09:55:00,7615.896,7618.790,7612.750,7614.833,129627300,3279421440.0000
2026-07-31 09:56:00,7615.728,7624.912,7615.728,7624.912,124447600,2951725056.0000
2026-07-31 09:57:00,7626.583,7635.364,7625.536,7630.899,139911600,3653861376.0000
2026-07-31 09:58:00,7631.541,7637.266,7631.541,7637.266,131335500,3227353088.0000
2026-07-31 09:59:00,7637.649,7638.780,7635.828,7637.808,131998400,3191144448.0000
2026-07-31 10:00:00,7636.596,7636.596,7630.985,7631.057,148767100,3388932096.0000
2026-07-31 10:01:00,7630.464,7634.603,7629.691,7629.691,144817200,3111731200.0000
2026-07-31 10:02:00,7629.015,7629.300,7619.376,7619.376,186148800,3380264960.0000
2026-07-31 10:03:00,7618.534,7621.132,7615.785,7620.334,218307300,3432693760.0000
2026-07-31 10:04:00,7620.270,7620.270,7609.653,7612.853,240341000,3692003328.0000
2026-07-31 10:05:00,7613.945,7613.945,7601.965,7605.197,153414400,3383754752.0000
2026-07-31 10:06:00,7605.215,7616.102,7601.410,7615.189,206473500,3700391936.0000
2026-07-31 10:07:00,7614.615,7620.925,7611.370,7611.714,161244600,2930245632.0000
2026-07-31 10:08:00,7610.859,7617.585,7607.425,7614.056,135833300,2785820672.0000
2026-07-31 10:09:00,7613.203,7613.203,7602.129,7602.129,112629800,2677784576.0000
2026-07-31 10:10:00,7603.090,7606.439,7603.090,7603.401,88006100,2144796672.0000
2026-07-31 10:11:00,7603.776,7610.006,7603.776,7610.006,108789100,2520891392.0000
2026-07-31 10:12:00,7611.023,7611.023,7605.734,7610.757,101902300,2397405184.0000
2026-07-31 10:13:00,7612.559,7612.786,7591.391,7591.391,120870900,2423652352.0000
2026-07-31 10:14:00,7591.305,7591.305,7581.244,7585.248,106578900,2488238080.0000
2026-07-31 10:15:00,7583.378,7583.378,7578.204,7578.204,104161500,2370551808.0000
2026-07-31 10:16:00,7576.228,7576.228,7570.349,7571.221,115419700,2660843520.0000
2026-07-31 10:17:00,7571.954,7573.937,7562.019,7563.511,111419600,2685059072.0000
2026-07-31 10:18:00,7563.362,7567.460,7561.956,7565.245,108962100,2552954880.0000
2026-07-31 10:19:00,7564.909,7564.909,7551.118,7552.926,102439300,3033219072.0000
2026-07-31 10:20:00,7552.295,7569.938,7552.295,7569.938,95583500,2359869440.0000
2026-07-31 10:21:00,7569.907,7584.565,7566.414,7584.286,97524600,2401697792.0000
2026-07-31 10:22:00,7584.312,7584.312,7572.452,7572.452,84168600,3956719616.0000
2026-07-31 10:23:00,7568.940,7568.940,7556.885,7559.752,94874700,3499032576.0000
2026-07-31 10:24:00,7559.841,7559.841,7549.989,7549.989,85501600,2642853888.0000
2026-07-31 10:25:00,7549.958,7551.637,7545.208,7545.208,79385500,2579120128.0000
2026-07-31 10:26:00,7545.235,7560.321,7545.235,7556.135,105775500,2856992768.0000
2026-07-31 10:27:00,7556.349,7557.344,7551.210,7552.933,86149500,2146664448.0000
2026-07-31 10:28:00,7554.195,7557.416,7548.232,7557.416,111162700,2474934272.0000
2026-07-31 10:29:00,7557.951,7565.886,7557.951,7563.193,81594000,1919909888.0000
2026-07-31 10:30:00,7564.766,7566.056,7555.706,7555.860,70010200,1795620864.0000
2026-07-31 10:31:00,7556.250,7557.939,7552.813,7553.812,76507700,1874296832.0000
2026-07-31 10:32:00,7554.601,7559.082,7552.824,7559.082,86231400,1844215808.0000
2026-07-31 10:33:00,7558.682,7560.326,7554.692,7557.382,75634000,1980596224.0000
2026-07-31 10:34:00,7556.999,7558.280,7549.543,7558.280,82468000,2208169984.0000
2026-07-31 10:35:00,7558.154,7558.206,7551.448,7558.124,57915900,1479802880.0000
2026-07-31 10:36:00,7557.260,7567.020,7556.225,7567.020,60823100,1460174848.0000
2026-07-31 10:37:00,7567.481,7569.367,7560.310,7562.693,67360900,1707409408.0000
2026-07-31 10:38:00,7563.387,7563.387,7551.759,7551.759,102061700,2081816576.0000
2026-07-31 10:39:00,7551.014,7551.014,7540.892,7541.735,74814300,1784184832.0000
2026-07-31 10:40:00,7541.656,7545.087,7541.430,7545.087,67460700,1691189248.0000
2026-07-31 10:41:00,7545.149,7559.175,7544.481,7559.175,61865500,1571684352.0000
2026-07-31 10:42:00,7558.668,7558.668,7553.051,7553.193,51987300,1329332224.0000
2026-07-31 10:43:00,7553.817,7561.148,7553.817,7560.681,67416600,1500479488.0000
2026-07-31 10:44:00,7560.950,7575.257,7560.950,7575.257,54560500,1446871040.0000
2026-07-31 10:45:00,7575.841,7578.083,7572.756,7574.559,54783400,1658486784.0000
2026-07-31 10:46:00,7574.176,7581.021,7572.481,7579.841,55369600,1702985728.0000
2026-07-31 10:47:00,7579.732,7579.732,7570.298,7573.296,54612200,1472004096.0000
2026-07-31 10:48:00,7573.572,7576.346,7569.318,7569.318,49747800,1311277056.0000
2026-07-31 10:49:00,7569.106,7569.106,7560.382,7561.751,57458400,1341325312.0000
2026-07-31 10:50:00,7561.925,7561.925,7550.849,7550.849,51433600,1387560960.0000
2026-07-31 10:51:00,7551.212,7551.264,7545.464,7546.376,68809500,1615986688.0000
2026-07-31 10:52:00,7545.994,7549.316,7543.944,7548.918,49852300,1226506240.0000
2026-07-31 10:53:00,7549.719,7559.546,7549.612,7559.546,61868200,1380712448.0000
2026-07-31 10:54:00,7560.433,7566.282,7560.010,7562.816,45670100,1113915392.0000
2026-07-31 10:55:00,7563.877,7571.724,7563.877,7570.762,45541800,1056079872.0000
2026-07-31 10:56:00,7571.026,7577.444,7569.052,7574.371,65217500,1424982016.0000
2026-07-31 10:57:00,7574.231,7582.695,7573.937,7582.559,49986200,1204125696.0000
2026-07-31 10:58:00,7581.281,7582.827,7578.287,7581.331,50104500,1213661184.0000
2026-07-31 10:59:00,7580.564,7580.564,7570.415,7574.184,46188600,1083375616.0000
2026-07-31 11:00:00,7575.514,7575.514,7573.304,7574.032,46608300,1006403584.0000
2026-07-31 11:01:00,7574.235,7574.753,7570.685,7573.172,82078100,1366720512.0000
2026-07-31 11:02:00,7572.400,7572.443,7565.966,7572.079,74758300,1633288192.0000
2026-07-31 11:03:00,7572.186,7574.156,7569.403,7571.162,60253300,1325989888.0000
2026-07-31 11:04:00,7570.590,7570.590,7558.206,7560.649,70946400,1898708992.0000
2026-07-31 11:05:00,7561.054,7561.054,7552.376,7552.376,56763000,1321762816.0000
2026-07-31 11:06:00,7551.564,7557.626,7550.283,7557.626,56390700,1529643008.0000
2026-07-31 11:07:00,7558.371,7561.015,7555.223,7561.015,44174200,1181581312.0000
2026-07-31 11:08:00,7559.946,7560.007,7551.834,7551.834,47946500,1201569792.0000
2026-07-31 11:09:00,7551.341,7553.279,7549.536,7550.051,44787500,1053982720.0000
2026-07-31 11:10:00,7550.019,7550.019,7535.819,7536.794,72052800,1654194176.0000
2026-07-31 11:11:00,7536.332,7538.945,7535.097,7536.801,60076900,1477378048.0000
2026-07-31 11:12:00,7536.918,7543.288,7536.181,7539.846,55344000,1292992512.0000
2026-07-31 11:13:00,7540.187,7540.187,7531.406,7532.400,47727200,1272512512.0000
2026-07-31 11:14:00,7532.549,7532.549,7516.716,7516.716,91100100,1747845120.0000
2026-07-31 11:15:00,7516.002,7521.740,7515.587,7519.856,59954100,1544126464.0000
2026-07-31 11:16:00,7518.854,7527.264,7518.240,7527.264,60016300,1243119616.0000
2026-07-31 11:17:00,7529.709,7542.452,7529.709,7542.452,43905900,1146748928.0000
2026-07-31 11:18:00,7543.161,7550.472,7542.155,7542.284,46634700,1288994816.0000
2026-07-31 11:19:00,7541.561,7542.399,7534.103,7534.656,36267000,943423488.0000
2026-07-31 11:20:00,7535.203,7550.737,7530.345,7550.737,39729900,1025572864.0000
2026-07-31 11:21:00,7551.204,7560.905,7550.725,7559.499,37983300,1041268736.0000
2026-07-31 11:22:00,7559.072,7565.328,7556.193,7565.328,37061200,1016201216.0000
2026-07-31 11:23:00,7565.586,7569.214,7561.448,7563.846,41882600,1067122688.0000
2026-07-31 11:24:00,7565.349,7565.349,7551.390,7552.567,40378600,963280896.0000
2026-07-31 11:25:00,7552.179,7552.179,7539.799,7539.799,39210200,814710784.0000
2026-07-31 11:26:00,7538.380,7542.775,7535.399,7541.354,41344300,895909888.0000
2026-07-31 11:27:00,7541.830,7551.986,7541.425,7551.986,30481700,703266816.0000
2026-07-31 11:28:00,7551.876,7564.526,7550.328,7563.867,34650500,877723648.0000
2026-07-31 11:29:00,7562.859,7564.957,7559.984,7564.797,32193400,832995328.0000
2026-07-31 11:30:00,7563.836,7564.239,7558.899,7561.469,37427200,961806336.0000
2026-07-31 13:01:00,7568.802,7593.759,7568.802,7578.927,172282000,4191617024.0000
2026-07-31 13:02:00,7576.230,7582.110,7574.763,7580.946,65376900,1813610496.0000
2026-07-31 13:03:00,7578.841,7578.841,7572.507,7573.338,49099400,1275002880.0000
2026-07-31 13:04:00,7572.071,7575.016,7566.126,7572.421,49929400,1304363008.0000
2026-07-31 13:05:00,7573.049,7580.355,7569.689,7579.300,34511200,1048969216.0000
2026-07-31 13:06:00,7581.547,7586.935,7580.137,7583.606,52903200,1494646784.0000
2026-07-31 13:07:00,7583.765,7587.442,7579.816,7581.690,42083200,1117782016.0000
2026-07-31 13:08:00,7583.009,7583.283,7574.255,7574.255,41072100,1171062784.0000
2026-07-31 13:09:00,7574.903,7574.903,7570.253,7570.448,37701400,954826752.0000
2026-07-31 13:10:00,7570.269,7570.967,7562.493,7562.615,44901400,1091764224.0000
2026-07-31 13:11:00,7563.256,7567.415,7563.256,7567.215,35701800,901709824.0000
2026-07-31 13:12:00,7567.833,7568.057,7563.272,7567.346,40457800,1069449216.0000
2026-07-31 13:13:00,7568.145,7573.266,7563.072,7573.266,51627400,1206616064.0000
2026-07-31 13:14:00,7573.949,7576.747,7572.802,7576.747,44565300,1092747264.0000
2026-07-31 13:15:00,7576.114,7579.254,7574.017,7578.373,40482800,897646592.0000
2026-07-31 13:16:00,7578.447,7584.340,7577.064,7582.645,38297200,948076544.0000
2026-07-31 13:17:00,7583.174,7595.471,7582.490,7595.471,46896900,1397358592.0000
2026-07-31 13:18:00,7595.135,7603.112,7592.376,7602.372,48437800,1601929216.0000
2026-07-31 13:19:00,7602.334,7603.816,7595.536,7597.230,48314900,1428946944.0000
2026-07-31 13:20:00,7597.458,7600.457,7597.458,7600.139,43364700,1215823872.0000
2026-07-31 13:21:00,7600.259,7609.387,7599.974,7609.320,54059700,1503723520.0000
2026-07-31 13:22:00,7609.658,7613.484,7607.154,7609.079,54849100,1598652416.0000
2026-07-31 13:23:00,7609.024,7609.024,7602.304,7603.034,54514000,1227653120.0000
2026-07-31 13:24:00,7602.776,7606.843,7601.836,7602.894,48605700,1360199680.0000
2026-07-31 13:25:00,7601.685,7601.685,7596.100,7596.100,49221100,1160806400.0000
2026-07-31 13:26:00,7595.886,7595.886,7590.900,7592.614,43026600,1114636288.0000
2026-07-31 13:27:00,7592.228,7592.228,7586.694,7589.507,49658300,1137868800.0000
2026-07-31 13:28:00,7589.409,7589.409,7579.451,7580.363,50011100,1094942720.0000
2026-07-31 13:29:00,7580.746,7581.784,7577.770,7581.784,38441300,898990080.0000
2026-07-31 13:30:00,7582.113,7590.191,7582.113,7588.981,38775300,946208768.0000
2026-07-31 13:31:00,7588.827,7588.827,7577.547,7577.547,43629200,997818368.0000
2026-07-31 13:32:00,7577.242,7579.922,7576.751,7577.161,42525300,938737664.0000
2026-07-31 13:33:00,7577.641,7578.132,7572.112,7572.112,38253200,903610368.0000
2026-07-31 13:34:00,7570.455,7576.185,7570.085,7576.078,42019400,944046080.0000
2026-07-31 13:35:00,7577.645,7578.241,7571.277,7571.348,40348900,985890816.0000
2026-07-31 13:36:00,7571.136,7571.136,7564.442,7566.724,57764300,1268776960.0000
2026-07-31 13:37:00,7566.239,7566.239,7558.964,7559.652,54044800,1049952256.0000
2026-07-31 13:38:00,7559.453,7560.287,7557.181,7559.254,37136900,973733888.0000
2026-07-31 13:39:00,7560.333,7560.333,7555.053,7556.174,41037700,978124800.0000
2026-07-31 13:40:00,7556.849,7563.111,7556.849,7563.111,38585600,825425920.0000
2026-07-31 13:41:00,7563.449,7563.635,7560.200,7563.635,39019000,863436800.0000
2026-07-31 13:42:00,7563.266,7564.679,7560.757,7561.919,41125200,920715264.0000
2026-07-31 13:43:00,7561.901,7561.901,7557.627,7559.627,34437500,835092480.0000
2026-07-31 13:44:00,7560.367,7562.446,7559.802,7561.996,28563900,688062464.0000
2026-07-31 13:45:00,7561.856,7562.038,7557.223,7558.562,41602700,817168384.0000
2026-07-31 13:46:00,7558.857,7560.470,7555.654,7560.470,38994300,960102400.0000
2026-07-31 13:47:00,7560.735,7560.735,7549.567,7549.567,49046400,1206222848.0000
2026-07-31 13:48:00,7549.103,7554.754,7549.103,7552.813,33415700,789544960.0000
2026-07-31 13:49:00,7552.268,7556.362,7551.220,7556.362,30847500,727351296.0000
2026-07-31 13:50:00,7556.999,7563.609,7554.771,7563.609,36046900,794198016.0000
2026-07-31 13:51:00,7563.265,7563.981,7560.337,7560.668,34076100,838467584.0000
2026-07-31 13:52:00,7560.602,7562.064,7555.809,7556.866,32632900,790069248.0000
2026-07-31 13:53:00,7556.588,7556.588,7549.020,7551.591,47548800,995229696.0000
2026-07-31 13:54:00,7551.839,7551.839,7547.570,7549.714,31978800,748945408.0000
2026-07-31 13:55:00,7550.755,7553.803,7548.851,7549.245,32848100,830570496.0000
2026-07-31 13:56:00,7549.225,7549.225,7546.475,7548.450,35570700,850198528.0000
2026-07-31 13:57:00,7548.714,7549.433,7544.374,7544.839,37399000,882016256.0000
2026-07-31 13:58:00,7544.482,7545.639,7540.725,7542.763,49698000,1054769152.0000
2026-07-31 13:59:00,7542.498,7549.996,7540.881,7549.996,42834800,1011941376.0000
2026-07-31 14:00:00,7550.229,7554.728,7550.229,7553.705,43444300,847970304.0000
2026-07-31 14:01:00,7552.740,7564.751,7552.740,7564.751,70207300,1305182208.0000
2026-07-31 14:02:00,7564.354,7565.782,7559.989,7559.989,66358100,1026195456.0000
2026-07-31 14:03:00,7559.539,7559.843,7553.027,7554.355,47270700,849215488.0000
2026-07-31 14:04:00,7554.802,7554.802,7546.918,7553.546,50908800,930021376.0000
2026-07-31 14:05:00,7553.785,7556.302,7548.550,7548.550,37737300,758775808.0000
2026-07-31 14:06:00,7549.324,7550.791,7545.869,7545.869,37623100,780402688.0000
2026-07-31 14:07:00,7546.031,7549.902,7541.949,7549.902,45236500,950599680.0000
2026-07-31 14:08:00,7549.162,7549.170,7546.172,7546.385,37615200,739966976.0000
2026-07-31 14:09:00,7545.983,7547.916,7543.171,7545.104,37857600,970194944.0000
2026-07-31 14:10:00,7544.931,7544.951,7540.822,7541.402,38198900,913571840.0000
2026-07-31 14:11:00,7541.328,7541.328,7536.801,7537.148,52679900,1155694592.0000
2026-07-31 14:12:00,7537.722,7537.722,7533.801,7533.801,46818000,1099563008.0000
2026-07-31 14:13:00,7532.834,7539.918,7532.834,7538.697,41960200,1118765056.0000
2026-07-31 14:14:00,7538.427,7542.254,7537.809,7542.137,39812100,956760064.0000
2026-07-31 14:15:00,7541.262,7541.984,7539.087,7541.984,40450900,914292736.0000
2026-07-31 14:16:00,7541.541,7542.370,7530.273,7530.273,62897600,1170374656.0000
2026-07-31 14:17:00,7531.745,7536.429,7531.666,7535.866,40434600,917733376.0000
2026-07-31 14:18:00,7536.383,7536.762,7533.949,7535.167,37240300,833454080.0000
2026-07-31 14:19:00,7535.632,7536.877,7532.494,7536.877,45500000,947027968.0000
2026-07-31 14:20:00,7537.310,7538.682,7535.027,7536.239,51022800,1029013504.0000
2026-07-31 14:21:00,7535.121,7536.461,7532.987,7535.851,48007800,991395840.0000
2026-07-31 14:22:00,7536.919,7537.703,7536.089,7537.032,50372900,1003388928.0000
2026-07-31 14:23:00,7537.574,7547.088,7536.846,7546.622,109316100,1372028928.0000
2026-07-31 14:24:00,7546.625,7547.378,7543.043,7547.378,50883400,1034911744.0000
2026-07-31 14:25:00,7547.947,7560.208,7547.947,7560.208,62602300,1269596160.0000
2026-07-31 14:26:00,7561.112,7561.466,7557.392,7557.853,53660100,1177845760.0000
2026-07-31 14:27:00,7557.896,7557.896,7554.642,7555.055,44872700,876281856.0000
2026-07-31 14:28:00,7554.917,7561.728,7554.506,7561.728,55975000,1124073472.0000
2026-07-31 14:29:00,7562.096,7570.086,7562.096,7569.306,70302700,1410039808.0000
2026-07-31 14:30:00,7569.364,7570.867,7567.914,7567.914,50631500,1043333120.0000
2026-07-31 14:31:00,7565.996,7566.354,7554.456,7554.848,87526800,1600913408.0000
2026-07-31 14:32:00,7554.672,7554.672,7541.532,7541.805,77696300,1292107776.0000
2026-07-31 14:33:00,7542.439,7542.439,7539.089,7541.176,52302500,1078919168.0000
2026-07-31 14:34:00,7541.240,7544.866,7540.657,7541.574,48096300,1044447232.0000
2026-07-31 14:35:00,7542.111,7546.110,7542.111,7542.964,44071200,943554560.0000
2026-07-31 14:36:00,7542.747,7548.540,7542.747,7547.999,53592100,1086750720.0000
2026-07-31 14:37:00,7547.955,7547.955,7541.550,7541.550,47753900,1035730944.0000
2026-07-31 14:38:00,7541.357,7543.221,7541.357,7542.150,52481400,1207730176.0000
2026-07-31 14:39:00,7542.637,7545.135,7542.510,7543.481,48760200,1248428032.0000
2026-07-31 14:40:00,7544.165,7544.165,7539.542,7539.831,55605800,1225785344.0000
2026-07-31 14:41:00,7539.699,7539.699,7526.813,7526.813,97582900,2007629824.0000
2026-07-31 14:42:00,7525.658,7526.128,7519.546,7519.546,77655700,1811578880.0000
2026-07-31 14:43:00,7519.861,7520.238,7512.724,7520.238,108817700,2377547776.0000
2026-07-31 14:44:00,7518.911,7518.911,7512.048,7514.102,75449800,1658585088.0000
2026-07-31 14:45:00,7513.845,7513.845,7506.105,7509.061,104861700,2262892544.0000
2026-07-31 14:46:00,7508.794,7508.794,7501.419,7501.419,90996400,1912602624.0000
2026-07-31 14:47:00,7501.547,7501.660,7497.441,7497.733,85346800,2062909440.0000
2026-07-31 14:48:00,7497.365,7505.148,7497.365,7505.148,74120000,1936162816.0000
2026-07-31 14:49:00,7505.231,7505.231,7498.745,7500.498,80823500,1811873792.0000
2026-07-31 14:50:00,7499.275,7499.675,7489.980,7492.715,104773500,2220392448.0000
2026-07-31 14:51:00,7493.000,7493.000,7487.431,7488.761,101760500,2116419584.0000
2026-07-31 14:52:00,7489.709,7493.109,7489.709,7492.120,89135300,2124939264.0000
2026-07-31 14:53:00,7492.480,7496.126,7492.115,7496.126,96254200,2110521344.0000
2026-07-31 14:54:00,7495.353,7497.837,7494.729,7497.234,97478300,2126020608.0000
2026-07-31 14:55:00,7497.344,7497.344,7494.006,7495.670,110186300,2332721152.0000
2026-07-31 14:56:00,7494.484,7497.585,7494.484,7497.363,131715800,2738454528.0000
2026-07-31 14:57:00,7497.757,7498.415,7495.201,7497.846,153934300,3120857088.0000
2026-07-31 14:58:00,7497.761,7498.395,7497.761,7498.395,8926100,216334336.0000
2026-07-31 15:00:00,7496.423,7496.423,7493.985,7493.985,248919900,4685398016.0000
2026-08-03 09:31:00,7457.118,7458.990,7441.398,7443.613,1001454300,17786177536.0000
2026-08-03 09:32:00,7447.346,7469.218,7447.346,7469.218,571538700,11055011840.0000
2026-08-03 09:33:00,7469.220,7483.349,7469.220,7474.734,395881000,7997579264.0000
2026-08-03 09:34:00,7474.940,7484.017,7474.940,7479.748,294617400,6564859904.0000
2026-08-03 09:35:00,7479.284,7489.918,7477.872,7482.143,277151400,6464565248.0000
2026-08-03 09:36:00,7481.656,7495.215,7481.174,7485.691,337493100,7330983936.0000
2026-08-03 09:37:00,7485.666,7497.090,7485.666,7494.149,267934100,6134951936.0000
2026-08-03 09:38:00,7493.822,7499.579,7474.244,7474.244,247912000,5592915968.0000
2026-08-03 09:39:00,7472.937,7472.937,7463.744,7463.744,293213200,6334636032.0000
2026-08-03 09:40:00,7460.436,7460.540,7444.454,7444.454,261593200,5797953536.0000
2026-08-03 09:41:00,7445.454,7451.320,7443.170,7443.738,265131600,5686509568.0000
2026-08-03 09:42:00,7441.682,7446.340,7430.880,7445.394,296054800,6484574208.0000
2026-08-03 09:43:00,7448.077,7448.904,7435.672,7448.904,216060800,4848484352.0000
2026-08-03 09:44:00,7450.783,7456.779,7439.086,7439.086,190984100,4103217152.0000
2026-08-03 09:45:00,7437.779,7437.874,7422.660,7424.521,207805200,4537565184.0000
2026-08-03 09:46:00,7423.424,7431.242,7421.810,7425.351,254310900,5006942208.0000
2026-08-03 09:47:00,7426.100,7426.100,7409.767,7416.921,219138700,5120442368.0000
2026-08-03 09:48:00,7414.415,7426.282,7413.871,7425.876,210522900,4264157184.0000
2026-08-03 09:49:00,7426.931,7436.904,7425.069,7436.904,168742900,3826475008.0000
2026-08-03 09:50:00,7435.022,7450.041,7435.022,7447.661,161445600,3497361408.0000
2026-08-03 09:51:00,7448.249,7448.249,7431.913,7436.725,159386400,3349602304.0000
2026-08-03 09:52:00,7434.686,7455.819,7434.456,7451.655,167627200,3605585920.0000
2026-08-03 09:53:00,7451.399,7452.230,7433.260,7433.260,158527200,3463487488.0000
2026-08-03 09:54:00,7432.266,7432.266,7426.400,7428.878,135096900,3089924096.0000
2026-08-03 09:55:00,7427.815,7440.157,7425.286,7440.157,123982600,3048603648.0000
2026-08-03 09:56:00,7438.955,7456.519,7438.533,7454.646,138584600,2951413760.0000
2026-08-03 09:57:00,7453.162,7456.676,7442.813,7442.813,135349600,2702098432.0000
2026-08-03 09:58:00,7442.291,7448.067,7439.908,7439.938,184602200,2887630848.0000
2026-08-03 09:59:00,7438.058,7443.628,7434.310,7436.634,127451000,2624061440.0000
2026-08-03 10:00:00,7435.703,7445.295,7433.650,7444.642,116732500,2409136128.0000
2026-08-03 10:01:00,7445.626,7460.649,7444.945,7454.956,139684600,2857566208.0000
2026-08-03 10:02:00,7453.788,7453.788,7437.797,7437.797,154515000,3024961536.0000
2026-08-03 10:03:00,7439.587,7450.709,7439.587,7449.786,125076300,2515058688.0000
2026-08-03 10:04:00,7449.957,7459.593,7447.748,7454.302,129430200,2473934848.0000
2026-08-03 10:05:00,7457.476,7460.928,7448.733,7452.344,102346600,2281537536.0000
2026-08-03 10:06:00,7453.158,7464.283,7453.158,7464.283,100866900,2028290048.0000
2026-08-03 10:07:00,7464.663,7466.741,7456.724,7456.724,122621600,2234220544.0000
2026-08-03 10:08:00,7456.149,7456.833,7448.541,7450.587,147559700,2352726016.0000
2026-08-03 10:09:00,7449.387,7453.463,7446.506,7452.404,155020300,2650963968.0000
2026-08-03 10:10:00,7452.378,7453.547,7448.346,7448.427,160733400,2758868992.0000
2026-08-03 10:11:00,7449.066,7454.437,7446.842,7454.437,154076000,2828075008.0000
2026-08-03 10:12:00,7453.598,7453.598,7445.378,7445.854,97775700,2199011328.0000
2026-08-03 10:13:00,7446.301,7451.799,7445.393,7445.393,99460300,2283110400.0000
2026-08-03 10:14:00,7447.663,7463.101,7446.727,7461.462,120006600,2629828608.0000
2026-08-03 10:15:00,7461.258,7470.094,7453.841,7467.433,101576700,2053324800.0000
2026-08-03 10:16:00,7466.904,7466.904,7452.870,7453.443,96200700,1969897472.0000
2026-08-03 10:17:00,7453.394,7453.406,7443.792,7444.093,101205900,2054668288.0000
2026-08-03 10:18:00,7444.077,7446.422,7438.455,7439.768,123746100,2193113088.0000
2026-08-03 10:19:00,7439.486,7439.670,7435.360,7438.289,112566900,2033106944.0000
2026-08-03 10:20:00,7439.504,7440.688,7431.120,7435.168,91779000,1935147008.0000
2026-08-03 10:21:00,7435.576,7465.962,7435.576,7463.320,127312900,2293907456.0000
2026-08-03 10:22:00,7462.470,7462.470,7450.146,7450.146,86606400,1739489280.0000
2026-08-03 10:23:00,7449.851,7450.087,7440.573,7445.989,75738000,1677082624.0000
2026-08-03 10:24:00,7445.010,7445.010,7437.062,7438.904,82784700,1821802496.0000
2026-08-03 10:25:00,7438.920,7438.980,7434.235,7435.404,88979100,1804812288.0000
2026-08-03 10:26:00,7435.216,7438.566,7428.381,7428.381,80164400,1733033984.0000
2026-08-03 10:27:00,7427.846,7433.236,7427.228,7431.333,78179700,1655111680.0000
2026-08-03 10:28:00,7431.372,7438.043,7431.372,7437.193,68043000,1509998592.0000
2026-08-03 10:29:00,7436.967,7436.967,7428.380,7428.781,80634800,1692155904.0000
2026-08-03 10:30:00,7428.920,7428.920,7421.247,7421.247,72935700,1732247552.0000
2026-08-03 10:31:00,7420.963,7428.389,7420.963,7427.511,84595100,1894727680.0000
2026-08-03 10:32:00,7426.153,7426.153,7419.764,7420.706,77032800,1585512448.0000
2026-08-03 10:33:00,7420.416,7432.472,7419.418,7426.848,79991600,1766555648.0000
2026-08-03 10:34:00,7425.716,7437.570,7425.032,7437.570,64459100,1380073472.0000
2026-08-03 10:35:00,7441.039,7447.884,7439.847,7447.884,69785700,1467613184.0000
2026-08-03 10:36:00,7446.797,7448.792,7441.961,7446.340,63115000,1377026048.0000
2026-08-03 10:37:00,7446.184,7457.990,7446.184,7457.209,78166300,1633517568.0000
2026-08-03 10:38:00,7457.289,7460.377,7457.142,7457.865,80778500,1813512192.0000
2026-08-03 10:39:00,7457.196,7460.291,7446.571,7446.571,66821600,1569144832.0000
2026-08-03 10:40:00,7445.881,7448.978,7442.514,7445.291,56014600,1222443008.0000
2026-08-03 10:41:00,7445.115,7449.686,7439.606,7446.723,79509700,1393360896.0000
2026-08-03 10:42:00,7446.554,7449.243,7440.985,7449.243,51777000,1117339648.0000
2026-08-03 10:43:00,7449.893,7466.292,7449.893,7466.292,57349500,1262960640.0000
2026-08-03 10:44:00,7466.871,7471.456,7464.013,7464.013,55409200,1332166656.0000
2026-08-03 10:45:00,7464.178,7464.178,7457.900,7460.849,51461500,1047674880.0000
2026-08-03 10:46:00,7459.678,7459.678,7454.791,7456.189,45229000,1044086784.0000
2026-08-03 10:47:00,7457.816,7464.462,7448.608,7448.608,57802400,1382219776.0000
2026-08-03 10:48:00,7448.416,7448.740,7441.322,7441.484,56438400,1143685120.0000
2026-08-03 10:49:00,7440.996,7441.135,7432.166,7434.061,64008900,1297317888.0000
2026-08-03 10:50:00,7434.414,7434.510,7431.069,7431.069,47470500,950173696.0000
2026-08-03 10:51:00,7431.710,7434.838,7428.935,7431.749,56274000,1083768832.0000
2026-08-03 10:52:00,7432.660,7433.444,7429.818,7429.818,58659500,914587648.0000
2026-08-03 10:53:00,7429.529,7440.078,7429.529,7438.873,57991700,1067696128.0000
2026-08-03 10:54:00,7439.002,7443.735,7438.215,7439.147,38795200,828276736.0000
2026-08-03 10:55:00,7438.923,7439.071,7431.884,7437.084,41506800,860241920.0000
2026-08-03 10:56:00,7437.066,7437.066,7432.935,7432.935,42031700,747339776.0000
2026-08-03 10:57:00,7432.054,7433.459,7428.004,7433.206,47661700,979435520.0000
2026-08-03 10:58:00,7432.996,7447.280,7432.609,7447.208,55374000,955777024.0000
2026-08-03 10:59:00,7447.680,7458.876,7447.680,7456.331,44548500,1079410688.0000
2026-08-03 11:00:00,7456.528,7457.743,7449.515,7449.515,42949500,1069547520.0000
2026-08-03 11:01:00,7450.524,7462.183,7450.524,7462.183,51945000,1167900672.0000
2026-08-03 11:02:00,7462.754,7467.875,7462.072,7463.053,57568500,1465532416.0000
2026-08-03 11:03:00,7462.934,7466.543,7457.826,7459.157,54027000,1327726592.0000
2026-08-03 11:04:00,7458.155,7458.155,7449.539,7450.757,51403400,1252524032.0000
2026-08-03 11:05:00,7449.963,7452.525,7447.718,7447.718,36478400,818757632.0000
2026-08-03 11:06:00,7446.892,7446.892,7439.525,7444.596,46319100,1129119744.0000
2026-08-03 11:07:00,7444.297,7444.297,7434.288,7434.560,39621100,853934080.0000
2026-08-03 11:08:00,7434.585,7435.354,7433.216,7433.735,38884700,797425664.0000
2026-08-03 11:09:00,7433.416,7438.367,7432.878,7433.265,35533700,845578240.0000
2026-08-03 11:10:00,7431.126,7431.126,7428.416,7430.517,48252900,1027047424.0000
2026-08-03 11:11:00,7430.967,7437.695,7428.074,7437.686,64663700,1118552064.0000
2026-08-03 11:12:00,7438.517,7438.609,7429.087,7429.087,56059300,883113984.0000
2026-08-03 11:13:00,7429.144,7431.274,7428.249,7429.965,40431000,722714624.0000
2026-08-03 11:14:00,7429.369,7437.186,7429.369,7437.186,46177600,746127360.0000
2026-08-03 11:15:00,7437.061,7437.061,7432.128,7432.128,36657400,714866688.0000
2026-08-03 11:16:00,7432.232,7433.213,7427.734,7427.734,48969800,832372736.0000
2026-08-03 11:17:00,7427.911,7435.744,7427.324,7432.872,42624300,832733184.0000
2026-08-03 11:18:00,7432.249,7436.663,7429.858,7429.858,32877000,708706304.0000
2026-08-03 11:19:00,7429.132,7434.905,7428.742,7434.905,29760100,631504896.0000
2026-08-03 11:20:00,7437.640,7440.823,7437.640,7439.004,47347200,878673920.0000
2026-08-03 11:21:00,7441.063,7442.158,7439.950,7439.950,35375800,669220864.0000
2026-08-03 11:22:00,7438.873,7438.873,7430.613,7431.281,59434200,815267840.0000
2026-08-03 11:23:00,7431.397,7431.397,7427.100,7431.269,29813000,685768704.0000
2026-08-03 11:24:00,7432.147,7441.429,7432.147,7439.499,33588800,760512512.0000
2026-08-03 11:25:00,7438.918,7448.288,7438.918,7445.575,74011200,1034780672.0000
2026-08-03 11:26:00,7444.829,7451.994,7443.962,7448.155,56479100,1036648448.0000
2026-08-03 11:27:00,7448.157,7448.157,7434.824,7434.824,42246200,821329920.0000
2026-08-03 11:28:00,7433.739,7438.729,7431.480,7438.729,36744400,695730176.0000
2026-08-03 11:29:00,7440.113,7447.247,7440.113,7445.606,46284600,811106304.0000
2026-08-03 11:30:00,7446.227,7452.063,7445.806,7446.974,39805500,838303744.0000
2026-08-03 13:01:00,7447.743,7459.015,7446.650,7453.967,113333100,2508062720.0000
2026-08-03 13:02:00,7453.948,7458.330,7451.860,7453.724,49149500,1312620544.0000
2026-08-03 13:03:00,7453.565,7462.499,7453.512,7462.238,51383000,1218904064.0000
2026-08-03 13:04:00,7462.194,7462.819,7457.413,7457.413,50865900,1174798336.0000
2026-08-03 13:05:00,7456.872,7461.506,7452.400,7452.400,58905000,1351581696.0000
2026-08-03 13:06:00,7452.013,7452.013,7443.718,7444.346,43117400,1112768512.0000
2026-08-03 13:07:00,7444.217,7451.333,7444.217,7448.475,35792400,914817024.0000
2026-08-03 13:08:00,7447.008,7447.008,7439.070,7440.797,45497300,1127284736.0000
2026-08-03 13:09:00,7439.909,7439.909,7429.215,7429.215,43811200,1116766208.0000
2026-08-03 13:10:00,7429.860,7437.135,7428.769,7435.490,40381200,953450496.0000
2026-08-03 13:11:00,7433.804,7439.941,7432.060,7437.672,49421000,1044611072.0000
2026-08-03 13:12:00,7437.603,7437.603,7428.152,7428.868,38817500,909115392.0000
2026-08-03 13:13:00,7429.634,7438.431,7429.463,7438.431,28801500,722436096.0000
2026-08-03 13:14:00,7437.608,7439.280,7435.477,7435.477,27192900,646152192.0000
2026-08-03 13:15:00,7435.306,7436.197,7432.533,7432.533,28133300,623116288.0000
2026-08-03 13:16:00,7432.182,7437.270,7428.376,7435.222,37670900,946503680.0000
2026-08-03 13:17:00,7435.221,7435.494,7432.984,7434.065,25560300,520355840.0000
2026-08-03 13:18:00,7434.075,7434.414,7427.390,7428.326,35269600,779452416.0000
2026-08-03 13:19:00,7428.281,7428.281,7427.226,7427.862,30710000,677675008.0000
2026-08-03 13:20:00,7427.509,7429.770,7425.636,7425.636,51216700,819855360.0000
2026-08-03 13:21:00,7425.692,7426.297,7420.907,7422.081,56734000,997654528.0000
2026-08-03 13:22:00,7422.961,7427.383,7422.829,7427.383,33576700,787021824.0000
2026-08-03 13:23:00,7427.781,7429.456,7427.144,7428.585,32464900,664141824.0000
2026-08-03 13:24:00,7428.589,7429.855,7427.317,7429.587,34434000,671449088.0000
2026-08-03 13:25:00,7429.260,7431.728,7426.921,7426.951,41081400,791740416.0000
2026-08-03 13:26:00,7427.659,7431.005,7427.230,7428.113,41305500,794296320.0000
2026-08-03 13:27:00,7427.571,7428.846,7423.205,7423.205,32980200,759431168.0000
2026-08-03 13:28:00,7423.355,7424.367,7422.188,7422.188,30005300,658604032.0000
2026-08-03 13:29:00,7421.589,7423.293,7421.130,7423.293,45670400,743505920.0000
2026-08-03 13:30:00,7422.916,7424.400,7422.916,7424.324,32999900,626294784.0000
2026-08-03 13:31:00,7423.958,7424.833,7423.316,7424.264,35505200,790200320.0000
2026-08-03 13:32:00,7424.593,7426.021,7421.039,7421.039,39455300,892895232.0000
2026-08-03 13:33:00,7420.793,7420.984,7418.080,7420.146,45709000,967180288.0000
2026-08-03 13:34:00,7420.031,7420.736,7418.599,7420.042,39588900,753369088.0000
2026-08-03 13:35:00,7419.848,7424.378,7419.491,7422.898,41783400,793935872.0000
2026-08-03 13:36:00,7423.274,7424.265,7417.478,7417.478,36812400,803176448.0000
2026-08-03 13:37:00,7417.529,7419.731,7416.826,7417.257,36187100,776699904.0000
2026-08-03 13:38:00,7417.102,7426.459,7417.102,7426.459,34919300,833847296.0000
2026-08-03 13:39:00,7426.228,7427.499,7423.695,7424.749,31991200,722599936.0000
2026-08-03 13:40:00,7424.582,7424.927,7419.944,7420.513,33951700,692355072.0000
2026-08-03 13:41:00,7420.130,7420.524,7416.776,7419.955,43178200,869007360.0000
2026-08-03 13:42:00,7419.652,7420.714,7418.706,7420.050,34053500,680787968.0000
2026-08-03 13:43:00,7420.408,7423.377,7420.408,7422.051,34568900,744685568.0000
2026-08-03 13:44:00,7422.691,7428.535,7422.691,7428.286,67723900,875233280.0000
2026-08-03 13:45:00,7428.309,7429.753,7424.226,7424.517,34872300,628850688.0000
2026-08-03 13:46:00,7424.288,7424.525,7422.118,7422.118,36740300,638844928.0000
2026-08-03 13:47:00,7422.483,7425.751,7422.483,7424.990,42601800,744849408.0000
2026-08-03 13:48:00,7425.168,7425.177,7422.768,7424.789,39375900,674234368.0000
2026-08-03 13:49:00,7424.638,7427.590,7424.057,7424.057,50692700,787349504.0000
2026-08-03 13:50:00,7423.780,7424.344,7420.628,7421.478,36263600,747896832.0000
2026-08-03 13:51:00,7420.978,7423.958,7420.441,7423.477,36298200,726073344.0000
2026-08-03 13:52:00,7423.615,7427.593,7423.170,7427.593,41379600,697237504.0000
2026-08-03 13:53:00,7426.619,7432.132,7426.289,7430.371,72161000,886046720.0000
2026-08-03 13:54:00,7431.150,7431.150,7427.226,7427.314,29907000,683573248.0000
2026-08-03 13:55:00,7426.680,7427.019,7424.364,7424.364,37487200,740032512.0000
2026-08-03 13:56:00,7424.468,7424.702,7423.511,7423.699,31650600,671318016.0000
2026-08-03 13:57:00,7423.596,7424.939,7421.624,7421.624,32530600,731054080.0000
2026-08-03 13:58:00,7421.630,7422.416,7416.165,7416.579,38518700,975568896.0000
2026-08-03 13:59:00,7416.416,7419.265,7414.035,7416.215,50603900,1283162112.0000
2026-08-03 14:00:00,7416.499,7417.832,7414.345,7414.345,37936200,860422144.0000
2026-08-03 14:01:00,7414.764,7416.782,7413.737,7414.253,65213100,1196687360.0000
2026-08-03 14:02:00,7413.868,7414.682,7410.861,7413.833,61614000,1325432832.0000
2026-08-03 14:03:00,7414.538,7414.708,7412.375,7414.094,49228900,812843008.0000
2026-08-03 14:04:00,7414.076,7414.554,7411.680,7411.680,48411600,962199552.0000
2026-08-03 14:05:00,7411.209,7411.209,7408.037,7408.037,44778900,947191808.0000
2026-08-03 14:06:00,7408.139,7410.395,7407.942,7410.395,39745300,935886848.0000
2026-08-03 14:07:00,7409.612,7409.734,7405.188,7406.007,42218900,928940032.0000
2026-08-03 14:08:00,7405.577,7406.151,7400.368,7400.368,47510300,1289879552.0000
2026-08-03 14:09:00,7400.007,7401.978,7398.361,7398.361,48324700,1304330240.0000
2026-08-03 14:10:00,7398.908,7400.269,7397.942,7399.301,44447200,1102872576.0000
2026-08-03 14:11:00,7402.528,7412.470,7402.528,7412.409,66554500,1397030912.0000
2026-08-03 14:12:00,7413.121,7417.291,7412.814,7417.291,50408600,947814400.0000
2026-08-03 14:13:00,7418.794,7418.794,7415.182,7416.723,46556500,873398272.0000
2026-08-03 14:14:00,7416.855,7427.735,7416.562,7427.735,42307500,983564288.0000
2026-08-03 14:15:00,7426.962,7428.874,7423.558,7428.874,37867300,844103680.0000
2026-08-03 14:16:00,7431.616,7431.658,7420.305,7420.305,47664800,999424000.0000
2026-08-03 14:17:00,7419.884,7419.884,7415.991,7415.991,35038900,734199808.0000
2026-08-03 14:18:00,7415.663,7421.988,7414.863,7421.282,43081700,864321536.0000
2026-08-03 14:19:00,7421.177,7422.428,7418.033,7418.033,34538500,744882176.0000
2026-08-03 14:20:00,7417.563,7417.636,7415.379,7416.903,31820400,687865856.0000
2026-08-03 14:21:00,7417.422,7418.615,7416.416,7416.902,37020700,762707968.0000
2026-08-03 14:22:00,7416.251,7421.250,7414.965,7419.728,32594500,753172480.0000
2026-08-03 14:23:00,7419.257,7435.407,7419.257,7435.407,44574000,1069547520.0000
2026-08-03 14:24:00,7435.560,7435.849,7433.568,7433.568,40790900,950042624.0000
2026-08-03 14:25:00,7434.044,7443.538,7433.455,7441.327,44747300,1028915200.0000
2026-08-03 14:26:00,7441.434,7444.405,7440.977,7440.977,38730600,932184064.0000
2026-08-03 14:27:00,7440.127,7440.675,7433.016,7433.016,41210100,970227712.0000
2026-08-03 14:28:00,7432.583,7436.203,7432.203,7434.330,36224900,761036800.0000
2026-08-03 14:29:00,7434.477,7434.651,7429.859,7429.859,37928900,735281152.0000
2026-08-03 14:30:00,7429.410,7429.519,7424.457,7424.457,47055000,872316928.0000
2026-08-03 14:31:00,7425.220,7428.125,7423.672,7428.125,50295200,1027276800.0000
2026-08-03 14:32:00,7427.965,7427.965,7422.121,7422.739,47701700,980156416.0000
2026-08-03 14:33:00,7421.866,7421.866,7415.249,7415.249,48720800,1036222464.0000
2026-08-03 14:34:00,7414.850,7416.713,7411.702,7416.713,45099200,1085898752.0000
2026-08-03 14:35:00,7418.073,7418.073,7414.392,7415.159,38563900,806617088.0000
2026-08-03 14:36:00,7415.779,7421.103,7415.779,7416.050,47312100,1032355840.0000
2026-08-03 14:37:00,7415.755,7416.961,7412.649,7416.787,50031900,1080131584.0000
2026-08-03 14:38:00,7415.703,7415.703,7412.486,7412.705,43216300,934903808.0000
2026-08-03 14:39:00,7412.464,7412.530,7410.229,7411.450,47838000,1125122048.0000
2026-08-03 14:40:00,7411.151,7411.151,7407.933,7408.140,57101700,1138196480.0000
2026-08-03 14:41:00,7407.790,7409.940,7407.634,7407.825,61296300,1226801152.0000
2026-08-03 14:42:00,7407.574,7410.094,7405.934,7410.094,55813300,1235845120.0000
2026-08-03 14:43:00,7409.862,7411.192,7407.440,7408.597,54560500,1143701504.0000
2026-08-03 14:44:00,7408.520,7411.454,7407.959,7407.959,54719200,1212153856.0000
2026-08-03 14:45:00,7407.809,7408.935,7407.717,7408.689,62069200,1198784512.0000
2026-08-03 14:46:00,7408.075,7412.040,7406.361,7412.040,67286800,1484095488.0000
2026-08-03 14:47:00,7412.026,7413.011,7410.172,7413.011,63253500,1262747648.0000
2026-08-03 14:48:00,7412.652,7413.561,7409.939,7410.638,68196700,1396703232.0000
2026-08-03 14:49:00,7411.095,7411.095,7408.864,7409.132,67259200,1434124288.0000
2026-08-03 14:50:00,7409.359,7411.618,7408.914,7410.642,73246500,1598226432.0000
2026-08-03 14:51:00,7410.584,7411.429,7408.132,7410.099,117124800,1967030272.0000
2026-08-03 14:52:00,7410.340,7412.879,7410.067,7411.671,85579600,1694728192.0000
2026-08-03 14:53:00,7411.027,7412.671,7410.823,7411.653,84766400,1727758336.0000
2026-08-03 14:54:00,7411.690,7411.760,7410.026,7411.596,91741700,2013888512.0000
2026-08-03 14:55:00,7411.794,7411.794,7410.030,7410.790,99410000,1956282368.0000
2026-08-03 14:56:00,7410.739,7412.029,7410.323,7411.061,124546700,2348253184.0000
2026-08-03 14:57:00,7411.124,7412.348,7410.256,7412.348,141265300,2561441792.0000
2026-08-03 14:58:00,7413.177,7413.177,7412.791,7412.791,8181100,159875072.0000
2026-08-03 15:00:00,7413.465,7414.523,7413.465,7414.523,179752600,3582230528.0000
2026-08-04 09:31:00,7467.079,7473.032,7455.029,7455.029,798350900,15923679232.0000
2026-08-04 09:32:00,7455.345,7463.582,7453.313,7457.644,517654300,10063671296.0000
2026-08-04 09:33:00,7456.454,7458.309,7454.153,7454.325,331916400,6818217984.0000
2026-08-04 09:34:00,7454.439,7463.691,7450.318,7451.488,283475200,5974913024.0000
2026-08-04 09:35:00,7451.094,7465.323,7451.094,7465.323,305075800,5451378688.0000
2026-08-04 09:36:00,7467.729,7479.185,7467.729,7479.185,329215300,6195576832.0000
2026-08-04 09:37:00,7478.463,7494.367,7478.463,7492.382,281283100,5905821696.0000
2026-08-04 09:38:00,7492.537,7498.734,7492.514,7494.188,234322200,5333504000.0000
2026-08-04 09:39:00,7492.998,7492.998,7485.251,7491.864,210570500,4741918720.0000
2026-08-04 09:40:00,7489.189,7490.381,7484.410,7488.950,229146500,4662251520.0000
2026-08-04 09:41:00,7489.340,7495.465,7477.840,7477.840,314168600,5131763712.0000
2026-08-04 09:42:00,7479.080,7479.881,7470.538,7474.426,235068400,4266786816.0000
2026-08-04 09:43:00,7475.486,7482.858,7471.793,7482.469,197524300,4223279104.0000
2026-08-04 09:44:00,7482.284,7484.349,7475.080,7475.565,227516600,4359962624.0000
2026-08-04 09:45:00,7474.737,7481.324,7472.930,7480.369,198775200,4265033728.0000
2026-08-04 09:46:00,7481.497,7488.543,7481.497,7483.026,180514200,3816988672.0000
2026-08-04 09:47:00,7482.815,7496.004,7482.815,7496.004,144615800,3314163712.0000
2026-08-04 09:48:00,7495.758,7517.888,7495.758,7517.888,195477200,4463386624.0000
2026-08-04 09:49:00,7516.721,7520.939,7516.483,7516.483,161275900,3938140160.0000
2026-08-04 09:50:00,7515.593,7525.836,7512.670,7523.679,156629900,3541909504.0000
2026-08-04 09:51:00,7524.692,7540.636,7524.692,7540.636,165482600,3762962432.0000
2026-08-04 09:52:00,7541.243,7541.375,7533.365,7533.565,134246100,3414425600.0000
2026-08-04 09:53:00,7533.078,7533.078,7526.343,7526.343,129539500,2932580352.0000
2026-08-04 09:54:00,7525.470,7534.700,7525.470,7531.090,152006700,3245670400.0000
2026-08-04 09:55:00,7531.697,7532.738,7530.925,7531.812,115047300,2823192576.0000
2026-08-04 09:56:00,7531.293,7531.293,7521.257,7522.476,190753000,3507486720.0000
2026-08-04 09:57:00,7521.518,7525.762,7519.280,7521.519,123656900,2948096000.0000
2026-08-04 09:58:00,7521.667,7526.886,7521.449,7526.886,150187700,3079086080.0000
2026-08-04 09:59:00,7527.042,7529.584,7521.032,7522.382,188909600,3445587968.0000
2026-08-04 10:00:00,7522.974,7523.805,7509.400,7509.400,172026000,3462955008.0000
2026-08-04 10:01:00,7508.824,7509.137,7501.237,7502.072,147680800,3327721472.0000
2026-08-04 10:02:00,7500.950,7506.113,7498.293,7501.131,154107100,3204186112.0000
2026-08-04 10:03:00,7501.112,7502.650,7495.778,7495.778,136878900,2914549760.0000
2026-08-04 10:04:00,7495.661,7504.364,7495.661,7504.079,117634500,2973892608.0000
2026-08-04 10:05:00,7504.945,7505.576,7498.473,7505.576,125579100,2982838272.0000
2026-08-04 10:06:00,7505.635,7505.635,7497.091,7502.243,127502500,2952593408.0000
2026-08-04 10:07:00,7501.605,7514.159,7500.288,7510.963,121221500,2900377600.0000
2026-08-04 10:08:00,7510.643,7511.903,7505.003,7511.150,112212100,2304589824.0000
2026-08-04 10:09:00,7511.097,7519.517,7511.097,7513.944,96357300,2060124160.0000
2026-08-04 10:10:00,7513.759,7517.734,7513.662,7513.662,84762300,1865318400.0000
2026-08-04 10:11:00,7512.001,7512.001,7505.314,7505.314,112510600,2316255232.0000
2026-08-04 10:12:00,7504.367,7504.367,7498.078,7502.147,119901100,2539569152.0000
2026-08-04 10:13:00,7502.647,7512.996,7502.647,7508.380,127007500,2499526656.0000
2026-08-04 10:14:00,7509.347,7512.425,7508.116,7510.862,126143700,2203828224.0000
2026-08-04 10:15:00,7510.196,7510.770,7504.726,7510.770,87014400,1987756032.0000
2026-08-04 10:16:00,7510.891,7515.959,7510.084,7515.959,82158300,1655652352.0000
2026-08-04 10:17:00,7516.472,7517.388,7510.890,7512.723,81258200,1696497664.0000
2026-08-04 10:18:00,7512.750,7512.779,7508.978,7512.380,69388100,1516257280.0000
2026-08-04 10:19:00,7512.016,7518.752,7511.827,7518.752,68257200,1430536192.0000
2026-08-04 10:20:00,7515.783,7526.116,7515.314,7526.116,72066300,1662631936.0000
2026-08-04 10:21:00,7526.544,7529.845,7524.575,7524.626,76630000,1845035008.0000
2026-08-04 10:22:00,7524.689,7525.519,7515.074,7515.074,69393500,1550548992.0000
2026-08-04 10:23:00,7514.818,7516.400,7512.167,7513.357,65431100,1472430080.0000
2026-08-04 10:24:00,7513.395,7515.831,7513.157,7513.834,55913500,1191084032.0000
2026-08-04 10:25:00,7514.061,7514.782,7508.984,7508.984,56771400,1205682176.0000
2026-08-04 10:26:00,7508.861,7509.516,7505.228,7508.547,51348200,1283457024.0000
2026-08-04 10:27:00,7511.024,7517.496,7511.024,7517.496,53186900,1260634112.0000
2026-08-04 10:28:00,7518.907,7522.337,7518.170,7521.830,54347400,1329643520.0000
2026-08-04 10:29:00,7522.342,7525.224,7521.684,7524.350,47600800,1159446528.0000
2026-08-04 10:30:00,7522.655,7523.201,7520.012,7520.484,54607700,1089978368.0000
2026-08-04 10:31:00,7520.554,7526.982,7519.127,7526.935,80560500,1435369472.0000
2026-08-04 10:32:00,7526.566,7527.675,7525.922,7525.922,87255100,1727234048.0000
2026-08-04 10:33:00,7525.594,7525.792,7522.309,7523.732,70193300,1512964096.0000
2026-08-04 10:34:00,7523.098,7523.098,7518.161,7518.161,61297400,1302364160.0000
2026-08-04 10:35:00,7518.749,7524.357,7518.749,7523.052,61671100,1293303808.0000
2026-08-04 10:36:00,7523.127,7528.289,7522.454,7528.289,60021800,1219035136.0000
2026-08-04 10:37:00,7528.416,7536.772,7528.416,7533.920,59936500,1456832512.0000
2026-08-04 10:38:00,7534.045,7538.624,7533.864,7538.118,49616200,1180434432.0000
2026-08-04 10:39:00,7538.898,7543.878,7538.898,7543.878,50608600,1318600704.0000
2026-08-04 10:40:00,7544.516,7546.390,7541.074,7541.851,63865600,1472413696.0000
2026-08-04 10:41:00,7542.012,7553.209,7542.002,7550.719,64735300,1858977792.0000
2026-08-04 10:42:00,7550.170,7550.170,7537.979,7537.979,64856700,1544650752.0000
2026-08-04 10:43:00,7538.045,7539.576,7532.343,7536.822,58870800,1424949248.0000
2026-08-04 10:44:00,7536.900,7538.704,7536.381,7537.195,45586100,1096286208.0000
2026-08-04 10:45:00,7539.945,7544.064,7539.945,7541.238,51212200,1378091008.0000
2026-08-04 10:46:00,7540.751,7542.609,7540.751,7541.334,64909900,1802485760.0000
2026-08-04 10:47:00,7539.538,7543.831,7539.084,7543.269,48915000,1176502272.0000
2026-08-04 10:48:00,7543.222,7549.780,7542.825,7549.780,57554700,1376452608.0000
2026-08-04 10:49:00,7550.223,7553.488,7548.661,7552.320,53704500,1510539264.0000
2026-08-04 10:50:00,7552.417,7553.118,7546.546,7546.937,44955900,1259241472.0000
2026-08-04 10:51:00,7546.738,7546.738,7541.200,7541.773,53107300,1287094272.0000
2026-08-04 10:52:00,7541.904,7541.904,7537.884,7537.884,43921700,1022443520.0000
2026-08-04 10:53:00,7537.644,7540.743,7534.006,7534.006,48637000,1368752128.0000
2026-08-04 10:54:00,7533.826,7537.288,7533.826,7536.935,40309700,915963904.0000
2026-08-04 10:55:00,7536.558,7536.853,7533.902,7534.043,36507300,788561920.0000
2026-08-04 10:56:00,7533.881,7539.480,7533.881,7537.139,39869700,881147904.0000
2026-08-04 10:57:00,7537.553,7541.569,7535.712,7541.197,44290800,980025344.0000
2026-08-04 10:58:00,7541.384,7547.748,7539.910,7547.748,41514400,1010466816.0000
2026-08-04 10:59:00,7547.767,7547.767,7538.404,7538.404,40894400,942063616.0000
2026-08-04 11:00:00,7538.094,7538.165,7533.560,7533.696,41403600,1003028480.0000
2026-08-04 11:01:00,7533.369,7533.369,7530.060,7530.060,47178300,1089568768.0000
2026-08-04 11:02:00,7528.939,7531.784,7528.939,7529.199,47045600,1041006592.0000
2026-08-04 11:03:00,7529.410,7529.410,7521.885,7521.885,39041300,1064681472.0000
2026-08-04 11:04:00,7521.853,7523.936,7520.016,7523.279,35415700,937132032.0000
2026-08-04 11:05:00,7522.951,7524.111,7522.338,7523.962,31184300,811745280.0000
2026-08-04 11:06:00,7523.959,7526.689,7523.959,7525.727,41491200,794624000.0000
2026-08-04 11:07:00,7525.694,7527.826,7522.781,7527.826,38809800,860487680.0000
2026-08-04 11:08:00,7527.520,7536.791,7527.520,7536.791,37683300,782499840.0000
2026-08-04 11:09:00,7536.859,7545.964,7536.859,7545.964,45907000,994213888.0000
2026-08-04 11:10:00,7546.553,7549.458,7542.346,7549.458,42474500,1009811456.0000
2026-08-04 11:11:00,7549.769,7553.198,7549.769,7551.849,39693400,1053769728.0000
2026-08-04 11:12:00,7554.520,7554.520,7549.495,7550.939,44903300,1084751872.0000
2026-08-04 11:13:00,7549.373,7549.373,7543.790,7544.908,38123000,923615232.0000
2026-08-04 11:14:00,7544.867,7549.512,7544.754,7548.159,40724100,919945216.0000
2026-08-04 11:15:00,7547.846,7553.771,7547.846,7553.771,37969600,921370624.0000
2026-08-04 11:16:00,7553.630,7559.416,7553.630,7556.184,60951900,1548926976.0000
2026-08-04 11:17:00,7555.485,7555.485,7546.553,7546.553,40062000,997310464.0000
2026-08-04 11:18:00,7545.476,7549.622,7545.476,7547.046,35433400,808140800.0000
2026-08-04 11:19:00,7546.523,7552.085,7546.523,7551.446,33146500,784007168.0000
2026-08-04 11:20:00,7550.793,7557.127,7550.793,7557.127,34055100,834289664.0000
2026-08-04 11:21:00,7557.445,7560.964,7557.445,7558.339,42926200,1088356352.0000
2026-08-04 11:22:00,7558.566,7562.940,7558.566,7562.428,35119200,1025507328.0000
2026-08-04 11:23:00,7562.472,7562.472,7559.770,7561.880,36547800,908738560.0000
2026-08-04 11:24:00,7562.493,7563.400,7557.727,7559.612,34118200,908623872.0000
2026-08-04 11:25:00,7560.001,7563.163,7560.001,7561.912,30071400,821133312.0000
2026-08-04 11:26:00,7561.625,7568.974,7561.625,7568.751,42672200,1090404352.0000
2026-08-04 11:27:00,7569.949,7571.255,7568.919,7571.140,40297200,1157939200.0000
2026-08-04 11:28:00,7570.449,7572.126,7569.981,7571.934,39982700,1177419776.0000
2026-08-04 11:29:00,7571.879,7577.069,7571.879,7577.031,42420300,1379237888.0000
2026-08-04 11:30:00,7577.460,7585.898,7577.460,7583.497,60084400,1850310656.0000
2026-08-04 13:01:00,7586.647,7592.730,7579.402,7592.730,206536100,5285183488.0000
2026-08-04 13:02:00,7592.787,7592.787,7588.747,7590.013,87497700,2314338304.0000
2026-08-04 13:03:00,7591.377,7592.832,7589.300,7591.953,57079500,1647935488.0000
2026-08-04 13:04:00,7592.859,7602.163,7592.786,7601.431,64884000,2058878976.0000
2026-08-04 13:05:00,7600.718,7600.718,7594.020,7594.020,71162000,1801814016.0000
2026-08-04 13:06:00,7594.023,7594.023,7586.885,7591.842,75485700,1828585472.0000
2026-08-04 13:07:00,7592.875,7592.875,7587.911,7588.864,61304100,1474723840.0000
2026-08-04 13:08:00,7589.217,7591.439,7586.218,7586.379,51177700,1356333056.0000
2026-08-04 13:09:00,7586.634,7590.093,7586.634,7589.868,51954500,1293615104.0000
2026-08-04 13:10:00,7590.238,7592.672,7587.608,7587.608,50529300,1410203648.0000
2026-08-04 13:11:00,7587.554,7587.554,7582.123,7582.123,65180100,1431306240.0000
2026-08-04 13:12:00,7582.935,7590.424,7582.935,7589.636,51384100,1319567360.0000
2026-08-04 13:13:00,7589.014,7589.014,7578.240,7579.443,52633400,1334870016.0000
2026-08-04 13:14:00,7578.975,7582.382,7577.632,7578.890,52989800,1154023424.0000
2026-08-04 13:15:00,7578.458,7585.902,7576.891,7585.902,43791100,1080229888.0000
2026-08-04 13:16:00,7586.352,7589.291,7586.352,7588.633,65022600,1364787200.0000
2026-08-04 13:17:00,7588.882,7591.809,7584.781,7584.781,56617700,1365049344.0000
2026-08-04 13:18:00,7584.142,7584.936,7581.757,7584.936,45280800,1061224448.0000
2026-08-04 13:19:00,7585.841,7586.059,7579.817,7579.817,42878200,1025998848.0000
2026-08-04 13:20:00,7579.780,7579.837,7574.252,7576.441,53558800,1265270784.0000
2026-08-04 13:21:00,7576.973,7580.609,7575.385,7580.609,52589800,1161658368.0000
2026-08-04 13:22:00,7581.683,7587.584,7581.300,7586.836,45633400,1220837376.0000
2026-08-04 13:23:00,7585.041,7589.101,7584.900,7588.401,54813100,1199505408.0000
2026-08-04 13:24:00,7589.008,7592.356,7588.465,7592.356,46369600,1154514944.0000
2026-08-04 13:25:00,7593.188,7593.833,7589.589,7592.133,46759100,1279688704.0000
2026-08-04 13:26:00,7592.139,7599.537,7592.139,7599.537,54352600,1226244096.0000
2026-08-04 13:27:00,7600.050,7602.694,7599.630,7602.694,60850300,2074411008.0000
2026-08-04 13:28:00,7601.904,7602.433,7600.744,7601.511,50058200,1296891904.0000
2026-08-04 13:29:00,7601.645,7603.166,7600.396,7600.396,49431500,1311768576.0000
2026-08-04 13:30:00,7600.255,7605.178,7600.026,7605.178,47521400,1172537344.0000
2026-08-04 13:31:00,7605.734,7612.694,7605.734,7612.694,67369400,1773699072.0000
2026-08-04 13:32:00,7613.221,7618.261,7613.221,7617.384,74450200,1867317248.0000
2026-08-04 13:33:00,7617.724,7620.200,7617.368,7617.715,60525400,1793916928.0000
2026-08-04 13:34:00,7617.141,7617.836,7613.118,7615.164,52772200,1377370112.0000
2026-08-04 13:35:00,7615.010,7615.809,7612.803,7614.247,54185200,1242988544.0000
2026-08-04 13:36:00,7614.468,7615.470,7610.498,7613.599,46905500,1215463424.0000
2026-08-04 13:37:00,7613.037,7617.105,7612.968,7616.963,46479600,1159266304.0000
2026-08-04 13:38:00,7617.786,7622.404,7617.786,7622.404,51121400,1314193408.0000
2026-08-04 13:39:00,7624.220,7633.154,7624.117,7633.154,80611700,1766162432.0000
2026-08-04 13:40:00,7633.120,7633.120,7628.063,7628.203,76539500,1697710080.0000
2026-08-04 13:41:00,7628.430,7630.964,7628.067,7629.164,66060600,1518272512.0000
2026-08-04 13:42:00,7628.930,7629.389,7627.364,7628.673,56810700,1166344192.0000
2026-08-04 13:43:00,7629.045,7629.045,7622.747,7624.557,52115200,1285455872.0000
2026-08-04 13:44:00,7624.322,7625.310,7623.462,7624.425,41263300,973832192.0000
2026-08-04 13:45:00,7624.602,7631.070,7624.431,7629.442,55798600,1300529152.0000
2026-08-04 13:46:00,7629.493,7634.327,7629.493,7634.189,48230000,1228701696.0000
2026-08-04 13:47:00,7634.239,7638.946,7634.239,7635.477,59584900,1442119680.0000
2026-08-04 13:48:00,7635.586,7637.965,7635.586,7636.795,66892500,1229881344.0000
2026-08-04 13:49:00,7634.757,7638.709,7634.757,7637.568,59798400,1287192576.0000
2026-08-04 13:50:00,7637.888,7638.195,7632.073,7632.073,60251600,1239875584.0000
2026-08-04 13:51:00,7632.637,7632.637,7628.510,7632.096,54594600,1303543808.0000
2026-08-04 13:52:00,7632.226,7632.461,7625.347,7625.980,54970100,1124728832.0000
2026-08-04 13:53:00,7625.933,7632.900,7625.509,7632.900,59084800,1138196480.0000
2026-08-04 13:54:00,7632.925,7634.442,7632.873,7633.011,52566100,947748864.0000
2026-08-04 13:55:00,7632.921,7633.921,7630.753,7632.587,57177900,1047134208.0000
2026-08-04 13:56:00,7632.465,7632.465,7628.568,7628.568,43065300,968261632.0000
2026-08-04 13:57:00,7628.258,7632.056,7627.703,7632.056,46018800,982220800.0000
2026-08-04 13:58:00,7631.988,7631.988,7627.511,7627.511,45369900,979992576.0000
2026-08-04 13:59:00,7627.922,7629.795,7626.782,7629.795,38439000,906854400.0000
2026-08-04 14:00:00,7629.976,7634.001,7629.362,7634.001,51205200,1145438208.0000
2026-08-04 14:01:00,7634.453,7645.146,7633.754,7644.599,91976400,1952645120.0000
2026-08-04 14:02:00,7645.475,7645.475,7641.985,7642.657,66996200,1503232000.0000
2026-08-04 14:03:00,7642.651,7642.651,7637.051,7637.867,64126900,1295187968.0000
2026-08-04 14:04:00,7637.975,7639.198,7635.331,7638.018,44481100,1048051712.0000
2026-08-04 14:05:00,7637.911,7638.685,7636.229,7638.632,40374000,922746880.0000
2026-08-04 14:06:00,7638.631,7638.631,7634.636,7634.636,43359200,968556544.0000
2026-08-04 14:07:00,7634.645,7637.962,7633.610,7637.659,41962100,881786880.0000
2026-08-04 14:08:00,7637.731,7640.099,7636.607,7638.787,44171100,922714112.0000
2026-08-04 14:09:00,7638.529,7641.585,7637.450,7640.452,41779700,846921728.0000
2026-08-04 14:10:00,7640.304,7642.196,7639.691,7641.583,50682900,1032454144.0000
2026-08-04 14:11:00,7641.594,7641.594,7639.020,7640.960,43930400,1003520000.0000
2026-08-04 14:12:00,7640.940,7641.117,7639.621,7640.752,43187100,900005888.0000
2026-08-04 14:13:00,7640.637,7640.637,7636.630,7636.734,46466900,1016004608.0000
2026-08-04 14:14:00,7636.996,7640.231,7636.179,7639.024,44349500,1036156928.0000
2026-08-04 14:15:00,7638.739,7638.739,7623.960,7623.960,108893600,1808760832.0000
2026-08-04 14:16:00,7623.540,7623.540,7611.894,7611.894,104594900,2102263808.0000
2026-08-04 14:17:00,7611.536,7615.523,7610.769,7610.769,90124400,1862959104.0000
2026-08-04 14:18:00,7610.767,7613.691,7610.767,7611.926,64221800,1295679488.0000
2026-08-04 14:19:00,7611.591,7611.591,7602.814,7602.814,66749600,1407483904.0000
2026-08-04 14:20:00,7602.418,7605.168,7602.418,7605.168,55836600,1475837952.0000
2026-08-04 14:21:00,7606.196,7611.925,7605.761,7609.691,54009100,1214414848.0000
2026-08-04 14:22:00,7609.762,7611.467,7603.948,7603.948,45546900,1111326720.0000
2026-08-04 14:23:00,7604.243,7604.713,7603.317,7603.543,47563300,1055391744.0000
2026-08-04 14:24:00,7603.690,7604.774,7603.690,7604.675,46492500,1110147072.0000
2026-08-04 14:25:00,7605.524,7609.936,7605.524,7609.936,45850900,1076002816.0000
2026-08-04 14:26:00,7610.575,7613.128,7609.789,7613.128,43718700,988839936.0000
2026-08-04 14:27:00,7613.871,7615.445,7612.615,7612.615,40687300,960233472.0000
2026-08-04 14:28:00,7612.554,7616.368,7611.642,7616.205,37770900,829358080.0000
2026-08-04 14:29:00,7616.140,7616.646,7615.018,7615.480,42846900,808943616.0000
2026-08-04 14:30:00,7615.225,7616.411,7614.231,7614.231,41183200,908525568.0000
2026-08-04 14:31:00,7614.567,7617.439,7610.161,7610.161,64498600,1424261120.0000
2026-08-04 14:32:00,7609.192,7609.192,7600.818,7602.573,78833300,1683161088.0000
2026-08-04 14:33:00,7602.657,7602.773,7598.981,7601.505,54368900,1202257920.0000
2026-08-04 14:34:00,7601.907,7601.907,7599.200,7599.599,56391600,1211269120.0000
2026-08-04 14:35:00,7599.386,7599.426,7590.310,7590.310,84803700,1878032384.0000
2026-08-04 14:36:00,7590.375,7591.293,7588.182,7591.293,70612000,1634500608.0000
2026-08-04 14:37:00,7591.980,7595.358,7591.652,7595.358,54947300,1262223360.0000
2026-08-04 14:38:00,7595.506,7597.954,7595.026,7596.841,49491200,1143046144.0000
2026-08-04 14:39:00,7597.102,7599.768,7596.743,7599.024,51987200,1110179840.0000
2026-08-04 14:40:00,7597.631,7597.631,7590.933,7592.551,64403900,1422524416.0000
2026-08-04 14:41:00,7592.565,7592.565,7588.982,7589.115,61191900,1254850560.0000
2026-08-04 14:42:00,7589.721,7592.825,7589.721,7591.862,59091200,1211039744.0000
2026-08-04 14:43:00,7591.206,7593.445,7589.728,7593.252,63619800,1267040256.0000
2026-08-04 14:44:00,7593.347,7593.347,7586.973,7588.295,89116600,1536950272.0000
2026-08-04 14:45:00,7588.493,7589.046,7585.598,7586.492,78332400,1409417216.0000
2026-08-04 14:46:00,7587.285,7591.864,7587.110,7591.864,77937400,1525514240.0000
2026-08-04 14:47:00,7592.202,7593.843,7590.985,7593.843,74213300,1399947264.0000
2026-08-04 14:48:00,7593.318,7595.550,7591.520,7592.668,76179200,1587183616.0000
2026-08-04 14:49:00,7592.916,7592.933,7589.544,7590.094,84888200,1573421056.0000
2026-08-04 14:50:00,7591.304,7593.950,7591.304,7593.621,90151800,1523908608.0000
2026-08-04 14:51:00,7593.912,7597.284,7593.518,7596.044,107387700,1975910400.0000
2026-08-04 14:52:00,7596.486,7601.452,7596.486,7601.452,99333200,1909686272.0000
2026-08-04 14:53:00,7600.821,7603.252,7600.818,7603.252,117272500,2126905344.0000
2026-08-04 14:54:00,7603.088,7603.730,7601.092,7603.277,121195900,2229862400.0000
2026-08-04 14:55:00,7603.485,7604.109,7602.010,7603.364,126670100,2339373056.0000
2026-08-04 14:56:00,7603.868,7606.098,7603.305,7605.494,152985300,2778988544.0000
2026-08-04 14:57:00,7605.733,7607.976,7605.248,7607.802,184417200,3172433920.0000
2026-08-04 14:58:00,7608.005,7608.585,7608.005,7608.585,9722000,183926784.0000
2026-08-04 15:00:00,7608.689,7608.689,7607.487,7607.487,254308600,4458807296.0000
2026-08-05 09:31:00,7567.956,7598.709,7567.956,7598.709,689481200,18347829248.0000
2026-08-05 09:32:00,7600.901,7614.189,7600.901,7609.880,426590000,11346450432.0000
2026-08-05 09:33:00,7611.669,7625.434,7611.669,7625.434,294879900,7734902784.0000
2026-08-05 09:34:00,7623.615,7625.199,7618.614,7618.614,280651500,6914322432.0000
2026-08-05 09:35:00,7618.477,7626.274,7618.477,7626.274,262239800,6267416576.0000
2026-08-05 09:36:00,7626.744,7640.022,7626.744,7640.022,327619800,7104950272.0000
2026-08-05 09:37:00,7640.979,7656.945,7640.979,7656.270,238584500,6160228352.0000
2026-08-05 09:38:00,7657.111,7658.471,7649.155,7651.625,238166700,6442201088.0000
2026-08-05 09:39:00,7652.061,7664.752,7652.061,7664.752,224656800,5534818304.0000
2026-08-05 09:40:00,7664.525,7671.925,7662.941,7671.925,243862200,5354143744.0000
2026-08-05 09:41:00,7671.568,7684.381,7671.568,7684.381,202001800,5087559680.0000
2026-08-05 09:42:00,7685.082,7688.991,7684.789,7687.632,209446300,5165129728.0000
2026-08-05 09:43:00,7688.794,7696.477,7688.794,7695.968,173814100,4405952512.0000
2026-08-05 09:44:00,7697.039,7697.039,7682.740,7682.740,194964500,4991770624.0000
2026-08-05 09:45:00,7682.342,7690.475,7681.960,7687.623,165596800,4292427776.0000
2026-08-05 09:46:00,7688.234,7699.709,7686.998,7699.709,195265000,4236410880.0000
2026-08-05 09:47:00,7698.760,7710.153,7698.699,7710.153,210445500,4768972800.0000
2026-08-05 09:48:00,7706.030,7711.112,7705.385,7707.215,189421500,4601872384.0000
2026-08-05 09:49:00,7707.889,7707.889,7698.161,7698.161,183567900,4403347456.0000
2026-08-05 09:50:00,7697.873,7701.941,7695.085,7697.284,181944800,4018323456.0000
2026-08-05 09:51:00,7698.502,7698.502,7686.593,7688.187,219476500,4424048640.0000
2026-08-05 09:52:00,7688.358,7698.214,7682.182,7698.214,175535400,4107026432.0000
2026-08-05 09:53:00,7697.917,7699.970,7692.567,7699.970,139684500,3429933056.0000
2026-08-05 09:54:00,7700.806,7704.974,7697.860,7704.551,140670900,3278798848.0000
2026-08-05 09:55:00,7705.163,7706.343,7694.158,7694.158,136437800,3100966912.0000
2026-08-05 09:56:00,7693.652,7695.443,7686.060,7686.060,142661200,3210739712.0000
2026-08-05 09:57:00,7685.947,7696.845,7685.602,7696.551,125450200,3055337472.0000
2026-08-05 09:58:00,7698.174,7714.265,7698.174,7714.265,151504400,3156901888.0000
2026-08-05 09:59:00,7714.500,7718.385,7707.725,7707.725,147588400,3654598656.0000
2026-08-05 10:00:00,7707.640,7707.640,7701.589,7701.974,135656400,3013885952.0000
2026-08-05 10:01:00,7702.968,7703.290,7697.889,7699.445,127409100,3178414080.0000
2026-08-05 10:02:00,7699.251,7708.252,7698.749,7707.057,144081400,3096576000.0000
2026-08-05 10:03:00,7707.309,7708.597,7702.998,7708.091,124046900,2904489984.0000
2026-08-05 10:04:00,7708.238,7711.481,7704.401,7704.401,109838700,2682126336.0000
2026-08-05 10:05:00,7704.097,7707.305,7704.097,7706.082,99616900,2559426560.0000
2026-08-05 10:06:00,7706.258,7709.931,7701.128,7709.190,103905200,2713714688.0000
2026-08-05 10:07:00,7708.024,7708.024,7697.081,7697.081,113760300,2662940672.0000
2026-08-05 10:08:00,7699.007,7699.007,7686.572,7686.572,156522500,3477356544.0000
2026-08-05 10:09:00,7685.935,7689.421,7685.028,7685.924,118636700,2853748736.0000
2026-08-05 10:10:00,7688.081,7694.459,7688.081,7692.768,93670800,2479587328.0000
2026-08-05 10:11:00,7693.630,7693.743,7683.413,7683.413,103647500,2746286080.0000
2026-08-05 10:12:00,7682.825,7682.825,7674.164,7674.342,117214300,3182739456.0000
2026-08-05 10:13:00,7674.368,7674.368,7669.079,7669.262,172973100,3601596416.0000
2026-08-05 10:14:00,7668.555,7668.555,7657.738,7657.738,170656000,4008869888.0000
2026-08-05 10:15:00,7657.303,7675.795,7657.303,7675.795,152773300,3729981440.0000
2026-08-05 10:16:00,7673.740,7677.646,7666.538,7666.538,142013800,3385065472.0000
2026-08-05 10:17:00,7665.724,7665.724,7655.804,7658.303,126349900,3278323712.0000
2026-08-05 10:18:00,7657.718,7672.145,7656.159,7667.793,116761000,3052879872.0000
2026-08-05 10:19:00,7666.541,7673.207,7666.541,7672.403,109541100,2377842688.0000
2026-08-05 10:20:00,7673.191,7684.117,7673.191,7683.345,101857800,2321432576.0000
2026-08-05 10:21:00,7683.825,7683.833,7672.767,7679.854,106505300,2652995584.0000
2026-08-05 10:22:00,7679.940,7692.479,7679.940,7691.101,103866900,2371551232.0000
2026-08-05 10:23:00,7688.495,7692.090,7687.051,7691.368,123835100,2391801856.0000
2026-08-05 10:24:00,7692.636,7701.792,7691.762,7701.792,109897100,1776156672.0000
2026-08-05 10:25:00,7702.739,7707.996,7700.358,7700.935,86495800,2099494912.0000
2026-08-05 10:26:00,7700.056,7700.056,7691.556,7692.873,85937000,1885765632.0000
2026-08-05 10:27:00,7693.530,7700.945,7692.571,7692.571,91413700,1918369792.0000
2026-08-05 10:28:00,7692.868,7699.028,7692.007,7699.028,80030400,1578893312.0000
2026-08-05 10:29:00,7699.815,7707.128,7699.815,7707.128,72928400,1588838400.0000
2026-08-05 10:30:00,7706.155,7706.438,7702.239,7704.990,80270500,1776418816.0000
2026-08-05 10:31:00,7705.653,7705.653,7693.548,7693.548,92883000,1993785344.0000
2026-08-05 10:32:00,7693.438,7694.964,7690.579,7692.848,103938700,2188050432.0000
2026-08-05 10:33:00,7691.580,7700.834,7691.580,7694.138,106029000,1763196928.0000
2026-08-05 10:34:00,7694.406,7704.843,7694.406,7702.682,82522600,1745567744.0000
2026-08-05 10:35:00,7700.712,7705.952,7700.712,7704.575,74520400,1646084096.0000
2026-08-05 10:36:00,7704.510,7712.303,7699.298,7712.303,63113700,1630175232.0000
2026-08-05 10:37:00,7713.076,7718.411,7711.702,7718.237,62599900,1636450304.0000
2026-08-05 10:38:00,7718.225,7722.395,7718.225,7720.662,66828500,1652637696.0000
2026-08-05 10:39:00,7721.162,7721.162,7716.066,7716.640,74496200,1712734208.0000
2026-08-05 10:40:00,7717.175,7718.514,7711.854,7718.210,56640600,1461977088.0000
2026-08-05 10:41:00,7717.315,7721.778,7717.315,7719.777,68593300,1661534208.0000
2026-08-05 10:42:00,7719.621,7728.421,7718.722,7725.162,68435900,1579106304.0000
2026-08-05 10:43:00,7726.498,7734.187,7726.498,7734.187,56112400,1514864640.0000
2026-08-05 10:44:00,7734.350,7734.618,7729.383,7733.136,51133000,1461878784.0000
2026-08-05 10:45:00,7733.272,7734.821,7729.360,7730.938,53856700,1489928192.0000
2026-08-05 10:46:00,7730.367,7736.751,7728.567,7736.751,63972300,1488896000.0000
2026-08-05 10:47:00,7737.579,7738.753,7734.147,7737.312,58012900,1633550336.0000
2026-08-05 10:48:00,7738.634,7740.551,7735.639,7736.846,66392000,1624440832.0000
2026-08-05 10:49:00,7737.324,7742.419,7737.324,7742.419,63079100,1635205120.0000
2026-08-05 10:50:00,7742.756,7747.676,7742.336,7747.676,62105200,1600716800.0000
2026-08-05 10:51:00,7747.267,7747.912,7742.749,7742.749,72634900,1918500864.0000
2026-08-05 10:52:00,7743.318,7745.882,7741.654,7742.366,54903600,1466236928.0000
2026-08-05 10:53:00,7742.298,7743.127,7738.519,7738.519,95403300,1471905792.0000
2026-08-05 10:54:00,7737.648,7738.251,7734.982,7735.066,59541300,1383727104.0000
2026-08-05 10:55:00,7736.008,7744.393,7735.579,7744.393,57154500,1488584704.0000
2026-08-05 10:56:00,7743.956,7747.033,7742.041,7743.313,54424200,1393000448.0000
2026-08-05 10:57:00,7743.024,7743.134,7735.415,7735.415,46688100,1128792064.0000
2026-08-05 10:58:00,7734.619,7740.271,7734.619,7739.873,46218500,1214414848.0000
2026-08-05 10:59:00,7742.388,7744.765,7740.676,7741.290,45434900,1155072000.0000
2026-08-05 11:00:00,7741.382,7742.181,7739.528,7741.810,41721400,1076789248.0000
2026-08-05 11:01:00,7741.612,7753.673,7741.612,7753.673,68004900,1614315520.0000
2026-08-05 11:02:00,7754.318,7756.059,7752.433,7754.557,63083500,1715634176.0000
2026-08-05 11:03:00,7754.093,7755.712,7749.807,7755.712,57655000,1559691264.0000
2026-08-05 11:04:00,7755.806,7758.746,7755.181,7757.863,51574900,1490878464.0000
2026-08-05 11:05:00,7754.587,7758.364,7754.377,7757.886,48456200,1389887488.0000
2026-08-05 11:06:00,7757.740,7757.740,7751.307,7751.607,54246100,1453850624.0000
2026-08-05 11:07:00,7751.320,7757.090,7750.200,7750.200,57813000,1405353984.0000
2026-08-05 11:08:00,7750.984,7762.975,7750.984,7762.975,49658300,1212776448.0000
2026-08-05 11:09:00,7763.132,7766.181,7762.504,7765.268,51981000,1234862080.0000
2026-08-05 11:10:00,7762.550,7767.139,7761.617,7766.174,52262100,1294860288.0000
2026-08-05 11:11:00,7766.815,7769.916,7766.815,7769.916,53784500,1324318720.0000
2026-08-05 11:12:00,7769.806,7777.867,7769.806,7777.672,58161500,1466400768.0000
2026-08-05 11:13:00,7777.864,7778.313,7773.790,7774.095,55596000,1478590464.0000
2026-08-05 11:14:00,7774.252,7779.222,7774.252,7778.600,48274800,1241415680.0000
2026-08-05 11:15:00,7778.078,7783.780,7778.078,7783.780,48114400,1320419328.0000
2026-08-05 11:16:00,7784.173,7787.232,7782.978,7787.232,51526000,1478819840.0000
2026-08-05 11:17:00,7787.869,7793.748,7787.869,7792.646,56534600,1722580992.0000
2026-08-05 11:18:00,7792.621,7798.535,7792.621,7795.899,54081800,1667825664.0000
2026-08-05 11:19:00,7796.553,7804.588,7796.553,7804.013,59599700,1661960192.0000
2026-08-05 11:20:00,7804.262,7804.838,7794.254,7794.677,61171300,1888321536.0000
2026-08-05 11:21:00,7793.909,7794.271,7788.644,7792.390,56812600,1660518400.0000
2026-08-05 11:22:00,7792.782,7797.551,7790.909,7795.800,56481400,1342668800.0000
2026-08-05 11:23:00,7794.957,7800.743,7794.937,7799.543,52293200,1371308032.0000
2026-08-05 11:24:00,7797.612,7807.813,7796.286,7807.460,53049700,1417412608.0000
2026-08-05 11:25:00,7807.592,7810.321,7805.908,7809.944,54192000,1469153280.0000
2026-08-05 11:26:00,7808.954,7810.680,7805.790,7809.586,63483300,1553989632.0000
2026-08-05 11:27:00,7810.339,7810.339,7800.748,7805.801,53259200,1454604288.0000
2026-08-05 11:28:00,7805.223,7806.655,7803.512,7806.307,49491100,1135837184.0000
2026-08-05 11:29:00,7808.793,7809.707,7805.876,7805.893,67189100,1409417216.0000
2026-08-05 11:30:00,7806.070,7807.795,7803.230,7803.510,60244500,1375666176.0000
2026-08-05 13:01:00,7807.037,7809.712,7804.493,7804.493,217572200,5477138432.0000
2026-08-05 13:02:00,7804.008,7807.147,7801.104,7804.675,91098100,2442690560.0000
2026-08-05 13:03:00,7803.521,7803.521,7794.549,7797.416,87754400,2074214400.0000
2026-08-05 13:04:00,7797.706,7803.148,7796.799,7799.884,61309600,1589772288.0000
2026-08-05 13:05:00,7800.384,7803.500,7799.442,7801.078,61346900,1697939456.0000
2026-08-05 13:06:00,7800.910,7803.284,7787.964,7787.964,88085400,1986854912.0000
2026-08-05 13:07:00,7786.892,7786.892,7779.943,7781.253,83925300,1878949888.0000
2026-08-05 13:08:00,7784.937,7796.456,7784.937,7789.268,73119300,1987903488.0000
2026-08-05 13:09:00,7788.341,7791.589,7786.948,7789.794,57905500,1433501696.0000
2026-08-05 13:10:00,7789.621,7795.605,7789.481,7795.290,56132500,1399521280.0000
2026-08-05 13:11:00,7790.063,7796.144,7786.709,7796.144,59901500,1657569280.0000
2026-08-05 13:12:00,7796.452,7810.670,7796.452,7810.670,74215100,1842577408.0000
2026-08-05 13:13:00,7811.359,7818.191,7811.347,7817.496,69158200,1942323200.0000
2026-08-05 13:14:00,7818.219,7821.081,7818.131,7818.286,70176800,1933541376.0000
2026-08-05 13:15:00,7816.206,7817.231,7811.812,7814.252,68703700,1689780224.0000
2026-08-05 13:16:00,7813.240,7813.240,7807.448,7810.737,67798300,1572306944.0000
2026-08-05 13:17:00,7812.137,7824.498,7812.137,7824.498,70257600,1461911552.0000
2026-08-05 13:18:00,7824.783,7828.640,7824.783,7827.868,73997400,1771012096.0000
2026-08-05 13:19:00,7828.392,7831.284,7826.592,7831.284,57883200,1866235904.0000
2026-08-05 13:20:00,7830.714,7830.714,7822.768,7827.436,58887900,1660092416.0000
2026-08-05 13:21:00,7827.740,7832.414,7825.525,7832.414,57466100,1515585536.0000
2026-08-05 13:22:00,7832.093,7836.650,7832.093,7834.491,56176700,1589149696.0000
2026-08-05 13:23:00,7835.099,7837.199,7832.642,7837.067,61599700,1564508160.0000
2026-08-05 13:24:00,7836.961,7838.037,7831.071,7834.146,61004000,1682931712.0000
2026-08-05 13:25:00,7834.340,7836.693,7833.835,7836.693,52210400,1324023808.0000
2026-08-05 13:26:00,7836.131,7840.052,7833.698,7840.052,57666000,1578336256.0000
2026-08-05 13:27:00,7839.999,7842.714,7839.102,7840.104,65606900,1709867008.0000
2026-08-05 13:28:00,7838.978,7839.403,7832.143,7832.762,73729800,1841266688.0000
2026-08-05 13:29:00,7833.278,7834.354,7825.319,7825.319,90471600,1843331072.0000
2026-08-05 13:30:00,7825.834,7826.216,7824.527,7825.132,79652700,1669169152.0000
2026-08-05 13:31:00,7824.538,7829.659,7824.538,7825.309,79787300,1838874624.0000
2026-08-05 13:32:00,7825.304,7835.910,7825.304,7835.352,63832300,1470595072.0000
2026-08-05 13:33:00,7834.770,7836.941,7830.660,7836.929,54134000,1372946432.0000
2026-08-05 13:34:00,7836.627,7836.958,7834.304,7836.872,51701800,1303216128.0000
2026-08-05 13:35:00,7837.106,7837.106,7833.336,7835.000,70932900,1654849536.0000
2026-08-05 13:36:00,7834.627,7834.627,7825.983,7827.262,68216800,1733787648.0000
2026-08-05 13:37:00,7826.459,7828.403,7823.527,7828.049,63761800,1599733760.0000
2026-08-05 13:38:00,7828.387,7828.387,7815.594,7815.594,73280300,1712226304.0000
2026-08-05 13:39:00,7818.440,7819.592,7809.508,7809.508,98884900,1961426944.0000
2026-08-05 13:40:00,7809.217,7818.350,7809.217,7818.350,79292900,1876295680.0000
2026-08-05 13:41:00,7819.346,7826.503,7817.495,7817.495,73129900,1611628544.0000
2026-08-05 13:42:00,7816.872,7816.872,7810.586,7810.586,52302700,1389592576.0000
2026-08-05 13:43:00,7810.886,7815.382,7809.984,7815.382,52075500,1358528512.0000
2026-08-05 13:44:00,7815.827,7825.968,7815.672,7825.968,58622700,1410400256.0000
2026-08-05 13:45:00,7826.476,7829.430,7824.677,7829.233,55447900,1377370112.0000
2026-08-05 13:46:00,7829.676,7836.103,7829.676,7836.101,66566700,1755545600.0000
2026-08-05 13:47:00,7836.199,7840.523,7836.199,7837.945,58185200,1604419584.0000
2026-08-05 13:48:00,7838.112,7839.484,7834.142,7834.142,58030000,1365835776.0000
2026-08-05 13:49:00,7832.947,7835.154,7832.947,7833.366,44791700,1105166336.0000
2026-08-05 13:50:00,7832.915,7832.915,7830.983,7832.823,44764000,1028227072.0000
2026-08-05 13:51:00,7833.463,7839.653,7833.404,7839.653,47995500,1119584256.0000
2026-08-05 13:52:00,7840.443,7845.392,7840.443,7844.360,50353700,1230995456.0000
2026-08-05 13:53:00,7844.410,7844.410,7838.037,7838.037,45597400,1144291328.0000
2026-08-05 13:54:00,7837.476,7838.549,7835.019,7837.347,43053100,1096351744.0000
2026-08-05 13:55:00,7836.683,7837.973,7834.248,7837.973,46477600,1074298880.0000
2026-08-05 13:56:00,7838.639,7838.639,7832.043,7832.043,47373900,1191641088.0000
2026-08-05 13:57:00,7831.601,7832.155,7825.606,7825.725,44945200,1191018496.0000
2026-08-05 13:58:00,7825.806,7828.515,7825.367,7828.513,46816900,1149665280.0000
2026-08-05 13:59:00,7828.851,7834.904,7828.851,7834.904,46771800,1006239744.0000
2026-08-05 14:00:00,7834.236,7835.294,7830.640,7831.168,47342600,993755136.0000
2026-08-05 14:01:00,7830.939,7830.939,7824.460,7828.588,79790800,1646952448.0000
2026-08-05 14:02:00,7829.015,7829.015,7819.285,7819.645,67740400,1356857344.0000
2026-08-05 14:03:00,7819.360,7822.138,7810.661,7810.661,83676300,1727823872.0000
2026-08-05 14:04:00,7810.356,7814.444,7806.734,7808.171,79504500,1740406784.0000
2026-08-05 14:05:00,7810.439,7812.413,7808.705,7811.452,61322400,1421475840.0000
2026-08-05 14:06:00,7811.575,7811.575,7799.261,7799.261,75129800,1678344192.0000
2026-08-05 14:07:00,7799.342,7800.717,7795.792,7795.792,113174200,1987575808.0000
2026-08-05 14:08:00,7794.867,7795.046,7791.727,7792.376,86187200,1912045568.0000
2026-08-05 14:09:00,7791.471,7791.816,7787.401,7787.599,68954700,1695481856.0000
2026-08-05 14:10:00,7787.921,7801.894,7787.921,7801.894,76826100,1788051456.0000
2026-08-05 14:11:00,7801.611,7803.996,7799.346,7799.353,51785900,1270841344.0000
2026-08-05 14:12:00,7798.605,7798.875,7794.048,7794.216,50569800,1132167168.0000
2026-08-05 14:13:00,7794.158,7794.158,7791.104,7791.649,49599400,1145700352.0000
2026-08-05 14:14:00,7791.736,7791.736,7787.758,7787.940,46699500,1227161600.0000
2026-08-05 14:15:00,7787.741,7787.741,7781.041,7781.970,55075500,1401782272.0000
2026-08-05 14:16:00,7784.949,7787.155,7783.359,7786.427,61513200,1618214912.0000
2026-08-05 14:17:00,7786.535,7786.535,7777.470,7777.671,68889700,1407418368.0000
2026-08-05 14:18:00,7777.098,7778.046,7772.198,7777.262,87423200,1989836800.0000
2026-08-05 14:19:00,7775.982,7775.982,7765.927,7768.003,73063800,1848737792.0000
2026-08-05 14:20:00,7767.912,7767.912,7761.676,7763.776,84573900,2176548864.0000
2026-08-05 14:21:00,7764.838,7775.451,7764.313,7774.284,78505600,1969717248.0000
2026-08-05 14:22:00,7774.389,7774.415,7771.726,7772.726,48391300,1203044352.0000
2026-08-05 14:23:00,7772.535,7772.682,7762.386,7762.386,56104500,1356300288.0000
2026-08-05 14:24:00,7762.260,7765.212,7761.002,7764.741,58464300,1394376704.0000
2026-08-05 14:25:00,7765.161,7775.213,7765.161,7775.213,57709000,1354792960.0000
2026-08-05 14:26:00,7775.571,7783.137,7775.571,7783.137,67046300,1365901312.0000
2026-08-05 14:27:00,7784.107,7784.861,7782.582,7784.689,57362300,1316683776.0000
2026-08-05 14:28:00,7784.887,7787.590,7784.564,7785.070,50803700,1127448576.0000
2026-08-05 14:29:00,7784.036,7787.014,7782.847,7787.014,48527700,1028325376.0000
2026-08-05 14:30:00,7786.966,7789.712,7786.600,7789.712,48445500,935428096.0000
2026-08-05 14:31:00,7789.829,7792.225,7787.988,7788.450,70767900,1373306880.0000
2026-08-05 14:32:00,7787.281,7789.835,7784.412,7789.643,64658400,1363312640.0000
2026-08-05 14:33:00,7789.840,7789.840,7786.418,7787.972,56632700,1140654080.0000
2026-08-05 14:34:00,7787.865,7794.505,7787.499,7794.505,65197700,1278705664.0000
2026-08-05 14:35:00,7794.161,7794.511,7792.156,7793.766,58259900,1180303360.0000
2026-08-05 14:36:00,7793.438,7795.820,7793.378,7793.473,61671100,1299546112.0000
2026-08-05 14:37:00,7793.568,7796.826,7793.246,7796.698,60790700,1204486144.0000
2026-08-05 14:38:00,7797.000,7797.225,7793.203,7794.027,72543900,1437270016.0000
2026-08-05 14:39:00,7793.600,7793.600,7787.987,7788.216,76008500,1520500736.0000
2026-08-05 14:40:00,7787.962,7790.288,7787.879,7788.338,68118600,1633878016.0000
2026-08-05 14:41:00,7787.876,7787.876,7785.274,7786.001,71724700,1494482944.0000
2026-08-05 14:42:00,7786.232,7788.960,7786.232,7787.949,58362600,1490649088.0000
2026-08-05 14:43:00,7787.743,7792.820,7787.743,7792.608,71862000,1564901376.0000
2026-08-05 14:44:00,7792.689,7793.133,7789.940,7789.940,62529000,1380417536.0000
2026-08-05 14:45:00,7790.637,7793.327,7790.637,7792.610,79861400,1497006080.0000
2026-08-05 14:46:00,7792.505,7797.159,7792.505,7797.159,85716100,1670840320.0000
2026-08-05 14:47:00,7797.473,7800.212,7797.182,7800.212,73626100,1576337408.0000
2026-08-05 14:48:00,7798.840,7800.085,7797.314,7799.763,75418300,1599668224.0000
2026-08-05 14:49:00,7800.312,7801.631,7800.013,7800.898,77838800,1578041344.0000
2026-08-05 14:50:00,7800.711,7802.115,7800.679,7802.115,78204800,1686700032.0000
2026-08-05 14:51:00,7802.050,7802.132,7799.024,7802.132,106555300,2171764736.0000
2026-08-05 14:52:00,7801.611,7804.330,7801.611,7804.258,94088800,2020802560.0000
2026-08-05 14:53:00,7804.345,7804.834,7803.086,7804.580,100847500,2039709696.0000
2026-08-05 14:54:00,7804.655,7806.014,7804.396,7805.274,110953200,2282356736.0000
2026-08-05 14:55:00,7804.906,7805.566,7803.443,7805.566,125911500,2552168448.0000
2026-08-05 14:56:00,7805.197,7808.343,7804.689,7808.343,146061200,2872213504.0000
2026-08-05 14:57:00,7808.637,7809.651,7807.515,7809.651,180568800,3432972288.0000
2026-08-05 14:58:00,7808.719,7809.528,7808.719,7809.528,10873500,212041728.0000
2026-08-05 15:00:00,7809.708,7809.708,7809.173,7809.207,273597800,5153718272.0000
2026-08-06 09:31:00,7737.592,7742.437,7736.846,7739.887,692105900,18176854016.0000
2026-08-06 09:32:00,7740.446,7752.917,7740.446,7748.121,399909500,10261250048.0000
2026-08-06 09:33:00,7748.653,7753.524,7743.282,7753.524,329952500,8081041408.0000
2026-08-06 09:34:00,7753.374,7753.374,7732.733,7732.733,273428800,7073492992.0000
2026-08-06 09:35:00,7729.781,7733.206,7722.570,7731.331,242512900,6592126976.0000
2026-08-06 09:36:00,7731.126,7742.752,7731.126,7738.266,242289100,5839060992.0000
2026-08-06 09:37:00,7740.192,7765.460,7740.112,7764.914,254766700,5594243072.0000
2026-08-06 09:38:00,7762.623,7771.801,7761.867,7765.827,286172300,6276755456.0000
2026-08-06 09:39:00,7765.943,7768.053,7757.555,7757.555,243518700,5559873536.0000
2026-08-06 09:40:00,7757.983,7772.864,7757.983,7772.459,212727500,4983414784.0000
2026-08-06 09:41:00,7772.912,7774.531,7761.473,7764.145,265725200,4953169920.0000
2026-08-06 09:42:00,7763.538,7776.770,7760.880,7776.339,179641800,4210032640.0000
2026-08-06 09:43:00,7776.899,7787.284,7773.864,7785.998,193025500,4453998592.0000
2026-08-06 09:44:00,7786.715,7790.047,7781.184,7787.674,246321700,4570947584.0000
2026-08-06 09:45:00,7787.348,7790.331,7783.163,7787.742,166218300,4135649280.0000
2026-08-06 09:46:00,7787.837,7796.640,7785.915,7796.640,153997200,3721633792.0000
2026-08-06 09:47:00,7796.949,7796.949,7784.184,7784.184,195758500,4321787904.0000
2026-08-06 09:48:00,7783.992,7792.934,7783.992,7791.383,158173300,3560120320.0000
2026-08-06 09:49:00,7791.990,7795.621,7791.990,7794.646,171051400,3885301760.0000
2026-08-06 09:50:00,7795.066,7797.169,7790.519,7791.225,147272600,3682238464.0000
2026-08-06 09:51:00,7791.092,7793.369,7786.069,7791.630,214526900,3994173440.0000
2026-08-06 09:52:00,7792.674,7792.674,7786.343,7792.032,176689900,3761242112.0000
2026-08-06 09:53:00,7791.792,7792.481,7787.936,7787.936,139146500,3210780672.0000
2026-08-06 09:54:00,7787.208,7787.363,7769.987,7773.038,241390400,4579983360.0000
2026-08-06 09:55:00,7773.330,7780.247,7770.082,7780.247,157186500,3608305664.0000
2026-08-06 09:56:00,7778.659,7797.265,7778.147,7796.936,150251200,3630776320.0000
2026-08-06 09:57:00,7797.835,7811.621,7797.835,7811.621,131776200,3453779968.0000
2026-08-06 09:58:00,7811.575,7811.776,7804.487,7804.487,144959900,3693051904.0000
2026-08-06 09:59:00,7805.674,7808.771,7803.742,7808.771,129108300,2895822848.0000
2026-08-06 10:00:00,7810.185,7819.773,7809.884,7819.773,140173900,3382444032.0000
2026-08-06 10:01:00,7819.017,7819.740,7815.000,7815.620,138329200,3474358272.0000
2026-08-06 10:02:00,7815.591,7815.591,7809.372,7810.270,108274000,2734456832.0000
2026-08-06 10:03:00,7811.018,7816.131,7810.751,7814.386,121537400,2776760320.0000
2026-08-06 10:04:00,7814.197,7817.215,7810.142,7810.142,129115100,2779807744.0000
2026-08-06 10:05:00,7810.802,7811.908,7802.018,7803.836,113203200,2794962944.0000
2026-08-06 10:06:00,7803.122,7807.479,7801.043,7807.479,83041300,2248458240.0000
2026-08-06 10:07:00,7807.737,7807.737,7801.301,7801.392,115273400,2574778368.0000
2026-08-06 10:08:00,7801.040,7814.650,7800.699,7813.133,93129500,2254962688.0000
2026-08-06 10:09:00,7812.901,7816.753,7811.904,7816.753,87023300,2032599040.0000
2026-08-06 10:10:00,7817.124,7827.821,7817.124,7827.821,113937100,2407399424.0000
2026-08-06 10:11:00,7827.973,7828.994,7823.435,7826.277,97351400,2418196480.0000
2026-08-06 10:12:00,7826.111,7826.111,7816.548,7818.467,88675700,2220834816.0000
2026-08-06 10:13:00,7817.801,7822.830,7817.604,7822.557,71306300,1815101440.0000
2026-08-06 10:14:00,7822.471,7832.099,7820.813,7832.099,79403700,2063220736.0000
2026-08-06 10:15:00,7832.590,7834.611,7831.522,7831.675,94783900,2319073280.0000
2026-08-06 10:16:00,7832.340,7833.255,7823.409,7823.449,144646700,2614165504.0000
2026-08-06 10:17:00,7824.313,7826.789,7820.736,7826.715,113713000,2417803264.0000
2026-08-06 10:18:00,7826.948,7832.191,7826.948,7830.282,82155500,2116026368.0000
2026-08-06 10:19:00,7831.028,7836.584,7828.711,7836.584,74717200,1899823104.0000
2026-08-06 10:20:00,7836.700,7839.890,7832.592,7835.341,85870000,2156134400.0000
2026-08-06 10:21:00,7835.527,7837.312,7830.394,7830.991,85770600,2189983744.0000
2026-08-06 10:22:00,7832.019,7844.394,7832.019,7844.394,74041600,2184003584.0000
2026-08-06 10:23:00,7845.181,7846.568,7842.760,7842.803,92501100,2665185280.0000
2026-08-06 10:24:00,7842.966,7844.958,7838.900,7843.013,107770800,2651013120.0000
2026-08-06 10:25:00,7843.484,7845.078,7841.060,7842.677,80004000,2139881472.0000
2026-08-06 10:26:00,7843.320,7850.084,7842.948,7849.357,76406100,2133016576.0000
2026-08-06 10:27:00,7849.411,7855.018,7849.205,7850.702,81750800,2520662016.0000
2026-08-06 10:28:00,7852.525,7857.717,7852.450,7857.717,100997500,2321301504.0000
2026-08-06 10:29:00,7858.486,7863.461,7858.486,7858.606,89081900,2566553600.0000
2026-08-06 10:30:00,7858.482,7859.395,7856.386,7858.095,99131100,2189017088.0000
2026-08-06 10:31:00,7858.274,7862.768,7853.237,7860.081,99477800,2592948224.0000
2026-08-06 10:32:00,7860.928,7862.953,7858.854,7860.787,73768500,1944076288.0000
2026-08-06 10:33:00,7861.990,7863.595,7855.799,7856.771,74040400,2006597632.0000
2026-08-06 10:34:00,7856.554,7856.733,7853.047,7853.330,73313500,2120384512.0000
2026-08-06 10:35:00,7853.519,7854.104,7845.698,7847.741,93557100,2342731776.0000
2026-08-06 10:36:00,7848.869,7849.173,7839.539,7841.194,91293000,2479669248.0000
2026-08-06 10:37:00,7840.298,7840.298,7835.117,7835.517,85468900,2291023872.0000
2026-08-06 10:38:00,7835.730,7851.836,7835.269,7851.836,93542700,2303229952.0000
2026-08-06 10:39:00,7851.113,7851.113,7844.418,7844.418,86553300,1777451008.0000
2026-08-06 10:40:00,7843.692,7843.692,7828.317,7829.495,99993700,2273099776.0000
2026-08-06 10:41:00,7829.369,7837.583,7828.209,7837.583,108241900,2279292928.0000
2026-08-06 10:42:00,7837.723,7848.118,7837.723,7848.118,82493000,1995931648.0000
2026-08-06 10:43:00,7849.148,7857.386,7849.148,7857.386,78805800,2166702080.0000
2026-08-06 10:44:00,7857.868,7861.776,7857.868,7861.421,85394000,2314878976.0000
2026-08-06 10:45:00,7861.011,7865.588,7861.011,7865.588,67942100,1907015680.0000
2026-08-06 10:46:00,7866.373,7866.645,7861.045,7861.070,72080700,2028683264.0000
2026-08-06 10:47:00,7860.289,7860.289,7850.419,7853.036,92922900,2022817792.0000
2026-08-06 10:48:00,7851.463,7859.832,7849.459,7859.691,71584800,1820278784.0000
2026-08-06 10:49:00,7859.725,7865.930,7859.428,7863.539,127266900,2639904768.0000
2026-08-06 10:50:00,7864.210,7864.592,7859.352,7860.319,116896800,2511896576.0000
2026-08-06 10:51:00,7860.546,7867.036,7860.546,7866.619,107653900,2335277056.0000
2026-08-06 10:52:00,7866.576,7867.637,7860.576,7867.249,82077100,2158198784.0000
2026-08-06 10:53:00,7867.420,7868.855,7861.724,7863.106,85409300,2006351872.0000
2026-08-06 10:54:00,7863.320,7864.555,7860.805,7864.180,68066200,1599537152.0000
2026-08-06 10:55:00,7863.409,7866.703,7862.864,7866.703,69159000,1717534720.0000
2026-08-06 10:56:00,7866.042,7866.042,7856.137,7857.612,78370000,2057568256.0000
2026-08-06 10:57:00,7856.213,7863.936,7855.686,7861.936,71107700,1766490112.0000
2026-08-06 10:58:00,7862.033,7862.312,7850.958,7850.958,57977500,1578237952.0000
2026-08-06 10:59:00,7850.725,7856.535,7850.725,7856.535,59942700,1514110976.0000
2026-08-06 11:00:00,7858.204,7858.204,7847.341,7847.341,56226200,1471512576.0000
2026-08-06 11:01:00,7846.600,7846.600,7830.477,7831.851,102158100,2225668096.0000
2026-08-06 11:02:00,7833.258,7835.267,7827.852,7833.684,161952600,2443771904.0000
2026-08-06 11:03:00,7829.877,7834.114,7827.882,7829.098,69356200,1779466240.0000
2026-08-06 11:04:00,7829.443,7843.805,7829.443,7839.986,58352900,1643380736.0000
2026-08-06 11:05:00,7840.103,7840.103,7832.160,7832.160,52670900,1406173184.0000
2026-08-06 11:06:00,7832.490,7837.926,7832.490,7837.039,56251300,1422753792.0000
2026-08-06 11:07:00,7836.734,7836.734,7820.637,7820.637,67880800,1705639936.0000
2026-08-06 11:08:00,7820.729,7820.729,7808.836,7809.895,86537900,2353725440.0000
2026-08-06 11:09:00,7809.868,7812.958,7807.516,7812.204,93807700,2343862272.0000
2026-08-06 11:10:00,7811.441,7817.694,7808.548,7811.024,125410900,2187919360.0000
2026-08-06 11:11:00,7811.096,7820.927,7811.096,7816.739,54190300,1643839488.0000
2026-08-06 11:12:00,7816.747,7824.215,7816.630,7824.215,45807500,1233944576.0000
2026-08-06 11:13:00,7823.789,7826.065,7817.383,7817.436,45682500,1255702528.0000
2026-08-06 11:14:00,7817.968,7817.968,7811.464,7816.667,44523400,1294336000.0000
2026-08-06 11:15:00,7816.438,7816.897,7800.825,7800.825,57778200,1515520000.0000
2026-08-06 11:16:00,7800.623,7804.393,7800.016,7802.534,65582800,1854144512.0000
2026-08-06 11:17:00,7802.825,7805.309,7793.952,7793.952,88062600,1699905536.0000
2026-08-06 11:18:00,7793.441,7793.441,7781.800,7781.800,108117400,2634219520.0000
2026-08-06 11:19:00,7780.578,7789.026,7780.524,7788.423,100203300,2428108800.0000
2026-08-06 11:20:00,7787.890,7787.890,7777.836,7777.836,84515300,1547534336.0000
2026-08-06 11:21:00,7777.918,7782.356,7777.710,7780.504,71934800,1776975872.0000
2026-08-06 11:22:00,7780.474,7790.121,7780.474,7789.737,63778400,1517912064.0000
2026-08-06 11:23:00,7788.821,7789.825,7783.338,7789.682,58257000,1311211520.0000
2026-08-06 11:24:00,7790.255,7790.255,7776.571,7776.571,55397400,1379598336.0000
2026-08-06 11:25:00,7776.439,7776.439,7768.546,7768.788,96624200,1970208768.0000
2026-08-06 11:26:00,7768.881,7770.621,7764.001,7764.001,72110700,1865744384.0000
2026-08-06 11:27:00,7763.875,7765.140,7760.264,7760.264,67179300,1682440192.0000
2026-08-06 11:28:00,7759.774,7768.824,7758.747,7767.811,88152400,1946583040.0000
2026-08-06 11:29:00,7767.694,7778.218,7766.462,7778.218,73829400,1349681152.0000
2026-08-06 11:30:00,7778.689,7787.993,7777.548,7787.993,48299400,1154318336.0000
2026-08-06 13:01:00,7789.218,7796.424,7781.893,7796.424,152344700,3331227648.0000
2026-08-06 13:02:00,7796.364,7798.456,7793.493,7798.456,51896100,1369112576.0000
2026-08-06 13:03:00,7800.213,7808.168,7800.213,7805.386,48223100,1532428288.0000
2026-08-06 13:04:00,7806.170,7810.528,7803.369,7803.412,46318400,1318518784.0000
2026-08-06 13:05:00,7802.844,7802.844,7795.733,7796.429,47872800,1217593344.0000
2026-08-06 13:06:00,7797.233,7801.958,7796.210,7801.391,38124300,1108901888.0000
2026-08-06 13:07:00,7801.793,7818.140,7801.793,7817.846,51442900,1490255872.0000
2026-08-06 13:08:00,7817.995,7818.395,7806.809,7806.809,49744900,1351647232.0000
2026-08-06 13:09:00,7806.535,7806.535,7798.776,7800.074,44794600,1091534848.0000
2026-08-06 13:10:00,7799.759,7799.759,7793.211,7795.910,46703900,1150582784.0000
2026-08-06 13:11:00,7795.434,7795.463,7783.731,7783.886,61283300,1342078976.0000
2026-08-06 13:12:00,7783.376,7784.173,7773.404,7773.404,75295700,1591050240.0000
2026-08-06 13:13:00,7772.969,7778.101,7772.527,7773.918,75328200,1502478336.0000
2026-08-06 13:14:00,7773.571,7777.095,7773.571,7776.759,50262300,1171226624.0000
2026-08-06 13:15:00,7777.198,7785.433,7774.702,7784.124,52179000,1150320640.0000
2026-08-06 13:16:00,7783.355,7791.712,7783.355,7791.712,41837300,975241216.0000
2026-08-06 13:17:00,7791.314,7797.047,7790.701,7792.667,43507600,1152876544.0000
2026-08-06 13:18:00,7793.074,7794.706,7782.990,7782.990,42761400,1039040512.0000
2026-08-06 13:19:00,7782.579,7783.071,7778.683,7778.683,51354200,1076723712.0000
2026-08-06 13:20:00,7778.416,7778.647,7771.356,7771.437,71976600,1316356096.0000
2026-08-06 13:21:00,7771.619,7782.767,7771.619,7782.229,66767900,1296465920.0000
2026-08-06 13:22:00,7781.669,7781.669,7776.349,7780.379,42608500,977043456.0000
2026-08-06 13:23:00,7780.563,7780.753,7775.337,7777.390,43678200,974487552.0000
2026-08-06 13:24:00,7777.008,7781.241,7775.401,7777.068,42188300,885719040.0000
2026-08-06 13:25:00,7776.839,7776.839,7770.315,7771.791,43501800,989003776.0000
2026-08-06 13:26:00,7771.643,7773.390,7769.837,7769.837,56904700,1033109504.0000
2026-08-06 13:27:00,7769.579,7771.666,7769.335,7769.976,47923100,941064192.0000
2026-08-06 13:28:00,7770.595,7771.384,7765.100,7765.100,47517600,1030160384.0000
2026-08-06 13:29:00,7764.761,7764.761,7757.391,7758.169,69483200,1431666688.0000
2026-08-06 13:30:00,7757.819,7760.438,7756.174,7756.174,61428800,1290108928.0000
2026-08-06 13:31:00,7756.582,7765.756,7756.582,7765.305,66785300,1326088192.0000
2026-08-06 13:32:00,7765.016,7775.637,7764.213,7774.977,55847000,1102151680.0000
2026-08-06 13:33:00,7774.943,7775.008,7763.724,7764.265,51848300,1133477888.0000
2026-08-06 13:34:00,7764.301,7764.301,7757.112,7759.920,58372800,1175683072.0000
2026-08-06 13:35:00,7759.489,7765.223,7758.545,7764.315,48951200,997195776.0000
2026-08-06 13:36:00,7764.104,7766.700,7760.020,7760.155,47935100,1106214912.0000
2026-08-06 13:37:00,7759.897,7761.555,7756.624,7756.624,50850600,1229127680.0000
2026-08-06 13:38:00,7756.346,7756.346,7749.351,7750.441,52000500,1308819456.0000
2026-08-06 13:39:00,7750.125,7756.470,7750.125,7751.007,56924200,1361870848.0000
2026-08-06 13:40:00,7751.141,7751.911,7748.128,7748.128,38723500,985235456.0000
2026-08-06 13:41:00,7747.869,7748.020,7741.011,7741.011,60865000,1429307392.0000
2026-08-06 13:42:00,7742.030,7745.265,7742.030,7743.068,62271000,1566834688.0000
2026-08-06 13:43:00,7743.277,7752.410,7743.201,7752.410,54299200,1169784832.0000
2026-08-06 13:44:00,7752.842,7757.176,7750.885,7757.166,46722500,1018920960.0000
2026-08-06 13:45:00,7757.478,7769.418,7757.478,7769.418,57826000,1078820864.0000
2026-08-06 13:46:00,7770.383,7775.187,7770.266,7775.187,53073700,1098481664.0000
2026-08-06 13:47:00,7776.211,7785.440,7776.211,7785.440,50681500,1071513600.0000
2026-08-06 13:48:00,7783.693,7783.693,7769.692,7769.762,93186300,1351516160.0000
2026-08-06 13:49:00,7769.608,7770.090,7763.951,7767.259,44989700,935362560.0000
2026-08-06 13:50:00,7767.528,7771.700,7767.402,7768.924,38825200,823590912.0000
2026-08-06 13:51:00,7768.404,7781.123,7768.173,7781.123,59296600,913506304.0000
2026-08-06 13:52:00,7782.174,7782.301,7779.565,7780.169,71981500,948666368.0000
2026-08-06 13:53:00,7780.484,7781.757,7776.798,7781.757,56776000,969506816.0000
2026-08-06 13:54:00,7782.066,7788.277,7782.066,7788.277,72527100,918159360.0000
2026-08-06 13:55:00,7788.243,7789.650,7785.036,7785.036,49164100,921534464.0000
2026-08-06 13:56:00,7785.633,7785.906,7779.942,7782.056,48203600,878936064.0000
2026-08-06 13:57:00,7781.946,7781.946,7773.063,7773.063,97907600,1063747584.0000
2026-08-06 13:58:00,7772.877,7775.812,7772.877,7775.344,40252300,738426880.0000
2026-08-06 13:59:00,7775.482,7782.870,7775.482,7782.870,45180800,747044864.0000
2026-08-06 14:00:00,7783.010,7787.124,7783.010,7787.124,138282800,905740288.0000
2026-08-06 14:01:00,7787.454,7794.964,7787.454,7790.966,99296400,1179680768.0000
2026-08-06 14:02:00,7790.861,7790.861,7779.422,7779.422,69065300,1063157760.0000
2026-08-06 14:03:00,7779.644,7779.644,7771.219,7776.058,54114000,1097826304.0000
2026-08-06 14:04:00,7775.240,7775.240,7770.625,7770.625,38580100,839483392.0000
2026-08-06 14:05:00,7770.324,7770.324,7764.297,7764.297,48353800,1088651264.0000
2026-08-06 14:06:00,7764.556,7771.278,7764.556,7767.640,55461100,1035173888.0000
2026-08-06 14:07:00,7767.517,7769.203,7764.144,7768.978,44705200,926515200.0000
2026-08-06 14:08:00,7768.223,7768.345,7766.411,7767.917,56948100,892239872.0000
2026-08-06 14:09:00,7767.910,7767.910,7763.680,7763.680,55084900,1105231872.0000
2026-08-06 14:10:00,7762.884,7762.884,7755.748,7756.460,55085400,1364787200.0000
2026-08-06 14:11:00,7756.677,7759.550,7756.677,7757.351,48977700,1225490432.0000
2026-08-06 14:12:00,7757.436,7760.734,7756.517,7760.518,50256700,1049165824.0000
2026-08-06 14:13:00,7760.926,7771.450,7760.926,7771.042,61887200,1192525824.0000
2026-08-06 14:14:00,7771.764,7773.039,7769.670,7770.101,40488100,846495744.0000
2026-08-06 14:15:00,7770.024,7776.202,7770.024,7776.191,54251800,887357440.0000
2026-08-06 14:16:00,7776.345,7776.915,7770.902,7770.902,43353300,956104704.0000
2026-08-06 14:17:00,7771.089,7771.510,7766.023,7766.023,51631100,948600832.0000
2026-08-06 14:18:00,7766.913,7767.570,7764.569,7764.875,37952400,823492608.0000
2026-08-06 14:19:00,7766.212,7771.170,7766.212,7771.170,36357100,850657280.0000
2026-08-06 14:20:00,7772.288,7775.524,7772.288,7775.375,39741900,800227328.0000
2026-08-06 14:21:00,7775.314,7782.323,7775.314,7782.249,49424700,954597376.0000
2026-08-06 14:22:00,7782.316,7791.066,7782.316,7790.683,46807300,970620928.0000
2026-08-06 14:23:00,7790.877,7790.877,7786.754,7790.009,46067700,1088389120.0000
2026-08-06 14:24:00,7790.231,7796.440,7790.186,7796.440,35809000,874840064.0000
2026-08-06 14:25:00,7796.340,7799.800,7796.156,7798.442,43951300,968392704.0000
2026-08-06 14:26:00,7797.781,7797.955,7793.809,7794.540,40852700,978092032.0000
2026-08-06 14:27:00,7794.215,7798.120,7792.534,7798.120,46594300,983564288.0000
2026-08-06 14:28:00,7797.818,7801.949,7797.818,7801.949,37927100,930807808.0000
2026-08-06 14:29:00,7801.902,7802.045,7796.766,7796.766,47145200,993067008.0000
2026-08-06 14:30:00,7797.687,7806.952,7797.308,7806.952,46399400,1115226112.0000
2026-08-06 14:31:00,7807.897,7815.348,7807.897,7815.348,59232600,1477050368.0000
2026-08-06 14:32:00,7814.640,7814.640,7805.098,7808.486,64723700,1465122816.0000
2026-08-06 14:33:00,7808.556,7811.854,7806.688,7811.854,55408400,1106935808.0000
2026-08-06 14:34:00,7811.584,7817.452,7807.520,7817.413,50765500,1247969280.0000
2026-08-06 14:35:00,7818.760,7822.414,7818.717,7822.286,48090700,1300955136.0000
2026-08-06 14:36:00,7822.681,7829.914,7822.681,7825.305,81110500,1840775168.0000
2026-08-06 14:37:00,7826.034,7826.034,7819.408,7820.988,68065600,1541963776.0000
2026-08-06 14:38:00,7821.237,7821.237,7815.819,7816.101,49968600,1283620864.0000
2026-08-06 14:39:00,7815.004,7817.242,7812.771,7812.771,48610700,1343782912.0000
2026-08-06 14:40:00,7811.318,7811.318,7804.307,7804.307,55066100,1280147456.0000
2026-08-06 14:41:00,7804.216,7807.834,7803.674,7807.051,64374100,1419182080.0000
2026-08-06 14:42:00,7807.482,7813.870,7807.482,7811.337,56888400,1401552896.0000
2026-08-06 14:43:00,7810.335,7810.811,7800.370,7801.243,72438400,1535508480.0000
2026-08-06 14:44:00,7801.891,7806.059,7801.634,7806.059,50054400,1197015040.0000
2026-08-06 14:45:00,7806.089,7809.592,7805.764,7808.063,54718900,1259929600.0000
2026-08-06 14:46:00,7807.769,7808.187,7805.534,7805.972,59591600,1419051008.0000
2026-08-06 14:47:00,7806.329,7810.182,7806.329,7810.182,59981800,1419313152.0000
2026-08-06 14:48:00,7810.341,7812.951,7810.139,7812.654,62512500,1551171584.0000
2026-08-06 14:49:00,7813.330,7813.574,7812.262,7813.160,74229600,1773961216.0000
2026-08-06 14:50:00,7812.771,7815.774,7812.771,7815.690,82303800,1819639808.0000
2026-08-06 14:51:00,7816.160,7820.380,7815.668,7819.660,99705000,2406088704.0000
2026-08-06 14:52:00,7819.929,7821.513,7819.519,7820.689,87554800,1970143232.0000
2026-08-06 14:53:00,7821.956,7825.996,7821.432,7825.996,104430000,2235400192.0000
2026-08-06 14:54:00,7826.341,7826.368,7823.806,7826.267,103746300,2460319744.0000
2026-08-06 14:55:00,7826.805,7828.058,7825.844,7827.995,115362800,2641854464.0000
2026-08-06 14:56:00,7827.862,7828.584,7826.999,7827.605,142919000,3186851840.0000
2026-08-06 14:57:00,7827.926,7829.615,7827.121,7829.615,155170500,3198091264.0000
2026-08-06 14:58:00,7830.243,7830.721,7830.243,7830.721,9140300,215580672.0000
2026-08-06 15:00:00,7830.258,7830.258,7829.362,7829.362,214517000,4522016768.0000
