day,open,high,low,close,volume,amount
2026-07-27 14:02:00,1766.680,1767.156,1764.152,1764.473,2001600,219856896.0000
2026-07-27 14:03:00,1764.353,1767.135,1764.247,1766.512,2185300,182632448.0000
2026-07-27 14:04:00,1766.367,1766.460,1764.704,1764.704,1628700,167362560.0000
2026-07-27 14:05:00,1764.244,1765.770,1762.987,1765.770,2178200,210247680.0000
2026-07-27 14:06:00,1765.782,1770.076,1765.493,1769.995,2876400,284704768.0000
2026-07-27 14:07:00,1770.078,1771.589,1769.825,1769.825,2802300,303398912.0000
2026-07-27 14:08:00,1769.613,1770.170,1767.859,1770.170,1718700,209747968.0000
2026-07-27 14:09:00,1770.216,1772.086,1770.216,1770.269,1971800,227852288.0000
2026-07-27 14:10:00,1770.806,1770.963,1769.634,1770.278,1549100,179240960.0000
2026-07-27 14:11:00,1770.628,1774.293,1769.892,1774.293,1843300,278290432.0000
2026-07-27 14:12:00,1774.524,1774.744,1771.720,1772.113,1858700,218013696.0000
2026-07-27 14:13:00,1772.069,1772.069,1768.460,1768.460,1550700,196558848.0000
2026-07-27 14:14:00,1768.896,1769.378,1766.898,1767.006,2499000,228704256.0000
2026-07-27 14:15:00,1767.046,1770.000,1767.046,1769.886,1493400,188809216.0000
2026-07-27 14:16:00,1769.893,1769.893,1768.639,1769.087,1359200,178266112.0000
2026-07-27 14:17:00,1768.811,1769.202,1766.951,1769.202,1898300,205725696.0000
2026-07-27 14:18:00,1769.253,1773.484,1769.234,1773.353,2388600,267894784.0000
2026-07-27 14:19:00,1773.372,1775.927,1773.217,1775.927,2088000,238772224.0000
2026-07-27 14:20:00,1775.914,1779.410,1774.974,1779.282,2709100,354148352.0000
2026-07-27 14:21:00,1779.806,1779.806,1778.986,1779.494,2375600,296902656.0000
2026-07-27 14:22:00,1779.372,1782.709,1779.372,1782.432,2788400,334004224.0000
2026-07-27 14:23:00,1782.536,1785.383,1782.234,1783.012,4281500,403095552.0000
2026-07-27 14:24:00,1783.121,1783.214,1782.002,1782.002,3008500,272261120.0000
2026-07-27 14:25:00,1782.234,1783.028,1780.225,1780.690,2566200,300400640.0000
2026-07-27 14:26:00,1780.546,1781.892,1780.301,1781.031,1964800,264200192.0000
2026-07-27 14:27:00,1780.689,1780.689,1776.416,1779.265,3261100,346882048.0000
2026-07-27 14:28:00,1779.117,1779.550,1777.836,1777.836,2572000,219832320.0000
2026-07-27 14:29:00,1777.524,1780.121,1777.524,1780.121,1884300,230703104.0000
2026-07-27 14:30:00,1780.244,1785.243,1780.244,1785.235,2417700,342654976.0000
2026-07-27 14:31:00,1785.421,1792.089,1785.421,1792.089,4828600,493133824.0000
2026-07-27 14:32:00,1792.305,1792.986,1789.291,1789.664,4654200,507101184.0000
2026-07-27 14:33:00,1789.973,1795.572,1789.872,1795.572,3677600,494510080.0000
2026-07-27 14:34:00,1795.955,1797.647,1795.023,1797.647,4179900,557006848.0000
2026-07-27 14:35:00,1797.806,1799.876,1797.625,1799.236,5757100,595050496.0000
2026-07-27 14:36:00,1798.741,1800.039,1798.593,1799.687,6820700,525705216.0000
2026-07-27 14:37:00,1799.320,1799.320,1794.639,1796.230,5145100,478060544.0000
2026-07-27 14:38:00,1796.629,1799.300,1796.145,1799.300,3831300,432144384.0000
2026-07-27 14:39:00,1799.948,1805.630,1799.948,1805.615,5565500,637624320.0000
2026-07-27 14:40:00,1805.548,1805.548,1803.110,1805.203,4862200,645169152.0000
2026-07-27 14:41:00,1805.018,1806.704,1804.398,1806.704,5567800,589922304.0000
2026-07-27 14:42:00,1806.937,1808.578,1806.750,1808.481,4804500,610615296.0000
2026-07-27 14:43:00,1808.653,1808.764,1805.302,1805.302,5232100,665559040.0000
2026-07-27 14:44:00,1804.858,1804.858,1800.901,1800.958,4696600,509362176.0000
2026-07-27 14:45:00,1801.121,1804.438,1800.320,1803.464,4780400,535248896.0000
2026-07-27 14:46:00,1803.593,1803.787,1802.077,1802.487,4215500,478208000.0000
2026-07-27 14:47:00,1802.421,1803.217,1802.108,1802.391,3867800,439836672.0000
2026-07-27 14:48:00,1802.287,1803.226,1801.720,1803.226,4071900,442515456.0000
2026-07-27 14:49:00,1803.479,1806.684,1803.479,1805.199,5866100,678420480.0000
2026-07-27 14:50:00,1805.167,1807.437,1805.167,1806.903,4872200,569876480.0000
2026-07-27 14:51:00,1806.765,1807.290,1805.596,1805.596,6876700,654262272.0000
2026-07-27 14:52:00,1806.013,1807.219,1805.486,1807.219,5747200,534781952.0000
2026-07-27 14:53:00,1807.030,1807.886,1806.891,1807.886,5688200,560971776.0000
2026-07-27 14:54:00,1807.829,1808.329,1807.356,1807.900,5142800,603824128.0000
2026-07-27 14:55:00,1807.901,1807.908,1807.036,1807.778,5723700,628195328.0000
2026-07-27 14:56:00,1807.829,1807.992,1807.256,1807.422,5516300,654123008.0000
2026-07-27 14:57:00,1807.479,1807.479,1806.216,1806.514,5883500,721903616.0000
2026-07-27 14:58:00,1806.533,1806.533,1806.444,1806.444,311000,35897344.0000
2026-07-27 15:00:00,1806.675,1807.951,1806.675,1807.951,13171600,1226096640.0000
2026-07-28 09:31:00,1755.867,1760.782,1754.200,1754.200,34285000,4078163968.0000
2026-07-28 09:32:00,1755.085,1770.895,1755.044,1770.158,20332500,2187248640.0000
2026-07-28 09:33:00,1769.988,1769.988,1761.767,1769.897,13494800,1624113152.0000
2026-07-28 09:34:00,1769.456,1776.386,1768.916,1776.160,10468600,1274488832.0000
2026-07-28 09:35:00,1776.693,1784.277,1776.533,1782.113,11223600,1494650880.0000
2026-07-28 09:36:00,1783.693,1789.736,1783.693,1786.861,13268400,1544045568.0000
2026-07-28 09:37:00,1787.672,1797.584,1787.672,1795.477,11617300,1560607744.0000
2026-07-28 09:38:00,1795.534,1795.534,1784.400,1790.895,12565700,1509012480.0000
2026-07-28 09:39:00,1791.744,1793.150,1784.856,1792.348,13005400,1496409088.0000
2026-07-28 09:40:00,1792.260,1793.445,1783.671,1783.945,10370200,1253250048.0000
2026-07-28 09:41:00,1784.264,1788.505,1782.093,1788.505,9632900,1071427584.0000
2026-07-28 09:42:00,1788.907,1790.175,1778.328,1778.328,8037100,867604480.0000
2026-07-28 09:43:00,1778.250,1783.971,1777.872,1781.733,7931400,969297920.0000
2026-07-28 09:44:00,1781.129,1790.296,1780.267,1788.168,6956900,927305728.0000
2026-07-28 09:45:00,1789.006,1789.006,1783.504,1784.073,5221300,684126208.0000
2026-07-28 09:46:00,1783.844,1785.860,1779.265,1785.860,6835700,868634624.0000
2026-07-28 09:47:00,1785.386,1785.386,1774.577,1775.101,6234500,897216512.0000
2026-07-28 09:48:00,1774.676,1779.859,1771.276,1771.276,9434300,953683968.0000
2026-07-28 09:49:00,1771.392,1773.227,1769.828,1772.298,8262900,923488256.0000
2026-07-28 09:50:00,1771.834,1772.782,1768.303,1772.318,10628100,1142986752.0000
2026-07-28 09:51:00,1771.977,1774.909,1769.491,1769.491,7050800,788402176.0000
2026-07-28 09:52:00,1769.033,1770.680,1766.221,1770.294,7785900,887191552.0000
2026-07-28 09:53:00,1769.158,1769.158,1760.230,1760.443,10493400,1023881216.0000
2026-07-28 09:54:00,1761.647,1769.328,1761.455,1769.328,8329700,898420736.0000
2026-07-28 09:55:00,1768.844,1774.320,1768.844,1773.379,6429600,691810304.0000
2026-07-28 09:56:00,1773.653,1776.728,1772.503,1773.925,7007700,689756160.0000
2026-07-28 09:57:00,1772.849,1772.849,1762.911,1764.547,5958500,643637248.0000
2026-07-28 09:58:00,1765.416,1767.558,1763.810,1766.109,5532900,616034304.0000
2026-07-28 09:59:00,1765.767,1765.861,1761.262,1761.902,4619400,675186688.0000
2026-07-28 10:00:00,1761.745,1763.438,1758.921,1763.111,7119800,906610688.0000
2026-07-28 10:01:00,1762.475,1772.910,1760.259,1772.910,5817500,744001536.0000
2026-07-28 10:02:00,1773.793,1779.543,1773.793,1779.543,7680600,726458368.0000
2026-07-28 10:03:00,1779.048,1779.048,1774.778,1776.920,4987400,637378560.0000
2026-07-28 10:04:00,1776.915,1783.682,1776.915,1780.388,5584000,755040256.0000
2026-07-28 10:05:00,1780.513,1780.513,1774.612,1774.975,4611800,574808064.0000
2026-07-28 10:06:00,1774.680,1777.895,1773.525,1776.068,5360000,637890560.0000
2026-07-28 10:07:00,1776.206,1777.036,1772.444,1774.501,5497500,532889600.0000
2026-07-28 10:08:00,1773.982,1774.613,1769.811,1771.427,4243700,508801024.0000
2026-07-28 10:09:00,1771.940,1780.461,1771.940,1776.874,4084100,579448832.0000
2026-07-28 10:10:00,1776.756,1776.756,1770.896,1771.213,4021100,491773952.0000
2026-07-28 10:11:00,1770.932,1771.149,1769.206,1770.259,4179600,510042112.0000
2026-07-28 10:12:00,1769.271,1769.271,1766.334,1766.334,5295600,535121920.0000
2026-07-28 10:13:00,1766.033,1766.033,1762.585,1765.325,9549500,840654848.0000
2026-07-28 10:14:00,1765.228,1767.642,1764.958,1766.606,4244500,484814848.0000
2026-07-28 10:15:00,1766.588,1771.352,1766.588,1768.180,3542400,482435072.0000
2026-07-28 10:16:00,1767.706,1767.706,1764.776,1766.210,3560200,488603648.0000
2026-07-28 10:17:00,1766.226,1767.536,1761.820,1765.940,5624200,645775360.0000
2026-07-28 10:18:00,1766.151,1769.822,1765.638,1765.638,3714500,429047808.0000
2026-07-28 10:19:00,1766.759,1766.837,1763.203,1764.479,2794200,406097920.0000
2026-07-28 10:20:00,1764.565,1767.312,1764.565,1765.523,3503800,445562880.0000
2026-07-28 10:21:00,1765.921,1770.288,1763.575,1770.288,3241300,445931520.0000
2026-07-28 10:22:00,1770.481,1770.807,1766.124,1767.545,2560200,330895360.0000
2026-07-28 10:23:00,1767.649,1771.884,1766.863,1770.662,3510700,432078848.0000
2026-07-28 10:24:00,1770.382,1770.382,1765.098,1765.206,2742500,432308224.0000
2026-07-28 10:25:00,1764.744,1764.790,1760.084,1760.084,3661000,486002688.0000
2026-07-28 10:26:00,1760.564,1760.564,1758.093,1758.757,4269200,540012544.0000
2026-07-28 10:27:00,1758.964,1761.110,1756.611,1756.611,3718200,522031104.0000
2026-07-28 10:28:00,1755.952,1757.402,1754.853,1754.853,4720300,574173184.0000
2026-07-28 10:29:00,1754.793,1754.793,1752.921,1753.561,5024000,654688256.0000
2026-07-28 10:30:00,1753.707,1753.707,1752.076,1753.217,4777700,655147008.0000
2026-07-28 10:31:00,1753.759,1753.759,1749.582,1750.906,4740700,627556352.0000
2026-07-28 10:32:00,1751.991,1756.149,1751.655,1755.951,4085200,569102336.0000
2026-07-28 10:33:00,1755.927,1756.751,1754.142,1756.161,2972900,370065408.0000
2026-07-28 10:34:00,1756.276,1756.276,1751.178,1751.186,4014100,449495040.0000
2026-07-28 10:35:00,1750.918,1750.918,1748.791,1750.284,4929300,622166016.0000
2026-07-28 10:36:00,1749.865,1749.865,1745.497,1746.488,5089100,605114368.0000
2026-07-28 10:37:00,1745.911,1747.189,1744.777,1744.980,4133200,517189632.0000
2026-07-28 10:38:00,1745.082,1745.271,1743.900,1744.483,4522700,618405888.0000
2026-07-28 10:39:00,1744.417,1748.153,1744.417,1748.082,3732000,492220416.0000
2026-07-28 10:40:00,1748.115,1748.115,1741.204,1741.335,5836700,664264704.0000
2026-07-28 10:41:00,1742.407,1743.568,1741.554,1743.317,4816600,628809728.0000
2026-07-28 10:42:00,1742.920,1745.318,1742.150,1742.861,6083300,475602944.0000
2026-07-28 10:43:00,1742.321,1742.514,1740.801,1740.801,3624500,525983744.0000
2026-07-28 10:44:00,1740.254,1743.500,1740.254,1743.500,3569900,530980864.0000
2026-07-28 10:45:00,1744.431,1744.431,1738.309,1738.309,3314000,429019136.0000
2026-07-28 10:46:00,1738.463,1740.468,1737.817,1739.971,3053600,412831744.0000
2026-07-28 10:47:00,1739.754,1739.754,1735.586,1735.637,4708200,753905664.0000
2026-07-28 10:48:00,1735.989,1736.051,1733.323,1733.456,4703800,782716928.0000
2026-07-28 10:49:00,1733.178,1735.398,1732.893,1732.893,4264900,675655680.0000
2026-07-28 10:50:00,1732.438,1735.046,1731.365,1734.911,6217800,679014400.0000
2026-07-28 10:51:00,1735.035,1737.814,1734.835,1735.276,3922200,532135936.0000
2026-07-28 10:52:00,1735.547,1735.944,1732.357,1734.894,3649200,512385024.0000
2026-07-28 10:53:00,1735.149,1742.138,1735.149,1742.138,3960600,549072896.0000
2026-07-28 10:54:00,1742.613,1747.441,1742.613,1744.757,4654800,611819520.0000
2026-07-28 10:55:00,1743.326,1744.374,1737.563,1739.204,3042900,517279744.0000
2026-07-28 10:56:00,1738.932,1744.572,1738.932,1741.811,3342400,344793088.0000
2026-07-28 10:57:00,1741.756,1742.284,1736.071,1738.370,3219700,428769280.0000
2026-07-28 10:58:00,1738.249,1738.249,1734.613,1735.057,2312300,286969856.0000
2026-07-28 10:59:00,1735.797,1737.312,1732.326,1733.144,3081700,455426048.0000
2026-07-28 11:00:00,1734.071,1734.071,1729.704,1730.108,4539300,577036288.0000
2026-07-28 11:01:00,1729.628,1732.426,1728.199,1728.217,3242600,559935488.0000
2026-07-28 11:02:00,1728.118,1732.776,1728.068,1730.403,3589700,485556224.0000
2026-07-28 11:03:00,1730.998,1731.591,1729.330,1731.353,2566800,374267904.0000
2026-07-28 11:04:00,1731.056,1731.056,1727.960,1729.015,2656800,423608320.0000
2026-07-28 11:05:00,1729.659,1729.659,1726.116,1727.498,3336600,381632512.0000
2026-07-28 11:06:00,1728.511,1728.511,1725.430,1726.412,3463300,467140608.0000
2026-07-28 11:07:00,1726.229,1729.216,1725.003,1729.216,4513900,534437888.0000
2026-07-28 11:08:00,1728.790,1729.206,1725.212,1726.542,2542600,320372736.0000
2026-07-28 11:09:00,1726.657,1727.801,1724.853,1725.442,3331500,385671168.0000
2026-07-28 11:10:00,1725.348,1727.929,1724.720,1726.795,3538200,397271040.0000
2026-07-28 11:11:00,1726.845,1727.381,1724.699,1726.843,3865500,438296576.0000
2026-07-28 11:12:00,1726.607,1731.454,1726.454,1730.544,2976200,359735296.0000
2026-07-28 11:13:00,1730.725,1730.725,1726.890,1727.762,2692500,301522944.0000
2026-07-28 11:14:00,1727.742,1732.444,1727.511,1732.444,3021100,325705728.0000
2026-07-28 11:15:00,1732.294,1738.377,1732.294,1736.845,3569900,449544192.0000
2026-07-28 11:16:00,1736.661,1738.297,1730.780,1737.501,4207500,401424384.0000
2026-07-28 11:17:00,1736.975,1737.786,1734.777,1734.800,2224800,290660352.0000
2026-07-28 11:18:00,1735.342,1742.742,1732.695,1742.742,3651300,394485760.0000
2026-07-28 11:19:00,1743.411,1744.294,1741.682,1741.682,5053300,415031296.0000
2026-07-28 11:20:00,1741.466,1741.466,1735.100,1735.100,2706800,317980672.0000
2026-07-28 11:21:00,1734.083,1735.295,1730.211,1733.898,3841100,408076288.0000
2026-07-28 11:22:00,1733.678,1735.437,1730.369,1733.455,1888300,275054592.0000
2026-07-28 11:23:00,1733.370,1735.753,1732.627,1735.320,2636200,319389696.0000
2026-07-28 11:24:00,1734.888,1734.979,1732.020,1734.788,2262200,245784576.0000
2026-07-28 11:25:00,1738.131,1741.849,1736.860,1737.752,3089400,318472192.0000
2026-07-28 11:26:00,1738.287,1747.566,1738.004,1746.731,4796800,356409344.0000
2026-07-28 11:27:00,1746.575,1747.342,1741.822,1741.897,2770800,327852032.0000
2026-07-28 11:28:00,1741.170,1741.425,1737.719,1738.962,1714100,204554240.0000
2026-07-28 11:29:00,1738.401,1738.401,1734.063,1734.063,2139900,249225216.0000
2026-07-28 11:30:00,1734.251,1735.121,1732.394,1735.012,2607400,246702080.0000
2026-07-28 13:01:00,1735.543,1735.543,1727.686,1727.851,8260600,756260864.0000
2026-07-28 13:02:00,1727.954,1733.099,1727.274,1727.274,3044500,543834112.0000
2026-07-28 13:03:00,1726.834,1728.595,1724.738,1726.903,3579400,542744576.0000
2026-07-28 13:04:00,1726.775,1726.775,1724.562,1725.102,2715000,401350656.0000
2026-07-28 13:05:00,1725.102,1725.619,1723.198,1724.386,2487700,402939904.0000
2026-07-28 13:06:00,1724.042,1724.042,1720.601,1721.979,4846000,548265984.0000
2026-07-28 13:07:00,1721.866,1721.990,1719.251,1720.546,4454700,456237056.0000
2026-07-28 13:08:00,1720.859,1721.335,1719.490,1719.490,2127800,329383936.0000
2026-07-28 13:09:00,1719.214,1724.972,1719.214,1724.839,3784400,435306496.0000
2026-07-28 13:10:00,1724.246,1727.249,1723.175,1726.441,2410100,315744256.0000
2026-07-28 13:11:00,1727.058,1729.516,1726.465,1726.465,2901400,308609024.0000
2026-07-28 13:12:00,1726.363,1726.363,1724.007,1724.207,2210800,248233984.0000
2026-07-28 13:13:00,1724.665,1732.997,1724.665,1732.997,2965100,349822976.0000
2026-07-28 13:14:00,1732.790,1735.839,1732.187,1734.977,2673200,290807808.0000
2026-07-28 13:15:00,1734.784,1734.784,1729.710,1730.791,2310800,263839744.0000
2026-07-28 13:16:00,1731.078,1733.782,1730.315,1731.486,2256100,294297600.0000
2026-07-28 13:17:00,1732.547,1732.547,1726.764,1726.764,2862800,339648512.0000
2026-07-28 13:18:00,1726.456,1727.656,1723.959,1725.074,2875500,283828224.0000
2026-07-28 13:19:00,1725.311,1725.311,1720.904,1723.088,3110100,382115840.0000
2026-07-28 13:20:00,1723.983,1723.983,1721.735,1721.735,1939700,277610496.0000
2026-07-28 13:21:00,1721.287,1721.733,1719.733,1720.317,3426300,433283072.0000
2026-07-28 13:22:00,1720.347,1721.745,1720.087,1720.455,2189600,322314240.0000
2026-07-28 13:23:00,1720.384,1721.767,1719.258,1720.232,2646500,334077952.0000
2026-07-28 13:24:00,1720.336,1720.336,1716.367,1716.367,2812300,380354560.0000
2026-07-28 13:25:00,1716.724,1718.046,1715.720,1715.720,2827500,434487296.0000
2026-07-28 13:26:00,1715.582,1717.329,1715.488,1716.384,2944100,348504064.0000
2026-07-28 13:27:00,1716.189,1716.189,1714.989,1714.989,2518100,355631104.0000
2026-07-28 13:28:00,1715.573,1716.470,1713.581,1713.737,3110600,348512256.0000
2026-07-28 13:29:00,1713.951,1713.951,1711.889,1712.067,3322100,466378752.0000
2026-07-28 13:30:00,1713.685,1714.155,1712.553,1712.611,2474900,437420032.0000
2026-07-28 13:31:00,1712.395,1713.186,1711.228,1711.228,2571100,406241280.0000
2026-07-28 13:32:00,1710.889,1710.889,1707.980,1709.122,4249500,615481344.0000
2026-07-28 13:33:00,1708.847,1708.847,1706.392,1707.949,3341800,618864640.0000
2026-07-28 13:34:00,1707.429,1707.429,1704.391,1704.391,4442700,615940096.0000
2026-07-28 13:35:00,1704.294,1704.294,1701.472,1701.672,3926000,707788800.0000
2026-07-28 13:36:00,1701.476,1706.851,1701.476,1706.851,4396700,650715136.0000
2026-07-28 13:37:00,1707.731,1707.731,1704.775,1706.735,2807500,329129984.0000
2026-07-28 13:38:00,1706.915,1713.466,1706.915,1713.466,3398900,409894912.0000
2026-07-28 13:39:00,1713.581,1713.581,1709.867,1710.176,4319200,355172352.0000
2026-07-28 13:40:00,1710.393,1715.980,1709.180,1715.980,3584200,376791040.0000
2026-07-28 13:41:00,1715.286,1720.527,1715.285,1720.091,3122900,429277184.0000
2026-07-28 13:42:00,1720.156,1720.156,1716.299,1717.362,2335600,310493184.0000
2026-07-28 13:43:00,1717.265,1726.829,1717.265,1726.829,3407600,493748224.0000
2026-07-28 13:44:00,1726.950,1729.805,1725.351,1725.508,2772700,458661888.0000
2026-07-28 13:45:00,1725.288,1725.288,1719.281,1721.255,2278500,278609920.0000
2026-07-28 13:46:00,1720.600,1724.248,1717.015,1717.898,2600300,328335360.0000
2026-07-28 13:47:00,1717.338,1718.323,1714.127,1714.127,2152200,280272896.0000
2026-07-28 13:48:00,1713.928,1713.928,1710.277,1711.027,2415400,308355072.0000
2026-07-28 13:49:00,1711.107,1711.572,1708.287,1708.962,3149100,337715200.0000
2026-07-28 13:50:00,1709.116,1709.116,1706.276,1707.330,2014800,318201856.0000
2026-07-28 13:51:00,1707.174,1709.819,1706.317,1709.819,3563900,484286464.0000
2026-07-28 13:52:00,1709.842,1710.424,1708.089,1708.160,3492900,295469056.0000
2026-07-28 13:53:00,1708.178,1711.315,1708.178,1709.527,2009700,282148864.0000
2026-07-28 13:54:00,1709.677,1709.863,1706.735,1707.344,2414800,357466112.0000
2026-07-28 13:55:00,1707.289,1707.591,1705.617,1705.617,3177100,345579520.0000
2026-07-28 13:56:00,1706.073,1708.212,1705.969,1706.971,3210700,382156800.0000
2026-07-28 13:57:00,1706.788,1706.788,1704.891,1704.891,1563400,239132672.0000
2026-07-28 13:58:00,1704.871,1706.726,1704.322,1706.239,2525100,352149504.0000
2026-07-28 13:59:00,1706.690,1707.673,1705.990,1707.253,2602600,321150976.0000
2026-07-28 14:00:00,1707.388,1707.593,1706.183,1706.972,1750500,236789760.0000
2026-07-28 14:01:00,1707.315,1708.283,1706.664,1706.864,2200400,259620864.0000
2026-07-28 14:02:00,1706.641,1710.228,1706.641,1710.228,3596800,336314368.0000
2026-07-28 14:03:00,1709.880,1709.880,1705.655,1708.257,3141000,367665152.0000
2026-07-28 14:04:00,1707.781,1708.906,1706.631,1706.631,2167300,239927296.0000
2026-07-28 14:05:00,1706.124,1706.236,1704.338,1704.762,2919600,362659840.0000
2026-07-28 14:06:00,1704.969,1705.063,1702.130,1702.130,2835800,335470592.0000
2026-07-28 14:07:00,1702.403,1703.420,1701.904,1702.367,3377900,438419456.0000
2026-07-28 14:08:00,1701.826,1704.123,1701.601,1703.016,2809600,363307008.0000
2026-07-28 14:09:00,1702.795,1702.916,1701.171,1701.574,2801800,348504064.0000
2026-07-28 14:10:00,1701.167,1701.643,1700.281,1700.451,2645000,374759424.0000
2026-07-28 14:11:00,1699.873,1701.562,1699.338,1699.338,3082400,408944640.0000
2026-07-28 14:12:00,1700.068,1701.100,1699.365,1699.426,3133800,383295488.0000
2026-07-28 14:13:00,1699.540,1699.540,1698.131,1698.686,3580600,448512000.0000
2026-07-28 14:14:00,1699.465,1699.493,1696.971,1697.052,2795200,379674624.0000
2026-07-28 14:15:00,1696.639,1697.925,1696.334,1696.993,3882800,459268096.0000
2026-07-28 14:16:00,1696.618,1696.618,1695.284,1695.645,3839400,425590784.0000
2026-07-28 14:17:00,1695.545,1696.171,1694.192,1694.502,3332200,418979840.0000
2026-07-28 14:18:00,1693.890,1694.324,1692.477,1692.494,4248500,608337920.0000
2026-07-28 14:19:00,1692.822,1692.822,1689.935,1689.935,3961300,573456384.0000
2026-07-28 14:20:00,1690.100,1697.358,1690.100,1696.652,4861100,639778816.0000
2026-07-28 14:21:00,1696.721,1700.418,1696.535,1699.918,4821000,470769664.0000
2026-07-28 14:22:00,1699.468,1699.483,1696.557,1696.557,2210100,286048256.0000
2026-07-28 14:23:00,1697.080,1702.939,1696.656,1702.939,3490800,396738560.0000
2026-07-28 14:24:00,1702.925,1703.157,1697.535,1697.544,2194300,303628288.0000
2026-07-28 14:25:00,1697.285,1697.285,1694.868,1696.120,2180700,280903680.0000
2026-07-28 14:26:00,1696.061,1697.923,1694.527,1697.315,2262200,330375168.0000
2026-07-28 14:27:00,1696.640,1697.009,1693.840,1693.840,1453500,262160384.0000
2026-07-28 14:28:00,1694.495,1694.495,1692.509,1692.509,2291400,430030848.0000
2026-07-28 14:29:00,1692.363,1695.460,1692.363,1693.566,2732500,351903744.0000
2026-07-28 14:30:00,1693.759,1697.580,1693.759,1697.580,2984300,410353664.0000
2026-07-28 14:31:00,1697.660,1698.254,1693.934,1694.194,3341900,367747072.0000
2026-07-28 14:32:00,1693.554,1693.593,1689.943,1689.949,5057700,474120192.0000
2026-07-28 14:33:00,1689.858,1691.747,1687.841,1688.554,4211400,609468416.0000
2026-07-28 14:34:00,1688.483,1689.333,1687.077,1687.157,3886700,589824000.0000
2026-07-28 14:35:00,1687.702,1689.837,1686.549,1686.679,4780600,681828352.0000
2026-07-28 14:36:00,1686.902,1687.639,1685.473,1685.473,4029800,580075520.0000
2026-07-28 14:37:00,1685.451,1685.451,1682.391,1682.903,5074600,723976192.0000
2026-07-28 14:38:00,1682.373,1684.319,1679.362,1679.362,7131500,868892672.0000
2026-07-28 14:39:00,1679.361,1681.243,1678.881,1680.790,5794500,852312064.0000
2026-07-28 14:40:00,1681.058,1685.157,1681.038,1683.703,5854800,893124608.0000
2026-07-28 14:41:00,1684.167,1689.181,1683.496,1688.801,7971300,786939904.0000
2026-07-28 14:42:00,1687.848,1687.848,1681.620,1681.866,4490900,525008896.0000
2026-07-28 14:43:00,1681.945,1682.718,1678.515,1679.619,4896500,592166912.0000
2026-07-28 14:44:00,1679.467,1681.407,1679.025,1679.025,5664600,673521664.0000
2026-07-28 14:45:00,1678.728,1679.855,1675.988,1676.801,5713400,692494336.0000
2026-07-28 14:46:00,1676.870,1679.468,1676.199,1676.396,6102400,764059648.0000
2026-07-28 14:47:00,1676.775,1682.076,1676.775,1681.352,7605300,906625024.0000
2026-07-28 14:48:00,1681.591,1682.158,1678.503,1678.771,3966600,511229952.0000
2026-07-28 14:49:00,1678.564,1681.007,1678.500,1680.361,5233200,592723968.0000
2026-07-28 14:50:00,1680.072,1682.939,1678.920,1682.939,6915300,723509248.0000
2026-07-28 14:51:00,1684.041,1697.997,1684.041,1696.876,8548200,975724544.0000
2026-07-28 14:52:00,1696.360,1697.122,1691.854,1691.854,5260300,847986688.0000
2026-07-28 14:53:00,1690.933,1694.822,1690.930,1694.368,6470800,586006528.0000
2026-07-28 14:54:00,1694.813,1694.985,1692.086,1693.451,5394800,615956480.0000
2026-07-28 14:55:00,1692.423,1692.423,1689.517,1689.669,4678700,577748992.0000
2026-07-28 14:56:00,1689.446,1691.577,1689.446,1691.577,6273600,722796544.0000
2026-07-28 14:57:00,1691.258,1692.409,1690.811,1691.818,5728300,806387712.0000
2026-07-28 14:58:00,1691.147,1691.345,1691.147,1691.345,408300,61964288.0000
2026-07-28 15:00:00,1692.729,1693.479,1692.729,1693.479,9499700,1297375232.0000
2026-07-29 09:31:00,1704.585,1709.835,1694.507,1694.767,24225500,3627165440.0000
2026-07-29 09:32:00,1694.361,1701.119,1692.066,1695.323,18350800,2445404416.0000
2026-07-29 09:33:00,1692.905,1694.846,1689.049,1693.662,13444700,1729572864.0000
2026-07-29 09:34:00,1694.313,1694.313,1685.187,1690.363,11351600,1397112832.0000
2026-07-29 09:35:00,1690.604,1701.832,1690.604,1701.832,10688100,1373835264.0000
2026-07-29 09:36:00,1700.341,1707.052,1698.662,1707.052,12756000,1636662272.0000
2026-07-29 09:37:00,1708.026,1711.579,1705.826,1705.826,12780500,1624370176.0000
2026-07-29 09:38:00,1704.714,1707.429,1700.456,1702.331,9649500,1224395776.0000
2026-07-29 09:39:00,1701.571,1704.667,1698.101,1698.716,9567700,1128515584.0000
2026-07-29 09:40:00,1698.588,1704.076,1698.484,1699.704,8089600,1121424384.0000
2026-07-29 09:41:00,1699.670,1700.218,1695.600,1699.065,7884100,1023799296.0000
2026-07-29 09:42:00,1698.241,1698.241,1684.691,1686.272,9604000,1213122560.0000
2026-07-29 09:43:00,1685.496,1685.496,1679.197,1679.197,13445600,1416132608.0000
2026-07-29 09:44:00,1678.677,1678.677,1666.618,1666.933,11115600,1435510784.0000
2026-07-29 09:45:00,1667.148,1667.148,1659.392,1659.564,12966700,1621995520.0000
2026-07-29 09:46:00,1662.036,1663.976,1654.597,1654.635,14982300,1753008128.0000
2026-07-29 09:47:00,1655.046,1657.266,1651.861,1651.861,13555400,1591853056.0000
2026-07-29 09:48:00,1651.874,1661.678,1649.195,1661.678,17315400,1939081216.0000
2026-07-29 09:49:00,1662.179,1663.005,1645.073,1645.073,11941300,1434730496.0000
2026-07-29 09:50:00,1645.002,1648.612,1643.154,1643.154,12405700,1572814848.0000
2026-07-29 09:51:00,1642.485,1646.125,1639.482,1645.934,17793100,1911615488.0000
2026-07-29 09:52:00,1645.959,1648.056,1640.074,1647.940,12598200,1500968960.0000
2026-07-29 09:53:00,1648.383,1656.854,1648.383,1656.799,10898500,1128927232.0000
2026-07-29 09:54:00,1656.789,1656.789,1644.182,1646.525,8993600,916484096.0000
2026-07-29 09:55:00,1646.687,1650.647,1644.021,1644.021,7501200,928055296.0000
2026-07-29 09:56:00,1643.146,1643.146,1634.550,1635.385,9104100,1157324800.0000
2026-07-29 09:57:00,1635.686,1635.686,1628.768,1628.768,9071500,1239724032.0000
2026-07-29 09:58:00,1628.229,1640.956,1628.229,1640.956,11261100,1376223232.0000
2026-07-29 09:59:00,1641.243,1647.842,1641.243,1642.270,7014700,860618752.0000
2026-07-29 10:00:00,1642.230,1642.230,1635.125,1635.125,6678400,725012480.0000
2026-07-29 10:01:00,1634.575,1634.575,1630.430,1631.771,8457300,986660864.0000
2026-07-29 10:02:00,1631.170,1633.132,1629.514,1633.132,10597500,1041715200.0000
2026-07-29 10:03:00,1633.626,1633.626,1623.225,1623.607,9948400,1227948032.0000
2026-07-29 10:04:00,1623.659,1629.678,1623.057,1623.111,10238400,1245065216.0000
2026-07-29 10:05:00,1623.112,1623.112,1614.732,1617.306,11257300,1413046272.0000
2026-07-29 10:06:00,1615.644,1617.616,1610.533,1611.471,13289600,1712066560.0000
2026-07-29 10:07:00,1611.320,1614.534,1609.277,1609.583,11133200,1448955904.0000
2026-07-29 10:08:00,1609.663,1616.644,1609.319,1609.319,11479900,1357250560.0000
2026-07-29 10:09:00,1608.972,1614.952,1608.141,1614.952,11282000,1207402496.0000
2026-07-29 10:10:00,1614.560,1619.549,1614.560,1616.672,9200100,1094389760.0000
2026-07-29 10:11:00,1617.141,1629.548,1617.141,1629.185,9734200,968904704.0000
2026-07-29 10:12:00,1628.748,1628.748,1622.422,1626.202,9011600,921210880.0000
2026-07-29 10:13:00,1626.188,1630.658,1623.408,1630.599,7671200,880521216.0000
2026-07-29 10:14:00,1630.697,1638.167,1630.697,1635.372,6392600,844214272.0000
2026-07-29 10:15:00,1634.279,1634.279,1628.458,1629.737,6487400,725905408.0000
2026-07-29 10:16:00,1628.797,1632.621,1626.108,1626.994,5838400,655257600.0000
2026-07-29 10:17:00,1629.228,1630.611,1624.866,1624.866,5842900,514101248.0000
2026-07-29 10:18:00,1625.241,1625.940,1621.372,1622.923,7561300,637644800.0000
2026-07-29 10:19:00,1622.579,1630.765,1622.579,1630.719,4680100,567922688.0000
2026-07-29 10:20:00,1631.213,1631.213,1621.540,1621.591,5123500,581857280.0000
2026-07-29 10:21:00,1620.571,1620.571,1616.961,1617.179,7081900,638304256.0000
2026-07-29 10:22:00,1616.352,1616.352,1612.534,1613.268,9258900,707788800.0000
2026-07-29 10:23:00,1613.016,1617.095,1610.748,1614.801,8880600,754651136.0000
2026-07-29 10:24:00,1614.472,1623.288,1613.622,1621.018,7452200,727760896.0000
2026-07-29 10:25:00,1620.103,1626.882,1620.103,1626.882,7937100,577249280.0000
2026-07-29 10:26:00,1627.895,1637.930,1627.895,1636.834,8831900,780582912.0000
2026-07-29 10:27:00,1636.913,1641.664,1634.468,1641.503,8397500,752001024.0000
2026-07-29 10:28:00,1641.437,1649.553,1640.494,1649.553,9586200,823705600.0000
2026-07-29 10:29:00,1649.765,1657.954,1649.765,1655.238,9338800,977117184.0000
2026-07-29 10:30:00,1655.431,1655.431,1651.200,1652.758,8924100,887963648.0000
2026-07-29 10:31:00,1653.698,1656.453,1649.386,1649.386,7879100,929374208.0000
2026-07-29 10:32:00,1649.863,1649.863,1645.740,1647.887,6094800,594337792.0000
2026-07-29 10:33:00,1647.751,1656.003,1647.751,1654.159,8991200,899006464.0000
2026-07-29 10:34:00,1652.626,1652.709,1647.010,1647.074,7291500,771203072.0000
2026-07-29 10:35:00,1647.294,1647.294,1639.149,1639.457,7703800,594804736.0000
2026-07-29 10:36:00,1640.086,1641.247,1636.390,1636.390,5625800,596926464.0000
2026-07-29 10:37:00,1636.407,1642.430,1636.407,1638.494,5904500,517513216.0000
2026-07-29 10:38:00,1639.372,1641.051,1636.324,1636.324,7182200,543768576.0000
2026-07-29 10:39:00,1636.193,1638.092,1636.130,1636.861,6043000,528769024.0000
2026-07-29 10:40:00,1637.356,1637.356,1632.128,1633.371,5564500,493551616.0000
2026-07-29 10:41:00,1633.599,1642.704,1633.599,1641.617,7367300,569974784.0000
2026-07-29 10:42:00,1640.954,1641.207,1636.565,1637.680,4065000,416776192.0000
2026-07-29 10:43:00,1637.409,1644.835,1637.409,1644.068,4773000,434446336.0000
2026-07-29 10:44:00,1644.629,1645.780,1638.302,1638.959,4077300,363053056.0000
2026-07-29 10:45:00,1638.640,1640.144,1634.692,1634.796,4749400,365166592.0000
2026-07-29 10:46:00,1634.429,1635.808,1631.947,1631.947,5446100,469778432.0000
2026-07-29 10:47:00,1631.457,1631.685,1626.113,1626.113,7882600,477102080.0000
2026-07-29 10:48:00,1625.582,1628.113,1623.999,1626.983,6096600,464470016.0000
2026-07-29 10:49:00,1627.161,1627.661,1624.960,1626.386,4765000,439771136.0000
2026-07-29 10:50:00,1626.606,1626.606,1620.559,1620.559,5191100,452083712.0000
2026-07-29 10:51:00,1620.368,1621.044,1618.208,1619.104,6493700,532381696.0000
2026-07-29 10:52:00,1620.240,1621.071,1618.597,1619.149,6681700,490110976.0000
2026-07-29 10:53:00,1619.189,1620.093,1618.827,1619.240,4236200,447717376.0000
2026-07-29 10:54:00,1619.549,1620.413,1617.953,1617.953,4370700,357416960.0000
2026-07-29 10:55:00,1617.696,1619.746,1614.473,1614.473,5611000,495673344.0000
2026-07-29 10:56:00,1615.084,1617.038,1614.393,1615.620,4683400,447873024.0000
2026-07-29 10:57:00,1615.249,1616.754,1613.763,1616.129,5197100,452714496.0000
2026-07-29 10:58:00,1615.798,1616.960,1614.237,1616.035,3673500,299778048.0000
2026-07-29 10:59:00,1616.602,1620.256,1616.602,1618.028,5386600,397664256.0000
2026-07-29 11:00:00,1618.542,1618.842,1616.410,1616.410,3997000,313810944.0000
2026-07-29 11:01:00,1616.491,1621.290,1616.491,1618.787,4245100,393986048.0000
2026-07-29 11:02:00,1618.124,1623.859,1616.821,1623.859,4694300,377315328.0000
2026-07-29 11:03:00,1624.894,1629.601,1624.484,1626.488,5229300,460963840.0000
2026-07-29 11:04:00,1626.584,1626.930,1623.961,1624.388,3099100,300294144.0000
2026-07-29 11:05:00,1624.358,1628.390,1624.215,1624.551,3492500,317202432.0000
2026-07-29 11:06:00,1625.090,1625.090,1620.392,1620.431,3717200,269484032.0000
2026-07-29 11:07:00,1620.781,1620.781,1618.726,1618.976,3366300,251518976.0000
2026-07-29 11:08:00,1619.069,1628.563,1615.134,1628.025,8589800,612253696.0000
2026-07-29 11:09:00,1627.048,1629.721,1624.625,1625.464,3616800,327286784.0000
2026-07-29 11:10:00,1625.886,1634.797,1625.259,1634.797,3892700,392388608.0000
2026-07-29 11:11:00,1634.541,1646.778,1634.532,1645.026,9953800,627908608.0000
2026-07-29 11:12:00,1645.137,1645.263,1637.963,1639.260,4617800,447971328.0000
2026-07-29 11:13:00,1639.285,1647.700,1639.285,1643.944,5235200,481452032.0000
2026-07-29 11:14:00,1643.663,1643.663,1639.483,1640.693,3413600,288595968.0000
2026-07-29 11:15:00,1639.890,1639.890,1630.963,1630.963,3592100,271327232.0000
2026-07-29 11:16:00,1631.420,1632.241,1630.574,1631.401,2226300,256098304.0000
2026-07-29 11:17:00,1630.679,1636.224,1630.330,1636.224,3094800,228859904.0000
2026-07-29 11:18:00,1635.872,1635.918,1629.460,1630.065,1956900,221339648.0000
2026-07-29 11:19:00,1630.529,1630.940,1627.482,1630.940,2696200,262914048.0000
2026-07-29 11:20:00,1630.420,1630.420,1625.046,1625.522,2589200,268959744.0000
2026-07-29 11:21:00,1625.455,1626.724,1624.713,1624.963,2455300,284442624.0000
2026-07-29 11:22:00,1624.555,1626.243,1623.978,1625.208,2242900,242286592.0000
2026-07-29 11:23:00,1625.246,1625.246,1622.430,1622.430,1655900,250806272.0000
2026-07-29 11:24:00,1622.762,1624.461,1621.992,1622.225,2576600,292691968.0000
2026-07-29 11:25:00,1622.745,1622.745,1620.788,1621.579,1877400,230612992.0000
2026-07-29 11:26:00,1621.539,1624.103,1621.539,1622.596,2198400,281821184.0000
2026-07-29 11:27:00,1622.520,1625.818,1622.520,1622.981,1989600,241786880.0000
2026-07-29 11:28:00,1622.590,1622.590,1618.751,1618.751,2660200,301350912.0000
2026-07-29 11:29:00,1618.665,1620.425,1618.616,1619.416,1969800,256458752.0000
2026-07-29 11:30:00,1620.083,1622.255,1619.303,1622.028,2630700,247873536.0000
2026-07-29 13:01:00,1619.355,1619.355,1610.128,1618.736,15417000,1268776960.0000
2026-07-29 13:02:00,1618.713,1624.763,1618.713,1619.039,6295100,641417216.0000
2026-07-29 13:03:00,1617.804,1620.455,1617.612,1620.064,2817100,428695552.0000
2026-07-29 13:04:00,1619.871,1633.619,1619.871,1633.619,6879700,622796800.0000
2026-07-29 13:05:00,1633.186,1640.909,1633.186,1639.069,7574000,626212864.0000
2026-07-29 13:06:00,1639.056,1639.056,1633.867,1634.563,5094800,429826048.0000
2026-07-29 13:07:00,1634.401,1640.641,1634.401,1636.080,3680700,446971904.0000
2026-07-29 13:08:00,1635.716,1644.428,1635.716,1644.428,3652800,446947328.0000
2026-07-29 13:09:00,1643.816,1654.172,1643.140,1654.172,6335600,566034432.0000
2026-07-29 13:10:00,1654.736,1660.047,1654.736,1660.047,6671600,691953664.0000
2026-07-29 13:11:00,1660.601,1661.984,1658.003,1661.093,6893000,752132096.0000
2026-07-29 13:12:00,1661.703,1671.873,1661.703,1671.873,6149800,715235328.0000
2026-07-29 13:13:00,1672.659,1678.254,1672.659,1676.354,8100700,992575488.0000
2026-07-29 13:14:00,1676.442,1682.235,1676.301,1679.491,8156700,867647488.0000
2026-07-29 13:15:00,1679.937,1687.086,1679.743,1686.154,10284600,869629952.0000
2026-07-29 13:16:00,1685.479,1685.785,1680.961,1680.961,10872700,1002946560.0000
2026-07-29 13:17:00,1680.379,1680.379,1670.496,1674.537,8885700,688218112.0000
2026-07-29 13:18:00,1672.812,1676.127,1669.153,1669.153,10321000,671105024.0000
2026-07-29 13:19:00,1668.453,1672.255,1667.006,1667.425,6572400,485105664.0000
2026-07-29 13:20:00,1665.548,1665.548,1657.922,1659.577,4970200,417415168.0000
2026-07-29 13:21:00,1659.959,1663.182,1653.178,1663.182,8165400,498122752.0000
2026-07-29 13:22:00,1664.819,1664.819,1657.726,1659.765,3361300,373522432.0000
2026-07-29 13:23:00,1660.771,1671.628,1660.648,1671.628,3613800,375889920.0000
2026-07-29 13:24:00,1672.279,1675.903,1664.772,1664.848,4638900,403775488.0000
2026-07-29 13:25:00,1664.202,1664.202,1661.900,1662.268,3318500,290275328.0000
2026-07-29 13:26:00,1662.830,1675.363,1662.830,1674.653,4806400,495181824.0000
2026-07-29 13:27:00,1674.484,1674.484,1666.516,1668.365,4362200,383500288.0000
2026-07-29 13:28:00,1668.673,1674.066,1668.673,1672.563,5777800,416555008.0000
2026-07-29 13:29:00,1673.054,1678.386,1672.928,1678.386,5231900,489537536.0000
2026-07-29 13:30:00,1677.742,1680.465,1677.211,1677.891,4870600,605732864.0000
2026-07-29 13:31:00,1677.689,1677.689,1667.412,1667.412,3361000,432578560.0000
2026-07-29 13:32:00,1666.527,1669.299,1663.749,1667.555,4818100,445054976.0000
2026-07-29 13:33:00,1667.886,1667.886,1662.638,1666.496,3016000,370188288.0000
2026-07-29 13:34:00,1666.563,1673.671,1666.125,1673.671,4409500,418619392.0000
2026-07-29 13:35:00,1673.463,1683.210,1673.222,1683.049,6682100,579190784.0000
2026-07-29 13:36:00,1684.119,1684.119,1678.938,1683.594,4646100,617111552.0000
2026-07-29 13:37:00,1684.327,1686.393,1682.672,1682.672,5048100,577912832.0000
2026-07-29 13:38:00,1682.867,1682.867,1675.494,1678.669,4578100,532135936.0000
2026-07-29 13:39:00,1679.109,1683.360,1679.109,1680.459,4618800,503439360.0000
2026-07-29 13:40:00,1680.154,1689.188,1680.154,1689.188,5256400,516800512.0000
2026-07-29 13:41:00,1688.853,1691.809,1686.127,1686.127,6809100,621821952.0000
2026-07-29 13:42:00,1686.028,1692.870,1685.520,1692.870,5554300,572866560.0000
2026-07-29 13:43:00,1692.496,1694.575,1691.984,1694.311,4408000,617324544.0000
2026-07-29 13:44:00,1694.604,1694.650,1688.187,1689.524,6034800,645849088.0000
2026-07-29 13:45:00,1689.816,1691.684,1686.949,1686.949,7075300,483794944.0000
2026-07-29 13:46:00,1687.126,1692.187,1686.821,1691.281,3834300,449282048.0000
2026-07-29 13:47:00,1691.110,1691.110,1681.484,1681.484,4492400,478683136.0000
2026-07-29 13:48:00,1680.973,1681.982,1679.009,1679.009,4911300,429514752.0000
2026-07-29 13:49:00,1678.686,1680.364,1677.804,1678.948,4715200,417431552.0000
2026-07-29 13:50:00,1678.140,1678.140,1671.539,1672.064,3365900,398761984.0000
2026-07-29 13:51:00,1672.077,1673.765,1670.737,1671.111,3343300,330883072.0000
2026-07-29 13:52:00,1670.413,1674.692,1669.580,1673.827,3333900,389054464.0000
2026-07-29 13:53:00,1673.339,1675.893,1671.836,1675.195,2840800,327548928.0000
2026-07-29 13:54:00,1674.917,1674.917,1668.215,1668.782,3549900,352010240.0000
2026-07-29 13:55:00,1668.052,1668.052,1664.832,1665.722,2524200,314679296.0000
2026-07-29 13:56:00,1665.786,1670.658,1665.662,1670.658,3064700,317079552.0000
2026-07-29 13:57:00,1670.853,1670.853,1668.359,1668.448,1846900,220848128.0000
2026-07-29 13:58:00,1668.228,1674.753,1668.178,1672.376,3336900,307150848.0000
2026-07-29 13:59:00,1671.768,1671.960,1669.828,1671.286,1580400,209387520.0000
2026-07-29 14:00:00,1671.269,1672.696,1670.628,1672.188,1896300,181403648.0000
2026-07-29 14:01:00,1672.673,1675.459,1671.902,1674.841,2556900,260857856.0000
2026-07-29 14:02:00,1674.536,1675.939,1673.191,1674.388,2392900,222838784.0000
2026-07-29 14:03:00,1675.630,1679.629,1675.630,1676.898,3542000,315768832.0000
2026-07-29 14:04:00,1677.431,1678.253,1670.217,1670.217,3083500,278052864.0000
2026-07-29 14:05:00,1670.334,1670.671,1666.521,1666.521,3065100,285302784.0000
2026-07-29 14:06:00,1665.984,1666.077,1663.197,1663.197,2448400,267812864.0000
2026-07-29 14:07:00,1663.013,1663.146,1659.810,1659.810,2532000,247177216.0000
2026-07-29 14:08:00,1659.594,1661.162,1658.595,1660.528,3737600,281976832.0000
2026-07-29 14:09:00,1660.429,1661.419,1659.629,1661.419,2148800,225828864.0000
2026-07-29 14:10:00,1661.578,1662.147,1659.775,1660.664,1794100,205193216.0000
2026-07-29 14:11:00,1660.332,1661.637,1660.332,1660.520,1849600,219242496.0000
2026-07-29 14:12:00,1660.479,1660.840,1659.742,1660.553,2225800,200744960.0000
2026-07-29 14:13:00,1660.490,1660.524,1657.820,1657.992,2230900,216498176.0000
2026-07-29 14:14:00,1657.570,1661.001,1657.570,1660.572,1978700,217628672.0000
2026-07-29 14:15:00,1660.763,1667.324,1660.648,1665.468,2553300,284442624.0000
2026-07-29 14:16:00,1665.441,1666.444,1662.722,1663.832,2002400,182632448.0000
2026-07-29 14:17:00,1663.611,1665.774,1663.609,1665.774,2318100,206790656.0000
2026-07-29 14:18:00,1665.753,1672.841,1665.753,1672.841,2606300,263856128.0000
2026-07-29 14:19:00,1672.702,1675.033,1672.702,1673.173,2306100,270245888.0000
2026-07-29 14:20:00,1673.122,1675.238,1672.799,1672.805,2123700,261177344.0000
2026-07-29 14:21:00,1672.504,1674.500,1672.324,1672.706,2425800,276029440.0000
2026-07-29 14:22:00,1672.330,1674.255,1671.186,1672.431,2265300,237092864.0000
2026-07-29 14:23:00,1672.028,1672.028,1665.640,1665.640,2233200,237723648.0000
2026-07-29 14:24:00,1665.794,1665.794,1664.575,1664.600,1818600,207077376.0000
2026-07-29 14:25:00,1664.035,1668.864,1663.950,1668.864,2515500,283090944.0000
2026-07-29 14:26:00,1668.774,1669.420,1666.650,1669.292,2147500,239976448.0000
2026-07-29 14:27:00,1669.957,1673.510,1669.957,1673.467,2145800,257204224.0000
2026-07-29 14:28:00,1674.096,1675.800,1674.067,1674.794,1942000,248070144.0000
2026-07-29 14:29:00,1674.443,1674.443,1672.882,1673.176,2064700,239869952.0000
2026-07-29 14:30:00,1673.177,1673.177,1671.643,1671.712,1953000,144416768.0000
2026-07-29 14:31:00,1671.585,1679.023,1671.441,1679.023,4654600,429096960.0000
2026-07-29 14:32:00,1679.252,1680.411,1675.595,1675.595,3014200,344522752.0000
2026-07-29 14:33:00,1676.029,1676.029,1672.352,1673.170,2693100,249176064.0000
2026-07-29 14:34:00,1672.790,1676.355,1672.790,1675.840,2620100,281059328.0000
2026-07-29 14:35:00,1675.491,1675.603,1673.655,1673.697,3200800,262873088.0000
2026-07-29 14:36:00,1673.246,1674.180,1672.086,1674.180,3122000,295665664.0000
2026-07-29 14:37:00,1673.763,1674.056,1672.174,1672.435,2605500,261808128.0000
2026-07-29 14:38:00,1672.097,1673.962,1671.813,1672.492,2610500,246202368.0000
2026-07-29 14:39:00,1672.169,1672.476,1669.806,1669.806,3132000,284213248.0000
2026-07-29 14:40:00,1669.679,1669.679,1668.487,1668.604,3252200,255787008.0000
2026-07-29 14:41:00,1668.883,1671.243,1668.883,1670.432,3764200,353894400.0000
2026-07-29 14:42:00,1670.346,1673.038,1670.346,1672.473,3159900,305283072.0000
2026-07-29 14:43:00,1672.074,1672.636,1671.826,1672.153,2589000,267632640.0000
2026-07-29 14:44:00,1672.391,1674.840,1671.904,1674.184,3725100,369164288.0000
2026-07-29 14:45:00,1673.834,1675.551,1673.834,1674.876,3015100,315260928.0000
2026-07-29 14:46:00,1674.634,1676.914,1674.616,1676.681,3729800,392396800.0000
2026-07-29 14:47:00,1676.951,1680.773,1676.898,1680.773,4801500,482361344.0000
2026-07-29 14:48:00,1680.734,1681.421,1680.510,1681.421,4976100,492617728.0000
2026-07-29 14:49:00,1681.550,1684.690,1681.550,1684.484,6362000,515031040.0000
2026-07-29 14:50:00,1684.363,1687.628,1684.246,1687.427,6397200,560234496.0000
2026-07-29 14:51:00,1687.641,1687.746,1683.708,1684.077,9235100,585547776.0000
2026-07-29 14:52:00,1684.376,1684.376,1681.883,1682.563,5846700,559529984.0000
2026-07-29 14:53:00,1682.837,1684.496,1682.837,1683.854,6489300,547291136.0000
2026-07-29 14:54:00,1683.638,1684.861,1683.526,1684.410,7653300,591413248.0000
2026-07-29 14:55:00,1684.398,1684.665,1683.207,1684.665,7180100,608288768.0000
2026-07-29 14:56:00,1684.344,1685.083,1684.025,1684.352,6849400,636108800.0000
2026-07-29 14:57:00,1684.997,1685.130,1684.101,1684.107,7644500,668221440.0000
2026-07-29 14:58:00,1683.963,1683.963,1683.928,1683.928,265700,29753344.0000
2026-07-29 15:00:00,1683.297,1683.297,1678.738,1678.738,10981700,1093451776.0000
2026-07-30 09:31:00,1653.467,1661.561,1653.467,1656.953,26391200,2726952192.0000
2026-07-30 09:32:00,1657.421,1668.300,1657.421,1658.466,18913700,2043735808.0000
2026-07-30 09:33:00,1659.727,1666.943,1659.335,1665.112,13379700,1421784576.0000
2026-07-30 09:34:00,1664.858,1670.554,1663.352,1667.379,11811900,1474410496.0000
2026-07-30 09:35:00,1667.526,1671.393,1666.839,1667.742,15096200,1782453760.0000
2026-07-30 09:36:00,1667.007,1671.221,1663.183,1671.112,13976400,1560289280.0000
2026-07-30 09:37:00,1671.091,1671.509,1663.287,1666.196,12282100,1563266048.0000
2026-07-30 09:38:00,1665.116,1665.982,1656.136,1658.018,14475300,1487986688.0000
2026-07-30 09:39:00,1657.305,1657.305,1650.745,1652.992,12372500,1409222656.0000
2026-07-30 09:40:00,1654.097,1658.957,1654.097,1657.483,10327500,1152825344.0000
2026-07-30 09:41:00,1657.494,1657.612,1651.405,1653.372,10567600,1202625536.0000
2026-07-30 09:42:00,1652.966,1652.966,1645.608,1645.983,9266500,1060962304.0000
2026-07-30 09:43:00,1645.188,1651.617,1645.023,1646.346,10450700,1116667904.0000
2026-07-30 09:44:00,1645.532,1645.532,1639.052,1639.956,10346700,1244418048.0000
2026-07-30 09:45:00,1639.932,1647.605,1639.932,1642.858,8573200,1145671680.0000
2026-07-30 09:46:00,1642.724,1642.724,1638.212,1639.689,9394300,1139718144.0000
2026-07-30 09:47:00,1641.113,1642.111,1632.984,1634.595,11325500,1256304640.0000
2026-07-30 09:48:00,1637.240,1637.240,1627.208,1627.208,11998200,1216104448.0000
2026-07-30 09:49:00,1627.095,1632.832,1626.203,1631.870,11308500,1339555840.0000
2026-07-30 09:50:00,1631.328,1638.144,1631.295,1637.067,9164800,995614720.0000
2026-07-30 09:51:00,1636.524,1646.025,1635.443,1645.330,9054500,924465152.0000
2026-07-30 09:52:00,1645.207,1652.367,1644.694,1652.008,7168200,843823104.0000
2026-07-30 09:53:00,1651.382,1651.382,1643.707,1644.517,6869800,713940992.0000
2026-07-30 09:54:00,1643.122,1647.411,1642.046,1642.165,7638000,864012288.0000
2026-07-30 09:55:00,1642.574,1648.849,1642.574,1647.786,7626000,700000256.0000
2026-07-30 09:56:00,1649.288,1653.433,1646.825,1646.825,7683400,789594112.0000
2026-07-30 09:57:00,1646.134,1646.134,1637.860,1638.357,7838700,710170624.0000
2026-07-30 09:58:00,1638.712,1640.162,1634.989,1635.652,9000000,700755968.0000
2026-07-30 09:59:00,1635.562,1637.321,1633.761,1637.077,8457700,699641856.0000
2026-07-30 10:00:00,1637.121,1637.204,1635.623,1636.040,10102900,640643072.0000
2026-07-30 10:01:00,1634.763,1634.763,1630.991,1632.121,12246400,785608704.0000
2026-07-30 10:02:00,1631.941,1637.277,1631.403,1633.923,7573700,697769984.0000
2026-07-30 10:03:00,1635.628,1636.477,1631.339,1631.339,7525400,682659840.0000
2026-07-30 10:04:00,1631.701,1631.701,1628.293,1628.624,7104900,754331648.0000
2026-07-30 10:05:00,1628.077,1628.986,1626.768,1627.800,8447500,874299392.0000
2026-07-30 10:06:00,1627.199,1627.199,1621.834,1621.841,8112800,872677376.0000
2026-07-30 10:07:00,1622.897,1623.812,1621.462,1622.347,8051400,911065088.0000
2026-07-30 10:08:00,1622.459,1622.459,1617.042,1617.605,10158700,1039761408.0000
2026-07-30 10:09:00,1617.189,1619.519,1617.035,1617.035,9424600,917340160.0000
2026-07-30 10:10:00,1616.917,1620.358,1616.227,1619.883,8222200,779268096.0000
2026-07-30 10:11:00,1619.621,1623.125,1618.684,1623.125,8215800,737284096.0000
2026-07-30 10:12:00,1623.757,1625.577,1620.921,1621.229,7370000,630018048.0000
2026-07-30 10:13:00,1620.382,1625.234,1619.855,1623.971,5125300,482668544.0000
2026-07-30 10:14:00,1623.267,1623.267,1617.053,1617.053,6082000,556548096.0000
2026-07-30 10:15:00,1618.335,1618.335,1612.575,1613.631,9049000,891547648.0000
2026-07-30 10:16:00,1613.678,1614.714,1612.515,1613.440,6818900,745869312.0000
2026-07-30 10:17:00,1612.503,1619.704,1612.503,1616.673,8901200,766918656.0000
2026-07-30 10:18:00,1616.908,1626.496,1616.876,1626.285,8982200,712433664.0000
2026-07-30 10:19:00,1625.255,1625.255,1618.437,1620.294,6703800,694300672.0000
2026-07-30 10:20:00,1619.767,1629.184,1618.484,1628.656,5313500,549498880.0000
2026-07-30 10:21:00,1628.534,1628.745,1625.863,1627.522,5457300,622260224.0000
2026-07-30 10:22:00,1627.533,1627.533,1620.463,1620.463,5333200,551976960.0000
2026-07-30 10:23:00,1620.349,1620.349,1615.476,1615.806,5098600,478728192.0000
2026-07-30 10:24:00,1615.769,1615.769,1612.504,1612.504,5299800,614514688.0000
2026-07-30 10:25:00,1613.614,1616.453,1613.047,1615.214,4737500,595304448.0000
2026-07-30 10:26:00,1614.427,1615.535,1613.287,1613.317,5077400,515006464.0000
2026-07-30 10:27:00,1613.104,1614.331,1610.742,1610.742,5080400,636248064.0000
2026-07-30 10:28:00,1610.696,1614.739,1610.696,1611.151,5906100,594628608.0000
2026-07-30 10:29:00,1611.302,1614.448,1611.302,1612.549,5500200,485863424.0000
2026-07-30 10:30:00,1612.928,1612.928,1610.750,1611.343,5021800,441815040.0000
2026-07-30 10:31:00,1612.868,1615.738,1610.776,1613.581,6147400,574386176.0000
2026-07-30 10:32:00,1612.492,1614.543,1612.126,1612.926,3989300,387227648.0000
2026-07-30 10:33:00,1611.371,1612.169,1609.764,1611.566,6606100,624513024.0000
2026-07-30 10:34:00,1610.612,1611.449,1610.518,1611.352,5804900,500776960.0000
2026-07-30 10:35:00,1611.314,1611.314,1606.241,1606.241,7146500,627167232.0000
2026-07-30 10:36:00,1606.259,1606.259,1603.479,1603.912,6874800,654807040.0000
2026-07-30 10:37:00,1603.589,1604.884,1602.577,1603.602,6223200,655814656.0000
2026-07-30 10:38:00,1603.484,1603.547,1600.739,1603.174,6636100,699543552.0000
2026-07-30 10:39:00,1603.115,1603.115,1599.652,1600.757,5778800,632008704.0000
2026-07-30 10:40:00,1601.047,1601.975,1599.042,1599.913,5944000,649134080.0000
2026-07-30 10:41:00,1600.119,1602.627,1599.617,1600.332,5455100,549646336.0000
2026-07-30 10:42:00,1600.867,1605.817,1600.867,1603.166,6649900,572559360.0000
2026-07-30 10:43:00,1602.071,1602.071,1598.242,1600.179,6473200,576200704.0000
2026-07-30 10:44:00,1599.749,1599.749,1595.567,1595.567,4674400,509800448.0000
2026-07-30 10:45:00,1595.970,1599.989,1595.782,1599.989,5120400,602140672.0000
2026-07-30 10:46:00,1599.483,1604.757,1599.483,1603.267,4115000,527671296.0000
2026-07-30 10:47:00,1602.693,1602.693,1597.473,1599.783,4353000,433631232.0000
2026-07-30 10:48:00,1599.759,1603.715,1599.595,1602.914,2948600,403734528.0000
2026-07-30 10:49:00,1602.942,1608.206,1602.942,1603.453,5665100,515067904.0000
2026-07-30 10:50:00,1603.215,1605.917,1601.745,1605.224,4261300,450723840.0000
2026-07-30 10:51:00,1603.413,1603.600,1598.529,1603.600,4990400,428761088.0000
2026-07-30 10:52:00,1603.128,1603.128,1599.095,1600.572,3658200,318947328.0000
2026-07-30 10:53:00,1601.191,1601.191,1598.255,1598.838,5115500,421322752.0000
2026-07-30 10:54:00,1598.377,1600.055,1596.227,1596.287,5065100,644612096.0000
2026-07-30 10:55:00,1596.561,1596.561,1593.664,1593.664,3813800,509640704.0000
2026-07-30 10:56:00,1593.387,1593.387,1590.853,1590.853,5196700,692715520.0000
2026-07-30 10:57:00,1590.982,1590.982,1589.181,1589.270,4489600,680869888.0000
2026-07-30 10:58:00,1588.844,1589.499,1586.000,1586.457,4431000,712187904.0000
2026-07-30 10:59:00,1585.834,1589.505,1585.834,1588.058,4974700,634388480.0000
2026-07-30 11:00:00,1588.560,1589.441,1587.352,1588.954,4332900,482533376.0000
2026-07-30 11:01:00,1588.274,1588.274,1583.779,1583.779,5464900,588513280.0000
2026-07-30 11:02:00,1583.907,1586.702,1583.271,1583.462,4461600,546652160.0000
2026-07-30 11:03:00,1583.203,1589.718,1582.930,1589.056,4781700,608411648.0000
2026-07-30 11:04:00,1588.352,1588.352,1583.378,1586.785,3690500,492773376.0000
2026-07-30 11:05:00,1585.909,1586.977,1585.343,1585.890,2871700,382476288.0000
2026-07-30 11:06:00,1586.975,1589.078,1586.359,1589.078,3690900,434159616.0000
2026-07-30 11:07:00,1590.861,1598.492,1590.861,1598.184,4812100,547225600.0000
2026-07-30 11:08:00,1598.831,1598.831,1591.178,1591.416,4453200,502521856.0000
2026-07-30 11:09:00,1590.225,1590.277,1587.752,1588.158,3288800,390701056.0000
2026-07-30 11:10:00,1589.244,1590.927,1585.949,1586.795,3344600,514342912.0000
2026-07-30 11:11:00,1586.758,1590.633,1585.760,1586.120,2835700,421363712.0000
2026-07-30 11:12:00,1585.895,1587.266,1583.990,1584.299,6171000,511672320.0000
2026-07-30 11:13:00,1584.391,1586.299,1581.906,1581.906,4722800,576348160.0000
2026-07-30 11:14:00,1582.226,1585.478,1581.773,1582.663,4101800,509206528.0000
2026-07-30 11:15:00,1583.104,1583.104,1579.052,1580.730,4144200,514252800.0000
2026-07-30 11:16:00,1580.169,1582.844,1580.169,1580.427,3938600,422789120.0000
2026-07-30 11:17:00,1580.699,1583.874,1580.699,1581.192,2925200,352124928.0000
2026-07-30 11:18:00,1581.192,1583.853,1581.192,1582.145,3041200,331653120.0000
2026-07-30 11:19:00,1582.220,1582.220,1578.540,1578.600,4342500,416710656.0000
2026-07-30 11:20:00,1578.517,1578.517,1576.048,1576.084,5516600,704602112.0000
2026-07-30 11:21:00,1577.275,1579.334,1575.814,1576.145,5399800,498991104.0000
2026-07-30 11:22:00,1575.668,1575.668,1573.678,1574.374,6851500,578600960.0000
2026-07-30 11:23:00,1574.327,1575.410,1573.317,1575.312,4537800,540385280.0000
2026-07-30 11:24:00,1574.629,1582.929,1574.629,1582.929,5207700,567640064.0000
2026-07-30 11:25:00,1581.461,1581.797,1575.866,1575.866,4004200,398573568.0000
2026-07-30 11:26:00,1578.633,1580.252,1574.793,1574.793,5266500,427802624.0000
2026-07-30 11:27:00,1575.065,1575.577,1572.326,1573.754,5116400,538607616.0000
2026-07-30 11:28:00,1573.560,1573.560,1570.800,1571.373,4659800,609640448.0000
2026-07-30 11:29:00,1570.709,1574.000,1570.709,1571.780,5015600,499261440.0000
2026-07-30 11:30:00,1571.714,1574.059,1569.756,1572.252,4335600,542810112.0000
2026-07-30 13:01:00,1571.612,1571.612,1568.843,1569.106,10488300,1100398592.0000
2026-07-30 13:02:00,1568.177,1568.177,1563.963,1564.516,7052800,745496576.0000
2026-07-30 13:03:00,1564.658,1566.850,1564.009,1564.009,5051800,613212160.0000
2026-07-30 13:04:00,1564.361,1565.152,1562.058,1562.058,6473100,705060864.0000
2026-07-30 13:05:00,1561.996,1566.782,1561.996,1564.557,6741200,650346496.0000
2026-07-30 13:06:00,1564.426,1571.935,1564.426,1571.094,5077100,544702464.0000
2026-07-30 13:07:00,1571.811,1576.715,1571.811,1573.514,5757100,614547456.0000
2026-07-30 13:08:00,1572.830,1586.545,1572.830,1586.545,7329900,713072640.0000
2026-07-30 13:09:00,1587.526,1591.012,1587.029,1588.371,5982500,748339200.0000
2026-07-30 13:10:00,1587.169,1595.832,1587.169,1590.309,6752400,869031936.0000
2026-07-30 13:11:00,1590.938,1590.938,1585.693,1589.702,5431900,694722560.0000
2026-07-30 13:12:00,1589.169,1589.169,1580.580,1581.601,4218800,552558592.0000
2026-07-30 13:13:00,1583.505,1583.505,1576.944,1577.113,3800700,419250176.0000
2026-07-30 13:14:00,1576.491,1586.004,1576.491,1584.227,7668400,527998976.0000
2026-07-30 13:15:00,1584.395,1585.862,1581.503,1585.666,7081000,535437312.0000
2026-07-30 13:16:00,1585.776,1588.698,1583.325,1583.959,8548900,515383296.0000
2026-07-30 13:17:00,1583.843,1583.843,1578.333,1578.999,6658800,448987136.0000
2026-07-30 13:18:00,1579.554,1579.554,1574.293,1576.036,3974800,356835328.0000
2026-07-30 13:19:00,1575.946,1577.287,1572.085,1577.287,4943000,483639296.0000
2026-07-30 13:20:00,1578.141,1581.430,1577.310,1581.430,4763700,502079488.0000
2026-07-30 13:21:00,1581.298,1582.484,1578.248,1580.334,3799800,431333376.0000
2026-07-30 13:22:00,1581.099,1592.575,1581.099,1592.575,8945800,672137216.0000
2026-07-30 13:23:00,1592.914,1606.854,1592.914,1606.854,9593500,995647488.0000
2026-07-30 13:24:00,1607.773,1614.795,1607.773,1614.795,9967500,1291018240.0000
2026-07-30 13:25:00,1616.061,1617.578,1614.440,1615.522,8584900,924983296.0000
2026-07-30 13:26:00,1616.263,1622.446,1616.139,1621.038,9379100,1111285760.0000
2026-07-30 13:27:00,1619.931,1623.298,1614.339,1614.339,7317100,896008192.0000
2026-07-30 13:28:00,1614.340,1618.591,1611.775,1611.775,8848100,849707008.0000
2026-07-30 13:29:00,1610.246,1618.668,1609.226,1614.620,6815800,712531968.0000
2026-07-30 13:30:00,1614.899,1619.681,1614.182,1617.138,5812600,746422272.0000
2026-07-30 13:31:00,1616.366,1616.366,1610.002,1610.002,8030500,736747520.0000
2026-07-30 13:32:00,1609.377,1609.377,1602.647,1604.782,5446500,570400768.0000
2026-07-30 13:33:00,1605.459,1605.459,1600.450,1601.399,4545100,499007488.0000
2026-07-30 13:34:00,1602.190,1610.699,1602.190,1604.152,7940000,656351232.0000
2026-07-30 13:35:00,1603.498,1606.913,1602.164,1604.244,7485500,517652480.0000
2026-07-30 13:36:00,1603.828,1606.805,1602.772,1604.634,3118500,429531136.0000
2026-07-30 13:37:00,1604.948,1604.948,1599.183,1599.696,4609900,467574784.0000
2026-07-30 13:38:00,1598.722,1598.722,1593.529,1595.241,4832200,502202368.0000
2026-07-30 13:39:00,1595.393,1595.393,1589.607,1590.167,4112400,429539328.0000
2026-07-30 13:40:00,1591.233,1592.187,1588.878,1591.074,5192800,529604608.0000
2026-07-30 13:41:00,1590.488,1595.062,1590.210,1593.641,4912400,469524480.0000
2026-07-30 13:42:00,1593.198,1595.327,1591.150,1595.327,3992200,383492096.0000
2026-07-30 13:43:00,1594.766,1595.304,1593.545,1594.693,2761700,371564544.0000
2026-07-30 13:44:00,1596.010,1604.068,1596.010,1600.775,8392000,580395008.0000
2026-07-30 13:45:00,1601.678,1601.678,1598.234,1598.234,2607200,367460352.0000
2026-07-30 13:46:00,1600.412,1607.918,1600.412,1607.120,6667900,540639232.0000
2026-07-30 13:47:00,1607.561,1614.278,1607.561,1614.278,6866700,500678656.0000
2026-07-30 13:48:00,1614.822,1618.129,1613.859,1613.916,6224600,536592384.0000
2026-07-30 13:49:00,1613.477,1614.776,1611.009,1613.850,3220300,419676160.0000
2026-07-30 13:50:00,1612.464,1612.464,1605.796,1605.796,2385700,344481792.0000
2026-07-30 13:51:00,1606.789,1607.210,1603.026,1603.026,3820400,347717632.0000
2026-07-30 13:52:00,1601.917,1601.917,1599.019,1599.490,2851600,302252032.0000
2026-07-30 13:53:00,1599.572,1601.169,1599.364,1600.265,3147000,355753984.0000
2026-07-30 13:54:00,1601.796,1612.503,1601.796,1610.622,3780100,406904832.0000
2026-07-30 13:55:00,1610.057,1613.764,1610.057,1612.311,2646300,350838784.0000
2026-07-30 13:56:00,1611.804,1612.212,1607.541,1608.909,3228400,338665472.0000
2026-07-30 13:57:00,1608.569,1616.429,1608.569,1616.290,3896900,445808640.0000
2026-07-30 13:58:00,1615.813,1619.507,1614.918,1618.881,3422300,437665792.0000
2026-07-30 13:59:00,1618.480,1618.480,1613.335,1613.335,3061400,325754880.0000
2026-07-30 14:00:00,1613.205,1613.205,1610.363,1610.875,2904400,298401792.0000
2026-07-30 14:01:00,1610.858,1610.858,1604.521,1605.722,4251900,340516864.0000
2026-07-30 14:02:00,1606.032,1614.618,1605.298,1611.002,5503800,504758272.0000
2026-07-30 14:03:00,1611.707,1613.452,1611.007,1612.917,2434800,281690112.0000
2026-07-30 14:04:00,1612.866,1612.866,1608.454,1610.130,2190100,266428416.0000
2026-07-30 14:05:00,1610.322,1613.984,1610.322,1613.984,3025200,390905856.0000
2026-07-30 14:06:00,1615.539,1618.510,1615.539,1618.346,4418400,563437568.0000
2026-07-30 14:07:00,1618.404,1623.335,1618.404,1621.549,5614900,569270272.0000
2026-07-30 14:08:00,1622.012,1622.986,1621.643,1622.029,3804600,412352512.0000
2026-07-30 14:09:00,1621.462,1622.386,1615.873,1615.873,3710000,475373568.0000
2026-07-30 14:10:00,1616.373,1618.815,1614.204,1618.815,3211600,400490496.0000
2026-07-30 14:11:00,1618.441,1619.953,1616.459,1618.740,3061400,384352256.0000
2026-07-30 14:12:00,1617.960,1617.993,1612.603,1612.603,3051400,350994432.0000
2026-07-30 14:13:00,1612.787,1613.577,1609.905,1612.501,3326100,306888704.0000
2026-07-30 14:14:00,1612.261,1612.266,1608.715,1609.364,2636700,283000832.0000
2026-07-30 14:15:00,1609.548,1611.760,1609.548,1611.084,2550300,332521472.0000
2026-07-30 14:16:00,1611.037,1612.941,1610.248,1611.821,2786200,310927360.0000
2026-07-30 14:17:00,1611.382,1613.993,1610.856,1613.923,2166600,311017472.0000
2026-07-30 14:18:00,1614.055,1617.677,1614.055,1617.677,2914800,359194624.0000
2026-07-30 14:19:00,1618.239,1622.562,1617.997,1622.562,2879500,360775680.0000
2026-07-30 14:20:00,1622.457,1625.998,1622.457,1625.998,4700400,445456384.0000
2026-07-30 14:21:00,1626.676,1632.223,1626.676,1630.544,6519000,738574336.0000
2026-07-30 14:22:00,1631.163,1634.972,1631.163,1634.972,5868400,604807168.0000
2026-07-30 14:23:00,1634.765,1638.433,1634.614,1636.260,6596000,740286464.0000
2026-07-30 14:24:00,1635.968,1635.968,1629.751,1629.751,5157700,503373824.0000
2026-07-30 14:25:00,1630.020,1634.315,1629.474,1633.701,4258700,549208064.0000
2026-07-30 14:26:00,1633.421,1633.421,1629.658,1631.080,4548100,451919872.0000
2026-07-30 14:27:00,1630.646,1630.646,1623.618,1623.618,3642100,397451264.0000
2026-07-30 14:28:00,1623.387,1624.446,1621.873,1621.873,3630600,393551872.0000
2026-07-30 14:29:00,1621.834,1621.927,1619.243,1619.319,3008300,327852032.0000
2026-07-30 14:30:00,1619.891,1624.505,1619.758,1623.666,4336900,350322688.0000
2026-07-30 14:31:00,1623.141,1629.687,1623.141,1626.781,4765100,486129664.0000
2026-07-30 14:32:00,1627.915,1627.915,1626.077,1626.517,3512100,346357760.0000
2026-07-30 14:33:00,1626.083,1626.083,1620.388,1620.613,3953500,397590528.0000
2026-07-30 14:34:00,1621.020,1621.020,1616.483,1616.891,4910500,366043136.0000
2026-07-30 14:35:00,1616.415,1620.339,1614.785,1620.247,6194000,526934016.0000
2026-07-30 14:36:00,1620.401,1620.401,1613.915,1613.915,3576200,365199360.0000
2026-07-30 14:37:00,1613.967,1613.967,1609.129,1609.399,6584500,438779904.0000
2026-07-30 14:38:00,1608.991,1608.991,1606.303,1607.278,3993000,454361088.0000
2026-07-30 14:39:00,1607.076,1607.076,1603.775,1604.077,3718600,473628672.0000
2026-07-30 14:40:00,1604.491,1604.491,1603.111,1603.362,3427600,405651456.0000
2026-07-30 14:41:00,1603.254,1607.424,1603.254,1605.458,5094700,506511360.0000
2026-07-30 14:42:00,1604.932,1606.820,1604.932,1605.911,3306400,486752256.0000
2026-07-30 14:43:00,1605.286,1605.287,1601.273,1601.273,3379400,420954112.0000
2026-07-30 14:44:00,1601.086,1601.558,1600.459,1601.493,6353300,568066048.0000
2026-07-30 14:45:00,1601.141,1602.605,1600.177,1600.177,5465000,510033920.0000
2026-07-30 14:46:00,1599.956,1600.719,1599.813,1599.884,6214800,484655104.0000
2026-07-30 14:47:00,1599.525,1599.525,1596.786,1596.786,5952900,488128512.0000
2026-07-30 14:48:00,1596.628,1596.628,1591.985,1592.309,5906800,531709952.0000
2026-07-30 14:49:00,1592.099,1592.099,1588.850,1589.072,6709500,624377856.0000
2026-07-30 14:50:00,1588.567,1590.718,1588.533,1588.893,7432200,694222848.0000
2026-07-30 14:51:00,1588.698,1591.878,1588.619,1591.674,8044800,775700480.0000
2026-07-30 14:52:00,1591.109,1592.123,1590.887,1591.267,9764900,681820160.0000
2026-07-30 14:53:00,1591.151,1592.349,1590.907,1592.349,9945000,654868480.0000
2026-07-30 14:54:00,1591.900,1592.044,1589.211,1589.211,8835600,686292992.0000
2026-07-30 14:55:00,1588.983,1589.512,1586.476,1586.595,9481900,763592704.0000
2026-07-30 14:56:00,1585.936,1586.285,1584.099,1584.631,10348300,944144384.0000
2026-07-30 14:57:00,1584.953,1584.953,1581.505,1581.862,8957000,869761024.0000
2026-07-30 14:58:00,1581.572,1581.572,1581.162,1581.162,533300,67764224.0000
2026-07-30 15:00:00,1587.639,1588.415,1587.639,1588.415,13706000,1478754304.0000
2026-07-31 09:31:00,1721.355,1721.355,1710.356,1710.356,72668200,9459039232.0000
2026-07-31 09:32:00,1712.899,1712.899,1702.290,1706.337,48965200,6352610304.0000
2026-07-31 09:33:00,1707.441,1709.620,1702.331,1702.653,42900000,5490444288.0000
2026-07-31 09:34:00,1703.927,1707.422,1702.983,1704.420,33582400,3833800704.0000
2026-07-31 09:35:00,1703.047,1703.047,1699.647,1699.647,25397100,2969313280.0000
2026-07-31 09:36:00,1698.385,1698.385,1692.301,1692.301,23039300,2712598528.0000
2026-07-31 09:37:00,1692.175,1692.269,1686.075,1686.168,22182400,2615062528.0000
2026-07-31 09:38:00,1686.769,1696.286,1686.325,1696.286,18644300,2308696064.0000
2026-07-31 09:39:00,1697.773,1707.626,1697.773,1701.266,23258100,2545012736.0000
2026-07-31 09:40:00,1701.212,1708.091,1700.738,1707.973,17195800,2078355456.0000
2026-07-31 09:41:00,1707.509,1712.304,1706.852,1712.069,19248300,2137595904.0000
2026-07-31 09:42:00,1712.677,1712.677,1704.457,1707.023,24284500,2699603968.0000
2026-07-31 09:43:00,1708.098,1708.848,1701.183,1701.183,22925900,2232680448.0000
2026-07-31 09:44:00,1701.236,1701.273,1696.111,1698.283,15365700,1737756672.0000
2026-07-31 09:45:00,1698.754,1703.746,1695.680,1695.680,15710700,1726537728.0000
2026-07-31 09:46:00,1695.811,1706.296,1695.146,1706.173,15359200,1770270720.0000
2026-07-31 09:47:00,1704.623,1711.998,1704.589,1711.512,14446900,1681854464.0000
2026-07-31 09:48:00,1711.604,1711.674,1707.265,1711.216,13955100,1584640000.0000
2026-07-31 09:49:00,1712.219,1713.684,1710.714,1713.684,11091500,1285914624.0000
2026-07-31 09:50:00,1714.610,1714.909,1711.969,1713.728,12028600,1500192768.0000
2026-07-31 09:51:00,1714.320,1714.949,1711.296,1711.793,11264600,1329958912.0000
2026-07-31 09:52:00,1712.200,1715.294,1710.390,1712.593,10840300,1102168064.0000
2026-07-31 09:53:00,1714.393,1719.420,1714.393,1719.420,10916300,1218084864.0000
2026-07-31 09:54:00,1719.941,1721.984,1718.004,1718.175,11152300,1466249216.0000
2026-07-31 09:55:00,1717.781,1721.831,1716.255,1717.431,9076300,1169555456.0000
2026-07-31 09:56:00,1717.584,1720.640,1717.195,1720.640,7725400,861708288.0000
2026-07-31 09:57:00,1721.650,1725.854,1721.650,1722.552,10678500,1269301248.0000
2026-07-31 09:58:00,1724.202,1729.156,1724.156,1729.156,9792300,1151672320.0000
2026-07-31 09:59:00,1729.232,1731.206,1728.669,1730.719,9934200,1183535104.0000
2026-07-31 10:00:00,1730.958,1730.958,1725.818,1725.896,11293500,1403494400.0000
2026-07-31 10:01:00,1725.473,1726.139,1722.602,1722.602,8447600,1218994176.0000
2026-07-31 10:02:00,1722.147,1722.390,1717.410,1717.410,9090200,1079066624.0000
2026-07-31 10:03:00,1717.194,1717.194,1713.836,1715.873,8003300,986472448.0000
2026-07-31 10:04:00,1716.122,1716.155,1710.107,1711.419,9155400,1181188096.0000
2026-07-31 10:05:00,1712.439,1712.439,1705.224,1707.064,10967400,1095884800.0000
2026-07-31 10:06:00,1707.056,1714.100,1706.137,1712.914,8900700,911171584.0000
2026-07-31 10:07:00,1712.840,1715.243,1708.589,1708.589,6470200,856096768.0000
2026-07-31 10:08:00,1708.192,1708.192,1704.868,1706.329,7402000,860315648.0000
2026-07-31 10:09:00,1705.788,1705.823,1701.705,1702.184,6558100,920412160.0000
2026-07-31 10:10:00,1703.330,1705.496,1702.558,1702.840,5103700,722911232.0000
2026-07-31 10:11:00,1702.558,1706.154,1702.558,1704.800,5869200,765894656.0000
2026-07-31 10:12:00,1705.128,1706.642,1702.616,1706.642,5945700,684179456.0000
2026-07-31 10:13:00,1706.611,1707.553,1698.991,1698.991,12925600,771989504.0000
2026-07-31 10:14:00,1698.975,1699.297,1695.366,1696.753,8622600,836124672.0000
2026-07-31 10:15:00,1696.343,1696.343,1691.949,1691.949,7503600,861323264.0000
2026-07-31 10:16:00,1691.576,1692.150,1689.726,1691.457,8740300,931397632.0000
2026-07-31 10:17:00,1691.909,1692.725,1687.645,1688.304,8017000,969113600.0000
2026-07-31 10:18:00,1687.828,1688.190,1686.088,1688.190,6108400,801259520.0000
2026-07-31 10:19:00,1687.900,1687.900,1683.865,1685.597,9049500,963657728.0000
2026-07-31 10:20:00,1685.630,1692.256,1685.630,1692.256,6297500,618487808.0000
2026-07-31 10:21:00,1691.252,1698.959,1689.391,1698.959,7074200,809148416.0000
2026-07-31 10:22:00,1698.410,1698.410,1693.788,1693.788,5950400,680566784.0000
2026-07-31 10:23:00,1692.883,1692.883,1685.741,1687.120,7692100,894926848.0000
2026-07-31 10:24:00,1686.641,1686.641,1680.816,1680.816,5975800,801456128.0000
2026-07-31 10:25:00,1681.010,1683.533,1680.364,1681.396,7083100,776962048.0000
2026-07-31 10:26:00,1680.667,1688.809,1680.641,1687.992,7486200,750673920.0000
2026-07-31 10:27:00,1688.003,1688.433,1683.243,1683.412,4510100,585007104.0000
2026-07-31 10:28:00,1684.720,1688.118,1682.267,1688.118,5358900,719626240.0000
2026-07-31 10:29:00,1688.054,1691.962,1688.054,1689.958,4011100,524517376.0000
2026-07-31 10:30:00,1690.584,1691.332,1685.699,1685.699,4300900,535273472.0000
2026-07-31 10:31:00,1685.766,1686.587,1682.414,1682.414,4196900,524615680.0000
2026-07-31 10:32:00,1682.212,1683.997,1680.700,1681.279,5446300,578043904.0000
2026-07-31 10:33:00,1680.964,1680.964,1677.882,1679.577,4989000,610082816.0000
2026-07-31 10:34:00,1679.122,1680.834,1675.653,1680.834,6182500,723296256.0000
2026-07-31 10:35:00,1681.114,1681.418,1676.719,1681.418,5489300,440467456.0000
2026-07-31 10:36:00,1680.586,1685.682,1680.586,1685.682,4274300,471187456.0000
2026-07-31 10:37:00,1685.788,1686.206,1680.624,1681.459,4203800,539123712.0000
2026-07-31 10:38:00,1681.499,1681.499,1675.792,1675.792,3818400,442810368.0000
2026-07-31 10:39:00,1675.259,1675.368,1673.464,1674.065,5674800,482041856.0000
2026-07-31 10:40:00,1674.344,1675.251,1673.031,1675.251,4203800,424771584.0000
2026-07-31 10:41:00,1674.857,1681.924,1674.303,1681.845,3787400,438755328.0000
2026-07-31 10:42:00,1681.325,1681.325,1677.743,1678.463,3199000,389808128.0000
2026-07-31 10:43:00,1678.432,1681.234,1678.269,1680.630,3591100,428736512.0000
2026-07-31 10:44:00,1681.106,1687.497,1681.086,1687.497,4537300,447119360.0000
2026-07-31 10:45:00,1688.048,1688.453,1685.716,1686.726,3786000,489988096.0000
2026-07-31 10:46:00,1686.033,1691.158,1685.341,1690.044,4018400,512868352.0000
2026-07-31 10:47:00,1690.064,1690.064,1685.643,1688.237,4065700,442859520.0000
2026-07-31 10:48:00,1688.084,1689.547,1686.715,1686.715,3396500,410476544.0000
2026-07-31 10:49:00,1685.802,1685.802,1680.674,1681.524,3323900,405495808.0000
2026-07-31 10:50:00,1681.762,1681.762,1677.698,1677.698,4941600,446717952.0000
2026-07-31 10:51:00,1677.561,1678.691,1675.779,1678.105,6463600,609181696.0000
2026-07-31 10:52:00,1678.046,1679.739,1677.289,1678.286,3313000,405733376.0000
2026-07-31 10:53:00,1678.593,1681.974,1678.593,1681.974,3311500,336150528.0000
2026-07-31 10:54:00,1682.793,1686.000,1681.958,1683.808,3459000,411033600.0000
2026-07-31 10:55:00,1683.537,1686.031,1683.339,1686.031,3043500,366452736.0000
2026-07-31 10:56:00,1685.796,1690.329,1685.720,1688.385,3432800,366772224.0000
2026-07-31 10:57:00,1688.984,1692.595,1688.599,1691.302,3291400,450977792.0000
2026-07-31 10:58:00,1691.018,1691.047,1689.226,1689.640,3033200,329531392.0000
2026-07-31 10:59:00,1689.241,1689.241,1685.287,1686.633,4091300,378159104.0000
2026-07-31 11:00:00,1687.156,1687.156,1684.768,1685.063,3577500,419282944.0000
2026-07-31 11:01:00,1684.841,1684.841,1681.382,1681.399,2967300,360194048.0000
2026-07-31 11:02:00,1681.024,1681.776,1679.587,1680.826,4218300,452567040.0000
2026-07-31 11:03:00,1680.282,1681.288,1679.628,1680.283,3327100,418045952.0000
2026-07-31 11:04:00,1679.981,1679.981,1676.868,1678.511,5194400,700858368.0000
2026-07-31 11:05:00,1678.132,1678.375,1675.823,1675.823,3203500,441630720.0000
2026-07-31 11:06:00,1675.232,1676.434,1673.979,1675.145,3790900,562143232.0000
2026-07-31 11:07:00,1675.130,1676.102,1672.734,1675.766,3809900,435994624.0000
2026-07-31 11:08:00,1675.578,1675.721,1671.319,1671.319,3908100,353361920.0000
2026-07-31 11:09:00,1671.561,1673.516,1671.561,1672.519,2798700,292077568.0000
2026-07-31 11:10:00,1672.299,1672.299,1669.188,1669.193,3360400,403480576.0000
2026-07-31 11:11:00,1668.741,1670.385,1668.342,1670.385,4451500,372293632.0000
2026-07-31 11:12:00,1670.086,1671.424,1669.679,1669.679,2956800,297033728.0000
2026-07-31 11:13:00,1669.911,1669.911,1667.401,1668.005,3633000,353181696.0000
2026-07-31 11:14:00,1668.342,1668.342,1662.826,1662.826,4071000,397025280.0000
2026-07-31 11:15:00,1662.757,1665.240,1662.497,1663.967,4376100,492560384.0000
2026-07-31 11:16:00,1663.574,1666.752,1663.505,1666.752,2994700,337305600.0000
2026-07-31 11:17:00,1667.705,1674.142,1667.705,1674.142,2841000,353787904.0000
2026-07-31 11:18:00,1674.529,1677.971,1673.553,1674.575,3335900,387383296.0000
2026-07-31 11:19:00,1674.553,1674.553,1670.865,1671.432,2144200,261783552.0000
2026-07-31 11:20:00,1671.440,1678.179,1669.833,1678.174,3260500,332013568.0000
2026-07-31 11:21:00,1678.604,1682.025,1677.753,1681.561,3179000,333578240.0000
2026-07-31 11:22:00,1681.445,1683.454,1679.654,1683.302,2747800,295927808.0000
2026-07-31 11:23:00,1683.231,1685.662,1681.287,1682.787,2703200,381763584.0000
2026-07-31 11:24:00,1683.294,1683.373,1677.506,1678.319,2606400,291741696.0000
2026-07-31 11:25:00,1678.066,1678.184,1673.123,1673.286,2828800,242130944.0000
2026-07-31 11:26:00,1673.038,1674.462,1671.993,1673.259,2174400,239542272.0000
2026-07-31 11:27:00,1673.185,1676.840,1673.185,1676.840,1970300,175374336.0000
2026-07-31 11:28:00,1676.749,1682.607,1676.102,1681.848,2207700,274538496.0000
2026-07-31 11:29:00,1681.778,1683.169,1681.284,1682.827,2040700,254132224.0000
2026-07-31 11:30:00,1682.287,1683.020,1680.297,1682.275,2439700,291815424.0000
2026-07-31 13:01:00,1683.840,1692.357,1683.753,1683.753,10714300,1083711488.0000
2026-07-31 13:02:00,1683.021,1684.004,1681.459,1683.231,3791800,533749760.0000
2026-07-31 13:03:00,1681.832,1681.832,1678.493,1678.624,3145900,391495680.0000
2026-07-31 13:04:00,1678.575,1679.882,1676.714,1679.213,3695700,375734272.0000
2026-07-31 13:05:00,1679.703,1682.968,1678.360,1682.572,2789900,319447040.0000
2026-07-31 13:06:00,1682.721,1687.032,1682.721,1685.051,3186400,378699776.0000
2026-07-31 13:07:00,1684.960,1685.967,1682.217,1683.612,2939200,355393536.0000
2026-07-31 13:08:00,1684.220,1684.580,1678.470,1678.519,2717700,361299968.0000
2026-07-31 13:09:00,1678.437,1678.814,1676.840,1676.840,2254100,258228224.0000
2026-07-31 13:10:00,1677.012,1677.935,1674.304,1674.304,2405700,301727744.0000
2026-07-31 13:11:00,1674.666,1676.242,1674.594,1675.843,1976500,230866944.0000
2026-07-31 13:12:00,1676.233,1676.617,1674.926,1675.720,2464900,284622848.0000
2026-07-31 13:13:00,1676.069,1677.779,1674.312,1677.779,2393200,281870336.0000
2026-07-31 13:14:00,1677.825,1679.737,1677.743,1679.580,2446800,264339456.0000
2026-07-31 13:15:00,1679.615,1682.324,1679.013,1682.152,1915700,247087104.0000
2026-07-31 13:16:00,1681.852,1684.670,1681.310,1684.013,2425000,353091584.0000
2026-07-31 13:17:00,1685.184,1692.177,1684.944,1692.177,3798300,446480384.0000
2026-07-31 13:18:00,1691.935,1693.681,1690.733,1692.320,4109400,508731392.0000
2026-07-31 13:19:00,1692.104,1692.104,1689.004,1689.920,5365500,467173376.0000
2026-07-31 13:20:00,1690.715,1691.595,1689.348,1691.002,2639700,370958336.0000
2026-07-31 13:21:00,1691.473,1696.771,1691.473,1696.771,3005300,421978112.0000
2026-07-31 13:22:00,1697.193,1698.296,1695.898,1696.121,5232600,593207296.0000
2026-07-31 13:23:00,1695.881,1695.881,1693.792,1693.912,3197200,392790016.0000
2026-07-31 13:24:00,1693.978,1694.938,1692.132,1692.201,2863700,360505344.0000
2026-07-31 13:25:00,1691.746,1691.746,1688.054,1688.054,2763600,312369152.0000
2026-07-31 13:26:00,1687.841,1688.065,1685.864,1686.868,2272900,286883840.0000
2026-07-31 13:27:00,1686.884,1686.884,1683.802,1685.042,2549200,312934400.0000
2026-07-31 13:28:00,1685.238,1685.238,1680.605,1680.685,3247200,355786752.0000
2026-07-31 13:29:00,1681.380,1683.891,1680.771,1683.891,2573300,307208192.0000
2026-07-31 13:30:00,1684.351,1687.397,1684.084,1685.999,2383500,330203136.0000
2026-07-31 13:31:00,1685.936,1685.936,1681.252,1681.252,2846700,328286208.0000
2026-07-31 13:32:00,1681.265,1684.100,1681.199,1682.846,2895900,255172608.0000
2026-07-31 13:33:00,1682.738,1683.260,1681.321,1681.321,1793000,177414144.0000
2026-07-31 13:34:00,1680.425,1682.545,1679.589,1682.330,2541300,264568832.0000
2026-07-31 13:35:00,1683.921,1684.092,1680.081,1680.129,2889500,275275776.0000
2026-07-31 13:36:00,1680.082,1680.082,1677.990,1679.341,3110400,325255168.0000
2026-07-31 13:37:00,1678.517,1679.407,1676.614,1677.042,2686000,251961344.0000
2026-07-31 13:38:00,1677.010,1677.734,1675.724,1676.392,2284000,258113536.0000
2026-07-31 13:39:00,1677.144,1677.178,1675.164,1675.164,2500700,281157632.0000
2026-07-31 13:40:00,1675.374,1676.699,1675.374,1676.083,2012500,211681280.0000
2026-07-31 13:41:00,1676.562,1676.562,1675.225,1675.544,2147300,201392128.0000
2026-07-31 13:42:00,1675.315,1677.096,1674.911,1676.240,2707000,277610496.0000
2026-07-31 13:43:00,1675.995,1675.995,1673.930,1674.713,2575700,275742720.0000
2026-07-31 13:44:00,1675.565,1676.120,1675.029,1675.550,1608900,182755328.0000
2026-07-31 13:45:00,1675.281,1675.953,1673.497,1673.868,1751000,223166464.0000
2026-07-31 13:46:00,1673.659,1673.949,1672.343,1673.949,2716500,259153920.0000
2026-07-31 13:47:00,1674.058,1674.058,1670.447,1670.614,3370000,338223104.0000
2026-07-31 13:48:00,1670.239,1672.384,1670.239,1670.727,2085900,214458368.0000
2026-07-31 13:49:00,1670.573,1671.709,1670.465,1671.709,1737300,186105856.0000
2026-07-31 13:50:00,1671.994,1674.528,1671.129,1674.301,2325200,226017280.0000
2026-07-31 13:51:00,1673.578,1673.678,1671.549,1671.795,2484300,254320640.0000
2026-07-31 13:52:00,1671.657,1672.941,1670.607,1670.789,1938500,213909504.0000
2026-07-31 13:53:00,1670.473,1670.516,1668.655,1669.688,1950000,242728960.0000
2026-07-31 13:54:00,1669.485,1669.485,1668.201,1669.131,2747200,228851712.0000
2026-07-31 13:55:00,1669.531,1669.992,1668.004,1668.004,2084900,204275712.0000
2026-07-31 13:56:00,1668.948,1668.948,1667.538,1667.797,2407400,244662272.0000
2026-07-31 13:57:00,1667.646,1668.043,1665.929,1666.119,3525900,324730880.0000
2026-07-31 13:58:00,1665.699,1665.812,1664.630,1665.244,4601900,338427904.0000
2026-07-31 13:59:00,1665.234,1667.425,1664.595,1667.105,3484700,252624896.0000
2026-07-31 14:00:00,1667.596,1668.475,1667.009,1667.704,1600400,214089728.0000
2026-07-31 14:01:00,1667.718,1672.986,1667.718,1672.986,3144100,314064896.0000
2026-07-31 14:02:00,1672.938,1673.521,1671.296,1671.296,4907500,280412160.0000
2026-07-31 14:03:00,1671.000,1671.275,1668.782,1668.994,3416700,203309056.0000
2026-07-31 14:04:00,1669.217,1669.217,1666.843,1668.628,3409300,228737024.0000
2026-07-31 14:05:00,1669.276,1669.641,1667.151,1667.472,2434900,224575488.0000
2026-07-31 14:06:00,1667.353,1667.605,1665.132,1665.201,2430800,218873856.0000
2026-07-31 14:07:00,1665.184,1667.328,1664.406,1666.631,2428400,275021824.0000
2026-07-31 14:08:00,1666.216,1666.216,1664.183,1664.210,1554100,210403328.0000
2026-07-31 14:09:00,1664.141,1665.507,1663.406,1663.925,2848800,334708736.0000
2026-07-31 14:10:00,1663.671,1663.966,1662.723,1662.936,2556800,265650176.0000
2026-07-31 14:11:00,1663.045,1663.045,1661.198,1661.198,2688700,310984704.0000
2026-07-31 14:12:00,1661.267,1661.368,1658.930,1658.930,3414700,347717632.0000
2026-07-31 14:13:00,1658.934,1662.061,1658.881,1660.541,2427500,302825472.0000
2026-07-31 14:14:00,1660.585,1662.681,1660.330,1662.459,2273000,247021568.0000
2026-07-31 14:15:00,1661.820,1662.600,1660.760,1662.600,2355300,260653056.0000
2026-07-31 14:16:00,1662.205,1662.417,1659.372,1659.372,3483200,298762240.0000
2026-07-31 14:17:00,1659.563,1661.125,1659.563,1660.749,2250600,279822336.0000
2026-07-31 14:18:00,1660.774,1660.866,1659.876,1660.343,1895800,195887104.0000
2026-07-31 14:19:00,1660.524,1660.579,1659.127,1659.998,2207600,250265600.0000
2026-07-31 14:20:00,1660.104,1660.469,1659.353,1659.425,2302700,228130816.0000
2026-07-31 14:21:00,1659.228,1659.443,1657.943,1658.181,2418500,255213568.0000
2026-07-31 14:22:00,1658.256,1658.433,1656.849,1656.849,2537800,310394880.0000
2026-07-31 14:23:00,1657.300,1660.588,1656.642,1660.210,3038800,348127232.0000
2026-07-31 14:24:00,1659.943,1659.943,1658.314,1659.152,3031700,279789568.0000
2026-07-31 14:25:00,1659.440,1664.273,1659.440,1664.273,3700600,389660672.0000
2026-07-31 14:26:00,1664.522,1664.956,1663.629,1663.629,3930100,334544896.0000
2026-07-31 14:27:00,1663.387,1663.567,1662.821,1663.163,2935200,217366528.0000
2026-07-31 14:28:00,1663.212,1664.931,1662.391,1664.931,3187200,273121280.0000
2026-07-31 14:29:00,1665.118,1669.533,1665.080,1669.176,3473300,353632256.0000
2026-07-31 14:30:00,1668.955,1669.705,1668.651,1669.307,2405300,250789888.0000
2026-07-31 14:31:00,1669.158,1669.158,1664.874,1665.029,4662800,404439040.0000
2026-07-31 14:32:00,1665.002,1665.002,1659.192,1659.192,5387100,392216576.0000
2026-07-31 14:33:00,1659.337,1659.337,1657.957,1658.308,3509400,364003328.0000
2026-07-31 14:34:00,1657.954,1659.304,1657.954,1658.454,3334000,358236160.0000
2026-07-31 14:35:00,1658.909,1659.905,1658.744,1658.775,3297800,330645504.0000
2026-07-31 14:36:00,1658.715,1660.654,1658.643,1659.904,3491800,371408896.0000
2026-07-31 14:37:00,1659.716,1659.716,1656.710,1656.814,3310500,302923776.0000
2026-07-31 14:38:00,1656.740,1656.801,1655.818,1656.130,3571500,420052992.0000
2026-07-31 14:39:00,1656.451,1657.836,1656.451,1657.321,2933300,385368064.0000
2026-07-31 14:40:00,1657.372,1657.411,1654.907,1654.907,3448800,355172352.0000
2026-07-31 14:41:00,1654.564,1654.564,1651.326,1651.326,6945800,529465344.0000
2026-07-31 14:42:00,1651.285,1651.285,1647.420,1647.420,4677600,523812864.0000
2026-07-31 14:43:00,1647.629,1648.791,1645.875,1648.768,5748900,660439040.0000
2026-07-31 14:44:00,1648.683,1648.683,1644.993,1644.993,4895100,490110976.0000
2026-07-31 14:45:00,1644.946,1645.067,1642.203,1643.496,7530100,683311104.0000
2026-07-31 14:46:00,1643.510,1643.510,1641.363,1641.363,4910000,484327424.0000
2026-07-31 14:47:00,1641.443,1641.443,1639.772,1639.772,6338200,598736896.0000
2026-07-31 14:48:00,1639.845,1643.486,1639.845,1643.486,5718100,677773312.0000
2026-07-31 14:49:00,1643.521,1644.219,1641.922,1642.442,5121000,520781824.0000
2026-07-31 14:50:00,1642.199,1642.311,1638.022,1638.572,7258300,604127232.0000
2026-07-31 14:51:00,1638.425,1638.425,1635.685,1636.213,6178300,535003136.0000
2026-07-31 14:52:00,1636.901,1638.213,1636.901,1637.235,5737700,617349120.0000
2026-07-31 14:53:00,1637.342,1640.218,1637.075,1639.662,7542100,675119104.0000
2026-07-31 14:54:00,1639.866,1641.314,1639.410,1641.114,5998900,567377920.0000
2026-07-31 14:55:00,1640.942,1640.942,1638.561,1638.598,7307300,585334784.0000
2026-07-31 14:56:00,1638.403,1640.040,1638.403,1638.668,8151700,743309312.0000
2026-07-31 14:57:00,1639.108,1639.108,1637.171,1637.171,8525300,753483776.0000
2026-07-31 14:58:00,1637.463,1637.523,1637.463,1637.523,238700,48693248.0000
2026-07-31 15:00:00,1637.012,1637.012,1635.962,1635.962,13979900,1181401088.0000
2026-08-03 09:31:00,1619.294,1621.993,1603.601,1603.601,34163100,3443226880.0000
2026-08-03 09:32:00,1603.739,1611.764,1603.739,1610.122,27509800,2960693504.0000
2026-08-03 09:33:00,1609.723,1613.734,1608.993,1609.586,17387100,1925351424.0000
2026-08-03 09:34:00,1609.022,1615.398,1609.022,1613.752,14128600,1741029888.0000
2026-08-03 09:35:00,1613.341,1617.928,1611.382,1613.886,14879600,1654587392.0000
2026-08-03 09:36:00,1612.502,1616.014,1610.823,1610.823,17063700,1939792896.0000
2026-08-03 09:37:00,1610.257,1613.764,1610.257,1612.802,15624900,1689567232.0000
2026-08-03 09:38:00,1612.843,1615.269,1601.871,1601.871,15546000,1806504960.0000
2026-08-03 09:39:00,1601.005,1601.438,1597.592,1600.417,19040600,2136284160.0000
2026-08-03 09:40:00,1598.545,1598.545,1588.470,1588.478,15233500,1937952768.0000
2026-08-03 09:41:00,1588.216,1588.911,1584.366,1584.366,13805400,1746857984.0000
2026-08-03 09:42:00,1583.945,1589.970,1580.966,1589.819,16741000,2008489984.0000
2026-08-03 09:43:00,1590.385,1592.722,1585.310,1592.722,12765300,1536073728.0000
2026-08-03 09:44:00,1593.250,1593.871,1584.943,1584.943,11476100,1363773440.0000
2026-08-03 09:45:00,1584.546,1584.568,1578.018,1578.616,12873400,1463580672.0000
2026-08-03 09:46:00,1578.514,1578.835,1575.569,1575.761,14623200,1425817600.0000
2026-08-03 09:47:00,1575.190,1575.875,1570.345,1574.298,14946000,1381722112.0000
2026-08-03 09:48:00,1573.185,1577.311,1572.354,1574.645,9998700,1236396032.0000
2026-08-03 09:49:00,1574.521,1577.281,1573.247,1576.968,9492100,1092210688.0000
2026-08-03 09:50:00,1575.675,1582.777,1575.675,1581.506,9268900,1057320960.0000
2026-08-03 09:51:00,1581.557,1581.557,1574.736,1575.139,8456600,948568064.0000
2026-08-03 09:52:00,1574.132,1584.842,1573.606,1580.181,10587300,991715328.0000
2026-08-03 09:53:00,1579.589,1580.917,1572.155,1572.155,10430200,1025130496.0000
2026-08-03 09:54:00,1571.725,1571.725,1569.774,1570.401,9461500,878948352.0000
2026-08-03 09:55:00,1569.698,1576.930,1568.411,1576.930,9429300,1004191744.0000
2026-08-03 09:56:00,1576.216,1586.611,1576.216,1584.513,8094600,936050688.0000
2026-08-03 09:57:00,1583.354,1585.068,1578.379,1578.379,8214300,729288704.0000
2026-08-03 09:58:00,1578.037,1580.544,1574.405,1574.405,9855000,749875200.0000
2026-08-03 09:59:00,1574.073,1576.553,1572.392,1572.392,7638500,762847232.0000
2026-08-03 10:00:00,1572.244,1576.871,1571.915,1576.416,6523100,727969792.0000
2026-08-03 10:01:00,1576.959,1584.860,1576.440,1581.076,7407400,796405760.0000
2026-08-03 10:02:00,1580.722,1580.722,1574.046,1575.420,8860700,683315200.0000
2026-08-03 10:03:00,1575.913,1581.315,1575.913,1580.751,5456200,638521344.0000
2026-08-03 10:04:00,1581.031,1583.284,1579.089,1581.725,5648200,709083136.0000
2026-08-03 10:05:00,1583.285,1584.061,1578.242,1580.823,7983800,736583680.0000
2026-08-03 10:06:00,1580.675,1586.755,1580.675,1586.755,6169100,585080832.0000
2026-08-03 10:07:00,1586.941,1588.347,1584.385,1584.385,7502400,575201280.0000
2026-08-03 10:08:00,1583.966,1584.529,1579.371,1579.969,7275800,596238336.0000
2026-08-03 10:09:00,1579.956,1581.646,1578.312,1581.136,6999300,589873152.0000
2026-08-03 10:10:00,1580.667,1580.667,1576.754,1576.767,6923000,681558016.0000
2026-08-03 10:11:00,1577.964,1581.954,1577.964,1581.384,7981900,707026944.0000
2026-08-03 10:12:00,1581.173,1581.269,1577.225,1577.786,5948900,608112640.0000
2026-08-03 10:13:00,1578.415,1580.533,1575.889,1575.889,7454400,638291968.0000
2026-08-03 10:14:00,1576.869,1581.449,1575.556,1581.145,6198000,591261696.0000
2026-08-03 10:15:00,1580.785,1586.220,1578.466,1584.712,6924300,583675904.0000
2026-08-03 10:16:00,1584.947,1585.152,1577.553,1577.806,5611500,521240576.0000
2026-08-03 10:17:00,1577.709,1578.151,1573.170,1573.233,7385900,559468544.0000
2026-08-03 10:18:00,1573.482,1574.919,1572.712,1573.308,6510100,634277888.0000
2026-08-03 10:19:00,1573.041,1573.325,1570.206,1571.080,8773200,674021376.0000
2026-08-03 10:20:00,1572.344,1572.344,1568.940,1571.807,7640500,720695296.0000
2026-08-03 10:21:00,1571.826,1581.720,1571.787,1580.337,10149300,665333760.0000
2026-08-03 10:22:00,1580.255,1580.255,1574.547,1574.547,5843000,493625344.0000
2026-08-03 10:23:00,1574.656,1574.656,1570.728,1572.845,4931500,507899904.0000
2026-08-03 10:24:00,1573.181,1573.181,1568.990,1570.245,4983700,521850880.0000
2026-08-03 10:25:00,1569.927,1570.230,1568.172,1568.218,5816700,573165568.0000
2026-08-03 10:26:00,1567.784,1569.592,1566.781,1566.906,5868900,608563200.0000
2026-08-03 10:27:00,1566.693,1569.056,1566.552,1568.556,5463100,569929728.0000
2026-08-03 10:28:00,1568.192,1571.136,1568.192,1569.455,4389300,446689280.0000
2026-08-03 10:29:00,1569.826,1569.826,1565.827,1566.098,4030200,530497536.0000
2026-08-03 10:30:00,1566.477,1567.001,1564.822,1565.561,3985800,515416064.0000
2026-08-03 10:31:00,1565.479,1569.027,1565.479,1568.496,5442900,699367424.0000
2026-08-03 10:32:00,1568.316,1568.604,1565.883,1566.468,4501000,492630016.0000
2026-08-03 10:33:00,1566.136,1570.520,1565.666,1568.181,5816500,551211008.0000
2026-08-03 10:34:00,1568.178,1572.115,1567.173,1572.115,5048500,532934656.0000
2026-08-03 10:35:00,1573.550,1575.328,1571.930,1575.328,5187700,449695744.0000
2026-08-03 10:36:00,1575.236,1576.941,1572.858,1575.674,4306300,455200768.0000
2026-08-03 10:37:00,1575.317,1581.927,1575.317,1581.927,6024200,512843776.0000
2026-08-03 10:38:00,1581.910,1583.827,1581.910,1582.506,5035900,561037312.0000
2026-08-03 10:39:00,1581.992,1582.085,1577.284,1577.284,4967500,453591040.0000
2026-08-03 10:40:00,1576.590,1577.096,1575.010,1576.318,4208100,390316032.0000
2026-08-03 10:41:00,1575.903,1577.156,1572.786,1575.314,4112000,503164928.0000
2026-08-03 10:42:00,1575.957,1576.872,1573.525,1576.872,4221600,432955392.0000
2026-08-03 10:43:00,1578.080,1584.735,1578.080,1584.735,4118600,453480448.0000
2026-08-03 10:44:00,1584.659,1587.486,1584.312,1584.312,3621000,402391040.0000
2026-08-03 10:45:00,1584.407,1584.407,1581.618,1582.713,3021500,267649024.0000
2026-08-03 10:46:00,1581.934,1581.934,1579.645,1580.326,4258200,327049216.0000
2026-08-03 10:47:00,1581.152,1584.702,1577.624,1578.040,5194800,386220032.0000
2026-08-03 10:48:00,1578.459,1578.566,1574.359,1575.207,3258500,329973760.0000
2026-08-03 10:49:00,1575.019,1575.019,1571.119,1571.252,3920600,360194048.0000
2026-08-03 10:50:00,1571.395,1571.395,1568.709,1568.709,4432100,356032512.0000
2026-08-03 10:51:00,1569.332,1571.156,1568.005,1570.266,4353700,378396672.0000
2026-08-03 10:52:00,1570.960,1571.330,1569.584,1570.121,2526200,252157952.0000
2026-08-03 10:53:00,1570.134,1576.062,1569.916,1575.460,3998400,317661184.0000
2026-08-03 10:54:00,1575.484,1577.142,1574.348,1574.685,2941300,286998528.0000
2026-08-03 10:55:00,1574.848,1575.262,1572.051,1574.462,2698800,294723584.0000
2026-08-03 10:56:00,1574.634,1574.634,1573.516,1573.516,2237400,231391232.0000
2026-08-03 10:57:00,1573.392,1574.839,1571.881,1574.839,3246300,327106560.0000
2026-08-03 10:58:00,1574.542,1582.170,1574.542,1581.489,4646700,313245696.0000
2026-08-03 10:59:00,1581.764,1585.559,1581.464,1584.638,3223800,404750336.0000
2026-08-03 11:00:00,1584.751,1585.042,1581.917,1582.417,3551900,373776384.0000
2026-08-03 11:01:00,1582.824,1589.045,1582.824,1589.045,3334500,395943936.0000
2026-08-03 11:02:00,1589.242,1591.897,1588.650,1589.023,3846400,522559488.0000
2026-08-03 11:03:00,1588.305,1590.710,1586.165,1586.896,4160000,430080000.0000
2026-08-03 11:04:00,1586.558,1586.558,1582.378,1582.378,3835600,365420544.0000
2026-08-03 11:05:00,1582.013,1582.714,1580.523,1580.523,2483500,249831424.0000
2026-08-03 11:06:00,1579.948,1580.463,1576.283,1580.463,3960400,360128512.0000
2026-08-03 11:07:00,1580.172,1580.172,1574.931,1574.931,3321300,232570880.0000
2026-08-03 11:08:00,1574.972,1575.378,1574.153,1574.893,2149700,237215744.0000
2026-08-03 11:09:00,1574.704,1577.378,1573.924,1573.924,2945700,276103168.0000
2026-08-03 11:10:00,1573.691,1573.691,1571.269,1572.191,2517700,260800512.0000
2026-08-03 11:11:00,1572.258,1574.106,1570.672,1573.921,4407000,406913024.0000
2026-08-03 11:12:00,1574.466,1574.466,1570.310,1570.310,2480900,270745600.0000
2026-08-03 11:13:00,1570.366,1571.598,1569.756,1570.636,2361500,214384640.0000
2026-08-03 11:14:00,1570.511,1574.234,1570.511,1574.234,2003700,256163840.0000
2026-08-03 11:15:00,1574.423,1574.423,1571.656,1571.656,1749300,188768256.0000
2026-08-03 11:16:00,1571.516,1573.269,1570.215,1570.215,3017700,289398784.0000
2026-08-03 11:17:00,1570.907,1574.648,1570.553,1572.412,3849400,296222720.0000
2026-08-03 11:18:00,1572.859,1574.779,1571.643,1571.643,1785000,201195520.0000
2026-08-03 11:19:00,1571.082,1574.050,1570.654,1574.050,2554900,214908928.0000
2026-08-03 11:20:00,1575.575,1576.466,1574.030,1574.309,2829800,242188288.0000
2026-08-03 11:21:00,1575.205,1575.788,1573.819,1573.819,1989200,222945280.0000
2026-08-03 11:22:00,1573.827,1573.827,1570.811,1571.926,2190200,240214016.0000
2026-08-03 11:23:00,1571.763,1572.407,1570.521,1572.403,2069900,193724416.0000
2026-08-03 11:24:00,1572.624,1576.884,1572.074,1575.248,2115000,259981312.0000
2026-08-03 11:25:00,1575.432,1578.612,1575.432,1577.407,2424500,293150720.0000
2026-08-03 11:26:00,1577.119,1580.820,1576.706,1579.214,2832400,382664704.0000
2026-08-03 11:27:00,1578.663,1578.663,1573.420,1573.420,2085800,263282688.0000
2026-08-03 11:28:00,1573.166,1574.743,1571.320,1574.743,2205400,259948544.0000
2026-08-03 11:29:00,1575.353,1576.934,1575.170,1575.575,2044400,250503168.0000
2026-08-03 11:30:00,1575.671,1578.644,1575.008,1575.008,2074200,259112960.0000
2026-08-03 13:01:00,1575.488,1580.474,1575.392,1578.415,5461100,571949056.0000
2026-08-03 13:02:00,1578.882,1580.183,1576.637,1576.637,2692300,345743360.0000
2026-08-03 13:03:00,1576.888,1580.350,1576.888,1580.350,2938800,340615168.0000
2026-08-03 13:04:00,1580.314,1581.631,1579.296,1579.296,4173200,327671808.0000
2026-08-03 13:05:00,1579.711,1581.424,1579.209,1579.209,4015900,320053248.0000
2026-08-03 13:06:00,1578.834,1579.167,1575.736,1575.867,2715300,287260672.0000
2026-08-03 13:07:00,1575.865,1577.843,1575.865,1576.577,2876100,236478464.0000
2026-08-03 13:08:00,1576.119,1576.119,1572.695,1572.695,2429800,296747008.0000
2026-08-03 13:09:00,1572.679,1572.679,1569.468,1570.157,3647600,444211200.0000
2026-08-03 13:10:00,1570.272,1572.485,1569.666,1571.798,3450300,353206272.0000
2026-08-03 13:11:00,1570.875,1572.387,1569.609,1571.875,2505800,310157312.0000
2026-08-03 13:12:00,1571.761,1571.761,1569.323,1569.989,2425600,237076480.0000
2026-08-03 13:13:00,1569.706,1573.036,1569.361,1573.036,2173500,235298816.0000
2026-08-03 13:14:00,1572.526,1573.396,1571.715,1572.013,1564700,161619968.0000
2026-08-03 13:15:00,1571.200,1571.676,1570.161,1570.244,2509100,205701120.0000
2026-08-03 13:16:00,1569.721,1571.851,1569.060,1571.118,3160200,270204928.0000
2026-08-03 13:17:00,1570.946,1570.946,1570.000,1570.884,2047100,177405952.0000
2026-08-03 13:18:00,1570.916,1571.509,1568.547,1569.403,3257500,252420096.0000
2026-08-03 13:19:00,1569.272,1569.272,1568.520,1568.741,1722800,223166464.0000
2026-08-03 13:20:00,1568.459,1570.202,1568.084,1568.125,3506000,220372992.0000
2026-08-03 13:21:00,1568.722,1568.990,1567.079,1567.650,3227100,319037440.0000
2026-08-03 13:22:00,1567.855,1569.464,1567.399,1569.338,2519200,277471232.0000
2026-08-03 13:23:00,1569.137,1569.424,1567.573,1568.361,1873200,165502976.0000
2026-08-03 13:24:00,1568.196,1569.959,1567.851,1569.481,1804400,183427072.0000
2026-08-03 13:25:00,1568.961,1570.363,1567.942,1567.942,1938900,233308160.0000
2026-08-03 13:26:00,1568.601,1569.597,1567.818,1567.843,2514700,231735296.0000
2026-08-03 13:27:00,1567.540,1568.734,1565.986,1566.184,2594600,323248128.0000
2026-08-03 13:28:00,1566.040,1566.257,1565.379,1565.379,3487900,298975232.0000
2026-08-03 13:29:00,1565.382,1566.039,1564.995,1565.563,5381700,284139520.0000
2026-08-03 13:30:00,1565.629,1565.786,1565.011,1565.359,1902900,210108416.0000
2026-08-03 13:31:00,1565.267,1566.003,1564.952,1565.224,2909900,255696896.0000
2026-08-03 13:32:00,1565.282,1565.386,1564.118,1564.322,3197000,374751232.0000
2026-08-03 13:33:00,1564.276,1564.276,1563.134,1564.203,4357100,389677056.0000
2026-08-03 13:34:00,1564.131,1564.219,1563.245,1563.772,3153500,353173504.0000
2026-08-03 13:35:00,1563.527,1564.931,1563.396,1563.807,2806800,312901632.0000
2026-08-03 13:36:00,1564.277,1564.277,1562.905,1563.615,3204500,398024704.0000
2026-08-03 13:37:00,1563.521,1564.400,1562.949,1563.700,2843900,343695360.0000
2026-08-03 13:38:00,1563.727,1565.834,1563.727,1565.781,2403900,320552960.0000
2026-08-03 13:39:00,1565.428,1565.569,1563.951,1564.260,2090400,223674368.0000
2026-08-03 13:40:00,1564.417,1564.895,1563.292,1563.926,2732000,259399680.0000
2026-08-03 13:41:00,1563.648,1565.177,1563.090,1564.996,2769800,364183552.0000
2026-08-03 13:42:00,1564.646,1564.713,1562.950,1563.258,1918800,263798784.0000
2026-08-03 13:43:00,1563.730,1565.091,1563.578,1564.546,2746900,283353088.0000
2026-08-03 13:44:00,1564.644,1566.383,1564.084,1565.648,2120500,264904704.0000
2026-08-03 13:45:00,1565.406,1566.004,1563.343,1564.324,2814200,246095872.0000
2026-08-03 13:46:00,1564.325,1564.325,1563.406,1563.880,2366900,228745216.0000
2026-08-03 13:47:00,1563.899,1564.775,1563.249,1564.574,2706700,277807104.0000
2026-08-03 13:48:00,1564.350,1564.350,1563.187,1563.698,2657900,232423424.0000
2026-08-03 13:49:00,1563.502,1564.871,1563.131,1563.823,2525000,242958336.0000
2026-08-03 13:50:00,1563.772,1564.083,1563.050,1563.957,2270600,233472000.0000
2026-08-03 13:51:00,1563.736,1565.341,1563.054,1564.237,2151600,211206144.0000
2026-08-03 13:52:00,1564.091,1564.553,1563.294,1564.067,4303700,199917568.0000
2026-08-03 13:53:00,1563.825,1565.686,1563.395,1565.095,5668700,266813440.0000
2026-08-03 13:54:00,1565.624,1565.624,1563.555,1563.555,5706100,240943104.0000
2026-08-03 13:55:00,1563.446,1564.783,1563.048,1563.483,4002000,267657216.0000
2026-08-03 13:56:00,1563.584,1563.898,1563.353,1563.738,3485300,239067136.0000
2026-08-03 13:57:00,1563.254,1564.625,1563.101,1563.160,2519500,264159232.0000
2026-08-03 13:58:00,1563.423,1564.054,1561.954,1562.136,4047500,331456512.0000
2026-08-03 13:59:00,1562.022,1562.178,1560.487,1560.487,3243900,426188800.0000
2026-08-03 14:00:00,1560.982,1561.166,1559.084,1559.084,3441500,404709376.0000
2026-08-03 14:01:00,1560.500,1560.843,1559.226,1559.607,4777200,473088000.0000
2026-08-03 14:02:00,1559.335,1559.565,1558.283,1559.371,4256400,354672640.0000
2026-08-03 14:03:00,1559.262,1559.314,1558.418,1558.799,4785400,265682944.0000
2026-08-03 14:04:00,1558.636,1558.707,1557.701,1557.784,4271300,347848704.0000
2026-08-03 14:05:00,1557.091,1557.627,1555.711,1555.850,3302100,377495552.0000
2026-08-03 14:06:00,1555.746,1555.802,1554.844,1555.597,2953900,411820032.0000
2026-08-03 14:07:00,1555.294,1555.294,1553.796,1553.901,3470600,346324992.0000
2026-08-03 14:08:00,1553.787,1554.344,1551.450,1551.450,3838300,493813760.0000
2026-08-03 14:09:00,1550.850,1552.005,1550.318,1550.457,4706200,592994304.0000
2026-08-03 14:10:00,1550.412,1550.955,1549.739,1550.161,5304000,447455232.0000
2026-08-03 14:11:00,1551.574,1554.984,1551.574,1554.964,4362000,501014528.0000
2026-08-03 14:12:00,1555.888,1557.315,1555.248,1556.700,3917300,328851456.0000
2026-08-03 14:13:00,1558.056,1558.056,1555.481,1555.513,2589200,290521088.0000
2026-08-03 14:14:00,1555.730,1562.101,1555.730,1561.968,4017700,416079872.0000
2026-08-03 14:15:00,1561.211,1561.211,1559.354,1560.581,2677100,329220096.0000
2026-08-03 14:16:00,1561.415,1561.415,1556.485,1556.485,3432600,350199808.0000
2026-08-03 14:17:00,1556.474,1556.474,1554.712,1554.712,2465200,279388160.0000
2026-08-03 14:18:00,1555.221,1557.225,1555.002,1556.404,3062400,269959168.0000
2026-08-03 14:19:00,1556.340,1556.703,1555.424,1555.558,1989500,239247360.0000
2026-08-03 14:20:00,1555.301,1555.307,1554.372,1554.950,2324100,274620416.0000
2026-08-03 14:21:00,1555.367,1555.829,1555.038,1555.759,2528500,266141696.0000
2026-08-03 14:22:00,1555.409,1557.777,1554.897,1557.046,3186400,333144064.0000
2026-08-03 14:23:00,1556.868,1564.666,1556.868,1564.666,4154200,400891904.0000
2026-08-03 14:24:00,1564.578,1564.901,1563.657,1563.657,2909000,339353600.0000
2026-08-03 14:25:00,1563.909,1569.045,1563.888,1567.500,3939700,428023808.0000
2026-08-03 14:26:00,1567.985,1568.846,1566.758,1566.758,3757400,363028480.0000
2026-08-03 14:27:00,1566.246,1567.166,1564.097,1564.223,3307000,334544896.0000
2026-08-03 14:28:00,1563.774,1566.160,1563.578,1565.346,2449600,265691136.0000
2026-08-03 14:29:00,1565.290,1565.290,1563.302,1563.302,2386200,226230272.0000
2026-08-03 14:30:00,1563.020,1563.182,1560.051,1560.051,2941300,276750336.0000
2026-08-03 14:31:00,1560.485,1562.606,1560.008,1562.033,3936200,332922880.0000
2026-08-03 14:32:00,1562.352,1562.352,1559.849,1559.849,3611100,291774464.0000
2026-08-03 14:33:00,1559.830,1559.830,1555.867,1555.867,3869300,336068608.0000
2026-08-03 14:34:00,1555.898,1557.206,1554.468,1557.206,4045100,376619008.0000
2026-08-03 14:35:00,1557.358,1557.358,1554.698,1555.049,3663300,271523840.0000
2026-08-03 14:36:00,1555.198,1558.118,1554.700,1554.700,4975200,419880960.0000
2026-08-03 14:37:00,1554.787,1555.900,1553.755,1555.900,4533100,336150528.0000
2026-08-03 14:38:00,1554.966,1555.186,1553.604,1553.873,3363800,350527488.0000
2026-08-03 14:39:00,1553.677,1553.881,1552.554,1552.554,4007300,472842240.0000
2026-08-03 14:40:00,1552.606,1552.606,1551.257,1551.667,4324700,486014976.0000
2026-08-03 14:41:00,1551.558,1552.770,1551.504,1551.698,4150100,488988672.0000
2026-08-03 14:42:00,1551.907,1551.990,1550.620,1551.990,4259500,450265088.0000
2026-08-03 14:43:00,1552.170,1552.659,1551.144,1551.566,4101900,372449280.0000
2026-08-03 14:44:00,1551.809,1552.826,1550.883,1550.883,3678200,400269312.0000
2026-08-03 14:45:00,1550.884,1551.979,1550.884,1551.828,3381400,354353152.0000
2026-08-03 14:46:00,1551.472,1552.034,1550.709,1552.034,4722900,471703552.0000
2026-08-03 14:47:00,1552.174,1552.174,1550.971,1552.049,4211500,421675008.0000
2026-08-03 14:48:00,1552.056,1552.270,1550.902,1550.902,4602500,408035328.0000
2026-08-03 14:49:00,1551.029,1551.377,1550.239,1550.239,4951900,458539008.0000
2026-08-03 14:50:00,1550.647,1551.449,1550.288,1550.747,5513200,580280320.0000
2026-08-03 14:51:00,1550.886,1552.949,1550.749,1551.875,6915200,650256384.0000
2026-08-03 14:52:00,1552.198,1554.001,1551.822,1552.692,8333600,586178560.0000
2026-08-03 14:53:00,1552.777,1553.058,1552.005,1552.005,5564500,501415936.0000
2026-08-03 14:54:00,1552.109,1552.422,1551.357,1552.001,5196100,532037632.0000
2026-08-03 14:55:00,1552.051,1552.051,1551.301,1551.463,5191200,547012608.0000
2026-08-03 14:56:00,1551.319,1551.319,1550.307,1550.863,7142600,757350400.0000
2026-08-03 14:57:00,1550.717,1550.717,1549.789,1550.275,7824900,714227712.0000
2026-08-03 14:58:00,1550.472,1550.472,1550.120,1550.120,349000,31498240.0000
2026-08-03 15:00:00,1552.112,1552.890,1552.112,1552.890,12213600,1219969024.0000
2026-08-04 09:31:00,1569.623,1571.834,1557.035,1557.035,26827400,3254467584.0000
2026-08-04 09:32:00,1556.816,1563.506,1556.816,1561.667,19712600,2212242432.0000
2026-08-04 09:33:00,1562.517,1562.517,1556.955,1558.111,13124300,1525112832.0000
2026-08-04 09:34:00,1557.922,1560.044,1556.112,1557.653,11150500,1348806656.0000
2026-08-04 09:35:00,1557.463,1559.031,1556.151,1558.961,10887900,1174540288.0000
2026-08-04 09:36:00,1559.984,1568.428,1559.984,1567.514,15825800,1524856832.0000
2026-08-04 09:37:00,1567.230,1574.106,1566.697,1573.570,13671900,1585955840.0000
2026-08-04 09:38:00,1573.793,1577.735,1573.793,1574.284,11780600,1513213952.0000
2026-08-04 09:39:00,1573.773,1573.773,1568.346,1570.756,9918800,1276055552.0000
2026-08-04 09:40:00,1570.314,1572.613,1568.633,1571.990,10343700,1034872832.0000
2026-08-04 09:41:00,1572.031,1574.708,1567.878,1568.754,11773300,1198756864.0000
2026-08-04 09:42:00,1570.190,1570.190,1567.134,1570.145,9025200,929605632.0000
2026-08-04 09:43:00,1570.127,1576.252,1570.127,1575.988,7740700,932126720.0000
2026-08-04 09:44:00,1575.912,1578.148,1575.763,1576.396,9775700,1050138624.0000
2026-08-04 09:45:00,1576.332,1576.332,1574.379,1574.463,8904000,936095744.0000
2026-08-04 09:46:00,1574.629,1576.523,1571.630,1571.630,9096600,1034680320.0000
2026-08-04 09:47:00,1572.077,1578.574,1572.077,1578.199,8489400,1009604608.0000
2026-08-04 09:48:00,1578.861,1584.619,1578.861,1584.619,10297400,1306492928.0000
2026-08-04 09:49:00,1584.775,1587.434,1584.775,1585.960,10163600,1152856064.0000
2026-08-04 09:50:00,1585.196,1587.540,1584.053,1585.743,7838600,944889856.0000
2026-08-04 09:51:00,1585.980,1591.364,1585.980,1591.364,8077000,940689408.0000
2026-08-04 09:52:00,1591.513,1591.690,1589.445,1589.445,8437400,1095262208.0000
2026-08-04 09:53:00,1589.257,1590.029,1587.791,1588.319,6129400,854183936.0000
2026-08-04 09:54:00,1588.057,1591.984,1588.009,1590.427,8607700,1110048768.0000
2026-08-04 09:55:00,1590.875,1594.212,1590.799,1594.212,8166900,1095174144.0000
2026-08-04 09:56:00,1594.314,1595.076,1593.691,1594.262,11297400,946907136.0000
2026-08-04 09:57:00,1594.169,1595.356,1592.584,1594.612,9425500,891267072.0000
2026-08-04 09:58:00,1594.910,1599.673,1594.910,1599.673,9950800,1152438272.0000
2026-08-04 09:59:00,1599.934,1600.936,1599.427,1599.923,12255200,1049440256.0000
2026-08-04 10:00:00,1600.571,1601.239,1593.701,1593.701,11223700,1161699328.0000
2026-08-04 10:01:00,1593.124,1593.183,1588.029,1588.262,8780500,1080565760.0000
2026-08-04 10:02:00,1587.905,1588.023,1584.068,1586.926,8860400,918245376.0000
2026-08-04 10:03:00,1586.518,1586.846,1584.637,1584.637,6486700,741736448.0000
2026-08-04 10:04:00,1584.573,1588.048,1583.445,1586.653,8766800,770199552.0000
2026-08-04 10:05:00,1586.652,1586.652,1581.601,1583.556,5821900,744296448.0000
2026-08-04 10:06:00,1583.268,1583.268,1578.872,1579.257,6456400,732430336.0000
2026-08-04 10:07:00,1579.161,1582.462,1577.016,1581.118,5728800,746192896.0000
2026-08-04 10:08:00,1580.410,1582.492,1578.218,1582.338,4880900,537960448.0000
2026-08-04 10:09:00,1582.681,1586.337,1582.681,1583.455,7516600,594427904.0000
2026-08-04 10:10:00,1583.522,1585.201,1582.663,1582.814,4056600,438374400.0000
2026-08-04 10:11:00,1582.419,1582.419,1577.369,1577.369,4759600,502280192.0000
2026-08-04 10:12:00,1577.439,1577.439,1573.858,1575.008,7192200,717410304.0000
2026-08-04 10:13:00,1574.914,1579.287,1574.914,1574.978,5574500,646512640.0000
2026-08-04 10:14:00,1575.595,1576.752,1574.737,1576.537,4312600,585375744.0000
2026-08-04 10:15:00,1575.984,1576.413,1573.641,1576.413,4304600,526032896.0000
2026-08-04 10:16:00,1576.203,1579.769,1575.633,1579.769,3031400,371216384.0000
2026-08-04 10:17:00,1580.062,1580.684,1576.713,1577.210,4014500,415272960.0000
2026-08-04 10:18:00,1577.233,1577.233,1574.009,1575.382,3705800,421613568.0000
2026-08-04 10:19:00,1575.288,1579.527,1575.123,1579.443,2906800,317612032.0000
2026-08-04 10:20:00,1578.412,1583.139,1577.977,1582.928,4523600,488542208.0000
2026-08-04 10:21:00,1583.101,1585.425,1582.194,1582.654,4086100,448192512.0000
2026-08-04 10:22:00,1582.511,1582.511,1576.132,1576.132,3373500,405688320.0000
2026-08-04 10:23:00,1575.902,1577.493,1575.288,1575.969,3579800,383721472.0000
2026-08-04 10:24:00,1576.321,1576.929,1575.382,1576.349,2764100,314605568.0000
2026-08-04 10:25:00,1576.638,1577.275,1573.832,1573.832,3214100,375037952.0000
2026-08-04 10:26:00,1573.460,1573.460,1570.996,1571.419,3434300,429330432.0000
2026-08-04 10:27:00,1572.299,1575.870,1572.299,1575.870,3661600,423079936.0000
2026-08-04 10:28:00,1576.361,1578.691,1576.328,1578.263,2398600,343060480.0000
2026-08-04 10:29:00,1578.484,1580.596,1577.725,1578.848,2356000,286609408.0000
2026-08-04 10:30:00,1577.611,1577.787,1576.127,1576.393,2297400,298782720.0000
2026-08-04 10:31:00,1576.468,1579.219,1575.966,1579.219,2937500,276152320.0000
2026-08-04 10:32:00,1579.328,1582.499,1579.328,1581.165,3467100,379953152.0000
2026-08-04 10:33:00,1581.195,1581.289,1578.614,1579.571,2314200,299491328.0000
2026-08-04 10:34:00,1579.488,1579.488,1577.174,1577.174,2580800,284184576.0000
2026-08-04 10:35:00,1577.141,1579.130,1577.141,1578.428,2006700,267636736.0000
2026-08-04 10:36:00,1578.240,1581.274,1577.953,1581.274,2444000,288374784.0000
2026-08-04 10:37:00,1581.677,1586.183,1581.677,1584.538,4267300,519913472.0000
2026-08-04 10:38:00,1584.326,1587.431,1584.326,1586.963,3284800,390840320.0000
2026-08-04 10:39:00,1587.126,1588.171,1587.126,1587.807,3581900,358424576.0000
2026-08-04 10:40:00,1588.068,1589.292,1588.068,1588.482,3999600,438091776.0000
2026-08-04 10:41:00,1588.666,1591.668,1588.666,1590.632,4464900,474427392.0000
2026-08-04 10:42:00,1589.984,1589.984,1585.756,1585.914,2958700,371531776.0000
2026-08-04 10:43:00,1586.012,1587.036,1583.741,1585.384,3421800,442904576.0000
2026-08-04 10:44:00,1585.366,1585.943,1584.863,1585.543,2562100,302198784.0000
2026-08-04 10:45:00,1586.446,1587.525,1586.168,1586.168,2806600,351309824.0000
2026-08-04 10:46:00,1586.549,1587.873,1586.513,1586.513,3497700,350294016.0000
2026-08-04 10:47:00,1585.913,1589.479,1585.913,1588.624,2864000,362631168.0000
2026-08-04 10:48:00,1588.378,1589.874,1587.959,1589.699,2210100,260333568.0000
2026-08-04 10:49:00,1589.784,1591.472,1589.510,1590.730,2882900,286355456.0000
2026-08-04 10:50:00,1591.117,1591.290,1587.562,1587.562,3365100,424534016.0000
2026-08-04 10:51:00,1587.437,1587.437,1584.420,1584.780,3366300,346165248.0000
2026-08-04 10:52:00,1584.846,1584.846,1583.228,1583.228,2551600,276635648.0000
2026-08-04 10:53:00,1582.729,1583.640,1580.901,1580.901,3071000,367861760.0000
2026-08-04 10:54:00,1580.767,1582.866,1580.767,1582.805,2072200,238792704.0000
2026-08-04 10:55:00,1582.521,1582.673,1581.046,1581.046,2208000,216670208.0000
2026-08-04 10:56:00,1580.891,1582.995,1580.891,1581.851,1918300,220426240.0000
2026-08-04 10:57:00,1581.757,1583.095,1580.279,1582.904,2568900,287756288.0000
2026-08-04 10:58:00,1583.107,1584.967,1582.327,1584.967,2623200,259371008.0000
2026-08-04 10:59:00,1584.910,1585.234,1581.171,1581.171,2291900,250073088.0000
2026-08-04 11:00:00,1581.036,1581.036,1579.833,1580.272,2935400,274087936.0000
2026-08-04 11:01:00,1580.209,1580.381,1579.036,1579.036,2863600,325906432.0000
2026-08-04 11:02:00,1578.703,1578.703,1576.943,1576.943,2982200,434995200.0000
2026-08-04 11:03:00,1576.989,1576.989,1575.068,1575.251,2506500,351252480.0000
2026-08-04 11:04:00,1575.184,1576.197,1574.475,1575.747,2104900,271683584.0000
2026-08-04 11:05:00,1575.505,1575.505,1574.338,1574.574,1556100,295194624.0000
2026-08-04 11:06:00,1574.548,1575.685,1574.548,1575.658,1484700,190124032.0000
2026-08-04 11:07:00,1575.442,1577.097,1574.810,1576.615,1933800,282157056.0000
2026-08-04 11:08:00,1576.923,1580.136,1576.923,1580.136,1462000,179171328.0000
2026-08-04 11:09:00,1579.988,1583.362,1579.864,1583.286,2648900,266739712.0000
2026-08-04 11:10:00,1583.615,1584.390,1581.591,1584.390,2472700,244420608.0000
2026-08-04 11:11:00,1584.406,1585.946,1584.406,1585.946,2123800,246833152.0000
2026-08-04 11:12:00,1586.608,1586.608,1584.635,1584.994,2191300,246276096.0000
2026-08-04 11:13:00,1584.451,1584.451,1582.328,1582.940,1790800,187289600.0000
2026-08-04 11:14:00,1582.751,1584.309,1582.751,1583.956,1381400,160096256.0000
2026-08-04 11:15:00,1584.059,1586.303,1583.962,1585.978,1766100,197009408.0000
2026-08-04 11:16:00,1586.094,1588.476,1586.094,1587.474,3073900,292216832.0000
2026-08-04 11:17:00,1587.236,1587.236,1584.964,1585.108,2605200,217927680.0000
2026-08-04 11:18:00,1584.663,1585.882,1584.531,1584.676,2128600,210997248.0000
2026-08-04 11:19:00,1584.631,1586.287,1584.329,1586.005,1754800,202293248.0000
2026-08-04 11:20:00,1586.117,1588.494,1586.012,1588.208,1689700,216150016.0000
2026-08-04 11:21:00,1588.464,1589.917,1588.464,1589.467,2294200,312987648.0000
2026-08-04 11:22:00,1589.529,1591.622,1589.502,1591.622,3188700,380149760.0000
2026-08-04 11:23:00,1591.582,1591.685,1590.142,1591.617,2953900,342548480.0000
2026-08-04 11:24:00,1591.625,1591.847,1589.194,1589.591,2613700,319938560.0000
2026-08-04 11:25:00,1589.935,1591.694,1589.935,1591.288,2185600,301842432.0000
2026-08-04 11:26:00,1591.035,1593.452,1591.035,1593.308,3231700,381919232.0000
2026-08-04 11:27:00,1593.357,1594.788,1592.269,1594.788,3194400,390430720.0000
2026-08-04 11:28:00,1594.633,1595.262,1594.211,1595.262,2538600,308215808.0000
2026-08-04 11:29:00,1594.971,1597.652,1594.971,1597.652,3660000,422363136.0000
2026-08-04 11:30:00,1598.282,1600.767,1598.133,1598.133,5668900,602005504.0000
2026-08-04 13:01:00,1599.623,1605.056,1599.623,1605.056,13782000,1515528192.0000
2026-08-04 13:02:00,1605.535,1605.535,1603.318,1604.065,5983200,780189696.0000
2026-08-04 13:03:00,1604.668,1605.169,1603.315,1604.850,5580800,625934336.0000
2026-08-04 13:04:00,1605.017,1608.311,1605.017,1608.311,5171000,593387520.0000
2026-08-04 13:05:00,1608.292,1608.292,1605.733,1605.982,5951000,655097856.0000
2026-08-04 13:06:00,1605.880,1605.880,1602.840,1604.708,6231800,629080064.0000
2026-08-04 13:07:00,1605.261,1605.261,1603.533,1605.055,4636700,526450688.0000
2026-08-04 13:08:00,1605.517,1607.151,1605.205,1606.039,4638800,568672256.0000
2026-08-04 13:09:00,1606.505,1607.421,1605.882,1607.421,3964900,503676928.0000
2026-08-04 13:10:00,1607.834,1608.931,1605.586,1605.586,5317100,652492800.0000
2026-08-04 13:11:00,1605.789,1605.789,1601.717,1601.717,3666700,535363584.0000
2026-08-04 13:12:00,1602.037,1605.731,1602.037,1603.428,4414200,519733248.0000
2026-08-04 13:13:00,1603.297,1603.297,1599.510,1599.893,3670300,469688320.0000
2026-08-04 13:14:00,1600.018,1601.402,1598.923,1600.487,3568400,401358848.0000
2026-08-04 13:15:00,1600.249,1603.918,1599.336,1603.918,3460600,316891136.0000
2026-08-04 13:16:00,1604.042,1605.658,1603.402,1605.013,4228800,459800576.0000
2026-08-04 13:17:00,1605.644,1606.666,1604.283,1604.283,3611500,443752448.0000
2026-08-04 13:18:00,1603.872,1604.265,1602.494,1604.265,3622800,433127424.0000
2026-08-04 13:19:00,1604.804,1605.360,1601.799,1601.799,3227300,403496960.0000
2026-08-04 13:20:00,1602.040,1602.102,1598.563,1599.338,3778100,395608064.0000
2026-08-04 13:21:00,1599.552,1601.395,1598.345,1601.289,2658700,309026816.0000
2026-08-04 13:22:00,1601.557,1603.526,1601.315,1603.046,2784300,359481344.0000
2026-08-04 13:23:00,1602.254,1603.677,1601.554,1603.677,2862100,399171584.0000
2026-08-04 13:24:00,1603.482,1606.462,1603.482,1606.462,3739000,361390080.0000
2026-08-04 13:25:00,1606.491,1606.809,1604.247,1605.391,3778300,472932352.0000
2026-08-04 13:26:00,1605.561,1609.102,1605.520,1609.069,4930000,478732288.0000
2026-08-04 13:27:00,1609.344,1612.093,1609.151,1612.093,7637400,752402432.0000
2026-08-04 13:28:00,1611.895,1612.268,1611.302,1611.885,4604600,585031680.0000
2026-08-04 13:29:00,1611.941,1613.186,1611.941,1612.569,4495000,551518208.0000
2026-08-04 13:30:00,1612.014,1616.162,1611.878,1616.162,4627600,563052544.0000
2026-08-04 13:31:00,1616.459,1619.682,1616.459,1619.682,6775100,922492928.0000
2026-08-04 13:32:00,1619.796,1624.419,1619.796,1623.867,7114100,935845888.0000
2026-08-04 13:33:00,1624.552,1626.054,1624.003,1624.003,8646300,1064108032.0000
2026-08-04 13:34:00,1624.076,1625.075,1623.265,1623.499,5699400,761020416.0000
2026-08-04 13:35:00,1623.206,1624.895,1623.206,1624.642,5147100,615325696.0000
2026-08-04 13:36:00,1624.733,1625.289,1620.870,1622.865,5186200,673882112.0000
2026-08-04 13:37:00,1622.633,1624.481,1621.920,1624.291,3247900,409067520.0000
2026-08-04 13:38:00,1624.034,1625.834,1624.034,1625.834,4663000,454901760.0000
2026-08-04 13:39:00,1626.299,1629.814,1626.299,1629.814,5713600,583393280.0000
2026-08-04 13:40:00,1629.821,1629.821,1628.010,1628.351,5055200,666558464.0000
2026-08-04 13:41:00,1628.395,1629.603,1627.928,1628.330,3195400,491020288.0000
2026-08-04 13:42:00,1628.236,1628.600,1626.500,1628.600,3911800,443891712.0000
2026-08-04 13:43:00,1628.856,1628.856,1624.731,1625.030,4500300,509616128.0000
2026-08-04 13:44:00,1624.955,1625.444,1624.143,1624.380,2838800,369844224.0000
2026-08-04 13:45:00,1624.681,1628.151,1624.655,1627.374,4253900,422608896.0000
2026-08-04 13:46:00,1627.586,1629.588,1627.586,1629.588,3777400,416243712.0000
2026-08-04 13:47:00,1629.474,1630.302,1627.415,1628.209,4613600,503046144.0000
2026-08-04 13:48:00,1628.418,1629.305,1628.418,1628.650,2941500,319496192.0000
2026-08-04 13:49:00,1627.491,1630.684,1627.491,1629.817,3454000,379617280.0000
2026-08-04 13:50:00,1630.023,1630.023,1626.284,1626.284,3463700,427499520.0000
2026-08-04 13:51:00,1626.172,1626.588,1624.891,1626.342,3414700,382746624.0000
2026-08-04 13:52:00,1626.604,1626.604,1622.029,1622.330,3666300,464404480.0000
2026-08-04 13:53:00,1622.148,1626.816,1622.148,1626.816,3179200,383033344.0000
2026-08-04 13:54:00,1626.557,1627.484,1626.479,1626.994,2426400,286064640.0000
2026-08-04 13:55:00,1627.150,1627.797,1625.095,1625.181,2928600,413278208.0000
2026-08-04 13:56:00,1625.190,1625.190,1623.677,1623.677,2559000,294699008.0000
2026-08-04 13:57:00,1623.402,1625.693,1623.354,1625.693,2356100,280338432.0000
2026-08-04 13:58:00,1625.631,1625.631,1622.950,1622.950,2314200,291160064.0000
2026-08-04 13:59:00,1623.026,1625.565,1623.026,1625.565,2427000,291938304.0000
2026-08-04 14:00:00,1625.294,1627.444,1625.294,1626.690,2682400,293347328.0000
2026-08-04 14:01:00,1627.182,1629.568,1626.851,1629.568,5663000,457850880.0000
2026-08-04 14:02:00,1629.674,1630.848,1629.338,1630.647,5557200,560046080.0000
2026-08-04 14:03:00,1630.830,1631.012,1628.827,1629.619,3281800,461611008.0000
2026-08-04 14:04:00,1629.370,1629.708,1627.298,1627.964,2882400,344727552.0000
2026-08-04 14:05:00,1627.951,1629.119,1627.470,1629.108,2721100,298123264.0000
2026-08-04 14:06:00,1629.482,1629.482,1627.120,1627.304,2752200,346873856.0000
2026-08-04 14:07:00,1627.259,1628.488,1626.757,1628.488,1973500,217096192.0000
2026-08-04 14:08:00,1628.351,1630.218,1628.150,1629.409,3366800,342728704.0000
2026-08-04 14:09:00,1629.243,1630.294,1629.178,1629.922,2425500,273809408.0000
2026-08-04 14:10:00,1630.115,1630.889,1630.026,1630.551,2383400,369541120.0000
2026-08-04 14:11:00,1630.546,1630.785,1629.177,1629.722,2769900,315604992.0000
2026-08-04 14:12:00,1629.857,1630.650,1629.675,1630.396,1794800,259948544.0000
2026-08-04 14:13:00,1630.601,1630.601,1628.009,1628.238,3388700,347766784.0000
2026-08-04 14:14:00,1628.398,1630.294,1628.398,1629.702,2983300,333332480.0000
2026-08-04 14:15:00,1630.008,1630.008,1623.661,1623.661,4535100,462651392.0000
2026-08-04 14:16:00,1623.246,1623.246,1619.214,1619.214,5347500,555401216.0000
2026-08-04 14:17:00,1618.987,1621.011,1618.739,1618.739,6962600,568590336.0000
2026-08-04 14:18:00,1618.321,1619.887,1618.321,1619.429,4387000,403054592.0000
2026-08-04 14:19:00,1619.421,1619.454,1616.151,1616.151,4439900,441098240.0000
2026-08-04 14:20:00,1616.092,1617.586,1616.092,1617.357,3788200,444342272.0000
2026-08-04 14:21:00,1617.468,1619.465,1617.468,1618.396,3300200,361201664.0000
2026-08-04 14:22:00,1618.300,1619.413,1616.130,1616.130,2747900,377921536.0000
2026-08-04 14:23:00,1616.477,1616.531,1616.165,1616.177,2429300,309616640.0000
2026-08-04 14:24:00,1616.129,1617.892,1616.129,1616.786,2714800,313573376.0000
2026-08-04 14:25:00,1617.085,1619.852,1617.085,1619.852,3020000,291307520.0000
2026-08-04 14:26:00,1619.871,1621.090,1619.855,1621.027,2837300,283574272.0000
2026-08-04 14:27:00,1621.337,1622.404,1620.410,1620.410,2467900,261316608.0000
2026-08-04 14:28:00,1620.145,1623.100,1620.087,1623.100,2235800,262070272.0000
2026-08-04 14:29:00,1623.117,1623.776,1622.579,1622.641,2040700,269246464.0000
2026-08-04 14:30:00,1622.629,1622.979,1621.334,1621.334,2412000,273178624.0000
2026-08-04 14:31:00,1621.537,1622.926,1620.391,1620.391,3725100,371466240.0000
2026-08-04 14:32:00,1620.528,1620.528,1616.927,1617.248,5563600,420470784.0000
2026-08-04 14:33:00,1617.282,1617.791,1615.506,1616.601,3381500,362889216.0000
2026-08-04 14:34:00,1616.938,1616.938,1615.438,1615.645,3104300,315342848.0000
2026-08-04 14:35:00,1615.607,1615.726,1610.627,1610.680,6322000,663101440.0000
2026-08-04 14:36:00,1610.784,1611.524,1610.254,1611.524,4736900,486891520.0000
2026-08-04 14:37:00,1611.974,1612.890,1611.974,1612.764,4510700,388489216.0000
2026-08-04 14:38:00,1612.681,1614.140,1612.681,1613.106,3081200,336977920.0000
2026-08-04 14:39:00,1613.016,1614.413,1613.016,1614.231,2765100,287023104.0000
2026-08-04 14:40:00,1613.622,1613.622,1611.256,1611.582,3861700,405012480.0000
2026-08-04 14:41:00,1611.627,1611.710,1610.955,1611.081,3586700,365846528.0000
2026-08-04 14:42:00,1611.258,1612.289,1611.258,1612.199,3204600,352968704.0000
2026-08-04 14:43:00,1612.030,1612.863,1611.102,1612.456,3027300,348602368.0000
2026-08-04 14:44:00,1612.619,1612.619,1610.390,1610.527,3998600,398073856.0000
2026-08-04 14:45:00,1610.729,1611.110,1609.731,1609.731,4027200,350871552.0000
2026-08-04 14:46:00,1609.747,1611.898,1609.747,1611.757,4478100,408764416.0000
2026-08-04 14:47:00,1611.984,1612.006,1611.311,1611.738,3405500,333332480.0000
2026-08-04 14:48:00,1611.757,1612.646,1611.473,1611.473,4378800,399687680.0000
2026-08-04 14:49:00,1611.650,1611.803,1610.663,1610.663,4656500,453836800.0000
2026-08-04 14:50:00,1610.985,1612.429,1610.985,1612.029,3747000,401309696.0000
2026-08-04 14:51:00,1612.287,1613.737,1612.242,1612.477,5441600,484999168.0000
2026-08-04 14:52:00,1612.790,1615.237,1612.790,1615.237,5755200,481861632.0000
2026-08-04 14:53:00,1615.177,1615.595,1614.839,1615.424,6048400,488112128.0000
2026-08-04 14:54:00,1615.652,1615.652,1614.611,1615.146,5523300,494690304.0000
2026-08-04 14:55:00,1615.031,1615.844,1614.829,1615.844,6136300,518742016.0000
2026-08-04 14:56:00,1615.840,1616.027,1615.606,1615.948,8103700,639098880.0000
2026-08-04 14:57:00,1615.920,1616.768,1615.798,1616.768,7614500,653918208.0000
2026-08-04 14:58:00,1616.831,1616.831,1616.827,1616.827,293000,32276480.0000
2026-08-04 15:00:00,1616.711,1616.711,1616.248,1616.358,13229900,1128611840.0000
2026-08-05 09:31:00,1615.261,1629.511,1615.261,1628.628,26108600,4247611392.0000
2026-08-05 09:32:00,1630.752,1636.692,1629.944,1630.393,21269700,3243887616.0000
2026-08-05 09:33:00,1631.144,1639.465,1631.144,1637.751,15888500,2542525440.0000
2026-08-05 09:34:00,1637.433,1640.181,1636.088,1639.584,13815300,2282315776.0000
2026-08-05 09:35:00,1639.713,1646.349,1639.713,1646.349,12779300,2014018560.0000
2026-08-05 09:36:00,1646.298,1652.615,1646.298,1651.818,15770600,2164480000.0000
2026-08-05 09:37:00,1653.016,1658.343,1650.237,1657.688,15608200,2180279296.0000
2026-08-05 09:38:00,1658.870,1660.534,1656.201,1657.429,13188700,1962358784.0000
2026-08-05 09:39:00,1657.504,1662.274,1657.504,1662.274,13233700,1918715904.0000
2026-08-05 09:40:00,1662.533,1662.533,1660.293,1662.372,10521000,1799620608.0000
2026-08-05 09:41:00,1662.344,1666.896,1662.344,1665.879,10959300,1631643648.0000
2026-08-05 09:42:00,1666.378,1669.603,1666.378,1668.540,10538700,1488777216.0000
2026-08-05 09:43:00,1668.669,1672.203,1667.949,1672.163,9803300,1387102208.0000
2026-08-05 09:44:00,1672.623,1672.643,1663.141,1663.141,10637100,1579628544.0000
2026-08-05 09:45:00,1661.960,1664.811,1661.958,1663.546,9659100,1310660608.0000
2026-08-05 09:46:00,1663.643,1671.074,1662.660,1671.074,9540100,1148114944.0000
2026-08-05 09:47:00,1671.005,1676.032,1670.985,1675.315,10005200,1309941760.0000
2026-08-05 09:48:00,1673.314,1676.720,1672.875,1674.273,9098500,1303136256.0000
2026-08-05 09:49:00,1673.928,1674.061,1667.049,1667.049,9571600,1237303296.0000
2026-08-05 09:50:00,1666.813,1669.309,1664.491,1665.632,9904400,1082175488.0000
2026-08-05 09:51:00,1665.779,1666.448,1662.346,1663.386,9587000,1155690496.0000
2026-08-05 09:52:00,1663.330,1663.564,1660.155,1663.564,10830900,1113477120.0000
2026-08-05 09:53:00,1663.872,1665.488,1660.470,1665.488,6849800,903995392.0000
2026-08-05 09:54:00,1665.905,1666.831,1663.121,1666.587,6336500,891645952.0000
2026-08-05 09:55:00,1666.267,1666.643,1661.168,1661.168,7698500,825667584.0000
2026-08-05 09:56:00,1660.705,1662.053,1658.249,1658.249,8861400,921956352.0000
2026-08-05 09:57:00,1658.100,1662.075,1657.338,1662.075,6686900,818802688.0000
2026-08-05 09:58:00,1662.307,1668.178,1662.307,1668.178,6255300,703504384.0000
2026-08-05 09:59:00,1668.369,1669.675,1664.965,1664.965,7944300,989356032.0000
2026-08-05 10:00:00,1665.168,1665.168,1660.169,1660.436,7513700,819232768.0000
2026-08-05 10:01:00,1660.606,1660.716,1658.234,1658.696,7767600,770576384.0000
2026-08-05 10:02:00,1658.352,1662.397,1657.476,1662.397,8253900,1029922816.0000
2026-08-05 10:03:00,1662.812,1665.579,1660.864,1665.445,6137700,752320512.0000
2026-08-05 10:04:00,1665.252,1666.168,1662.542,1662.542,5495800,733569024.0000
2026-08-05 10:05:00,1662.642,1663.746,1662.003,1663.087,5598900,798322688.0000
2026-08-05 10:06:00,1662.515,1662.515,1658.425,1661.543,7930800,913866752.0000
2026-08-05 10:07:00,1660.981,1660.981,1656.079,1656.079,5511100,757805056.0000
2026-08-05 10:08:00,1657.305,1657.305,1649.652,1649.652,10055000,1149177856.0000
2026-08-05 10:09:00,1649.334,1650.614,1648.859,1649.884,7025400,997384192.0000
2026-08-05 10:10:00,1650.515,1652.677,1650.515,1651.670,7264100,846233600.0000
2026-08-05 10:11:00,1651.517,1651.937,1646.807,1646.807,6470700,926453760.0000
2026-08-05 10:12:00,1646.466,1646.466,1641.714,1642.043,7332100,1066893312.0000
2026-08-05 10:13:00,1642.210,1642.210,1637.939,1637.939,8133800,956141568.0000
2026-08-05 10:14:00,1637.459,1637.459,1633.658,1633.658,8730900,1073520640.0000
2026-08-05 10:15:00,1633.174,1639.275,1632.988,1639.275,8451400,1140137984.0000
2026-08-05 10:16:00,1638.974,1640.568,1637.515,1637.515,7726400,1020063744.0000
2026-08-05 10:17:00,1636.975,1636.978,1632.623,1634.883,8516900,935530496.0000
2026-08-05 10:18:00,1634.754,1640.506,1633.854,1639.420,6041800,871325696.0000
2026-08-05 10:19:00,1638.848,1642.736,1638.848,1642.736,5928800,697688064.0000
2026-08-05 10:20:00,1642.699,1648.192,1641.769,1648.192,5916100,673361920.0000
2026-08-05 10:21:00,1648.044,1648.044,1642.948,1645.167,5267400,739061760.0000
2026-08-05 10:22:00,1645.601,1650.837,1645.601,1650.837,6197700,738344960.0000
2026-08-05 10:23:00,1650.174,1650.831,1648.221,1650.831,5189300,682377216.0000
2026-08-05 10:24:00,1650.649,1655.086,1650.649,1655.086,3647300,540069888.0000
2026-08-05 10:25:00,1655.671,1657.572,1654.433,1654.433,4579000,626393088.0000
2026-08-05 10:26:00,1654.168,1654.168,1648.900,1648.900,4102600,510238720.0000
2026-08-05 10:27:00,1649.049,1653.977,1648.565,1650.999,3986900,507396096.0000
2026-08-05 10:28:00,1650.563,1652.713,1648.760,1652.713,3793000,409100288.0000
2026-08-05 10:29:00,1653.881,1659.392,1653.881,1659.384,4371500,587939840.0000
2026-08-05 10:30:00,1659.073,1659.101,1657.533,1658.253,4809400,614301696.0000
2026-08-05 10:31:00,1658.601,1658.601,1650.611,1650.611,4185800,582418432.0000
2026-08-05 10:32:00,1649.999,1650.624,1648.023,1648.220,3859500,594665472.0000
2026-08-05 10:33:00,1648.186,1653.084,1647.822,1651.661,4016600,617267200.0000
2026-08-05 10:34:00,1651.444,1658.514,1651.444,1657.898,3668600,545538048.0000
2026-08-05 10:35:00,1656.674,1659.771,1656.674,1659.771,4447600,488079360.0000
2026-08-05 10:36:00,1659.395,1660.853,1656.791,1660.853,3675300,542539776.0000
2026-08-05 10:37:00,1661.183,1662.955,1660.146,1662.955,3973000,552427520.0000
2026-08-05 10:38:00,1662.700,1664.434,1662.646,1664.434,3365300,478756864.0000
2026-08-05 10:39:00,1664.891,1665.064,1662.373,1662.615,4116900,591413248.0000
2026-08-05 10:40:00,1662.624,1662.624,1659.220,1661.499,2885800,444014592.0000
2026-08-05 10:41:00,1660.559,1662.160,1660.100,1661.651,5095600,406036480.0000
2026-08-05 10:42:00,1661.727,1665.439,1661.363,1664.248,3522800,473825280.0000
2026-08-05 10:43:00,1664.671,1668.764,1664.671,1668.764,4332400,476545024.0000
2026-08-05 10:44:00,1668.856,1670.033,1667.335,1669.797,5055100,597164032.0000
2026-08-05 10:45:00,1669.924,1670.389,1668.253,1668.368,4176900,483549184.0000
2026-08-05 10:46:00,1668.572,1671.093,1667.941,1671.093,3740200,399548416.0000
2026-08-05 10:47:00,1671.347,1671.609,1669.419,1671.340,3755400,483696640.0000
2026-08-05 10:48:00,1671.911,1673.494,1670.849,1671.778,5821700,552640512.0000
2026-08-05 10:49:00,1672.091,1673.832,1672.091,1673.832,3838900,426090496.0000
2026-08-05 10:50:00,1673.685,1676.206,1673.660,1676.031,4303100,481624064.0000
2026-08-05 10:51:00,1676.095,1676.893,1674.285,1674.285,5503000,650362880.0000
2026-08-05 10:52:00,1674.398,1676.163,1673.551,1673.578,3938500,488562688.0000
2026-08-05 10:53:00,1673.336,1673.336,1671.366,1671.712,3474400,390389760.0000
2026-08-05 10:54:00,1671.749,1671.847,1670.843,1671.188,3663900,402694144.0000
2026-08-05 10:55:00,1671.359,1675.377,1671.183,1675.377,4254900,433618944.0000
2026-08-05 10:56:00,1674.922,1676.784,1672.830,1673.602,3474900,430391296.0000
2026-08-05 10:57:00,1673.774,1673.994,1669.329,1669.329,2924800,335536128.0000
2026-08-05 10:58:00,1668.665,1671.660,1668.665,1671.535,2513500,311230464.0000
2026-08-05 10:59:00,1671.881,1673.795,1671.514,1672.090,3407100,347078656.0000
2026-08-05 11:00:00,1672.399,1672.399,1670.405,1671.430,2460500,309477376.0000
2026-08-05 11:01:00,1671.335,1675.989,1671.335,1675.989,3610700,397492224.0000
2026-08-05 11:02:00,1676.413,1677.819,1675.167,1677.819,5335200,511197184.0000
2026-08-05 11:03:00,1677.953,1679.056,1676.651,1679.056,5322400,529678336.0000
2026-08-05 11:04:00,1679.289,1680.933,1678.875,1679.763,5067700,596779008.0000
2026-08-05 11:05:00,1679.393,1680.850,1679.215,1680.335,3653000,419012608.0000
2026-08-05 11:06:00,1680.347,1680.347,1676.918,1677.695,4947000,455647232.0000
2026-08-05 11:07:00,1677.280,1679.965,1674.627,1674.627,4491500,438345728.0000
2026-08-05 11:08:00,1675.125,1680.471,1674.848,1680.471,2887700,301891584.0000
2026-08-05 11:09:00,1680.849,1681.479,1679.877,1680.584,3390500,338509824.0000
2026-08-05 11:10:00,1679.308,1680.997,1679.308,1680.426,3119900,339435520.0000
2026-08-05 11:11:00,1680.775,1682.721,1680.775,1682.453,4580900,445014016.0000
2026-08-05 11:12:00,1682.508,1684.124,1682.508,1684.124,3479700,384638976.0000
2026-08-05 11:13:00,1684.227,1684.311,1682.087,1682.237,5380600,476020736.0000
2026-08-05 11:14:00,1682.128,1683.517,1681.739,1683.078,4292100,407134208.0000
2026-08-05 11:15:00,1683.182,1686.255,1682.914,1686.255,3379700,346112000.0000
2026-08-05 11:16:00,1686.865,1687.919,1686.063,1687.919,4309000,442179584.0000
2026-08-05 11:17:00,1688.139,1690.892,1688.139,1689.544,4355900,569860096.0000
2026-08-05 11:18:00,1689.824,1693.107,1689.824,1692.631,5496300,692404224.0000
2026-08-05 11:19:00,1693.022,1697.561,1693.022,1697.363,7115700,743137280.0000
2026-08-05 11:20:00,1697.882,1698.586,1693.332,1693.332,5848300,747479040.0000
2026-08-05 11:21:00,1693.086,1693.357,1688.734,1690.768,4113500,488579072.0000
2026-08-05 11:22:00,1691.239,1695.560,1691.143,1693.872,3935000,469450752.0000
2026-08-05 11:23:00,1692.851,1696.520,1692.543,1695.787,6290900,509116416.0000
2026-08-05 11:24:00,1694.946,1699.904,1694.647,1699.904,5185100,486825984.0000
2026-08-05 11:25:00,1699.983,1702.384,1699.171,1702.075,9652300,657293312.0000
2026-08-05 11:26:00,1701.617,1702.940,1701.402,1702.565,5438000,577478656.0000
2026-08-05 11:27:00,1702.485,1702.485,1697.468,1699.895,5473200,516947968.0000
2026-08-05 11:28:00,1699.855,1700.709,1699.367,1700.474,3366900,416063488.0000
2026-08-05 11:29:00,1701.545,1702.042,1701.049,1701.111,5094300,458768384.0000
2026-08-05 11:30:00,1701.315,1702.806,1699.657,1700.051,5647700,597049344.0000
2026-08-05 13:01:00,1701.203,1703.530,1701.203,1702.705,13304100,1449107456.0000
2026-08-05 13:02:00,1702.532,1702.532,1698.512,1698.512,5604900,738508800.0000
2026-08-05 13:03:00,1697.807,1698.022,1693.611,1693.917,5531700,701890560.0000
2026-08-05 13:04:00,1694.131,1696.123,1693.359,1693.986,3784000,476225536.0000
2026-08-05 13:05:00,1694.551,1695.715,1693.975,1694.659,3424300,466583552.0000
2026-08-05 13:06:00,1694.613,1695.157,1688.588,1688.588,5096500,615129088.0000
2026-08-05 13:07:00,1688.352,1688.352,1684.459,1684.459,4662700,527622144.0000
2026-08-05 13:08:00,1686.257,1689.814,1686.257,1688.333,4783800,525164544.0000
2026-08-05 13:09:00,1688.434,1688.558,1686.285,1687.614,3139600,378355712.0000
2026-08-05 13:10:00,1687.420,1689.339,1687.181,1689.243,3567200,374063104.0000
2026-08-05 13:11:00,1687.444,1690.041,1685.939,1690.041,3895400,484171776.0000
2026-08-05 13:12:00,1689.813,1695.986,1689.813,1695.986,4316300,385007616.0000
2026-08-05 13:13:00,1696.236,1699.750,1696.236,1699.750,4241500,529686528.0000
2026-08-05 13:14:00,1700.022,1701.317,1699.513,1700.567,4982300,611082240.0000
2026-08-05 13:15:00,1700.031,1700.031,1696.996,1697.676,4424200,466698240.0000
2026-08-05 13:16:00,1697.357,1697.357,1694.502,1695.561,4171300,435290112.0000
2026-08-05 13:17:00,1695.784,1702.899,1695.784,1702.899,3249800,355926016.0000
2026-08-05 13:18:00,1703.161,1705.218,1702.977,1704.741,5554300,596656128.0000
2026-08-05 13:19:00,1705.172,1706.266,1704.359,1706.266,4323700,546168832.0000
2026-08-05 13:20:00,1706.568,1706.568,1701.593,1704.861,4463900,606134272.0000
2026-08-05 13:21:00,1705.003,1706.134,1703.434,1706.134,4010400,451452928.0000
2026-08-05 13:22:00,1705.546,1707.983,1705.546,1706.988,5439400,643792896.0000
2026-08-05 13:23:00,1707.594,1709.552,1707.594,1709.538,4889400,594526208.0000
2026-08-05 13:24:00,1709.962,1709.962,1705.986,1708.007,4218100,566353920.0000
2026-08-05 13:25:00,1708.056,1708.056,1707.300,1707.524,3611200,366886912.0000
2026-08-05 13:26:00,1707.360,1708.434,1706.878,1708.434,3481800,421650432.0000
2026-08-05 13:27:00,1708.437,1709.662,1707.941,1707.941,4203100,703651840.0000
2026-08-05 13:28:00,1707.456,1707.482,1705.015,1705.653,4484900,530137088.0000
2026-08-05 13:29:00,1706.287,1707.599,1703.109,1703.109,5469000,525770752.0000
2026-08-05 13:30:00,1703.153,1703.662,1702.334,1702.457,3022800,397819904.0000
2026-08-05 13:31:00,1702.106,1704.663,1702.106,1702.984,6477600,556670976.0000
2026-08-05 13:32:00,1702.880,1708.048,1702.880,1707.675,3618500,428802048.0000
2026-08-05 13:33:00,1707.962,1708.904,1705.958,1708.769,3315200,545062912.0000
2026-08-05 13:34:00,1709.076,1709.076,1707.605,1708.180,3015000,390774784.0000
2026-08-05 13:35:00,1708.507,1708.926,1707.790,1708.879,3864200,458407936.0000
2026-08-05 13:36:00,1708.875,1708.900,1705.105,1705.310,4621400,492683264.0000
2026-08-05 13:37:00,1704.417,1704.969,1702.783,1704.302,3957400,441958400.0000
2026-08-05 13:38:00,1704.595,1704.595,1700.068,1700.068,5149500,486375424.0000
2026-08-05 13:39:00,1700.884,1701.423,1698.368,1698.457,9031400,469729280.0000
2026-08-05 13:40:00,1698.159,1703.344,1698.159,1703.344,4992000,480108544.0000
2026-08-05 13:41:00,1703.483,1706.333,1703.483,1703.516,4751400,448618496.0000
2026-08-05 13:42:00,1703.143,1704.402,1701.335,1701.488,3480300,438788096.0000
2026-08-05 13:43:00,1701.581,1704.356,1700.991,1704.356,3046900,377380864.0000
2026-08-05 13:44:00,1705.192,1709.333,1704.725,1709.333,3894400,455811072.0000
2026-08-05 13:45:00,1709.021,1710.401,1708.021,1710.017,5146800,581287936.0000
2026-08-05 13:46:00,1710.898,1712.399,1710.352,1711.469,7490800,568778752.0000
2026-08-05 13:47:00,1711.524,1713.599,1711.524,1712.504,4609800,531513344.0000
2026-08-05 13:48:00,1712.625,1713.154,1711.311,1711.311,4492200,394977280.0000
2026-08-05 13:49:00,1710.653,1710.657,1709.744,1709.744,2971700,312999936.0000
2026-08-05 13:50:00,1709.585,1710.279,1709.356,1710.279,2764300,295600128.0000
2026-08-05 13:51:00,1710.290,1713.533,1710.109,1713.533,3035000,400482304.0000
2026-08-05 13:52:00,1713.736,1715.276,1713.687,1714.880,4549600,387809280.0000
2026-08-05 13:53:00,1715.109,1715.114,1711.305,1711.305,3437300,387063808.0000
2026-08-05 13:54:00,1711.271,1711.960,1710.456,1711.663,2591100,288989184.0000
2026-08-05 13:55:00,1710.916,1712.408,1710.055,1712.408,2097900,296386560.0000
2026-08-05 13:56:00,1712.483,1712.483,1709.953,1709.953,2724400,457990144.0000
2026-08-05 13:57:00,1709.647,1710.013,1705.785,1705.785,2920000,375947264.0000
2026-08-05 13:58:00,1706.031,1707.661,1705.010,1707.661,2427300,341278720.0000
2026-08-05 13:59:00,1707.879,1710.878,1707.879,1710.878,1989200,250003456.0000
2026-08-05 14:00:00,1710.482,1711.269,1708.544,1709.366,2345900,279945216.0000
2026-08-05 14:01:00,1709.218,1709.218,1706.900,1708.417,3716300,326017024.0000
2026-08-05 14:02:00,1708.212,1708.376,1704.951,1705.138,3981200,302817280.0000
2026-08-05 14:03:00,1704.828,1705.927,1701.454,1701.454,6408500,497614848.0000
2026-08-05 14:04:00,1702.046,1703.123,1700.784,1701.249,5206100,483155968.0000
2026-08-05 14:05:00,1701.949,1702.918,1701.458,1702.145,3469500,389087232.0000
2026-08-05 14:06:00,1702.383,1702.383,1698.174,1698.174,3740800,434995200.0000
2026-08-05 14:07:00,1698.172,1699.160,1697.559,1698.468,5237200,465616896.0000
2026-08-05 14:08:00,1698.102,1698.102,1695.667,1695.667,4480200,448282624.0000
2026-08-05 14:09:00,1695.496,1695.821,1693.872,1693.948,3641400,448962560.0000
2026-08-05 14:10:00,1693.936,1699.703,1693.936,1699.703,4495500,488357888.0000
2026-08-05 14:11:00,1699.348,1700.344,1698.216,1698.392,3360500,373047296.0000
2026-08-05 14:12:00,1698.424,1698.494,1696.936,1696.988,2626400,311459840.0000
2026-08-05 14:13:00,1696.869,1696.967,1695.676,1695.676,2648000,297828352.0000
2026-08-05 14:14:00,1695.652,1695.686,1694.684,1694.684,2075700,284057600.0000
2026-08-05 14:15:00,1694.540,1694.540,1691.743,1691.895,3279800,354304000.0000
2026-08-05 14:16:00,1692.747,1694.445,1692.747,1694.185,4454700,453296128.0000
2026-08-05 14:17:00,1694.349,1694.450,1692.412,1692.491,3151000,345808896.0000
2026-08-05 14:18:00,1692.220,1692.220,1689.179,1690.095,5103500,473792512.0000
2026-08-05 14:19:00,1690.006,1690.006,1686.110,1686.597,4993900,525213696.0000
2026-08-05 14:20:00,1686.640,1686.999,1685.112,1685.695,5331000,573661184.0000
2026-08-05 14:21:00,1686.116,1690.247,1685.955,1690.247,4992500,592969728.0000
2026-08-05 14:22:00,1690.083,1690.262,1688.485,1689.102,3438100,399294464.0000
2026-08-05 14:23:00,1689.096,1689.096,1685.120,1685.120,3497900,406421504.0000
2026-08-05 14:24:00,1684.972,1685.704,1683.974,1685.491,4039700,390578176.0000
2026-08-05 14:25:00,1685.803,1689.490,1685.803,1689.490,3389300,368312320.0000
2026-08-05 14:26:00,1689.492,1692.316,1689.492,1692.316,2904100,325304320.0000
2026-08-05 14:27:00,1692.539,1693.013,1692.092,1692.582,2749200,350502912.0000
2026-08-05 14:28:00,1692.767,1693.869,1692.653,1692.653,2263600,339345408.0000
2026-08-05 14:29:00,1692.382,1693.223,1691.762,1693.223,2535400,321732608.0000
2026-08-05 14:30:00,1693.113,1693.417,1693.009,1693.149,1907700,212680704.0000
2026-08-05 14:31:00,1692.880,1694.868,1692.462,1693.140,4459100,401276928.0000
2026-08-05 14:32:00,1691.787,1693.629,1690.886,1693.234,3553900,373964800.0000
2026-08-05 14:33:00,1692.643,1692.804,1690.308,1690.635,2727100,276250624.0000
2026-08-05 14:34:00,1690.401,1693.027,1690.267,1692.781,2877900,324337664.0000
2026-08-05 14:35:00,1692.725,1692.929,1691.680,1691.680,2514900,297533440.0000
2026-08-05 14:36:00,1691.716,1691.985,1690.974,1691.067,3167900,353976320.0000
2026-08-05 14:37:00,1691.059,1692.046,1690.871,1691.451,3463700,281411584.0000
2026-08-05 14:38:00,1691.663,1691.749,1689.209,1689.884,3830100,353288192.0000
2026-08-05 14:39:00,1689.727,1689.727,1687.341,1687.388,4309000,437469184.0000
2026-08-05 14:40:00,1687.270,1687.270,1685.328,1685.328,3883200,369655808.0000
2026-08-05 14:41:00,1685.233,1685.922,1685.094,1685.457,4005200,412418048.0000
2026-08-05 14:42:00,1685.377,1686.928,1685.231,1686.233,3124500,376225792.0000
2026-08-05 14:43:00,1686.534,1688.495,1686.534,1688.312,3278600,354320384.0000
2026-08-05 14:44:00,1688.320,1688.320,1686.351,1686.351,3641900,393068544.0000
2026-08-05 14:45:00,1686.402,1687.749,1686.402,1687.385,3657300,400179200.0000
2026-08-05 14:46:00,1687.352,1688.357,1687.233,1688.168,3669900,394543104.0000
2026-08-05 14:47:00,1688.193,1689.819,1688.085,1689.430,4137200,393773056.0000
2026-08-05 14:48:00,1689.251,1689.631,1688.574,1689.631,4447000,451985408.0000
2026-08-05 14:49:00,1689.445,1690.914,1689.445,1690.638,4232900,396640256.0000
2026-08-05 14:50:00,1690.614,1691.292,1690.486,1691.292,4369300,484655104.0000
2026-08-05 14:51:00,1691.251,1691.912,1690.217,1691.912,6545700,601882624.0000
2026-08-05 14:52:00,1691.732,1693.048,1691.732,1693.008,6250100,484409344.0000
2026-08-05 14:53:00,1693.166,1693.798,1693.007,1693.573,6275100,537165824.0000
2026-08-05 14:54:00,1693.623,1693.678,1693.343,1693.363,5243200,512999424.0000
2026-08-05 14:55:00,1693.617,1693.617,1691.968,1692.510,6703400,638238720.0000
2026-08-05 14:56:00,1692.459,1693.352,1692.240,1693.352,8164700,712736768.0000
2026-08-05 14:57:00,1693.601,1693.766,1693.229,1693.441,6827200,717701120.0000
2026-08-05 14:58:00,1693.381,1693.699,1693.381,1693.699,493800,55083008.0000
2026-08-05 15:00:00,1693.773,1693.773,1693.604,1693.668,16103100,1323974656.0000
2026-08-06 09:31:00,1651.108,1654.640,1651.108,1652.740,31803500,3829134848.0000
2026-08-06 09:32:00,1652.437,1659.301,1652.185,1655.773,20292300,2304645120.0000
2026-08-06 09:33:00,1655.469,1661.632,1655.469,1661.632,17788600,2121106944.0000
2026-08-06 09:34:00,1661.840,1662.204,1656.089,1656.089,13970700,1614972928.0000
2026-08-06 09:35:00,1655.598,1656.145,1653.501,1654.266,13848300,1669064704.0000
2026-08-06 09:36:00,1654.392,1657.565,1654.386,1654.790,12769600,1516231680.0000
2026-08-06 09:37:00,1654.814,1664.013,1654.767,1662.648,13759000,1405510656.0000
2026-08-06 09:38:00,1662.003,1667.399,1661.824,1666.861,13382300,1428823040.0000
2026-08-06 09:39:00,1667.253,1668.164,1664.794,1665.255,11087200,1317212160.0000
2026-08-06 09:40:00,1665.820,1672.238,1665.820,1672.238,11611900,1196961792.0000
2026-08-06 09:41:00,1672.421,1673.066,1668.130,1669.686,11426400,1374783488.0000
2026-08-06 09:42:00,1669.217,1676.846,1668.937,1676.846,14343100,1118326784.0000
2026-08-06 09:43:00,1676.799,1680.966,1675.631,1680.966,11145900,1179566080.0000
2026-08-06 09:44:00,1680.670,1682.665,1678.878,1682.665,11015300,1206140928.0000
2026-08-06 09:45:00,1682.507,1683.705,1678.149,1680.265,10486400,1177808896.0000
2026-08-06 09:46:00,1680.450,1686.280,1680.288,1686.280,7979300,969000960.0000
2026-08-06 09:47:00,1686.484,1687.347,1681.634,1681.634,9437000,1048578048.0000
2026-08-06 09:48:00,1681.371,1684.007,1681.371,1682.841,7119400,971046912.0000
2026-08-06 09:49:00,1683.231,1685.968,1682.835,1682.835,9596000,861808640.0000
2026-08-06 09:50:00,1683.040,1683.072,1678.031,1678.143,6794400,877537280.0000
2026-08-06 09:51:00,1677.991,1679.832,1676.704,1679.832,10047600,923795456.0000
2026-08-06 09:52:00,1679.941,1679.941,1676.424,1678.684,9825800,855414784.0000
2026-08-06 09:53:00,1678.901,1678.926,1677.733,1678.193,6685300,638011392.0000
2026-08-06 09:54:00,1678.538,1678.538,1673.822,1674.836,9454900,870123520.0000
2026-08-06 09:55:00,1674.607,1677.401,1672.747,1677.401,8421700,804823040.0000
2026-08-06 09:56:00,1676.466,1685.759,1676.466,1684.698,8292300,732700672.0000
2026-08-06 09:57:00,1684.925,1690.485,1684.925,1690.485,6626200,763928576.0000
2026-08-06 09:58:00,1690.766,1692.307,1688.269,1688.269,8692100,917372928.0000
2026-08-06 09:59:00,1688.971,1689.292,1686.787,1688.368,5882100,660570112.0000
2026-08-06 10:00:00,1689.150,1691.471,1688.363,1691.462,6332400,675532800.0000
2026-08-06 10:01:00,1691.670,1692.020,1689.954,1691.237,9235300,718266368.0000
2026-08-06 10:02:00,1691.517,1691.685,1689.525,1689.996,7798200,683495424.0000
2026-08-06 10:03:00,1690.192,1692.598,1690.192,1691.801,7711100,660193280.0000
2026-08-06 10:04:00,1691.923,1694.244,1691.923,1692.320,7390400,754884608.0000
2026-08-06 10:05:00,1692.257,1692.257,1686.066,1687.278,9002400,765485056.0000
2026-08-06 10:06:00,1686.958,1687.962,1685.823,1687.504,6420700,649523200.0000
2026-08-06 10:07:00,1687.682,1687.682,1683.599,1683.622,6625200,575369216.0000
2026-08-06 10:08:00,1683.401,1689.759,1682.586,1689.058,5282000,473776128.0000
2026-08-06 10:09:00,1689.211,1689.368,1687.853,1689.368,4297400,415821824.0000
2026-08-06 10:10:00,1689.786,1694.670,1689.786,1694.612,4096400,518045696.0000
2026-08-06 10:11:00,1694.761,1694.926,1692.363,1692.363,5628400,510148608.0000
2026-08-06 10:12:00,1692.504,1692.698,1687.807,1687.889,4983200,501522432.0000
2026-08-06 10:13:00,1687.322,1690.305,1687.098,1690.305,4313900,401551360.0000
2026-08-06 10:14:00,1689.945,1691.693,1687.987,1691.693,4417400,526225408.0000
2026-08-06 10:15:00,1691.821,1694.043,1691.821,1693.895,4850800,493559808.0000
2026-08-06 10:16:00,1694.201,1694.205,1692.036,1692.036,6239900,562282496.0000
2026-08-06 10:17:00,1692.384,1694.034,1692.076,1693.775,6148300,632684544.0000
2026-08-06 10:18:00,1693.872,1696.961,1693.872,1696.737,4832800,671158272.0000
2026-08-06 10:19:00,1696.872,1698.948,1696.056,1698.948,5543400,588804096.0000
2026-08-06 10:20:00,1698.964,1699.332,1697.408,1699.185,5245700,565927936.0000
2026-08-06 10:21:00,1699.103,1699.399,1696.820,1697.209,4443200,527265792.0000
2026-08-06 10:22:00,1697.103,1704.658,1697.103,1704.658,6596500,801906688.0000
2026-08-06 10:23:00,1704.779,1705.700,1704.514,1705.056,5428400,747286528.0000
2026-08-06 10:24:00,1705.134,1705.864,1702.497,1703.805,6865400,713338880.0000
2026-08-06 10:25:00,1703.885,1704.277,1702.251,1702.822,4770700,553857024.0000
2026-08-06 10:26:00,1702.530,1706.053,1702.530,1705.061,4789800,621060096.0000
2026-08-06 10:27:00,1704.994,1708.503,1704.498,1707.527,5241300,678428672.0000
2026-08-06 10:28:00,1708.081,1711.437,1707.953,1711.437,4977100,665337856.0000
2026-08-06 10:29:00,1711.506,1712.084,1709.609,1709.609,6513900,700133376.0000
2026-08-06 10:30:00,1708.863,1709.761,1708.325,1708.325,5848900,552173568.0000
2026-08-06 10:31:00,1708.351,1711.024,1707.593,1710.563,6275300,699158528.0000
2026-08-06 10:32:00,1710.844,1712.258,1710.588,1711.958,5499800,550514688.0000
2026-08-06 10:33:00,1712.724,1713.068,1712.219,1712.886,5973700,602243072.0000
2026-08-06 10:34:00,1713.253,1713.463,1710.296,1710.972,5598700,864399360.0000
2026-08-06 10:35:00,1710.857,1711.815,1706.992,1707.679,5908600,601567232.0000
2026-08-06 10:36:00,1707.954,1708.398,1703.448,1703.940,6484500,722681856.0000
2026-08-06 10:37:00,1703.289,1703.678,1701.158,1701.546,6667900,555368448.0000
2026-08-06 10:38:00,1701.723,1710.646,1701.649,1710.302,4807900,582123520.0000
2026-08-06 10:39:00,1710.527,1710.527,1708.502,1708.502,4925200,507375616.0000
2026-08-06 10:40:00,1708.335,1708.335,1702.063,1703.092,8547700,580349952.0000
2026-08-06 10:41:00,1702.524,1708.124,1702.249,1708.124,6769900,499970048.0000
2026-08-06 10:42:00,1708.731,1713.430,1708.604,1713.430,6368400,588587008.0000
2026-08-06 10:43:00,1714.191,1718.394,1714.191,1718.129,5436400,766672896.0000
2026-08-06 10:44:00,1718.472,1720.771,1718.472,1720.771,5346100,715595776.0000
2026-08-06 10:45:00,1720.893,1722.784,1720.480,1722.784,4978300,631578624.0000
2026-08-06 10:46:00,1723.076,1723.097,1720.210,1720.210,6743900,682344448.0000
2026-08-06 10:47:00,1719.926,1719.926,1715.447,1716.981,5040000,569147392.0000
2026-08-06 10:48:00,1716.542,1721.750,1715.420,1721.750,4243500,558596096.0000
2026-08-06 10:49:00,1722.149,1725.376,1722.149,1724.271,7611600,746405888.0000
2026-08-06 10:50:00,1724.900,1725.180,1723.352,1723.678,5451400,604672000.0000
2026-08-06 10:51:00,1723.562,1725.691,1723.386,1725.603,5309500,570212352.0000
2026-08-06 10:52:00,1725.448,1726.000,1723.092,1726.000,5007200,668397568.0000
2026-08-06 10:53:00,1725.950,1726.458,1723.813,1724.574,5286800,604676096.0000
2026-08-06 10:54:00,1724.939,1725.747,1723.894,1725.386,4101300,478101504.0000
2026-08-06 10:55:00,1725.633,1727.735,1725.466,1727.374,4223200,513384448.0000
2026-08-06 10:56:00,1727.133,1727.133,1722.135,1722.135,6030000,692813824.0000
2026-08-06 10:57:00,1721.683,1722.728,1719.849,1722.039,5164400,528711680.0000
2026-08-06 10:58:00,1722.355,1722.671,1717.867,1717.922,3964200,470007808.0000
2026-08-06 10:59:00,1718.171,1722.012,1718.171,1722.012,4055600,412123136.0000
2026-08-06 11:00:00,1722.919,1722.919,1715.909,1715.909,5216800,497508352.0000
2026-08-06 11:01:00,1715.381,1715.381,1710.127,1710.872,7004900,531300352.0000
2026-08-06 11:02:00,1710.981,1711.832,1708.761,1710.669,5241000,580255744.0000
2026-08-06 11:03:00,1709.708,1709.708,1707.433,1707.433,4155600,466567168.0000
2026-08-06 11:04:00,1707.712,1714.692,1707.589,1712.561,4770400,525524992.0000
2026-08-06 11:05:00,1712.868,1712.868,1708.447,1708.447,4404900,359768064.0000
2026-08-06 11:06:00,1708.532,1711.493,1708.532,1711.043,4093000,404873216.0000
2026-08-06 11:07:00,1710.740,1710.740,1704.733,1704.733,5478800,452190208.0000
2026-08-06 11:08:00,1704.656,1704.656,1699.527,1699.628,5923600,612958208.0000
2026-08-06 11:09:00,1699.511,1699.511,1697.511,1698.413,5872200,624451584.0000
2026-08-06 11:10:00,1697.954,1699.439,1696.624,1696.624,6069000,617127936.0000
2026-08-06 11:11:00,1696.665,1700.483,1696.386,1698.637,4594900,469049344.0000
2026-08-06 11:12:00,1699.136,1702.180,1698.491,1701.650,3091900,322887680.0000
2026-08-06 11:13:00,1701.658,1703.138,1700.542,1700.779,3718000,330170368.0000
2026-08-06 11:14:00,1701.094,1701.375,1698.594,1700.887,3504500,371007488.0000
2026-08-06 11:15:00,1700.713,1700.847,1695.086,1695.086,3850000,439009280.0000
2026-08-06 11:16:00,1694.797,1697.217,1694.521,1696.420,3730300,418619392.0000
2026-08-06 11:17:00,1696.292,1698.150,1694.220,1694.220,3883200,385548288.0000
2026-08-06 11:18:00,1693.853,1693.853,1689.321,1689.321,5357100,667336704.0000
2026-08-06 11:19:00,1689.517,1692.474,1689.517,1691.850,4712900,572538880.0000
2026-08-06 11:20:00,1692.096,1692.096,1688.520,1688.520,3053700,331825152.0000
2026-08-06 11:21:00,1688.551,1689.528,1687.862,1688.948,3985400,449880064.0000
2026-08-06 11:22:00,1688.993,1693.587,1688.993,1692.633,3242600,344039424.0000
2026-08-06 11:23:00,1692.585,1692.829,1690.258,1692.829,2709800,285884416.0000
2026-08-06 11:24:00,1692.943,1693.174,1688.432,1688.432,3175200,334815232.0000
2026-08-06 11:25:00,1688.223,1688.223,1684.413,1684.739,3788600,504823808.0000
2026-08-06 11:26:00,1684.622,1686.938,1683.246,1683.358,3983200,481280000.0000
2026-08-06 11:27:00,1683.170,1683.170,1681.365,1681.365,3689200,390930432.0000
2026-08-06 11:28:00,1680.897,1684.156,1680.440,1683.818,4111700,517496832.0000
2026-08-06 11:29:00,1683.601,1687.139,1682.922,1687.139,2784200,326483968.0000
2026-08-06 11:30:00,1687.161,1690.909,1686.309,1690.909,2095400,258629632.0000
2026-08-06 13:01:00,1690.839,1692.337,1687.754,1691.302,7086500,638967808.0000
2026-08-06 13:02:00,1692.152,1693.602,1692.152,1693.602,2517300,269443072.0000
2026-08-06 13:03:00,1694.416,1698.985,1694.416,1697.977,3889800,393584640.0000
2026-08-06 13:04:00,1698.103,1699.062,1694.564,1694.564,2536800,266788864.0000
2026-08-06 13:05:00,1694.643,1694.776,1691.094,1691.229,3089200,330129408.0000
2026-08-06 13:06:00,1691.656,1694.222,1691.177,1693.954,2274500,247832576.0000
2026-08-06 13:07:00,1694.189,1699.515,1693.851,1699.515,3042800,255139840.0000
2026-08-06 13:08:00,1699.532,1699.746,1694.878,1694.878,3226400,348577792.0000
2026-08-06 13:09:00,1694.540,1694.540,1691.237,1691.648,2359200,265740288.0000
2026-08-06 13:10:00,1691.835,1691.835,1688.671,1689.430,2466200,272711680.0000
2026-08-06 13:11:00,1689.530,1689.636,1685.590,1685.614,2570200,244793344.0000
2026-08-06 13:12:00,1685.417,1685.991,1682.554,1682.554,4510900,334315520.0000
2026-08-06 13:13:00,1682.599,1685.546,1682.540,1685.029,2547600,267051008.0000
2026-08-06 13:14:00,1685.019,1687.114,1685.019,1686.194,2568300,289013760.0000
2026-08-06 13:15:00,1686.376,1689.011,1685.498,1688.513,2394400,286302208.0000
2026-08-06 13:16:00,1688.239,1692.477,1688.085,1691.932,1892500,191586304.0000
2026-08-06 13:17:00,1691.713,1694.607,1691.355,1692.788,4312700,329023488.0000
2026-08-06 13:18:00,1692.947,1693.460,1689.613,1689.715,2643000,236412928.0000
2026-08-06 13:19:00,1689.591,1690.135,1689.132,1689.132,2736900,200949760.0000
2026-08-06 13:20:00,1689.257,1689.264,1686.969,1687.398,4004900,229875712.0000
2026-08-06 13:21:00,1688.297,1691.249,1688.297,1691.249,2905100,318849024.0000
2026-08-06 13:22:00,1691.211,1691.211,1689.610,1691.179,1942800,204144640.0000
2026-08-06 13:23:00,1691.532,1691.619,1688.122,1688.451,1866800,190242816.0000
2026-08-06 13:24:00,1688.382,1690.860,1688.365,1689.671,2071300,172613632.0000
2026-08-06 13:25:00,1689.626,1689.626,1686.834,1687.756,2409500,213090304.0000
2026-08-06 13:26:00,1687.687,1688.490,1687.416,1687.697,1720800,181682176.0000
2026-08-06 13:27:00,1687.895,1688.722,1687.580,1687.933,1952300,204505088.0000
2026-08-06 13:28:00,1688.282,1688.282,1686.063,1686.063,1959000,207224832.0000
2026-08-06 13:29:00,1686.420,1686.420,1683.150,1683.209,2956900,354000896.0000
2026-08-06 13:30:00,1682.669,1683.751,1682.650,1682.712,3394300,291512320.0000
2026-08-06 13:31:00,1682.359,1686.381,1682.359,1686.381,3006800,271515648.0000
2026-08-06 13:32:00,1686.442,1690.973,1686.193,1690.973,2413400,246063104.0000
2026-08-06 13:33:00,1690.819,1690.898,1686.683,1686.864,4597100,257941504.0000
2026-08-06 13:34:00,1686.975,1687.138,1684.425,1685.671,4265000,217620480.0000
2026-08-06 13:35:00,1685.537,1686.832,1685.250,1686.830,2411100,270008320.0000
2026-08-06 13:36:00,1686.880,1687.262,1684.401,1684.479,2771100,220561408.0000
2026-08-06 13:37:00,1684.388,1685.153,1682.934,1682.934,3688200,232857600.0000
2026-08-06 13:38:00,1682.688,1682.688,1680.458,1680.463,2634800,308830208.0000
2026-08-06 13:39:00,1680.584,1683.122,1680.584,1681.111,2695300,261267456.0000
2026-08-06 13:40:00,1680.962,1680.962,1679.228,1679.307,2741800,260104192.0000
2026-08-06 13:41:00,1679.229,1679.490,1677.288,1677.288,2804000,315817984.0000
2026-08-06 13:42:00,1678.099,1678.786,1677.746,1677.746,3694300,397369344.0000
2026-08-06 13:43:00,1677.735,1680.304,1677.735,1680.304,2481200,290267136.0000
2026-08-06 13:44:00,1680.757,1682.518,1679.992,1682.416,2102300,225353728.0000
2026-08-06 13:45:00,1682.672,1686.994,1682.450,1686.994,5132800,265871360.0000
2026-08-06 13:46:00,1687.015,1687.287,1686.278,1687.057,4538200,210157568.0000
2026-08-06 13:47:00,1687.513,1690.585,1687.513,1690.585,1985000,221413376.0000
2026-08-06 13:48:00,1689.653,1689.653,1684.505,1684.534,4465100,304349184.0000
2026-08-06 13:49:00,1684.356,1684.356,1682.069,1682.990,5935000,205512704.0000
2026-08-06 13:50:00,1683.039,1684.682,1682.969,1683.472,1931000,176766976.0000
2026-08-06 13:51:00,1683.153,1686.249,1683.035,1686.051,3721200,164929536.0000
2026-08-06 13:52:00,1686.814,1686.836,1684.477,1684.790,1684000,200343552.0000
2026-08-06 13:53:00,1684.995,1685.114,1683.993,1684.935,2986800,202498048.0000
2026-08-06 13:54:00,1684.977,1686.189,1684.754,1686.189,2147200,160612352.0000
2026-08-06 13:55:00,1686.226,1686.781,1684.504,1684.705,2292200,194707456.0000
2026-08-06 13:56:00,1684.861,1685.526,1683.376,1684.055,2419600,183230464.0000
2026-08-06 13:57:00,1684.012,1684.012,1680.491,1680.567,2737600,256925696.0000
2026-08-06 13:58:00,1680.805,1682.634,1680.805,1682.399,1694400,162955264.0000
2026-08-06 13:59:00,1682.114,1683.912,1682.114,1683.912,2685000,170205184.0000
2026-08-06 14:00:00,1684.134,1684.796,1684.134,1684.554,2513700,150536192.0000
2026-08-06 14:01:00,1684.424,1687.168,1684.424,1686.001,4798700,226869248.0000
2026-08-06 14:02:00,1686.072,1686.072,1683.458,1683.692,2718500,211279872.0000
2026-08-06 14:03:00,1683.574,1683.646,1680.550,1682.038,3435600,315195392.0000
2026-08-06 14:04:00,1681.561,1681.561,1679.706,1680.004,2086000,250519552.0000
2026-08-06 14:05:00,1679.445,1679.445,1676.908,1677.125,2666600,313901056.0000
2026-08-06 14:06:00,1677.582,1679.038,1676.793,1676.793,3132700,272932864.0000
2026-08-06 14:07:00,1676.653,1677.383,1676.139,1677.132,2389500,235528192.0000
2026-08-06 14:08:00,1676.913,1676.913,1675.926,1676.380,2017300,291094528.0000
2026-08-06 14:09:00,1676.005,1676.005,1674.711,1674.711,2629500,334397440.0000
2026-08-06 14:10:00,1674.501,1674.501,1672.452,1672.452,3305500,383041536.0000
2026-08-06 14:11:00,1672.642,1674.026,1672.344,1672.344,3884900,380485632.0000
2026-08-06 14:12:00,1672.049,1672.821,1672.049,1672.708,3308500,302620672.0000
2026-08-06 14:13:00,1672.992,1676.834,1672.992,1676.724,3005500,317980672.0000
2026-08-06 14:14:00,1676.875,1677.445,1675.899,1676.161,2041700,206176256.0000
2026-08-06 14:15:00,1676.247,1677.954,1676.182,1677.726,2428500,218775552.0000
2026-08-06 14:16:00,1677.864,1678.145,1675.879,1675.879,2339400,196788224.0000
2026-08-06 14:17:00,1675.883,1676.154,1674.261,1674.283,2273900,229007360.0000
2026-08-06 14:18:00,1674.459,1674.758,1674.112,1674.758,1998900,209207296.0000
2026-08-06 14:19:00,1676.820,1677.585,1676.449,1677.297,2705100,270786560.0000
2026-08-06 14:20:00,1677.889,1679.061,1677.889,1678.939,1889300,178544640.0000
2026-08-06 14:21:00,1678.851,1681.344,1678.851,1681.292,2380700,223264768.0000
2026-08-06 14:22:00,1681.580,1686.180,1681.580,1686.180,5263100,265371648.0000
2026-08-06 14:23:00,1686.416,1686.712,1685.085,1686.561,3239600,353206272.0000
2026-08-06 14:24:00,1687.048,1689.049,1686.937,1689.049,4420500,372416512.0000
2026-08-06 14:25:00,1689.410,1691.179,1689.410,1690.798,3572300,386277376.0000
2026-08-06 14:26:00,1690.558,1690.916,1688.860,1688.924,3269300,336437248.0000
2026-08-06 14:27:00,1688.993,1692.134,1688.898,1692.134,3010200,349913088.0000
2026-08-06 14:28:00,1692.285,1693.631,1692.231,1693.631,2533000,333602816.0000
2026-08-06 14:29:00,1693.721,1693.791,1692.295,1692.295,3066500,359858176.0000
2026-08-06 14:30:00,1692.543,1696.007,1692.003,1696.007,3263000,354222080.0000
2026-08-06 14:31:00,1696.305,1698.633,1696.305,1698.633,4101600,410132480.0000
2026-08-06 14:32:00,1698.906,1698.906,1695.572,1695.572,4051400,410935296.0000
2026-08-06 14:33:00,1695.521,1695.735,1694.502,1695.735,2430000,258760704.0000
2026-08-06 14:34:00,1695.984,1698.983,1694.243,1698.983,3173800,365387776.0000
2026-08-06 14:35:00,1699.473,1702.969,1699.473,1702.969,3324100,439721984.0000
2026-08-06 14:36:00,1703.232,1706.294,1703.232,1705.348,5337400,631472128.0000
2026-08-06 14:37:00,1705.519,1705.519,1701.928,1702.022,4068900,454680576.0000
2026-08-06 14:38:00,1702.280,1702.280,1699.456,1699.515,3123500,364937216.0000
2026-08-06 14:39:00,1699.492,1699.935,1698.415,1698.415,3374500,463241216.0000
2026-08-06 14:40:00,1697.654,1697.654,1694.600,1694.600,4321700,434012160.0000
2026-08-06 14:41:00,1694.188,1696.724,1694.188,1696.724,3526400,362815488.0000
2026-08-06 14:42:00,1696.967,1700.378,1696.967,1698.249,3243300,413523968.0000
2026-08-06 14:43:00,1697.675,1698.167,1693.874,1693.874,3943300,425205760.0000
2026-08-06 14:44:00,1694.098,1695.835,1694.031,1695.835,2947800,323297280.0000
2026-08-06 14:45:00,1695.994,1697.100,1695.894,1696.065,3113900,335544320.0000
2026-08-06 14:46:00,1695.920,1696.224,1694.929,1694.929,3800000,426369024.0000
2026-08-06 14:47:00,1695.380,1696.206,1695.052,1696.206,3834300,357072896.0000
2026-08-06 14:48:00,1696.365,1696.982,1695.971,1696.982,3422600,352010240.0000
2026-08-06 14:49:00,1697.359,1697.849,1696.749,1697.064,3849700,408625152.0000
2026-08-06 14:50:00,1697.028,1698.004,1696.655,1697.669,4174700,472186880.0000
2026-08-06 14:51:00,1698.290,1700.113,1697.929,1698.747,4916800,556761088.0000
2026-08-06 14:52:00,1699.431,1699.530,1698.729,1699.222,4636600,432226304.0000
2026-08-06 14:53:00,1699.765,1700.828,1699.757,1700.781,5606600,444628992.0000
2026-08-06 14:54:00,1700.996,1700.996,1700.005,1700.376,5180200,502620160.0000
2026-08-06 14:55:00,1700.432,1700.741,1700.186,1700.688,5555900,573562880.0000
2026-08-06 14:56:00,1700.605,1700.605,1699.592,1699.722,6806900,625434624.0000
2026-08-06 14:57:00,1699.915,1700.659,1699.609,1700.659,7588600,694009856.0000
2026-08-06 14:58:00,1700.836,1700.836,1700.807,1700.807,364400,41132032.0000
2026-08-06 15:00:00,1701.324,1701.324,1701.292,1701.292,13232900,1175191552.0000
