dt,board,state,action,price,nav,expressed,bull,bear,mixed,bull_frac,trigger,gaps
2026-01-05 09:30:00+08:00,short,L,buy,3986.972,1.0,4,4,0,0,1.0,True,0
2026-01-05 10:00:00+08:00,short,L,hold,3995.023,1.002019,4,4,0,0,1.0,True,0
2026-01-05 10:30:00+08:00,short,L,hold,4006.483,1.004894,5,5,0,0,1.0,True,0
2026-01-05 11:00:00+08:00,short,L,hold,4005.239,1.004582,5,5,0,0,1.0,True,0
2026-01-05 11:30:00+08:00,short,L,hold,4011.448,1.006139,5,5,0,0,1.0,True,0
2026-01-05 13:00:00+08:00,short,L,hold,4011.839,1.006237,6,5,1,0,0.8333,True,0
2026-01-05 13:30:00+08:00,short,L,hold,4010.588,1.005923,6,5,1,0,0.8333,True,0
2026-01-05 14:00:00+08:00,short,L,hold,4018.749,1.00797,6,5,1,0,0.8333,True,0
2026-01-05 14:30:00+08:00,short,L,hold,4022.828,1.008993,6,5,1,0,0.8333,True,0
2026-01-05 15:00:00+08:00,short,L,hold,4023.417,1.009141,6,5,1,0,0.8333,True,0
2026-01-06 09:30:00+08:00,short,F,sell,4026.016,1.009793,9,5,4,0,0.5556,False,0
2026-01-06 10:00:00+08:00,short,F,hold,4050.028,1.009793,9,4,5,0,0.4444,False,0
2026-01-06 10:30:00+08:00,short,F,hold,4058.408,1.009793,9,4,5,0,0.4444,False,0
2026-01-06 11:00:00+08:00,short,F,hold,4060.867,1.009793,9,4,5,0,0.4444,False,0
2026-01-06 11:30:00+08:00,short,F,hold,4069.376,1.009793,9,4,5,0,0.4444,False,0
2026-01-06 13:00:00+08:00,short,F,hold,4069.773,1.009793,9,4,5,0,0.4444,False,0
2026-01-06 13:30:00+08:00,short,F,hold,4070.639,1.009793,9,4,5,0,0.4444,False,0
2026-01-06 14:00:00+08:00,short,F,hold,4065.411,1.009793,9,4,5,0,0.4444,False,0
2026-01-06 14:30:00+08:00,short,F,hold,4079.267,1.009793,9,4,5,0,0.4444,False,0
2026-01-06 15:00:00+08:00,short,F,hold,4083.667,1.009793,9,4,5,0,0.4444,False,0
2026-01-07 09:30:00+08:00,short,F,hold,4083.843,1.009793,6,3,3,0,0.5,False,0
2026-01-07 10:00:00+08:00,short,F,hold,4089.48,1.009793,6,3,3,0,0.5,False,0
2026-01-07 10:30:00+08:00,short,F,hold,4082.921,1.009793,6,3,3,0,0.5,False,0
2026-01-07 11:00:00+08:00,short,F,hold,4088.37,1.009793,6,3,3,0,0.5,False,0
2026-01-07 11:30:00+08:00,short,F,hold,4095.544,1.009793,6,3,3,0,0.5,False,0
2026-01-07 13:00:00+08:00,short,F,hold,4096.253,1.009793,6,3,3,0,0.5,False,0
2026-01-07 13:30:00+08:00,short,F,hold,4078.835,1.009793,6,3,3,0,0.5,False,0
2026-01-07 14:00:00+08:00,short,F,hold,4080.198,1.009793,6,3,3,0,0.5,False,0
2026-01-07 14:30:00+08:00,short,F,hold,4084.895,1.009793,6,3,3,0,0.5,False,0
2026-01-07 15:00:00+08:00,short,F,hold,4085.772,1.009793,6,3,3,0,0.5,False,0
2026-01-08 09:30:00+08:00,short,F,hold,4077.715,1.009793,8,3,5,0,0.375,False,0
2026-01-08 10:00:00+08:00,short,F,hold,4085.187,1.009793,8,3,5,0,0.375,False,0
2026-01-08 10:30:00+08:00,short,F,hold,4083.333,1.009793,8,3,5,0,0.375,False,0
2026-01-08 11:00:00+08:00,short,F,hold,4093.5,1.009793,8,3,5,0,0.375,False,0
2026-01-08 11:30:00+08:00,short,F,hold,4089.449,1.009793,8,3,5,0,0.375,False,0
2026-01-08 13:00:00+08:00,short,F,hold,4089.8,1.009793,9,4,5,0,0.4444,False,0
2026-01-08 13:30:00+08:00,short,F,hold,4089.798,1.009793,9,4,5,0,0.4444,False,0
2026-01-08 14:00:00+08:00,short,F,hold,4086.936,1.009793,9,4,5,0,0.4444,False,0
2026-01-08 14:30:00+08:00,short,F,hold,4078.59,1.009793,9,4,5,0,0.4444,False,0
2026-01-08 15:00:00+08:00,short,F,hold,4082.979,1.009793,9,4,5,0,0.4444,False,0
2026-01-09 09:30:00+08:00,short,F,hold,4086.762,1.009793,6,3,3,0,0.5,False,0
2026-01-09 10:00:00+08:00,short,F,hold,4104.841,1.009793,6,3,3,0,0.5,False,0
2026-01-09 10:30:00+08:00,short,F,hold,4111.935,1.009793,6,3,3,0,0.5,False,0
2026-01-09 11:00:00+08:00,short,F,hold,4114.198,1.009793,6,3,3,0,0.5,False,0
2026-01-09 11:30:00+08:00,short,F,hold,4095.329,1.009793,6,3,3,0,0.5,False,0
2026-01-09 13:00:00+08:00,short,F,hold,4095.581,1.009793,6,3,3,0,0.5,False,0
2026-01-09 13:30:00+08:00,short,F,hold,4106.681,1.009793,6,3,3,0,0.5,False,0
2026-01-09 14:00:00+08:00,short,F,hold,4109.512,1.009793,6,3,3,0,0.5,False,0
2026-01-09 14:30:00+08:00,short,F,hold,4113.294,1.009793,6,3,3,0,0.5,False,0
2026-01-09 15:00:00+08:00,short,F,hold,4120.426,1.009793,6,3,3,0,0.5,False,0
2026-01-12 09:30:00+08:00,short,F,hold,4134.893,1.009793,2,2,0,1,1.0,False,0
2026-01-12 10:00:00+08:00,short,F,hold,4130.45,1.009793,2,2,0,1,1.0,False,0
2026-01-12 10:30:00+08:00,short,F,hold,4128.915,1.009793,2,2,0,1,1.0,False,0
2026-01-12 11:00:00+08:00,short,F,hold,4136.1,1.009793,2,2,0,1,1.0,False,0
2026-01-12 11:30:00+08:00,short,F,hold,4151.135,1.009793,2,2,0,1,1.0,False,0
2026-01-12 13:00:00+08:00,short,L,buy,4151.525,1.009793,3,3,0,1,1.0,True,0
2026-01-12 13:30:00+08:00,short,L,hold,4155.467,1.010752,3,3,0,1,1.0,True,0
2026-01-12 14:00:00+08:00,short,L,hold,4159.78,1.011801,3,3,0,1,1.0,True,0
2026-01-12 14:30:00+08:00,short,L,hold,4167.644,1.013714,3,3,0,1,1.0,True,0
2026-01-12 15:00:00+08:00,short,L,hold,4165.287,1.01314,3,3,0,1,1.0,True,0
2026-01-13 09:30:00+08:00,short,F,sell,4169.704,1.014215,7,3,4,0,0.4286,False,0
2026-01-13 10:00:00+08:00,short,F,hold,4167.197,1.014215,8,4,4,0,0.5,False,0
2026-01-13 10:30:00+08:00,short,F,hold,4164.114,1.014215,8,4,4,0,0.5,False,0
2026-01-13 11:00:00+08:00,short,F,hold,4164.898,1.014215,8,4,4,0,0.5,False,0
2026-01-13 11:30:00+08:00,short,F,hold,4163.843,1.014215,8,4,4,0,0.5,False,0
2026-01-13 13:00:00+08:00,short,F,hold,4164.27,1.014215,8,5,3,0,0.625,False,0
2026-01-13 13:30:00+08:00,short,F,hold,4150.973,1.014215,8,5,3,0,0.625,False,0
2026-01-13 14:00:00+08:00,short,F,hold,4163.975,1.014215,8,5,3,0,0.625,False,0
2026-01-13 14:30:00+08:00,short,F,hold,4144.342,1.014215,8,5,3,0,0.625,False,0
2026-01-13 15:00:00+08:00,short,F,hold,4138.758,1.014215,8,5,3,0,0.625,False,0
2026-01-14 09:30:00+08:00,short,F,hold,4138.645,1.014215,5,3,2,1,0.6,False,0
2026-01-14 10:00:00+08:00,short,F,hold,4165.477,1.014215,5,3,2,1,0.6,False,0
2026-01-14 10:30:00+08:00,short,F,hold,4178.816,1.014215,5,3,2,1,0.6,False,0
2026-01-14 11:00:00+08:00,short,F,hold,4179.874,1.014215,6,4,2,1,0.6667,False,0
2026-01-14 11:30:00+08:00,short,F,hold,4188.236,1.014215,6,4,2,1,0.6667,False,0
2026-01-14 13:00:00+08:00,short,F,hold,4187.452,1.014215,6,4,2,2,0.6667,False,0
2026-01-14 13:30:00+08:00,short,F,hold,4140.8,1.014215,6,4,2,2,0.6667,False,0
2026-01-14 14:00:00+08:00,short,F,hold,4110.84,1.014215,6,4,2,2,0.6667,False,0
2026-01-14 14:30:00+08:00,short,F,hold,4137.396,1.014215,6,4,2,2,0.6667,False,0
2026-01-14 15:00:00+08:00,short,F,hold,4126.093,1.014215,6,4,2,2,0.6667,False,0
2026-01-15 09:30:00+08:00,short,L,buy,4106.224,1.014215,6,5,1,0,0.8333,True,0
2026-01-15 10:00:00+08:00,short,L,hold,4130.892,1.020308,6,5,1,0,0.8333,True,0
2026-01-15 10:30:00+08:00,short,L,hold,4107.382,1.014501,6,5,1,0,0.8333,True,0
2026-01-15 11:00:00+08:00,short,L,hold,4108.955,1.014889,6,5,1,0,0.8333,True,0
2026-01-15 11:30:00+08:00,short,L,hold,4101.524,1.013054,6,5,1,0,0.8333,True,0
2026-01-15 13:00:00+08:00,short,F,sell,4101.446,1.013035,7,4,3,0,0.5714,False,0
2026-01-15 13:30:00+08:00,short,F,hold,4111.094,1.013035,7,4,3,0,0.5714,False,0
2026-01-15 14:00:00+08:00,short,F,hold,4109.069,1.013035,7,4,3,0,0.5714,False,0
2026-01-15 14:30:00+08:00,short,F,hold,4106.495,1.013035,7,4,3,0,0.5714,False,0
2026-01-15 15:00:00+08:00,short,F,hold,4112.601,1.013035,7,4,3,0,0.5714,False,0
2026-01-16 09:30:00+08:00,short,L,buy,4127.063,1.013035,9,7,2,0,0.7778,True,0
2026-01-16 10:00:00+08:00,short,L,hold,4113.929,1.009811,9,7,2,0,0.7778,True,0
2026-01-16 10:30:00+08:00,short,L,hold,4108.301,1.008429,9,7,2,0,0.7778,True,0
2026-01-16 11:00:00+08:00,short,L,hold,4111.251,1.009153,9,7,2,0,0.7778,True,0
2026-01-16 11:30:00+08:00,short,L,hold,4103.446,1.007237,9,7,2,0,0.7778,True,0
2026-01-16 13:00:00+08:00,short,F,sell,4104.633,1.007529,9,6,3,0,0.6667,False,0
2026-01-16 13:30:00+08:00,short,F,hold,4108.94,1.007529,9,6,3,0,0.6667,False,0
2026-01-16 14:00:00+08:00,short,F,hold,4104.432,1.007529,9,6,3,0,0.6667,False,0
2026-01-16 14:30:00+08:00,short,F,hold,4104.195,1.007529,9,6,3,0,0.6667,False,0
2026-01-16 15:00:00+08:00,short,F,hold,4101.913,1.007529,9,6,3,0,0.6667,False,0
2026-01-19 09:30:00+08:00,short,L,buy,4090.718,1.007529,4,3,1,0,0.75,True,0
2026-01-19 10:00:00+08:00,short,L,hold,4120.006,1.014742,4,3,1,0,0.75,True,0
2026-01-19 10:30:00+08:00,short,F,sell,4113.034,1.013025,4,2,2,0,0.5,False,0
2026-01-19 11:00:00+08:00,short,F,hold,4110.795,1.013025,4,2,2,0,0.5,False,0
2026-01-19 11:30:00+08:00,short,F,hold,4107.177,1.013025,4,2,2,0,0.5,False,0
2026-01-19 13:00:00+08:00,short,F,hold,4107.91,1.013025,5,2,3,0,0.4,False,0
2026-01-19 13:30:00+08:00,short,F,hold,4120.937,1.013025,5,2,3,0,0.4,False,0
2026-01-19 14:00:00+08:00,short,F,hold,4104.718,1.013025,5,2,3,0,0.4,False,0
2026-01-19 14:30:00+08:00,short,F,hold,4112.119,1.013025,5,2,3,0,0.4,False,0
2026-01-19 15:00:00+08:00,short,F,hold,4114.0,1.013025,5,2,3,0,0.4,False,0
2026-01-20 09:30:00+08:00,short,F,hold,4116.366,1.013025,6,4,2,0,0.6667,False,0
2026-01-20 10:00:00+08:00,short,F,hold,4105.685,1.013025,6,4,2,0,0.6667,False,0
2026-01-20 10:30:00+08:00,short,F,hold,4089.334,1.013025,6,4,2,0,0.6667,False,0
2026-01-20 11:00:00+08:00,short,F,hold,4099.124,1.013025,6,4,2,0,0.6667,False,0
2026-01-20 11:30:00+08:00,short,F,hold,4101.624,1.013025,6,4,2,0,0.6667,False,0
2026-01-20 13:00:00+08:00,short,F,hold,4102.239,1.013025,6,3,3,0,0.5,False,0
2026-01-20 13:30:00+08:00,short,F,hold,4107.057,1.013025,6,3,3,0,0.5,False,0
2026-01-20 14:00:00+08:00,short,F,hold,4105.135,1.013025,6,3,3,0,0.5,False,0
2026-01-20 14:30:00+08:00,short,F,hold,4104.784,1.013025,6,3,3,0,0.5,False,0
2026-01-20 15:00:00+08:00,short,F,hold,4113.649,1.013025,6,3,3,0,0.5,False,0
2026-01-21 09:30:00+08:00,short,L,buy,4103.529,1.013025,6,5,1,0,0.8333,True,0
2026-01-21 10:00:00+08:00,short,L,hold,4116.647,1.016264,6,5,1,0,0.8333,True,0
2026-01-21 10:30:00+08:00,short,L,hold,4133.355,1.020388,6,5,1,0,0.8333,True,0
2026-01-21 11:00:00+08:00,short,L,hold,4126.599,1.01872,6,5,1,0,0.8333,True,0
2026-01-21 11:30:00+08:00,short,L,hold,4120.096,1.017115,6,5,1,0,0.8333,True,0
2026-01-21 13:00:00+08:00,short,L,hold,4120.662,1.017255,6,5,1,0,0.8333,True,0
2026-01-21 13:30:00+08:00,short,L,hold,4123.841,1.01804,6,5,1,0,0.8333,True,0
2026-01-21 14:00:00+08:00,short,L,hold,4132.752,1.020239,6,5,1,0,0.8333,True,0
2026-01-21 14:30:00+08:00,short,L,hold,4114.052,1.015623,6,5,1,0,0.8333,True,0
2026-01-21 15:00:00+08:00,short,L,hold,4116.94,1.016336,6,5,1,0,0.8333,True,0
2026-01-22 09:30:00+08:00,short,L,hold,4126.072,1.01859,6,5,1,0,0.8333,True,0
2026-01-22 10:00:00+08:00,short,L,hold,4132.339,1.020137,6,5,1,0,0.8333,True,0
2026-01-22 10:30:00+08:00,short,L,hold,4114.662,1.015774,6,5,1,0,0.8333,True,0
2026-01-22 11:00:00+08:00,short,L,hold,4123.918,1.018059,6,5,1,0,0.8333,True,0
2026-01-22 11:30:00+08:00,short,L,hold,4110.862,1.014835,6,5,1,0,0.8333,True,0
2026-01-22 13:00:00+08:00,short,L,hold,4111.275,1.014937,6,5,1,0,0.8333,True,0
2026-01-22 13:30:00+08:00,short,L,hold,4114.925,1.015838,6,5,1,0,0.8333,True,0
2026-01-22 14:00:00+08:00,short,L,hold,4121.354,1.017426,6,5,1,0,0.8333,True,0
2026-01-22 14:30:00+08:00,short,L,hold,4122.765,1.017774,7,5,2,0,0.7143,True,0
2026-01-22 15:00:00+08:00,short,L,hold,4122.576,1.017727,7,5,2,0,0.7143,True,0
2026-01-23 09:30:00+08:00,short,L,hold,4130.108,1.019587,6,5,1,0,0.8333,True,0
2026-01-23 10:00:00+08:00,short,L,hold,4133.303,1.020375,6,5,1,0,0.8333,True,0
2026-01-23 10:30:00+08:00,short,L,hold,4126.105,1.018598,6,5,1,0,0.8333,True,0
2026-01-23 11:00:00+08:00,short,L,hold,4134.411,1.020649,6,5,1,0,0.8333,True,0
2026-01-23 11:30:00+08:00,short,L,hold,4133.575,1.020443,6,5,1,0,0.8333,True,0
2026-01-23 13:00:00+08:00,short,L,hold,4134.169,1.020589,6,5,1,0,0.8333,True,0
2026-01-23 13:30:00+08:00,short,L,hold,4131.727,1.019986,6,5,1,0,0.8333,True,0
2026-01-23 14:00:00+08:00,short,L,hold,4139.875,1.021998,6,5,1,0,0.8333,True,0
2026-01-23 14:30:00+08:00,short,L,hold,4136.542,1.021175,6,5,1,0,0.8333,True,0
2026-01-23 15:00:00+08:00,short,L,hold,4136.164,1.021082,6,5,1,0,0.8333,True,0
2026-01-26 09:30:00+08:00,short,F,sell,4144.778,1.023208,2,1,1,0,0.5,False,0
2026-01-26 10:00:00+08:00,short,F,hold,4126.314,1.023208,2,1,1,0,0.5,False,0
2026-01-26 10:30:00+08:00,short,F,hold,4151.448,1.023208,2,1,1,0,0.5,False,0
2026-01-26 11:00:00+08:00,short,F,hold,4127.838,1.023208,2,1,1,0,0.5,False,0
2026-01-26 11:30:00+08:00,short,F,hold,4141.014,1.023208,2,1,1,0,0.5,False,0
2026-01-26 13:00:00+08:00,short,F,hold,4141.446,1.023208,3,2,1,0,0.6667,False,0
2026-01-26 13:30:00+08:00,short,F,hold,4134.72,1.023208,3,2,1,0,0.6667,False,0
2026-01-26 14:00:00+08:00,short,F,hold,4133.029,1.023208,3,2,1,0,0.6667,False,0
2026-01-26 14:30:00+08:00,short,F,hold,4141.281,1.023208,3,2,1,0,0.6667,False,0
2026-01-26 15:00:00+08:00,short,F,hold,4132.605,1.023208,3,2,1,0,0.6667,False,0
2026-01-27 09:30:00+08:00,short,F,hold,4125.216,1.023208,5,3,2,0,0.6,False,0
2026-01-27 10:00:00+08:00,short,F,hold,4107.8,1.023208,5,3,2,0,0.6,False,0
2026-01-27 10:30:00+08:00,short,F,hold,4121.836,1.023208,5,3,2,0,0.6,False,0
2026-01-27 11:00:00+08:00,short,F,hold,4136.99,1.023208,5,3,2,0,0.6,False,0
2026-01-27 11:30:00+08:00,short,F,hold,4134.031,1.023208,5,3,2,0,0.6,False,0
2026-01-27 13:00:00+08:00,short,F,hold,4134.37,1.023208,5,3,2,0,0.6,False,0
2026-01-27 13:30:00+08:00,short,F,hold,4140.871,1.023208,5,3,2,0,0.6,False,0
2026-01-27 14:00:00+08:00,short,F,hold,4154.228,1.023208,5,3,2,0,0.6,False,0
2026-01-27 14:30:00+08:00,short,F,hold,4148.279,1.023208,5,3,2,0,0.6,False,0
2026-01-27 15:00:00+08:00,short,F,hold,4139.904,1.023208,5,3,2,0,0.6,False,0
2026-01-28 09:30:00+08:00,short,L,buy,4150.215,1.023208,5,5,0,0,1.0,True,0
2026-01-28 10:00:00+08:00,short,L,hold,4147.715,1.022592,5,5,0,0,1.0,True,0
2026-01-28 10:30:00+08:00,short,L,hold,4149.195,1.022957,5,5,0,0,1.0,True,0
2026-01-28 11:00:00+08:00,short,L,hold,4141.727,1.021116,5,5,0,0,1.0,True,0
2026-01-28 11:30:00+08:00,short,L,hold,4160.006,1.025622,5,5,0,0,1.0,True,0
2026-01-28 13:00:00+08:00,short,L,hold,4160.479,1.025739,5,4,1,0,0.8,True,0
2026-01-28 13:30:00+08:00,short,L,hold,4148.9,1.022884,5,4,1,0,0.8,True,0
2026-01-28 14:00:00+08:00,short,L,hold,4157.008,1.024883,5,4,1,0,0.8,True,0
2026-01-28 14:30:00+08:00,short,L,hold,4161.72,1.026045,5,4,1,0,0.8,True,0
2026-01-28 15:00:00+08:00,short,L,hold,4151.238,1.02346,5,4,1,0,0.8,True,0
2026-01-29 09:30:00+08:00,short,L,hold,4155.918,1.024614,3,3,0,0,1.0,True,0
2026-01-29 10:00:00+08:00,short,L,hold,4154.994,1.024386,3,3,0,0,1.0,True,0
2026-01-29 10:30:00+08:00,short,L,hold,4144.329,1.021757,3,3,0,0,1.0,True,0
2026-01-29 11:00:00+08:00,short,L,hold,4151.91,1.023626,3,3,0,0,1.0,True,0
2026-01-29 11:30:00+08:00,short,L,hold,4147.154,1.022454,3,3,0,0,1.0,True,0
2026-01-29 13:00:00+08:00,short,F,sell,4148.023,1.022668,3,2,1,0,0.6667,False,0
2026-01-29 13:30:00+08:00,short,F,hold,4146.041,1.022668,3,2,1,0,0.6667,False,0
2026-01-29 14:00:00+08:00,short,F,hold,4149.966,1.022668,3,2,1,0,0.6667,False,0
2026-01-29 14:30:00+08:00,short,F,hold,4158.053,1.022668,3,2,1,0,0.6667,False,0
2026-01-29 15:00:00+08:00,short,F,hold,4157.984,1.022668,3,2,1,0,0.6667,False,0
2026-01-30 09:30:00+08:00,short,F,hold,4131.993,1.022668,6,2,4,0,0.3333,False,0
2026-01-30 10:00:00+08:00,short,F,hold,4117.961,1.022668,6,2,4,0,0.3333,False,0
2026-01-30 10:30:00+08:00,short,F,hold,4084.748,1.022668,6,2,4,0,0.3333,False,0
2026-01-30 11:00:00+08:00,short,F,hold,4100.826,1.022668,7,3,4,0,0.4286,False,0
2026-01-30 11:30:00+08:00,short,F,hold,4108.462,1.022668,8,3,5,0,0.375,False,0
2026-01-30 13:00:00+08:00,short,F,hold,4108.431,1.022668,8,3,5,0,0.375,False,0
2026-01-30 13:30:00+08:00,short,F,hold,4134.133,1.022668,8,3,5,0,0.375,False,0
2026-01-30 14:00:00+08:00,short,F,hold,4130.045,1.022668,8,3,5,0,0.375,False,0
2026-01-30 14:30:00+08:00,short,F,hold,4119.827,1.022668,8,3,5,0,0.375,False,0
2026-01-30 15:00:00+08:00,short,F,hold,4117.948,1.022668,8,3,5,0,0.375,False,0
2026-02-02 09:30:00+08:00,short,F,hold,4079.708,1.022668,2,0,2,0,0.0,False,0
2026-02-02 10:00:00+08:00,short,F,hold,4096.692,1.022668,2,0,2,0,0.0,False,0
2026-02-02 10:30:00+08:00,short,F,hold,4081.244,1.022668,2,0,2,0,0.0,False,0
2026-02-02 11:00:00+08:00,short,F,hold,4075.735,1.022668,2,0,2,0,0.0,False,0
2026-02-02 11:30:00+08:00,short,F,hold,4063.541,1.022668,2,0,2,0,0.0,False,0
2026-02-02 13:00:00+08:00,short,F,hold,4063.689,1.022668,3,0,3,0,0.0,False,0
2026-02-02 13:30:00+08:00,short,F,hold,4047.981,1.022668,3,0,3,0,0.0,False,0
2026-02-02 14:00:00+08:00,short,F,hold,4044.063,1.022668,4,1,3,0,0.25,False,0
2026-02-02 14:30:00+08:00,short,F,hold,4031.868,1.022668,4,1,3,0,0.25,False,0
2026-02-02 15:00:00+08:00,short,F,hold,4015.746,1.022668,4,1,3,0,0.25,False,0
2026-02-03 09:30:00+08:00,short,L,buy,4043.906,1.022668,8,7,1,0,0.875,True,0
2026-02-03 10:00:00+08:00,short,L,hold,4044.007,1.022693,8,7,1,0,0.875,True,0
2026-02-03 10:30:00+08:00,short,L,hold,4023.893,1.017607,8,7,1,0,0.875,True,0
2026-02-03 11:00:00+08:00,short,L,hold,4015.758,1.015549,8,7,1,0,0.875,True,0
2026-02-03 11:30:00+08:00,short,L,hold,4031.066,1.019421,8,7,1,0,0.875,True,0
2026-02-03 13:00:00+08:00,short,L,hold,4032.27,1.019725,8,7,1,0,0.875,True,0
2026-02-03 13:30:00+08:00,short,L,hold,4039.448,1.02154,8,7,1,0,0.875,True,0
2026-02-03 14:00:00+08:00,short,L,hold,4051.598,1.024613,8,7,1,0,0.875,True,0
2026-02-03 14:30:00+08:00,short,L,hold,4061.634,1.027151,8,7,1,0,0.875,True,0
2026-02-03 15:00:00+08:00,short,L,hold,4067.738,1.028695,8,7,1,0,0.875,True,0
2026-02-04 09:30:00+08:00,short,L,hold,4064.677,1.027921,6,5,1,0,0.8333,True,0
2026-02-04 10:00:00+08:00,short,L,hold,4077.16,1.031077,6,5,1,0,0.8333,True,0
2026-02-04 10:30:00+08:00,short,L,hold,4081.747,1.032237,6,5,1,0,0.8333,True,0
2026-02-04 11:00:00+08:00,short,L,hold,4073.296,1.0301,6,5,1,0,0.8333,True,0
2026-02-04 11:30:00+08:00,short,L,hold,4067.671,1.028678,6,5,1,0,0.8333,True,0
2026-02-04 13:00:00+08:00,short,L,hold,4067.827,1.028717,6,5,1,0,0.8333,True,0
2026-02-04 13:30:00+08:00,short,L,hold,4076.193,1.030833,6,5,1,0,0.8333,True,0
2026-02-04 14:00:00+08:00,short,L,hold,4073.837,1.030237,6,5,1,0,0.8333,True,0
2026-02-04 14:30:00+08:00,short,L,hold,4088.641,1.033981,6,5,1,0,0.8333,True,0
2026-02-04 15:00:00+08:00,short,L,hold,4102.202,1.03741,7,6,1,0,0.8571,True,0
2026-02-05 09:30:00+08:00,short,F,sell,4075.025,1.030537,8,4,4,0,0.5,False,0
2026-02-05 10:00:00+08:00,short,F,hold,4067.872,1.030537,8,4,4,0,0.5,False,0
2026-02-05 10:30:00+08:00,short,F,hold,4063.443,1.030537,8,4,4,0,0.5,False,0
2026-02-05 11:00:00+08:00,short,F,hold,4055.256,1.030537,8,4,4,0,0.5,False,0
2026-02-05 11:30:00+08:00,short,F,hold,4059.909,1.030537,8,4,4,0,0.5,False,0
2026-02-05 13:00:00+08:00,short,F,hold,4060.087,1.030537,8,4,4,0,0.5,False,0
2026-02-05 13:30:00+08:00,short,F,hold,4067.249,1.030537,8,4,4,0,0.5,False,0
2026-02-05 14:00:00+08:00,short,F,hold,4078.546,1.030537,8,4,4,0,0.5,False,0
2026-02-05 14:30:00+08:00,short,F,hold,4077.186,1.030537,9,5,4,0,0.5556,False,0
2026-02-05 15:00:00+08:00,short,F,hold,4075.917,1.030537,9,5,4,0,0.5556,False,0
2026-02-06 09:30:00+08:00,short,L,buy,4040.299,1.030537,10,7,3,0,0.7,True,0
2026-02-06 10:00:00+08:00,short,L,hold,4052.318,1.033603,10,7,3,0,0.7,True,0
2026-02-06 10:30:00+08:00,short,L,hold,4078.53,1.040289,10,7,3,0,0.7,True,0
2026-02-06 11:00:00+08:00,short,L,hold,4075.441,1.039501,10,7,3,0,0.7,True,0
2026-02-06 11:30:00+08:00,short,L,hold,4080.313,1.040744,10,7,3,0,0.7,True,0
2026-02-06 13:00:00+08:00,short,L,hold,4080.305,1.040742,10,7,3,0,0.7,True,0
2026-02-06 13:30:00+08:00,short,L,hold,4083.972,1.041677,10,7,3,0,0.7,True,0
2026-02-06 14:00:00+08:00,short,L,hold,4089.367,1.043053,10,7,3,0,0.7,True,0
2026-02-06 14:30:00+08:00,short,L,hold,4080.764,1.040859,10,7,3,0,0.7,True,0
2026-02-06 15:00:00+08:00,short,L,hold,4065.583,1.036987,10,7,3,0,0.7,True,0
2026-02-09 09:30:00+08:00,short,L,hold,4103.54,1.046668,5,5,0,1,1.0,True,0
2026-02-09 10:00:00+08:00,short,L,hold,4105.167,1.047083,5,5,0,1,1.0,True,0
2026-02-09 10:30:00+08:00,short,L,hold,4114.712,1.049518,5,5,0,1,1.0,True,0
2026-02-09 11:00:00+08:00,short,L,hold,4113.002,1.049081,5,5,0,1,1.0,True,0
2026-02-09 11:30:00+08:00,short,L,hold,4113.28,1.049152,5,5,0,1,1.0,True,0
2026-02-09 13:00:00+08:00,short,L,hold,4113.488,1.049205,7,6,1,1,0.8571,True,0
2026-02-09 13:30:00+08:00,short,L,hold,4116.047,1.049858,7,6,1,1,0.8571,True,0
2026-02-09 14:00:00+08:00,short,L,hold,4117.042,1.050112,7,6,1,1,0.8571,True,0
2026-02-09 14:30:00+08:00,short,L,hold,4116.762,1.05004,7,6,1,1,0.8571,True,0
2026-02-09 15:00:00+08:00,short,L,hold,4123.09,1.051655,7,6,1,1,0.8571,True,0
2026-02-10 09:30:00+08:00,short,L,hold,4127.766,1.052847,6,5,1,0,0.8333,True,0
2026-02-10 10:00:00+08:00,short,L,hold,4126.11,1.052425,6,5,1,0,0.8333,True,0
2026-02-10 10:30:00+08:00,short,L,hold,4128.802,1.053111,7,5,2,0,0.7143,True,0
2026-02-10 11:00:00+08:00,short,L,hold,4124.161,1.051928,7,5,2,0,0.7143,True,0
2026-02-10 11:30:00+08:00,short,L,hold,4122.337,1.051462,7,5,2,0,0.7143,True,0
2026-02-10 13:00:00+08:00,short,L,hold,4122.476,1.051498,8,6,2,0,0.75,True,0
2026-02-10 13:30:00+08:00,short,L,hold,4128.895,1.053135,8,6,2,0,0.75,True,0
2026-02-10 14:00:00+08:00,short,L,hold,4130.869,1.053639,8,6,2,0,0.75,True,0
2026-02-10 14:30:00+08:00,short,L,hold,4127.807,1.052858,8,6,2,0,0.75,True,0
2026-02-10 15:00:00+08:00,short,L,hold,4128.373,1.053002,8,6,2,0,0.75,True,0
2026-02-11 09:30:00+08:00,short,F,sell,4124.428,1.051996,4,0,4,0,0.0,False,0
2026-02-11 10:00:00+08:00,short,F,hold,4128.981,1.051996,4,0,4,0,0.0,False,0
2026-02-11 10:30:00+08:00,short,F,hold,4133.114,1.051996,4,0,4,0,0.0,False,0
2026-02-11 11:00:00+08:00,short,F,hold,4138.475,1.051996,4,0,4,0,0.0,False,0
2026-02-11 11:30:00+08:00,short,F,hold,4137.547,1.051996,4,0,4,0,0.0,False,0
2026-02-11 13:00:00+08:00,short,F,hold,4137.835,1.051996,5,1,4,0,0.2,False,0
2026-02-11 13:30:00+08:00,short,F,hold,4136.995,1.051996,5,1,4,0,0.2,False,0
2026-02-11 14:00:00+08:00,short,F,hold,4137.307,1.051996,5,1,4,0,0.2,False,0
2026-02-11 14:30:00+08:00,short,F,hold,4134.686,1.051996,5,1,4,0,0.2,False,0
2026-02-11 15:00:00+08:00,short,F,hold,4131.985,1.051996,5,1,4,0,0.2,False,0
2026-02-12 09:30:00+08:00,short,L,buy,4136.99,1.051996,6,5,1,0,0.8333,True,0
2026-02-12 10:00:00+08:00,short,L,hold,4132.559,1.050869,6,5,1,0,0.8333,True,0
2026-02-12 10:30:00+08:00,short,L,hold,4135.595,1.051641,6,5,1,0,0.8333,True,0
2026-02-12 11:00:00+08:00,short,L,hold,4135.979,1.051739,6,5,1,0,0.8333,True,0
2026-02-12 11:30:00+08:00,short,L,hold,4137.057,1.052013,6,5,1,0,0.8333,True,0
2026-02-12 13:00:00+08:00,short,L,hold,4137.269,1.052067,6,5,1,0,0.8333,True,0
2026-02-12 13:30:00+08:00,short,L,hold,4131.866,1.050693,6,5,1,0,0.8333,True,0
2026-02-12 14:00:00+08:00,short,L,hold,4135.766,1.051685,6,5,1,0,0.8333,True,0
2026-02-12 14:30:00+08:00,short,L,hold,4135.254,1.051554,6,5,1,0,0.8333,True,0
2026-02-12 15:00:00+08:00,short,L,hold,4134.018,1.05124,6,5,1,0,0.8333,True,0
2026-02-13 09:30:00+08:00,short,L,hold,4115.924,1.046639,7,5,2,0,0.7143,True,0
2026-02-13 10:00:00+08:00,short,L,hold,4118.769,1.047362,7,5,2,0,0.7143,True,0
2026-02-13 10:30:00+08:00,short,L,hold,4119.548,1.04756,7,5,2,0,0.7143,True,0
2026-02-13 11:00:00+08:00,short,L,hold,4116.889,1.046884,7,5,2,0,0.7143,True,0
2026-02-13 11:30:00+08:00,short,L,hold,4105.041,1.043871,7,5,2,0,0.7143,True,0
2026-02-13 13:00:00+08:00,short,L,hold,4105.293,1.043936,7,6,1,0,0.8571,True,0
2026-02-13 13:30:00+08:00,short,L,hold,4099.993,1.042588,7,6,1,0,0.8571,True,0
2026-02-13 14:00:00+08:00,short,L,hold,4099.258,1.042401,7,6,1,0,0.8571,True,0
2026-02-13 14:30:00+08:00,short,L,hold,4090.888,1.040273,7,6,1,0,0.8571,True,0
2026-02-13 15:00:00+08:00,short,L,hold,4082.073,1.038031,7,6,1,0,0.8571,True,0
2026-02-24 09:30:00+08:00,short,L,hold,4129.134,1.049998,6,5,1,1,0.8333,True,0
2026-02-24 10:00:00+08:00,short,L,hold,4109.701,1.045056,7,6,1,1,0.8571,True,0
2026-02-24 10:30:00+08:00,short,L,hold,4122.627,1.048343,7,6,1,1,0.8571,True,0
2026-02-24 11:00:00+08:00,short,L,hold,4125.33,1.049031,7,6,1,1,0.8571,True,0
2026-02-24 11:30:00+08:00,short,L,hold,4129.779,1.050162,7,6,1,1,0.8571,True,0
2026-02-24 13:00:00+08:00,short,L,hold,4129.823,1.050173,9,7,2,1,0.7778,True,0
2026-02-24 13:30:00+08:00,short,L,hold,4120.377,1.047771,9,7,2,1,0.7778,True,0
2026-02-24 14:00:00+08:00,short,L,hold,4118.244,1.047229,9,7,2,1,0.7778,True,0
2026-02-24 14:30:00+08:00,short,L,hold,4118.622,1.047325,9,7,2,1,0.7778,True,0
2026-02-24 15:00:00+08:00,short,L,hold,4117.409,1.047017,9,7,2,1,0.7778,True,0
2026-02-25 09:30:00+08:00,short,F,sell,4123.781,1.048637,5,2,3,0,0.4,False,0
2026-02-25 10:00:00+08:00,short,F,hold,4138.661,1.048637,5,2,3,0,0.4,False,0
2026-02-25 10:30:00+08:00,short,F,hold,4147.876,1.048637,6,3,3,0,0.5,False,0
2026-02-25 11:00:00+08:00,short,F,hold,4160.452,1.048637,6,3,3,0,0.5,False,0
2026-02-25 11:30:00+08:00,short,F,hold,4166.718,1.048637,6,3,3,0,0.5,False,0
2026-02-25 13:00:00+08:00,short,F,hold,4167.193,1.048637,6,3,3,0,0.5,False,0
2026-02-25 13:30:00+08:00,short,F,hold,4157.972,1.048637,6,3,3,0,0.5,False,0
2026-02-25 14:00:00+08:00,short,F,hold,4152.963,1.048637,6,3,3,0,0.5,False,0
2026-02-25 14:30:00+08:00,short,F,hold,4136.388,1.048637,6,3,3,0,0.5,False,0
2026-02-25 15:00:00+08:00,short,F,hold,4147.23,1.048637,6,3,3,0,0.5,False,0
2026-02-26 09:30:00+08:00,short,F,hold,4151.068,1.048637,3,1,2,0,0.3333,False,0
2026-02-26 10:00:00+08:00,short,F,hold,4144.384,1.048637,3,1,2,0,0.3333,False,0
2026-02-26 10:30:00+08:00,short,F,hold,4128.012,1.048637,3,1,2,0,0.3333,False,0
2026-02-26 11:00:00+08:00,short,F,hold,4133.082,1.048637,3,1,2,0,0.3333,False,0
2026-02-26 11:30:00+08:00,short,F,hold,4144.084,1.048637,3,1,2,0,0.3333,False,0
2026-02-26 13:00:00+08:00,short,F,hold,4144.41,1.048637,3,1,2,0,0.3333,False,0
2026-02-26 13:30:00+08:00,short,F,hold,4149.311,1.048637,3,1,2,0,0.3333,False,0
2026-02-26 14:00:00+08:00,short,F,hold,4140.949,1.048637,3,1,2,0,0.3333,False,0
2026-02-26 14:30:00+08:00,short,F,hold,4140.077,1.048637,3,1,2,0,0.3333,False,0
2026-02-26 15:00:00+08:00,short,F,hold,4146.631,1.048637,3,1,2,0,0.3333,False,0
2026-02-27 09:30:00+08:00,short,L,buy,4128.897,1.048637,4,3,1,0,0.75,True,0
2026-02-27 10:00:00+08:00,short,L,hold,4149.726,1.053927,4,3,1,0,0.75,True,0
2026-02-27 10:30:00+08:00,short,F,sell,4146.851,1.053197,5,3,2,0,0.6,False,0
2026-02-27 11:00:00+08:00,short,F,hold,4144.065,1.053197,5,3,2,0,0.6,False,0
2026-02-27 11:30:00+08:00,short,F,hold,4139.526,1.053197,5,3,2,0,0.6,False,0
2026-02-27 13:00:00+08:00,short,F,hold,4140.267,1.053197,5,3,2,0,0.6,False,0
2026-02-27 13:30:00+08:00,short,F,hold,4159.089,1.053197,5,3,2,0,0.6,False,0
2026-02-27 14:00:00+08:00,short,F,hold,4158.774,1.053197,5,3,2,0,0.6,False,0
2026-02-27 14:30:00+08:00,short,F,hold,4159.354,1.053197,5,3,2,0,0.6,False,0
2026-02-27 15:00:00+08:00,short,F,hold,4162.882,1.053197,5,3,2,0,0.6,False,0
2026-03-02 09:30:00+08:00,short,F,hold,4151.801,1.053197,3,1,2,0,0.3333,False,0
2026-03-02 10:00:00+08:00,short,F,hold,4170.828,1.053197,3,1,2,0,0.3333,False,0
2026-03-02 10:30:00+08:00,short,F,hold,4141.432,1.053197,3,1,2,0,0.3333,False,0
2026-03-02 11:00:00+08:00,short,F,hold,4157.452,1.053197,3,1,2,0,0.3333,False,0
2026-03-02 11:30:00+08:00,short,F,hold,4163.008,1.053197,3,1,2,0,0.3333,False,0
2026-03-02 13:00:00+08:00,short,F,hold,4163.298,1.053197,3,2,1,0,0.6667,False,0
2026-03-02 13:30:00+08:00,short,F,hold,4186.748,1.053197,3,2,1,0,0.6667,False,0
2026-03-02 14:00:00+08:00,short,F,hold,4181.619,1.053197,3,2,1,0,0.6667,False,0
2026-03-02 14:30:00+08:00,short,F,hold,4182.6,1.053197,3,2,1,0,0.6667,False,0
2026-03-02 15:00:00+08:00,short,F,hold,4182.591,1.053197,3,2,1,0,0.6667,False,0
2026-03-03 09:30:00+08:00,short,L,buy,4189.408,1.053197,4,3,1,0,0.75,True,0
2026-03-03 10:00:00+08:00,short,L,hold,4158.925,1.045533,4,3,1,0,0.75,True,0
2026-03-03 10:30:00+08:00,short,L,hold,4150.178,1.043335,4,3,1,0,0.75,True,0
2026-03-03 11:00:00+08:00,short,L,hold,4179.369,1.050673,4,3,1,0,0.75,True,0
2026-03-03 11:30:00+08:00,short,L,hold,4179.457,1.050695,4,3,1,0,0.75,True,0
2026-03-03 13:00:00+08:00,short,L,hold,4179.23,1.050638,5,4,1,0,0.8,True,0
2026-03-03 13:30:00+08:00,short,L,hold,4166.847,1.047525,5,4,1,0,0.8,True,0
2026-03-03 14:00:00+08:00,short,L,hold,4141.819,1.041233,5,4,1,0,0.8,True,0
2026-03-03 14:30:00+08:00,short,L,hold,4137.286,1.040094,5,4,1,0,0.8,True,0
2026-03-03 15:00:00+08:00,short,L,hold,4122.676,1.036421,5,4,1,0,0.8,True,0
2026-03-04 09:30:00+08:00,short,F,sell,4087.632,1.027611,8,5,3,0,0.625,False,0
2026-03-04 10:00:00+08:00,short,F,hold,4092.62,1.027611,8,5,3,0,0.625,False,0
2026-03-04 10:30:00+08:00,short,F,hold,4089.28,1.027611,8,5,3,0,0.625,False,0
2026-03-04 11:00:00+08:00,short,F,hold,4078.939,1.027611,8,5,3,0,0.625,False,0
2026-03-04 11:30:00+08:00,short,F,hold,4063.571,1.027611,8,5,3,0,0.625,False,0
2026-03-04 13:00:00+08:00,short,F,hold,4063.718,1.027611,8,4,4,0,0.5,False,0
2026-03-04 13:30:00+08:00,short,F,hold,4070.413,1.027611,8,4,4,0,0.5,False,0
2026-03-04 14:00:00+08:00,short,F,hold,4076.765,1.027611,8,4,4,0,0.5,False,0
2026-03-04 14:30:00+08:00,short,F,hold,4079.398,1.027611,8,4,4,0,0.5,False,0
2026-03-04 15:00:00+08:00,short,F,hold,4082.474,1.027611,8,5,3,0,0.625,False,0
2026-03-05 09:30:00+08:00,short,L,buy,4109.777,1.027611,6,5,1,0,0.8333,True,0
2026-03-05 10:00:00+08:00,short,L,hold,4090.663,1.022831,6,5,1,0,0.8333,True,0
2026-03-05 10:30:00+08:00,short,L,hold,4110.856,1.027881,6,5,1,0,0.8333,True,0
2026-03-05 11:00:00+08:00,short,L,hold,4120.535,1.030301,6,5,1,0,0.8333,True,0
2026-03-05 11:30:00+08:00,short,L,hold,4116.771,1.02936,6,5,1,0,0.8333,True,0
2026-03-05 13:00:00+08:00,short,F,sell,4117.167,1.029459,6,3,3,0,0.5,False,0
2026-03-05 13:30:00+08:00,short,F,hold,4120.898,1.029459,7,4,3,0,0.5714,False,0
2026-03-05 14:00:00+08:00,short,F,hold,4112.844,1.029459,7,4,3,0,0.5714,False,0
2026-03-05 14:30:00+08:00,short,F,hold,4104.13,1.029459,7,4,3,0,0.5714,False,0
2026-03-05 15:00:00+08:00,short,F,hold,4108.567,1.029459,7,4,3,0,0.5714,False,0
2026-03-06 09:30:00+08:00,short,L,buy,4085.895,1.029459,5,4,1,0,0.8,True,0
2026-03-06 10:00:00+08:00,short,L,hold,4099.83,1.03297,5,4,1,0,0.8,True,0
2026-03-06 10:30:00+08:00,short,L,hold,4109.654,1.035445,5,4,1,0,0.8,True,0
2026-03-06 11:00:00+08:00,short,L,hold,4114.748,1.036728,5,4,1,0,0.8,True,0
2026-03-06 11:30:00+08:00,short,L,hold,4118.683,1.03772,5,4,1,0,0.8,True,0
2026-03-06 13:00:00+08:00,short,L,hold,4119.202,1.03785,5,4,1,0,0.8,True,0
2026-03-06 13:30:00+08:00,short,L,hold,4116.338,1.037129,5,4,1,0,0.8,True,0
2026-03-06 14:00:00+08:00,short,L,hold,4124.314,1.039138,5,4,1,0,0.8,True,0
2026-03-06 14:30:00+08:00,short,L,hold,4121.065,1.03832,5,4,1,0,0.8,True,0
2026-03-06 15:00:00+08:00,short,L,hold,4124.194,1.039108,5,4,1,0,0.8,True,0
2026-03-09 09:30:00+08:00,short,F,sell,4098.699,1.032685,2,1,1,0,0.5,False,0
2026-03-09 10:00:00+08:00,short,F,hold,4056.196,1.032685,2,1,1,0,0.5,False,0
2026-03-09 10:30:00+08:00,short,F,hold,4064.674,1.032685,2,1,1,0,0.5,False,0
2026-03-09 11:00:00+08:00,short,F,hold,4082.337,1.032685,2,1,1,0,0.5,False,0
2026-03-09 11:30:00+08:00,short,F,hold,4077.681,1.032685,2,1,1,0,0.5,False,0
2026-03-09 13:00:00+08:00,short,F,hold,4077.634,1.032685,2,1,1,0,0.5,False,0
2026-03-09 13:30:00+08:00,short,F,hold,4090.781,1.032685,2,1,1,0,0.5,False,0
2026-03-09 14:00:00+08:00,short,F,hold,4095.842,1.032685,2,1,1,0,0.5,False,0
2026-03-09 14:30:00+08:00,short,F,hold,4099.665,1.032685,2,1,1,0,0.5,False,0
2026-03-09 15:00:00+08:00,short,F,hold,4096.602,1.032685,2,1,1,0,0.5,False,0
2026-03-10 09:30:00+08:00,short,F,hold,4098.587,1.032685,3,2,1,0,0.6667,False,0
2026-03-10 10:00:00+08:00,short,F,hold,4115.306,1.032685,3,2,1,0,0.6667,False,0
2026-03-10 10:30:00+08:00,short,F,hold,4109.693,1.032685,3,2,1,0,0.6667,False,0
2026-03-10 11:00:00+08:00,short,F,hold,4106.594,1.032685,3,2,1,0,0.6667,False,0
2026-03-10 11:30:00+08:00,short,F,hold,4112.622,1.032685,3,2,1,0,0.6667,False,0
2026-03-10 13:00:00+08:00,short,F,hold,4113.038,1.032685,3,2,1,0,0.6667,False,0
2026-03-10 13:30:00+08:00,short,F,hold,4113.357,1.032685,3,2,1,0,0.6667,False,0
2026-03-10 14:00:00+08:00,short,F,hold,4116.393,1.032685,3,2,1,0,0.6667,False,0
2026-03-10 14:30:00+08:00,short,F,hold,4115.875,1.032685,3,2,1,0,0.6667,False,0
2026-03-10 15:00:00+08:00,short,F,hold,4123.138,1.032685,3,2,1,0,0.6667,False,0
2026-03-11 09:30:00+08:00,short,L,buy,4123.666,1.032685,4,4,0,0,1.0,True,0
2026-03-11 10:00:00+08:00,short,L,hold,4114.374,1.030358,4,4,0,0,1.0,True,0
2026-03-11 10:30:00+08:00,short,L,hold,4124.179,1.032813,4,4,0,0,1.0,True,0
2026-03-11 11:00:00+08:00,short,L,hold,4128.559,1.03391,4,4,0,0,1.0,True,0
2026-03-11 11:30:00+08:00,short,L,hold,4125.324,1.0331,4,4,0,0,1.0,True,0
2026-03-11 13:00:00+08:00,short,L,hold,4125.709,1.033196,5,4,1,0,0.8,True,0
2026-03-11 13:30:00+08:00,short,L,hold,4121.9,1.032242,5,4,1,0,0.8,True,0
2026-03-11 14:00:00+08:00,short,L,hold,4128.081,1.03379,5,4,1,0,0.8,True,0
2026-03-11 14:30:00+08:00,short,L,hold,4133.272,1.03509,5,4,1,0,0.8,True,0
2026-03-11 15:00:00+08:00,short,L,hold,4133.433,1.035131,5,4,1,0,0.8,True,0
2026-03-12 09:30:00+08:00,short,F,sell,4133.2,1.035072,4,2,2,0,0.5,False,0
2026-03-12 10:00:00+08:00,short,F,hold,4132.392,1.035072,4,2,2,0,0.5,False,0
2026-03-12 10:30:00+08:00,short,F,hold,4138.693,1.035072,4,2,2,0,0.5,False,0
2026-03-12 11:00:00+08:00,short,F,hold,4122.34,1.035072,4,2,2,0,0.5,False,0
2026-03-12 11:30:00+08:00,short,F,hold,4106.958,1.035072,4,2,2,0,0.5,False,0
2026-03-12 13:00:00+08:00,short,F,hold,4107.281,1.035072,4,2,2,0,0.5,False,0
2026-03-12 13:30:00+08:00,short,F,hold,4106.467,1.035072,4,2,2,0,0.5,False,0
2026-03-12 14:00:00+08:00,short,F,hold,4125.567,1.035072,4,2,2,0,0.5,False,0
2026-03-12 14:30:00+08:00,short,F,hold,4127.66,1.035072,4,2,2,0,0.5,False,0
2026-03-12 15:00:00+08:00,short,F,hold,4129.103,1.035072,4,2,2,0,0.5,False,0
2026-03-13 09:30:00+08:00,short,F,hold,4117.574,1.035072,4,2,2,0,0.5,False,0
2026-03-13 10:00:00+08:00,short,F,hold,4120.94,1.035072,4,2,2,0,0.5,False,0
2026-03-13 10:30:00+08:00,short,F,hold,4126.093,1.035072,4,2,2,0,0.5,False,0
2026-03-13 11:00:00+08:00,short,F,hold,4129.018,1.035072,4,2,2,0,0.5,False,0
2026-03-13 11:30:00+08:00,short,F,hold,4120.137,1.035072,4,2,2,0,0.5,False,0
2026-03-13 13:00:00+08:00,short,F,hold,4120.596,1.035072,4,2,2,0,0.5,False,0
2026-03-13 13:30:00+08:00,short,F,hold,4117.322,1.035072,4,2,2,0,0.5,False,0
2026-03-13 14:00:00+08:00,short,F,hold,4114.381,1.035072,4,2,2,0,0.5,False,0
2026-03-13 14:30:00+08:00,short,F,hold,4102.55,1.035072,4,2,2,0,0.5,False,0
2026-03-13 15:00:00+08:00,short,F,hold,4095.449,1.035072,4,2,2,0,0.5,False,0
2026-03-16 09:30:00+08:00,short,F,hold,4092.249,1.035072,3,1,2,0,0.3333,False,0
2026-03-16 10:00:00+08:00,short,F,hold,4070.278,1.035072,3,1,2,0,0.3333,False,0
2026-03-16 10:30:00+08:00,short,F,hold,4059.237,1.035072,3,1,2,0,0.3333,False,0
2026-03-16 11:00:00+08:00,short,F,hold,4055.581,1.035072,3,1,2,0,0.3333,False,0
2026-03-16 11:30:00+08:00,short,F,hold,4066.395,1.035072,3,1,2,0,0.3333,False,0
2026-03-16 13:00:00+08:00,short,F,hold,4067.565,1.035072,5,3,2,0,0.6,False,0
2026-03-16 13:30:00+08:00,short,F,hold,4079.226,1.035072,5,3,2,0,0.6,False,0
2026-03-16 14:00:00+08:00,short,F,hold,4077.27,1.035072,5,3,2,0,0.6,False,0
2026-03-16 14:30:00+08:00,short,F,hold,4079.318,1.035072,6,4,2,0,0.6667,False,0
2026-03-16 15:00:00+08:00,short,F,hold,4084.786,1.035072,6,3,3,0,0.5,False,0
2026-03-17 09:30:00+08:00,short,L,buy,4086.295,1.035072,6,5,1,0,0.8333,True,0
2026-03-17 10:00:00+08:00,short,L,hold,4098.748,1.038227,6,5,1,0,0.8333,True,0
2026-03-17 10:30:00+08:00,short,L,hold,4099.712,1.038471,6,5,1,0,0.8333,True,0
2026-03-17 11:00:00+08:00,short,L,hold,4092.013,1.036521,6,5,1,0,0.8333,True,0
2026-03-17 11:30:00+08:00,short,L,hold,4083.028,1.034245,6,5,1,0,0.8333,True,0
2026-03-17 13:00:00+08:00,short,L,hold,4083.478,1.034359,6,5,1,0,0.8333,True,0
2026-03-17 13:30:00+08:00,short,L,hold,4079.173,1.033268,6,5,1,0,0.8333,True,0
2026-03-17 14:00:00+08:00,short,L,hold,4066.103,1.029957,6,5,1,0,0.8333,True,0
2026-03-17 14:30:00+08:00,short,F,sell,4057.793,1.027853,6,4,2,0,0.6667,False,0
2026-03-17 15:00:00+08:00,short,F,hold,4049.907,1.027853,6,4,2,0,0.6667,False,0
2026-03-18 09:30:00+08:00,short,F,hold,4053.305,1.027853,6,1,5,0,0.1667,False,0
2026-03-18 10:00:00+08:00,short,F,hold,4041.789,1.027853,6,2,4,0,0.3333,False,0
2026-03-18 10:30:00+08:00,short,F,hold,4037.805,1.027853,6,2,4,0,0.3333,False,0
2026-03-18 11:00:00+08:00,short,F,hold,4026.321,1.027853,6,2,4,0,0.3333,False,0
2026-03-18 11:30:00+08:00,short,F,hold,4033.62,1.027853,6,2,4,0,0.3333,False,0
2026-03-18 13:00:00+08:00,short,F,hold,4034.523,1.027853,6,3,3,0,0.5,False,0
2026-03-18 13:30:00+08:00,short,F,hold,4026.26,1.027853,6,3,3,0,0.5,False,0
2026-03-18 14:00:00+08:00,short,F,hold,4039.954,1.027853,6,3,3,0,0.5,False,0
2026-03-18 14:30:00+08:00,short,F,hold,4057.398,1.027853,6,3,3,0,0.5,False,0
2026-03-18 15:00:00+08:00,short,F,hold,4062.984,1.027853,6,3,3,0,0.5,False,0
2026-03-19 09:30:00+08:00,short,F,hold,4028.542,1.027853,4,2,2,0,0.5,False,0
2026-03-19 10:00:00+08:00,short,F,hold,4033.734,1.027853,4,2,2,0,0.5,False,0
2026-03-19 10:30:00+08:00,short,F,hold,4027.182,1.027853,4,2,2,0,0.5,False,0
2026-03-19 11:00:00+08:00,short,F,hold,4023.133,1.027853,5,2,3,0,0.4,False,0
2026-03-19 11:30:00+08:00,short,F,hold,4024.23,1.027853,5,2,3,0,0.4,False,0
2026-03-19 13:00:00+08:00,short,F,hold,4024.261,1.027853,5,2,3,0,0.4,False,0
2026-03-19 13:30:00+08:00,short,F,hold,4009.782,1.027853,5,2,3,0,0.4,False,0
2026-03-19 14:00:00+08:00,short,F,hold,4015.974,1.027853,5,2,3,0,0.4,False,0
2026-03-19 14:30:00+08:00,short,F,hold,4006.402,1.027853,5,2,3,1,0.4,False,0
2026-03-19 15:00:00+08:00,short,F,hold,4006.552,1.027853,6,3,3,0,0.5,False,0
2026-03-20 09:30:00+08:00,short,F,hold,4004.573,1.027853,6,4,2,0,0.6667,False,0
2026-03-20 10:00:00+08:00,short,F,hold,4004.449,1.027853,6,4,2,0,0.6667,False,0
2026-03-20 10:30:00+08:00,short,F,hold,3996.409,1.027853,6,4,2,0,0.6667,False,0
2026-03-20 11:00:00+08:00,short,F,hold,3987.782,1.027853,6,3,3,0,0.5,False,0
2026-03-20 11:30:00+08:00,short,F,hold,4013.159,1.027853,6,3,3,0,0.5,False,0
2026-03-20 13:00:00+08:00,short,F,hold,4014.144,1.027853,6,2,4,0,0.3333,False,0
2026-03-20 13:30:00+08:00,short,F,hold,3995.873,1.027853,6,2,4,0,0.3333,False,0
2026-03-20 14:00:00+08:00,short,F,hold,3985.973,1.027853,6,2,4,0,0.3333,False,0
2026-03-20 14:30:00+08:00,short,F,hold,3976.142,1.027853,6,2,4,0,0.3333,False,0
2026-03-20 15:00:00+08:00,short,F,hold,3957.053,1.027853,6,2,4,0,0.3333,False,0
2026-03-23 09:30:00+08:00,short,F,hold,3904.951,1.027853,5,3,2,0,0.6,False,0
2026-03-23 10:00:00+08:00,short,F,hold,3889.316,1.027853,5,3,2,0,0.6,False,0
2026-03-23 10:30:00+08:00,short,F,hold,3890.572,1.027853,5,3,2,0,0.6,False,0
2026-03-23 11:00:00+08:00,short,F,hold,3876.15,1.027853,5,3,2,0,0.6,False,0
2026-03-23 11:30:00+08:00,short,F,hold,3858.179,1.027853,5,3,2,0,0.6,False,0
2026-03-23 13:00:00+08:00,short,F,hold,3858.336,1.027853,8,5,3,0,0.625,False,0
2026-03-23 13:30:00+08:00,short,F,hold,3832.667,1.027853,8,5,3,0,0.625,False,0
2026-03-23 14:00:00+08:00,short,F,hold,3832.429,1.027853,8,5,3,0,0.625,False,0
2026-03-23 14:30:00+08:00,short,F,hold,3819.058,1.027853,8,5,3,0,0.625,False,0
2026-03-23 15:00:00+08:00,short,F,hold,3813.283,1.027853,8,5,3,0,0.625,False,0
2026-03-24 09:30:00+08:00,short,L,buy,3849.631,1.027853,10,9,1,0,0.9,True,0
2026-03-24 10:00:00+08:00,short,L,hold,3813.003,1.018073,10,9,1,0,0.9,True,0
2026-03-24 10:30:00+08:00,short,L,hold,3837.429,1.024595,10,9,1,0,0.9,True,0
2026-03-24 11:00:00+08:00,short,L,hold,3847.697,1.027336,10,9,1,0,0.9,True,0
2026-03-24 11:30:00+08:00,short,L,hold,3849.338,1.027774,10,9,1,0,0.9,True,0
2026-03-24 13:00:00+08:00,short,L,hold,3850.45,1.028071,11,10,1,0,0.9091,True,0
2026-03-24 13:30:00+08:00,short,L,hold,3824.904,1.02125,11,10,1,0,0.9091,True,0
2026-03-24 14:00:00+08:00,short,L,hold,3836.354,1.024308,11,10,1,0,0.9091,True,0
2026-03-24 14:30:00+08:00,short,L,hold,3865.108,1.031985,11,10,1,0,0.9091,True,0
2026-03-24 15:00:00+08:00,short,L,hold,3881.28,1.036303,12,9,3,0,0.75,True,0
2026-03-25 09:30:00+08:00,short,L,hold,3892.269,1.039237,10,7,3,0,0.7,True,0
2026-03-25 10:00:00+08:00,short,L,hold,3918.925,1.046354,10,7,3,0,0.7,True,0
2026-03-25 10:30:00+08:00,short,L,hold,3921.349,1.047001,10,7,3,0,0.7,True,0
2026-03-25 11:00:00+08:00,short,L,hold,3918.825,1.046327,10,7,3,0,0.7,True,0
2026-03-25 11:30:00+08:00,short,L,hold,3915.489,1.045437,10,7,3,0,0.7,True,0
2026-03-25 13:00:00+08:00,short,L,hold,3916.204,1.045628,10,7,3,0,0.7,True,0
2026-03-25 13:30:00+08:00,short,L,hold,3928.314,1.048861,10,7,3,0,0.7,True,0
2026-03-25 14:00:00+08:00,short,L,hold,3925.353,1.04807,10,7,3,0,0.7,True,0
2026-03-25 14:30:00+08:00,short,L,hold,3920.358,1.046737,10,7,3,0,0.7,True,0
2026-03-25 15:00:00+08:00,short,L,hold,3931.838,1.049802,10,7,3,0,0.7,True,0
2026-03-26 09:30:00+08:00,short,L,hold,3924.962,1.047966,7,5,2,1,0.7143,True,0
2026-03-26 10:00:00+08:00,short,L,hold,3933.321,1.050198,7,5,2,1,0.7143,True,0
2026-03-26 10:30:00+08:00,short,L,hold,3916.537,1.045716,7,5,2,1,0.7143,True,0
2026-03-26 11:00:00+08:00,short,L,hold,3909.773,1.04391,7,5,2,1,0.7143,True,0
2026-03-26 11:30:00+08:00,short,L,hold,3909.16,1.043747,7,5,2,1,0.7143,True,0
2026-03-26 13:00:00+08:00,short,L,hold,3909.145,1.043743,8,6,2,0,0.75,True,0
2026-03-26 13:30:00+08:00,short,L,hold,3891.733,1.039094,8,6,2,0,0.75,True,0
2026-03-26 14:00:00+08:00,short,F,sell,3890.974,1.038891,8,5,3,0,0.625,False,0
2026-03-26 14:30:00+08:00,short,F,hold,3885.661,1.038891,8,5,3,0,0.625,False,0
2026-03-26 15:00:00+08:00,short,F,hold,3889.084,1.038891,8,5,3,0,0.625,False,0
2026-03-27 09:30:00+08:00,short,F,hold,3852.094,1.038891,7,4,3,0,0.5714,False,0
2026-03-27 10:00:00+08:00,short,F,hold,3886.023,1.038891,7,4,3,0,0.5714,False,0
2026-03-27 10:30:00+08:00,short,F,hold,3894.433,1.038891,7,4,3,0,0.5714,False,0
2026-03-27 11:00:00+08:00,short,F,hold,3888.968,1.038891,7,4,3,0,0.5714,False,0
2026-03-27 11:30:00+08:00,short,F,hold,3899.122,1.038891,7,4,3,0,0.5714,False,0
2026-03-27 13:00:00+08:00,short,L,buy,3899.715,1.038891,7,5,2,0,0.7143,True,0
2026-03-27 13:30:00+08:00,short,L,hold,3915.554,1.043111,7,5,2,0,0.7143,True,0
2026-03-27 14:00:00+08:00,short,L,hold,3912.5,1.042297,7,5,2,0,0.7143,True,0
2026-03-27 14:30:00+08:00,short,L,hold,3910.542,1.041775,7,5,2,0,0.7143,True,0
2026-03-27 15:00:00+08:00,short,L,hold,3913.724,1.042623,7,5,2,0,0.7143,True,0
2026-03-30 09:30:00+08:00,short,L,hold,3884.277,1.034778,4,3,1,0,0.75,True,0
2026-03-30 10:00:00+08:00,short,L,hold,3881.185,1.033955,5,4,1,0,0.8,True,0
2026-03-30 10:30:00+08:00,short,L,hold,3889.872,1.036269,5,4,1,0,0.8,True,0
2026-03-30 11:00:00+08:00,short,L,hold,3898.515,1.038571,5,4,1,0,0.8,True,0
2026-03-30 11:30:00+08:00,short,L,hold,3922.723,1.04502,5,4,1,0,0.8,True,0
2026-03-30 13:00:00+08:00,short,F,sell,3922.943,1.045079,6,4,2,0,0.6667,False,0
2026-03-30 13:30:00+08:00,short,F,hold,3918.554,1.045079,6,4,2,0,0.6667,False,0
2026-03-30 14:00:00+08:00,short,F,hold,3920.05,1.045079,6,4,2,0,0.6667,False,0
2026-03-30 14:30:00+08:00,short,F,hold,3919.755,1.045079,6,4,2,0,0.6667,False,0
2026-03-30 15:00:00+08:00,short,F,hold,3923.287,1.045079,6,4,2,0,0.6667,False,0
2026-03-31 09:30:00+08:00,short,F,hold,3924.067,1.045079,6,4,2,0,0.6667,False,0
2026-03-31 10:00:00+08:00,short,F,hold,3943.619,1.045079,6,4,2,0,0.6667,False,0
2026-03-31 10:30:00+08:00,short,F,hold,3941.059,1.045079,6,4,2,0,0.6667,False,0
2026-03-31 11:00:00+08:00,short,F,hold,3923.566,1.045079,6,4,2,0,0.6667,False,0
2026-03-31 11:30:00+08:00,short,F,hold,3908.282,1.045079,6,4,2,0,0.6667,False,0
2026-03-31 13:00:00+08:00,short,L,buy,3908.239,1.045079,7,5,2,0,0.7143,True,0
2026-03-31 13:30:00+08:00,short,L,hold,3919.615,1.048121,7,5,2,0,0.7143,True,0
2026-03-31 14:00:00+08:00,short,L,hold,3919.824,1.048177,7,5,2,0,0.7143,True,0
2026-03-31 14:30:00+08:00,short,L,hold,3900.45,1.042996,7,5,2,0,0.7143,True,0
2026-03-31 15:00:00+08:00,short,L,hold,3891.86,1.040699,7,5,2,0,0.7143,True,0
2026-04-01 09:30:00+08:00,short,L,hold,3939.566,1.053456,8,6,2,0,0.75,True,0
2026-04-01 10:00:00+08:00,short,L,hold,3931.566,1.051317,8,6,2,0,0.75,True,0
2026-04-01 10:30:00+08:00,short,L,hold,3939.448,1.053425,8,6,2,0,0.75,True,0
2026-04-01 11:00:00+08:00,short,L,hold,3950.537,1.05639,8,6,2,0,0.75,True,0
2026-04-01 11:30:00+08:00,short,L,hold,3944.8,1.054856,8,6,2,0,0.75,True,0
2026-04-01 13:00:00+08:00,short,F,sell,3944.904,1.054883,7,4,3,1,0.5714,False,0
2026-04-01 13:30:00+08:00,short,F,hold,3953.209,1.054883,7,4,3,1,0.5714,False,0
2026-04-01 14:00:00+08:00,short,F,hold,3936.787,1.054883,7,4,3,1,0.5714,False,0
2026-04-01 14:30:00+08:00,short,F,hold,3945.491,1.054883,7,4,3,1,0.5714,False,0
2026-04-01 15:00:00+08:00,short,L,buy,3948.552,1.054883,7,5,2,1,0.7143,True,0
2026-04-02 09:30:00+08:00,short,L,hold,3940.799,1.052812,6,5,1,0,0.8333,True,0
2026-04-02 10:00:00+08:00,short,L,hold,3946.784,1.054411,6,5,1,0,0.8333,True,0
2026-04-02 10:30:00+08:00,short,L,hold,3935.296,1.051342,6,5,1,0,0.8333,True,0
2026-04-02 11:00:00+08:00,short,L,hold,3933.841,1.050953,6,5,1,0,0.8333,True,0
2026-04-02 11:30:00+08:00,short,L,hold,3927.605,1.049287,6,5,1,0,0.8333,True,0
2026-04-02 13:00:00+08:00,short,L,hold,3927.446,1.049245,7,6,1,0,0.8571,True,0
2026-04-02 13:30:00+08:00,short,L,hold,3920.129,1.04729,7,6,1,0,0.8571,True,0
2026-04-02 14:00:00+08:00,short,L,hold,3904.874,1.043215,7,6,1,0,0.8571,True,0
2026-04-02 14:30:00+08:00,short,L,hold,3916.162,1.04623,7,6,1,0,0.8571,True,0
2026-04-02 15:00:00+08:00,short,L,hold,3919.285,1.047065,7,6,1,0,0.8571,True,0
2026-04-03 09:30:00+08:00,short,L,hold,3927.592,1.049284,7,5,2,0,0.7143,True,0
2026-04-03 10:00:00+08:00,short,L,hold,3895.351,1.04067,7,5,2,0,0.7143,True,0
2026-04-03 10:30:00+08:00,short,L,hold,3899.767,1.04185,7,5,2,0,0.7143,True,0
2026-04-03 11:00:00+08:00,short,L,hold,3891.447,1.039627,7,5,2,0,0.7143,True,0
2026-04-03 11:30:00+08:00,short,L,hold,3882.688,1.037287,7,5,2,0,0.7143,True,0
2026-04-03 13:00:00+08:00,short,F,sell,3882.731,1.037299,7,4,3,0,0.5714,False,0
2026-04-03 13:30:00+08:00,short,F,hold,3875.924,1.037299,7,4,3,0,0.5714,False,0
2026-04-03 14:00:00+08:00,short,F,hold,3889.412,1.037299,7,4,3,0,0.5714,False,0
2026-04-03 14:30:00+08:00,short,F,hold,3881.843,1.037299,7,4,3,0,0.5714,False,0
2026-04-03 15:00:00+08:00,short,F,hold,3880.097,1.037299,7,4,3,0,0.5714,False,0
2026-04-07 09:30:00+08:00,short,F,hold,3884.151,1.037299,6,2,4,0,0.3333,False,0
2026-04-07 10:00:00+08:00,short,F,hold,3895.473,1.037299,6,2,4,0,0.3333,False,0
2026-04-07 10:30:00+08:00,short,F,hold,3895.674,1.037299,6,3,3,0,0.5,False,0
2026-04-07 11:00:00+08:00,short,F,hold,3896.313,1.037299,6,3,3,0,0.5,False,0
2026-04-07 11:30:00+08:00,short,F,hold,3881.168,1.037299,6,3,3,0,0.5,False,0
2026-04-07 13:00:00+08:00,short,F,hold,3880.789,1.037299,6,2,4,0,0.3333,False,0
2026-04-07 13:30:00+08:00,short,F,hold,3880.969,1.037299,6,2,4,0,0.3333,False,0
2026-04-07 14:00:00+08:00,short,F,hold,3888.792,1.037299,6,2,4,0,0.3333,False,0
2026-04-07 14:30:00+08:00,short,F,hold,3888.554,1.037299,6,2,4,0,0.3333,False,0
2026-04-07 15:00:00+08:00,short,F,hold,3890.164,1.037299,6,2,4,0,0.3333,False,0
2026-04-08 09:30:00+08:00,short,L,buy,3930.251,1.037299,6,5,1,0,0.8333,True,0
2026-04-08 10:00:00+08:00,short,L,hold,3937.137,1.039116,6,5,1,0,0.8333,True,0
2026-04-08 10:30:00+08:00,short,L,hold,3951.325,1.042861,7,5,2,0,0.7143,True,0
2026-04-08 11:00:00+08:00,short,L,hold,3958.668,1.044799,7,5,2,0,0.7143,True,0
2026-04-08 11:30:00+08:00,short,L,hold,3964.719,1.046396,7,5,2,0,0.7143,True,0
2026-04-08 13:00:00+08:00,short,L,hold,3965.296,1.046548,7,6,1,0,0.8571,True,0
2026-04-08 13:30:00+08:00,short,L,hold,3978.338,1.04999,7,6,1,0,0.8571,True,0
2026-04-08 14:00:00+08:00,short,L,hold,3986.192,1.052063,7,6,1,0,0.8571,True,0
2026-04-08 14:30:00+08:00,short,L,hold,3984.472,1.051609,7,6,1,0,0.8571,True,0
2026-04-08 15:00:00+08:00,short,L,hold,3994.997,1.054387,7,6,1,0,0.8571,True,0
2026-04-09 09:30:00+08:00,short,F,sell,3967.63,1.047164,7,4,3,0,0.5714,False,0
2026-04-09 10:00:00+08:00,short,F,hold,3974.523,1.047164,7,4,3,0,0.5714,False,0
2026-04-09 10:30:00+08:00,short,F,hold,3973.197,1.047164,7,3,4,0,0.4286,False,0
2026-04-09 11:00:00+08:00,short,F,hold,3972.036,1.047164,7,3,4,0,0.4286,False,0
2026-04-09 11:30:00+08:00,short,F,hold,3965.701,1.047164,7,3,4,0,0.4286,False,0
2026-04-09 13:00:00+08:00,short,F,hold,3965.749,1.047164,7,4,3,0,0.5714,False,0
2026-04-09 13:30:00+08:00,short,F,hold,3962.474,1.047164,7,4,3,0,0.5714,False,0
2026-04-09 14:00:00+08:00,short,F,hold,3965.66,1.047164,7,4,3,0,0.5714,False,0
2026-04-09 14:30:00+08:00,short,F,hold,3966.906,1.047164,7,4,3,0,0.5714,False,0
2026-04-09 15:00:00+08:00,short,F,hold,3966.171,1.047164,7,4,3,0,0.5714,False,0
2026-04-10 09:30:00+08:00,short,L,buy,3985.464,1.047164,7,6,1,0,0.8571,True,0
2026-04-10 10:00:00+08:00,short,L,hold,4006.398,1.052665,7,6,1,0,0.8571,True,0
2026-04-10 10:30:00+08:00,short,L,hold,4000.66,1.051157,7,6,1,0,0.8571,True,0
2026-04-10 11:00:00+08:00,short,L,hold,3998.955,1.050709,7,6,1,0,0.8571,True,0
2026-04-10 11:30:00+08:00,short,L,hold,3991.136,1.048655,7,6,1,0,0.8571,True,0
2026-04-10 13:00:00+08:00,short,L,hold,3991.595,1.048775,7,5,2,0,0.7143,True,0
2026-04-10 13:30:00+08:00,short,L,hold,3989.177,1.04814,7,5,2,0,0.7143,True,0
2026-04-10 14:00:00+08:00,short,L,hold,3998.531,1.050598,7,5,2,0,0.7143,True,0
2026-04-10 14:30:00+08:00,short,L,hold,3992.865,1.049109,7,5,2,0,0.7143,True,0
2026-04-10 15:00:00+08:00,short,L,hold,3986.225,1.047364,7,5,2,0,0.7143,True,0
2026-04-13 09:30:00+08:00,short,F,sell,3971.199,1.043416,4,1,3,0,0.25,False,0
2026-04-13 10:00:00+08:00,short,F,hold,3981.607,1.043416,4,1,3,0,0.25,False,0
2026-04-13 10:30:00+08:00,short,F,hold,3981.734,1.043416,4,1,3,0,0.25,False,0
2026-04-13 11:00:00+08:00,short,F,hold,3977.573,1.043416,4,1,3,0,0.25,False,0
2026-04-13 11:30:00+08:00,short,F,hold,3979.264,1.043416,4,1,3,0,0.25,False,0
2026-04-13 13:00:00+08:00,short,F,hold,3979.098,1.043416,4,1,3,0,0.25,False,0
2026-04-13 13:30:00+08:00,short,F,hold,3984.535,1.043416,4,1,3,1,0.25,False,0
2026-04-13 14:00:00+08:00,short,F,hold,3986.987,1.043416,4,1,3,1,0.25,False,0
2026-04-13 14:30:00+08:00,short,F,hold,3987.662,1.043416,4,1,3,1,0.25,False,0
2026-04-13 15:00:00+08:00,short,F,hold,3988.558,1.043416,4,1,3,1,0.25,False,0
2026-04-14 09:30:00+08:00,short,L,buy,4006.727,1.043416,7,5,2,0,0.7143,True,0
2026-04-14 10:00:00+08:00,short,L,hold,4005.889,1.043198,7,5,2,0,0.7143,True,0
2026-04-14 10:30:00+08:00,short,L,hold,4008.986,1.044004,7,5,2,0,0.7143,True,0
2026-04-14 11:00:00+08:00,short,L,hold,4004.122,1.042738,7,5,2,0,0.7143,True,0
2026-04-14 11:30:00+08:00,short,L,hold,4010.447,1.044385,7,5,2,0,0.7143,True,0
2026-04-14 13:00:00+08:00,short,F,sell,4011.435,1.044642,7,4,3,0,0.5714,False,0
2026-04-14 13:30:00+08:00,short,F,hold,4000.08,1.044642,7,4,3,0,0.5714,False,0
2026-04-14 14:00:00+08:00,short,F,hold,3999.853,1.044642,7,4,3,0,0.5714,False,0
2026-04-14 14:30:00+08:00,short,F,hold,4005.943,1.044642,7,4,3,0,0.5714,False,0
2026-04-14 15:00:00+08:00,short,F,hold,4026.626,1.044642,7,4,3,0,0.5714,False,0
2026-04-15 09:30:00+08:00,short,L,buy,4039.471,1.044642,7,6,1,0,0.8571,True,0
2026-04-15 10:00:00+08:00,short,L,hold,4046.971,1.046582,7,6,1,0,0.8571,True,0
2026-04-15 10:30:00+08:00,short,L,hold,4042.764,1.045494,7,6,1,0,0.8571,True,0
2026-04-15 11:00:00+08:00,short,L,hold,4036.85,1.043964,7,6,1,0,0.8571,True,0
2026-04-15 11:30:00+08:00,short,L,hold,4041.453,1.045155,7,6,1,0,0.8571,True,0
2026-04-15 13:00:00+08:00,short,L,hold,4041.568,1.045185,7,5,2,0,0.7143,True,0
2026-04-15 13:30:00+08:00,short,L,hold,4034.653,1.043396,7,5,2,0,0.7143,True,0
2026-04-15 14:00:00+08:00,short,L,hold,4036.93,1.043985,7,5,2,0,0.7143,True,0
2026-04-15 14:30:00+08:00,short,L,hold,4030.026,1.0422,7,5,2,0,0.7143,True,0
2026-04-15 15:00:00+08:00,short,L,hold,4027.209,1.041471,7,5,2,0,0.7143,True,0
2026-04-16 09:30:00+08:00,short,F,sell,4030.138,1.042229,5,2,3,0,0.4,False,0
2026-04-16 10:00:00+08:00,short,F,hold,4038.284,1.042229,5,2,3,0,0.4,False,0
2026-04-16 10:30:00+08:00,short,F,hold,4045.295,1.042229,5,2,3,0,0.4,False,0
2026-04-16 11:00:00+08:00,short,F,hold,4044.724,1.042229,5,2,3,0,0.4,False,0
2026-04-16 11:30:00+08:00,short,F,hold,4048.644,1.042229,5,2,3,0,0.4,False,0
2026-04-16 13:00:00+08:00,short,F,hold,4049.121,1.042229,6,3,3,0,0.5,False,0
2026-04-16 13:30:00+08:00,short,F,hold,4042.102,1.042229,6,3,3,0,0.5,False,0
2026-04-16 14:00:00+08:00,short,F,hold,4046.797,1.042229,6,3,3,0,0.5,False,0
2026-04-16 14:30:00+08:00,short,F,hold,4051.836,1.042229,6,3,3,0,0.5,False,0
2026-04-16 15:00:00+08:00,short,F,hold,4055.547,1.042229,6,3,3,0,0.5,False,0
2026-04-17 09:30:00+08:00,short,F,hold,4043.381,1.042229,5,2,3,0,0.4,False,0
2026-04-17 10:00:00+08:00,short,F,hold,4042.722,1.042229,5,2,3,0,0.4,False,0
2026-04-17 10:30:00+08:00,short,F,hold,4047.184,1.042229,5,2,3,0,0.4,False,0
2026-04-17 11:00:00+08:00,short,F,hold,4048.389,1.042229,5,2,3,0,0.4,False,0
2026-04-17 11:30:00+08:00,short,F,hold,4043.448,1.042229,5,2,3,0,0.4,False,0
2026-04-17 13:00:00+08:00,short,F,hold,4043.923,1.042229,7,2,5,0,0.2857,False,0
2026-04-17 13:30:00+08:00,short,F,hold,4047.983,1.042229,7,2,5,0,0.2857,False,0
2026-04-17 14:00:00+08:00,short,F,hold,4053.849,1.042229,7,2,5,0,0.2857,False,0
2026-04-17 14:30:00+08:00,short,F,hold,4048.516,1.042229,7,2,5,0,0.2857,False,0
2026-04-17 15:00:00+08:00,short,F,hold,4051.425,1.042229,7,2,5,0,0.2857,False,0
2026-04-20 09:30:00+08:00,short,F,hold,4053.374,1.042229,6,3,3,0,0.5,False,0
2026-04-20 10:00:00+08:00,short,F,hold,4075.815,1.042229,6,3,3,0,0.5,False,0
2026-04-20 10:30:00+08:00,short,F,hold,4078.311,1.042229,6,3,3,0,0.5,False,0
2026-04-20 11:00:00+08:00,short,F,hold,4080.162,1.042229,6,3,3,0,0.5,False,0
2026-04-20 11:30:00+08:00,short,F,hold,4078.391,1.042229,6,3,3,0,0.5,False,0
2026-04-20 13:00:00+08:00,short,F,hold,4078.405,1.042229,6,3,3,0,0.5,False,0
2026-04-20 13:30:00+08:00,short,F,hold,4074.993,1.042229,6,3,3,0,0.5,False,0
2026-04-20 14:00:00+08:00,short,F,hold,4071.926,1.042229,6,3,3,0,0.5,False,0
2026-04-20 14:30:00+08:00,short,F,hold,4075.465,1.042229,6,3,3,0,0.5,False,0
2026-04-20 15:00:00+08:00,short,F,hold,4082.127,1.042229,6,3,3,0,0.5,False,0
2026-04-21 09:30:00+08:00,short,L,buy,4075.845,1.042229,4,3,1,0,0.75,True,0
2026-04-21 10:00:00+08:00,short,L,hold,4073.919,1.041736,4,3,1,0,0.75,True,0
2026-04-21 10:30:00+08:00,short,F,sell,4068.53,1.040358,5,3,2,0,0.6,False,0
2026-04-21 11:00:00+08:00,short,F,hold,4075.417,1.040358,5,3,2,0,0.6,False,0
2026-04-21 11:30:00+08:00,short,F,hold,4072.392,1.040358,5,3,2,0,0.6,False,0
2026-04-21 13:00:00+08:00,short,F,hold,4072.534,1.040358,5,3,2,0,0.6,False,0
2026-04-21 13:30:00+08:00,short,F,hold,4079.394,1.040358,5,3,2,0,0.6,False,0
2026-04-21 14:00:00+08:00,short,F,hold,4078.935,1.040358,5,3,2,0,0.6,False,0
2026-04-21 14:30:00+08:00,short,F,hold,4081.464,1.040358,5,3,2,0,0.6,False,0
2026-04-21 15:00:00+08:00,short,F,hold,4085.077,1.040358,5,3,2,0,0.6,False,0
2026-04-22 09:30:00+08:00,short,F,hold,4074.813,1.040358,6,3,3,0,0.5,False,0
2026-04-22 10:00:00+08:00,short,F,hold,4086.289,1.040358,6,3,3,0,0.5,False,0
2026-04-22 10:30:00+08:00,short,F,hold,4090.007,1.040358,6,3,3,0,0.5,False,0
2026-04-22 11:00:00+08:00,short,F,hold,4089.999,1.040358,6,3,3,0,0.5,False,0
2026-04-22 11:30:00+08:00,short,F,hold,4095.074,1.040358,6,3,3,0,0.5,False,0
2026-04-22 13:00:00+08:00,short,F,hold,4095.131,1.040358,6,3,3,0,0.5,False,0
2026-04-22 13:30:00+08:00,short,F,hold,4097.16,1.040358,6,3,3,0,0.5,False,0
2026-04-22 14:00:00+08:00,short,F,hold,4096.657,1.040358,6,3,3,0,0.5,False,0
2026-04-22 14:30:00+08:00,short,F,hold,4100.365,1.040358,6,2,4,0,0.3333,False,0
2026-04-22 15:00:00+08:00,short,F,hold,4106.258,1.040358,6,2,4,0,0.3333,False,0
2026-04-23 09:30:00+08:00,short,F,hold,4110.788,1.040358,4,2,2,0,0.5,False,0
2026-04-23 10:00:00+08:00,short,F,hold,4097.619,1.040358,4,2,2,0,0.5,False,0
2026-04-23 10:30:00+08:00,short,F,hold,4101.49,1.040358,4,2,2,0,0.5,False,0
2026-04-23 11:00:00+08:00,short,F,hold,4091.553,1.040358,4,2,2,0,0.5,False,0
2026-04-23 11:30:00+08:00,short,F,hold,4073.714,1.040358,4,2,2,0,0.5,False,0
2026-04-23 13:00:00+08:00,short,F,hold,4073.851,1.040358,4,2,2,0,0.5,False,0
2026-04-23 13:30:00+08:00,short,F,hold,4084.352,1.040358,5,3,2,0,0.6,False,0
2026-04-23 14:00:00+08:00,short,F,hold,4099.479,1.040358,5,3,2,0,0.6,False,0
2026-04-23 14:30:00+08:00,short,F,hold,4084.648,1.040358,5,3,2,0,0.6,False,0
2026-04-23 15:00:00+08:00,short,F,hold,4093.25,1.040358,5,3,2,0,0.6,False,0
2026-04-24 09:30:00+08:00,short,L,buy,4081.033,1.040358,4,3,1,0,0.75,True,0
2026-04-24 10:00:00+08:00,short,L,hold,4071.372,1.037895,4,3,1,0,0.75,True,0
2026-04-24 10:30:00+08:00,short,L,hold,4068.107,1.037063,4,3,1,0,0.75,True,0
2026-04-24 11:00:00+08:00,short,L,hold,4073.635,1.038472,4,3,1,0,0.75,True,0
2026-04-24 11:30:00+08:00,short,L,hold,4069.371,1.037385,4,3,1,0,0.75,True,0
2026-04-24 13:00:00+08:00,short,L,hold,4070.105,1.037572,6,5,1,1,0.8333,True,0
2026-04-24 13:30:00+08:00,short,L,hold,4071.195,1.03785,6,5,1,1,0.8333,True,0
2026-04-24 14:00:00+08:00,short,L,hold,4075.42,1.038927,6,5,1,1,0.8333,True,0
2026-04-24 14:30:00+08:00,short,L,hold,4088.246,1.042197,6,5,1,1,0.8333,True,0
2026-04-24 15:00:00+08:00,short,L,hold,4079.9,1.040069,6,5,1,1,0.8333,True,0
2026-04-27 09:30:00+08:00,short,L,hold,4074.811,1.038772,5,4,1,0,0.8,True,0
2026-04-27 10:00:00+08:00,short,L,hold,4083.101,1.040885,5,4,1,0,0.8,True,0
2026-04-27 10:30:00+08:00,short,L,hold,4088.413,1.042239,5,4,1,0,0.8,True,0
2026-04-27 11:00:00+08:00,short,L,hold,4086.192,1.041673,5,4,1,0,0.8,True,0
2026-04-27 11:30:00+08:00,short,L,hold,4085.876,1.041593,5,4,1,0,0.8,True,0
2026-04-27 13:00:00+08:00,short,F,sell,4086.543,1.041763,5,3,2,0,0.6,False,0
2026-04-27 13:30:00+08:00,short,F,hold,4092.071,1.041763,5,3,2,0,0.6,False,0
2026-04-27 14:00:00+08:00,short,F,hold,4083.01,1.041763,5,3,2,0,0.6,False,0
2026-04-27 14:30:00+08:00,short,F,hold,4082.924,1.041763,6,4,2,0,0.6667,False,0
2026-04-27 15:00:00+08:00,short,F,hold,4086.344,1.041763,6,4,2,0,0.6667,False,0
2026-04-28 09:30:00+08:00,short,F,hold,4076.143,1.041763,4,0,4,0,0.0,False,0
2026-04-28 10:00:00+08:00,short,F,hold,4083.429,1.041763,4,0,4,0,0.0,False,0
2026-04-28 10:30:00+08:00,short,F,hold,4082.619,1.041763,4,0,4,0,0.0,False,0
2026-04-28 11:00:00+08:00,short,F,hold,4076.757,1.041763,4,0,4,0,0.0,False,0
2026-04-28 11:30:00+08:00,short,F,hold,4083.472,1.041763,4,0,4,0,0.0,False,0
2026-04-28 13:00:00+08:00,short,F,hold,4083.585,1.041763,4,0,4,0,0.0,False,0
2026-04-28 13:30:00+08:00,short,F,hold,4077.13,1.041763,4,0,4,0,0.0,False,0
2026-04-28 14:00:00+08:00,short,F,hold,4071.261,1.041763,4,0,4,0,0.0,False,0
2026-04-28 14:30:00+08:00,short,F,hold,4066.896,1.041763,5,1,4,0,0.2,False,0
2026-04-28 15:00:00+08:00,short,F,hold,4078.637,1.041763,5,1,4,0,0.2,False,0
2026-04-29 09:30:00+08:00,short,F,hold,4061.822,1.041763,6,2,4,0,0.3333,False,0
2026-04-29 10:00:00+08:00,short,F,hold,4079.23,1.041763,6,2,4,0,0.3333,False,0
2026-04-29 10:30:00+08:00,short,F,hold,4084.496,1.041763,6,2,4,0,0.3333,False,0
2026-04-29 11:00:00+08:00,short,F,hold,4084.301,1.041763,7,3,4,0,0.4286,False,0
2026-04-29 11:30:00+08:00,short,F,hold,4094.798,1.041763,7,3,4,0,0.4286,False,0
2026-04-29 13:00:00+08:00,short,F,hold,4095.253,1.041763,8,4,4,0,0.5,False,0
2026-04-29 13:30:00+08:00,short,F,hold,4100.98,1.041763,8,4,4,0,0.5,False,0
2026-04-29 14:00:00+08:00,short,F,hold,4102.0,1.041763,8,4,4,0,0.5,False,0
2026-04-29 14:30:00+08:00,short,F,hold,4109.338,1.041763,8,4,4,0,0.5,False,0
2026-04-29 15:00:00+08:00,short,F,hold,4107.514,1.041763,8,4,4,0,0.5,False,0
2026-04-30 09:30:00+08:00,short,F,hold,4107.297,1.041763,6,3,3,0,0.5,False,0
2026-04-30 10:00:00+08:00,short,F,hold,4115.132,1.041763,6,3,3,0,0.5,False,0
2026-04-30 10:30:00+08:00,short,F,hold,4108.924,1.041763,6,3,3,0,0.5,False,0
2026-04-30 11:00:00+08:00,short,F,hold,4104.198,1.041763,6,3,3,0,0.5,False,0
2026-04-30 11:30:00+08:00,short,F,hold,4111.019,1.041763,6,3,3,0,0.5,False,0
2026-04-30 13:00:00+08:00,short,F,hold,4111.299,1.041763,6,3,3,0,0.5,False,0
2026-04-30 13:30:00+08:00,short,F,hold,4101.281,1.041763,6,3,3,0,0.5,False,0
2026-04-30 14:00:00+08:00,short,F,hold,4113.193,1.041763,6,3,3,0,0.5,False,0
2026-04-30 14:30:00+08:00,short,F,hold,4113.306,1.041763,6,3,3,0,0.5,False,0
2026-04-30 15:00:00+08:00,short,F,hold,4112.159,1.041763,6,3,3,0,0.5,False,0
2026-05-06 09:30:00+08:00,short,L,buy,4135.45,1.041763,6,5,1,0,0.8333,True,0
2026-05-06 10:00:00+08:00,short,L,hold,4153.032,1.046192,6,5,1,0,0.8333,True,0
2026-05-06 10:30:00+08:00,short,L,hold,4157.901,1.047418,6,5,1,0,0.8333,True,0
2026-05-06 11:00:00+08:00,short,L,hold,4153.302,1.04626,6,5,1,0,0.8333,True,0
2026-05-06 11:30:00+08:00,short,L,hold,4164.421,1.049061,6,5,1,0,0.8333,True,0
2026-05-06 13:00:00+08:00,short,L,hold,4164.858,1.049171,7,5,2,0,0.7143,True,0
2026-05-06 13:30:00+08:00,short,L,hold,4161.709,1.048378,7,5,2,0,0.7143,True,0
2026-05-06 14:00:00+08:00,short,L,hold,4160.943,1.048185,7,5,2,0,0.7143,True,0
2026-05-06 14:30:00+08:00,short,L,hold,4157.347,1.047279,7,5,2,0,0.7143,True,0
2026-05-06 15:00:00+08:00,short,L,hold,4160.174,1.047991,7,5,2,0,0.7143,True,0
2026-05-07 09:30:00+08:00,short,F,sell,4168.447,1.050075,8,5,3,0,0.625,False,0
2026-05-07 10:00:00+08:00,short,F,hold,4165.448,1.050075,8,5,3,0,0.625,False,0
2026-05-07 10:30:00+08:00,short,F,hold,4166.627,1.050075,8,5,3,0,0.625,False,0
2026-05-07 11:00:00+08:00,short,F,hold,4166.884,1.050075,8,5,3,0,0.625,False,0
2026-05-07 11:30:00+08:00,short,F,hold,4170.747,1.050075,8,5,3,0,0.625,False,0
2026-05-07 13:00:00+08:00,short,L,buy,4171.435,1.050075,8,6,2,0,0.75,True,0
2026-05-07 13:30:00+08:00,short,L,hold,4168.864,1.049428,8,6,2,0,0.75,True,0
2026-05-07 14:00:00+08:00,short,L,hold,4173.656,1.050634,8,6,2,0,0.75,True,0
2026-05-07 14:30:00+08:00,short,L,hold,4176.487,1.051347,8,6,2,0,0.75,True,0
2026-05-07 15:00:00+08:00,short,L,hold,4180.092,1.052254,8,6,2,0,0.75,True,0
2026-05-08 09:30:00+08:00,short,F,sell,4163.854,1.048167,7,3,4,0,0.4286,False,0
2026-05-08 10:00:00+08:00,short,F,hold,4175.929,1.048167,8,3,5,0,0.375,False,0
2026-05-08 10:30:00+08:00,short,F,hold,4165.98,1.048167,8,3,5,0,0.375,False,0
2026-05-08 11:00:00+08:00,short,F,hold,4162.081,1.048167,8,3,5,0,0.375,False,0
2026-05-08 11:30:00+08:00,short,F,hold,4162.27,1.048167,8,3,5,0,0.375,False,0
2026-05-08 13:00:00+08:00,short,F,hold,4162.331,1.048167,8,4,4,0,0.5,False,0
2026-05-08 13:30:00+08:00,short,F,hold,4177.73,1.048167,8,4,4,0,0.5,False,0
2026-05-08 14:00:00+08:00,short,F,hold,4180.834,1.048167,8,4,4,0,0.5,False,0
2026-05-08 14:30:00+08:00,short,F,hold,4176.917,1.048167,8,4,4,0,0.5,False,0
2026-05-08 15:00:00+08:00,short,F,hold,4179.952,1.048167,8,4,4,0,0.5,False,0
2026-05-11 09:30:00+08:00,short,L,buy,4201.346,1.048167,7,5,2,1,0.7143,True,0
2026-05-11 10:00:00+08:00,short,L,hold,4203.174,1.048623,7,5,2,1,0.7143,True,0
2026-05-11 10:30:00+08:00,short,L,hold,4208.773,1.05002,7,5,2,1,0.7143,True,0
2026-05-11 11:00:00+08:00,short,L,hold,4213.231,1.051132,7,5,2,1,0.7143,True,0
2026-05-11 11:30:00+08:00,short,L,hold,4219.133,1.052604,7,5,2,1,0.7143,True,0
2026-05-11 13:00:00+08:00,short,L,hold,4219.401,1.052671,7,5,2,1,0.7143,True,0
2026-05-11 13:30:00+08:00,short,L,hold,4207.767,1.049769,7,5,2,1,0.7143,True,0
2026-05-11 14:00:00+08:00,short,L,hold,4215.795,1.051771,7,5,2,1,0.7143,True,0
2026-05-11 14:30:00+08:00,short,L,hold,4223.969,1.053811,7,5,2,1,0.7143,True,0
2026-05-11 15:00:00+08:00,short,L,hold,4225.021,1.054073,7,5,2,1,0.7143,True,0
2026-05-12 09:30:00+08:00,short,L,hold,4229.283,1.055136,6,5,1,0,0.8333,True,0
2026-05-12 10:00:00+08:00,short,L,hold,4220.97,1.053063,6,5,1,0,0.8333,True,0
2026-05-12 10:30:00+08:00,short,L,hold,4217.654,1.052235,6,5,1,0,0.8333,True,0
2026-05-12 11:00:00+08:00,short,L,hold,4223.292,1.053642,6,5,1,0,0.8333,True,0
2026-05-12 11:30:00+08:00,short,L,hold,4208.005,1.049828,6,5,1,0,0.8333,True,0
2026-05-12 13:00:00+08:00,short,L,hold,4208.212,1.04988,6,5,1,1,0.8333,True,0
2026-05-12 13:30:00+08:00,short,L,hold,4214.728,1.051505,6,5,1,1,0.8333,True,0
2026-05-12 14:00:00+08:00,short,L,hold,4209.033,1.050084,6,5,1,1,0.8333,True,0
2026-05-12 14:30:00+08:00,short,L,hold,4207.337,1.049661,6,5,1,1,0.8333,True,0
2026-05-12 15:00:00+08:00,short,L,hold,4214.489,1.051446,6,5,1,1,0.8333,True,0
2026-05-13 09:30:00+08:00,short,L,hold,4192.315,1.045914,6,5,1,1,0.8333,True,0
2026-05-13 10:00:00+08:00,short,L,hold,4207.003,1.049578,6,5,1,1,0.8333,True,0
2026-05-13 10:30:00+08:00,short,L,hold,4216.987,1.052069,6,5,1,1,0.8333,True,0
2026-05-13 11:00:00+08:00,short,L,hold,4210.084,1.050347,6,5,1,1,0.8333,True,0
2026-05-13 11:30:00+08:00,short,L,hold,4218.217,1.052376,6,5,1,1,0.8333,True,0
2026-05-13 13:00:00+08:00,short,L,hold,4218.988,1.052568,6,5,1,1,0.8333,True,0
2026-05-13 13:30:00+08:00,short,L,hold,4229.417,1.05517,6,5,1,1,0.8333,True,0
2026-05-13 14:00:00+08:00,short,L,hold,4233.772,1.056256,6,5,1,1,0.8333,True,0
2026-05-13 14:30:00+08:00,short,L,hold,4239.29,1.057633,6,5,1,1,0.8333,True,0
2026-05-13 15:00:00+08:00,short,L,hold,4242.572,1.058452,6,5,1,1,0.8333,True,0
2026-05-14 09:30:00+08:00,short,F,sell,4256.157,1.061841,7,4,3,0,0.5714,False,0
2026-05-14 10:00:00+08:00,short,F,hold,4220.105,1.061841,7,4,3,0,0.5714,False,0
2026-05-14 10:30:00+08:00,short,F,hold,4213.634,1.061841,7,4,3,0,0.5714,False,0
2026-05-14 11:00:00+08:00,short,F,hold,4208.477,1.061841,7,4,3,0,0.5714,False,0
2026-05-14 11:30:00+08:00,short,F,hold,4199.188,1.061841,7,4,3,0,0.5714,False,0
2026-05-14 13:00:00+08:00,short,F,hold,4199.199,1.061841,7,3,4,0,0.4286,False,0
2026-05-14 13:30:00+08:00,short,F,hold,4216.176,1.061841,7,3,4,0,0.4286,False,0
2026-05-14 14:00:00+08:00,short,F,hold,4206.753,1.061841,7,3,4,0,0.4286,False,0
2026-05-14 14:30:00+08:00,short,F,hold,4211.843,1.061841,7,3,4,0,0.4286,False,0
2026-05-14 15:00:00+08:00,short,F,hold,4177.917,1.061841,7,3,4,0,0.4286,False,0
2026-05-15 09:30:00+08:00,short,F,hold,4174.175,1.061841,5,3,2,0,0.6,False,0
2026-05-15 10:00:00+08:00,short,F,hold,4139.38,1.061841,5,3,2,0,0.6,False,0
2026-05-15 10:30:00+08:00,short,F,hold,4152.334,1.061841,5,3,2,0,0.6,False,0
2026-05-15 11:00:00+08:00,short,F,hold,4173.422,1.061841,5,3,2,0,0.6,False,0
2026-05-15 11:30:00+08:00,short,F,hold,4183.056,1.061841,5,3,2,0,0.6,False,0
2026-05-15 13:00:00+08:00,short,F,hold,4183.261,1.061841,6,3,3,0,0.5,False,0
2026-05-15 13:30:00+08:00,short,F,hold,4164.683,1.061841,6,3,3,0,0.5,False,0
2026-05-15 14:00:00+08:00,short,F,hold,4127.4,1.061841,6,3,3,0,0.5,False,0
2026-05-15 14:30:00+08:00,short,F,hold,4120.974,1.061841,6,3,3,0,0.5,False,0
2026-05-15 15:00:00+08:00,short,F,hold,4135.389,1.061841,6,3,3,0,0.5,False,0
2026-05-18 09:30:00+08:00,short,F,hold,4120.14,1.061841,6,4,2,0,0.6667,False,0
2026-05-18 10:00:00+08:00,short,F,hold,4139.411,1.061841,6,4,2,0,0.6667,False,0
2026-05-18 10:30:00+08:00,short,F,hold,4137.128,1.061841,6,4,2,0,0.6667,False,0
2026-05-18 11:00:00+08:00,short,F,hold,4125.48,1.061841,6,4,2,0,0.6667,False,0
2026-05-18 11:30:00+08:00,short,F,hold,4126.354,1.061841,6,4,2,0,0.6667,False,0
2026-05-18 13:00:00+08:00,short,F,hold,4127.161,1.061841,7,4,3,0,0.5714,False,0
2026-05-18 13:30:00+08:00,short,F,hold,4131.329,1.061841,7,4,3,0,0.5714,False,0
2026-05-18 14:00:00+08:00,short,F,hold,4120.069,1.061841,7,4,3,0,0.5714,False,0
2026-05-18 14:30:00+08:00,short,F,hold,4115.083,1.061841,8,4,4,0,0.5,False,0
2026-05-18 15:00:00+08:00,short,F,hold,4131.528,1.061841,8,5,3,0,0.625,False,0
2026-05-19 09:30:00+08:00,short,L,buy,4122.961,1.061841,7,5,2,0,0.7143,True,0
2026-05-19 10:00:00+08:00,short,L,hold,4124.622,1.062269,7,5,2,0,0.7143,True,0
2026-05-19 10:30:00+08:00,short,L,hold,4110.49,1.058629,7,5,2,0,0.7143,True,0
2026-05-19 11:00:00+08:00,short,L,hold,4118.779,1.060764,7,5,2,0,0.7143,True,0
2026-05-19 11:30:00+08:00,short,L,hold,4132.459,1.064287,7,5,2,0,0.7143,True,0
2026-05-19 13:00:00+08:00,short,L,hold,4132.493,1.064296,8,6,2,0,0.75,True,0
2026-05-19 13:30:00+08:00,short,L,hold,4136.572,1.065347,8,6,2,0,0.75,True,0
2026-05-19 14:00:00+08:00,short,L,hold,4147.448,1.068148,8,6,2,0,0.75,True,0
2026-05-19 14:30:00+08:00,short,L,hold,4156.647,1.070517,8,6,2,0,0.75,True,0
2026-05-19 15:00:00+08:00,short,L,hold,4169.538,1.073837,8,6,2,0,0.75,True,0
2026-05-20 09:30:00+08:00,short,F,sell,4152.698,1.0695,9,6,3,0,0.6667,False,0
2026-05-20 10:00:00+08:00,short,F,hold,4157.66,1.0695,9,6,3,0,0.6667,False,0
2026-05-20 10:30:00+08:00,short,F,hold,4152.487,1.0695,9,6,3,0,0.6667,False,0
2026-05-20 11:00:00+08:00,short,F,hold,4146.195,1.0695,9,6,3,0,0.6667,False,0
2026-05-20 11:30:00+08:00,short,F,hold,4150.977,1.0695,9,6,3,0,0.6667,False,0
2026-05-20 13:00:00+08:00,short,F,hold,4151.578,1.0695,9,6,3,0,0.6667,False,0
2026-05-20 13:30:00+08:00,short,F,hold,4152.906,1.0695,9,6,3,0,0.6667,False,0
2026-05-20 14:00:00+08:00,short,F,hold,4157.177,1.0695,9,6,3,0,0.6667,False,0
2026-05-20 14:30:00+08:00,short,F,hold,4154.816,1.0695,9,6,3,0,0.6667,False,0
2026-05-20 15:00:00+08:00,short,F,hold,4162.185,1.0695,9,6,3,0,0.6667,False,0
2026-05-21 09:30:00+08:00,short,L,buy,4174.377,1.0695,7,5,2,0,0.7143,True,0
2026-05-21 10:00:00+08:00,short,L,hold,4194.189,1.074576,7,5,2,0,0.7143,True,0
2026-05-21 10:30:00+08:00,short,L,hold,4194.247,1.07459,7,5,2,0,0.7143,True,0
2026-05-21 11:00:00+08:00,short,L,hold,4177.378,1.070269,7,5,2,0,0.7143,True,0
2026-05-21 11:30:00+08:00,short,L,hold,4162.371,1.066424,7,5,2,0,0.7143,True,0
2026-05-21 13:00:00+08:00,short,L,hold,4162.107,1.066356,8,6,2,0,0.75,True,0
2026-05-21 13:30:00+08:00,short,L,hold,4163.288,1.066659,8,6,2,0,0.75,True,0
2026-05-21 14:00:00+08:00,short,L,hold,4141.539,1.061086,8,6,2,0,0.75,True,0
2026-05-21 14:30:00+08:00,short,L,hold,4103.651,1.051379,8,6,2,0,0.75,True,0
2026-05-21 15:00:00+08:00,short,L,hold,4077.276,1.044622,8,6,2,0,0.75,True,0
2026-05-22 09:30:00+08:00,short,F,sell,4096.172,1.049463,9,5,4,0,0.5556,False,0
2026-05-22 10:00:00+08:00,short,F,hold,4085.771,1.049463,9,5,4,0,0.5556,False,0
2026-05-22 10:30:00+08:00,short,F,hold,4072.693,1.049463,9,5,4,0,0.5556,False,0
2026-05-22 11:00:00+08:00,short,F,hold,4088.403,1.049463,9,5,4,0,0.5556,False,0
2026-05-22 11:30:00+08:00,short,F,hold,4096.238,1.049463,9,5,4,0,0.5556,False,0
2026-05-22 13:00:00+08:00,short,F,hold,4096.74,1.049463,12,8,4,0,0.6667,False,0
2026-05-22 13:30:00+08:00,short,F,hold,4102.901,1.049463,12,8,4,0,0.6667,False,0
2026-05-22 14:00:00+08:00,short,F,hold,4110.552,1.049463,12,8,4,0,0.6667,False,0
2026-05-22 14:30:00+08:00,short,F,hold,4113.649,1.049463,12,8,4,0,0.6667,False,0
2026-05-22 15:00:00+08:00,short,F,hold,4112.9,1.049463,12,8,4,0,0.6667,False,0
2026-05-25 09:30:00+08:00,short,F,hold,4126.338,1.049463,8,5,3,0,0.625,False,0
2026-05-25 10:00:00+08:00,short,F,hold,4124.125,1.049463,8,5,3,0,0.625,False,0
2026-05-25 10:30:00+08:00,short,F,hold,4137.955,1.049463,8,5,3,0,0.625,False,0
2026-05-25 11:00:00+08:00,short,F,hold,4145.03,1.049463,8,5,3,0,0.625,False,0
2026-05-25 11:30:00+08:00,short,F,hold,4136.246,1.049463,8,5,3,0,0.625,False,0
2026-05-25 13:00:00+08:00,short,F,hold,4137.104,1.049463,9,5,4,0,0.5556,False,0
2026-05-25 13:30:00+08:00,short,F,hold,4138.725,1.049463,9,5,4,0,0.5556,False,0
2026-05-25 14:00:00+08:00,short,F,hold,4133.659,1.049463,9,5,4,0,0.5556,False,0
2026-05-25 14:30:00+08:00,short,F,hold,4142.457,1.049463,9,5,4,0,0.5556,False,0
2026-05-25 15:00:00+08:00,short,F,hold,4152.569,1.049463,10,5,5,0,0.5,False,0
2026-05-26 09:30:00+08:00,short,F,hold,4137.32,1.049463,8,4,4,0,0.5,False,0
2026-05-26 10:00:00+08:00,short,F,hold,4128.206,1.049463,9,4,5,0,0.4444,False,0
2026-05-26 10:30:00+08:00,short,F,hold,4137.173,1.049463,9,4,5,0,0.4444,False,0
2026-05-26 11:00:00+08:00,short,F,hold,4123.712,1.049463,9,4,5,0,0.4444,False,0
2026-05-26 11:30:00+08:00,short,F,hold,4117.849,1.049463,9,4,5,0,0.4444,False,0
2026-05-26 13:00:00+08:00,short,F,hold,4118.306,1.049463,9,4,5,0,0.4444,False,0
2026-05-26 13:30:00+08:00,short,F,hold,4122.008,1.049463,9,4,5,0,0.4444,False,0
2026-05-26 14:00:00+08:00,short,F,hold,4114.723,1.049463,9,4,5,0,0.4444,False,0
2026-05-26 14:30:00+08:00,short,F,hold,4134.577,1.049463,9,4,5,0,0.4444,False,0
2026-05-26 15:00:00+08:00,short,F,hold,4145.373,1.049463,9,5,4,0,0.5556,False,0
2026-05-27 09:30:00+08:00,short,F,hold,4138.805,1.049463,9,4,5,0,0.4444,False,0
2026-05-27 10:00:00+08:00,short,F,hold,4133.988,1.049463,9,4,5,0,0.4444,False,0
2026-05-27 10:30:00+08:00,short,F,hold,4133.761,1.049463,9,4,5,0,0.4444,False,0
2026-05-27 11:00:00+08:00,short,F,hold,4122.845,1.049463,10,4,6,0,0.4,False,0
2026-05-27 11:30:00+08:00,short,F,hold,4099.231,1.049463,10,4,6,0,0.4,False,0
2026-05-27 13:00:00+08:00,short,F,hold,4099.497,1.049463,11,5,6,0,0.4545,False,0
2026-05-27 13:30:00+08:00,short,F,hold,4107.782,1.049463,11,5,6,0,0.4545,False,0
2026-05-27 14:00:00+08:00,short,F,hold,4082.717,1.049463,11,5,6,0,0.4545,False,0
2026-05-27 14:30:00+08:00,short,F,hold,4099.343,1.049463,11,5,6,0,0.4545,False,0
2026-05-27 15:00:00+08:00,short,F,hold,4093.727,1.049463,11,5,6,0,0.4545,False,0
2026-05-28 09:30:00+08:00,short,F,hold,4080.304,1.049463,7,4,3,0,0.5714,False,0
2026-05-28 10:00:00+08:00,short,F,hold,4076.468,1.049463,7,4,3,0,0.5714,False,0
2026-05-28 10:30:00+08:00,short,F,hold,4078.295,1.049463,7,4,3,0,0.5714,False,0
2026-05-28 11:00:00+08:00,short,F,hold,4069.403,1.049463,7,4,3,0,0.5714,False,0
2026-05-28 11:30:00+08:00,short,F,hold,4087.856,1.049463,7,4,3,0,0.5714,False,0
2026-05-28 13:00:00+08:00,short,F,hold,4088.216,1.049463,7,4,3,0,0.5714,False,0
2026-05-28 13:30:00+08:00,short,F,hold,4083.109,1.049463,7,4,3,0,0.5714,False,0
2026-05-28 14:00:00+08:00,short,F,hold,4102.363,1.049463,7,4,3,0,0.5714,False,0
2026-05-28 14:30:00+08:00,short,F,hold,4097.559,1.049463,7,4,3,0,0.5714,False,0
2026-05-28 15:00:00+08:00,short,F,hold,4098.636,1.049463,7,4,3,0,0.5714,False,0
2026-05-29 09:30:00+08:00,short,F,hold,4110.521,1.049463,6,0,6,0,0.0,False,0
2026-05-29 10:00:00+08:00,short,F,hold,4099.199,1.049463,6,0,6,0,0.0,False,0
2026-05-29 10:30:00+08:00,short,F,hold,4086.111,1.049463,6,0,6,0,0.0,False,0
2026-05-29 11:00:00+08:00,short,F,hold,4089.693,1.049463,6,0,6,0,0.0,False,0
2026-05-29 11:30:00+08:00,short,F,hold,4083.618,1.049463,6,0,6,0,0.0,False,0
2026-05-29 13:00:00+08:00,short,F,hold,4083.964,1.049463,6,0,6,0,0.0,False,0
2026-05-29 13:30:00+08:00,short,F,hold,4098.536,1.049463,6,0,6,0,0.0,False,0
2026-05-29 14:00:00+08:00,short,F,hold,4072.14,1.049463,6,0,6,0,0.0,False,0
2026-05-29 14:30:00+08:00,short,F,hold,4061.45,1.049463,6,0,6,0,0.0,False,0
2026-05-29 15:00:00+08:00,short,F,hold,4068.569,1.049463,6,0,6,0,0.0,False,0
2026-06-01 09:30:00+08:00,short,F,hold,4067.158,1.049463,7,4,3,0,0.5714,False,0
2026-06-01 10:00:00+08:00,short,F,hold,4082.755,1.049463,7,4,3,0,0.5714,False,0
2026-06-01 10:30:00+08:00,short,F,hold,4083.78,1.049463,7,4,3,0,0.5714,False,0
2026-06-01 11:00:00+08:00,short,F,hold,4061.597,1.049463,7,4,3,0,0.5714,False,0
2026-06-01 11:30:00+08:00,short,F,hold,4063.722,1.049463,7,4,3,0,0.5714,False,0
2026-06-01 13:00:00+08:00,short,F,hold,4064.48,1.049463,7,4,3,0,0.5714,False,0
2026-06-01 13:30:00+08:00,short,F,hold,4065.123,1.049463,7,4,3,0,0.5714,False,0
2026-06-01 14:00:00+08:00,short,F,hold,4065.336,1.049463,7,4,3,0,0.5714,False,0
2026-06-01 14:30:00+08:00,short,F,hold,4058.605,1.049463,7,4,3,0,0.5714,False,0
2026-06-01 15:00:00+08:00,short,F,hold,4057.74,1.049463,7,4,3,0,0.5714,False,0
2026-06-02 09:30:00+08:00,short,F,hold,4061.463,1.049463,5,1,4,0,0.2,False,0
2026-06-02 10:00:00+08:00,short,F,hold,4040.656,1.049463,5,1,4,0,0.2,False,0
2026-06-02 10:30:00+08:00,short,F,hold,4058.394,1.049463,5,1,4,0,0.2,False,0
2026-06-02 11:00:00+08:00,short,F,hold,4061.415,1.049463,5,1,4,0,0.2,False,0
2026-06-02 11:30:00+08:00,short,F,hold,4056.242,1.049463,5,1,4,0,0.2,False,0
2026-06-02 13:00:00+08:00,short,F,hold,4056.232,1.049463,5,1,4,0,0.2,False,0
2026-06-02 13:30:00+08:00,short,F,hold,4082.58,1.049463,5,1,4,0,0.2,False,0
2026-06-02 14:00:00+08:00,short,F,hold,4079.855,1.049463,5,1,4,0,0.2,False,0
2026-06-02 14:30:00+08:00,short,F,hold,4075.923,1.049463,5,1,4,0,0.2,False,0
2026-06-02 15:00:00+08:00,short,F,hold,4075.102,1.049463,5,1,4,0,0.2,False,0
2026-06-03 09:30:00+08:00,short,F,hold,4068.341,1.049463,7,4,3,0,0.5714,False,0
2026-06-03 10:00:00+08:00,short,F,hold,4086.154,1.049463,7,4,3,0,0.5714,False,0
2026-06-03 10:30:00+08:00,short,F,hold,4083.608,1.049463,7,4,3,0,0.5714,False,0
2026-06-03 11:00:00+08:00,short,F,hold,4089.61,1.049463,7,4,3,0,0.5714,False,0
2026-06-03 11:30:00+08:00,short,F,hold,4097.941,1.049463,7,4,3,0,0.5714,False,0
2026-06-03 13:00:00+08:00,short,F,hold,4098.407,1.049463,7,3,4,0,0.4286,False,0
2026-06-03 13:30:00+08:00,short,F,hold,4093.304,1.049463,7,3,4,0,0.4286,False,0
2026-06-03 14:00:00+08:00,short,F,hold,4098.104,1.049463,7,3,4,0,0.4286,False,0
2026-06-03 14:30:00+08:00,short,F,hold,4080.257,1.049463,7,3,4,0,0.4286,False,0
2026-06-03 15:00:00+08:00,short,F,hold,4083.974,1.049463,7,3,4,0,0.4286,False,0
2026-06-04 09:30:00+08:00,short,F,hold,4053.67,1.049463,4,0,4,0,0.0,False,0
2026-06-04 10:00:00+08:00,short,F,hold,4078.944,1.049463,4,1,3,0,0.25,False,0
2026-06-04 10:30:00+08:00,short,F,hold,4071.088,1.049463,4,1,3,0,0.25,False,0
2026-06-04 11:00:00+08:00,short,F,hold,4069.874,1.049463,4,1,3,0,0.25,False,0
2026-06-04 11:30:00+08:00,short,F,hold,4066.555,1.049463,4,1,3,0,0.25,False,0
2026-06-04 13:00:00+08:00,short,F,hold,4067.718,1.049463,7,2,5,0,0.2857,False,0
2026-06-04 13:30:00+08:00,short,F,hold,4063.017,1.049463,7,2,5,0,0.2857,False,0
2026-06-04 14:00:00+08:00,short,F,hold,4061.832,1.049463,7,2,5,0,0.2857,False,0
2026-06-04 14:30:00+08:00,short,F,hold,4050.913,1.049463,7,2,5,0,0.2857,False,0
2026-06-04 15:00:00+08:00,short,F,hold,4057.781,1.049463,7,3,4,0,0.4286,False,0
2026-06-05 09:30:00+08:00,short,F,hold,4044.829,1.049463,9,4,5,0,0.4444,False,0
2026-06-05 10:00:00+08:00,short,F,hold,4060.867,1.049463,9,4,5,0,0.4444,False,0
2026-06-05 10:30:00+08:00,short,F,hold,4067.235,1.049463,9,4,5,0,0.4444,False,0
2026-06-05 11:00:00+08:00,short,F,hold,4067.814,1.049463,9,4,5,0,0.4444,False,0
2026-06-05 11:30:00+08:00,short,F,hold,4075.315,1.049463,9,4,5,0,0.4444,False,0
2026-06-05 13:00:00+08:00,short,F,hold,4075.563,1.049463,9,4,5,0,0.4444,False,0
2026-06-05 13:30:00+08:00,short,F,hold,4054.56,1.049463,9,4,5,0,0.4444,False,0
2026-06-05 14:00:00+08:00,short,F,hold,4049.691,1.049463,9,4,5,0,0.4444,False,0
2026-06-05 14:30:00+08:00,short,F,hold,4028.139,1.049463,9,4,5,0,0.4444,False,0
2026-06-05 15:00:00+08:00,short,F,hold,4027.736,1.049463,9,4,5,0,0.4444,False,0
2026-06-08 09:30:00+08:00,short,F,hold,3938.709,1.049463,11,2,9,0,0.1818,False,0
2026-06-08 10:00:00+08:00,short,F,hold,3993.251,1.049463,11,2,9,0,0.1818,False,0
2026-06-08 10:30:00+08:00,short,F,hold,3996.178,1.049463,11,2,9,0,0.1818,False,0
2026-06-08 11:00:00+08:00,short,F,hold,3996.057,1.049463,11,2,9,0,0.1818,False,0
2026-06-08 11:30:00+08:00,short,F,hold,3976.827,1.049463,11,2,9,0,0.1818,False,0
2026-06-08 13:00:00+08:00,short,F,hold,3977.24,1.049463,11,3,8,0,0.2727,False,0
2026-06-08 13:30:00+08:00,short,F,hold,3955.162,1.049463,11,3,8,0,0.2727,False,0
2026-06-08 14:00:00+08:00,short,F,hold,3949.099,1.049463,11,3,8,0,0.2727,False,0
2026-06-08 14:30:00+08:00,short,F,hold,3970.601,1.049463,11,3,8,0,0.2727,False,0
2026-06-08 15:00:00+08:00,short,F,hold,3959.338,1.049463,11,3,8,0,0.2727,False,0
2026-06-09 09:30:00+08:00,short,L,buy,3977.539,1.049463,7,6,1,0,0.8571,True,0
2026-06-09 10:00:00+08:00,short,L,hold,3971.433,1.047852,7,6,1,0,0.8571,True,0
2026-06-09 10:30:00+08:00,short,L,hold,3973.727,1.048457,7,6,1,0,0.8571,True,0
2026-06-09 11:00:00+08:00,short,L,hold,3971.56,1.047886,7,6,1,0,0.8571,True,0
2026-06-09 11:30:00+08:00,short,L,hold,3979.676,1.050027,7,6,1,0,0.8571,True,0
2026-06-09 13:00:00+08:00,short,L,hold,3980.466,1.050235,7,6,1,0,0.8571,True,0
2026-06-09 13:30:00+08:00,short,L,hold,3985.351,1.051524,7,6,1,0,0.8571,True,0
2026-06-09 14:00:00+08:00,short,L,hold,3986.18,1.051743,7,6,1,0,0.8571,True,0
2026-06-09 14:30:00+08:00,short,L,hold,4005.515,1.056844,7,6,1,0,0.8571,True,0
2026-06-09 15:00:00+08:00,short,L,hold,4010.031,1.058036,7,6,1,0,0.8571,True,0
2026-06-10 09:30:00+08:00,short,F,sell,3985.124,1.051464,10,0,10,0,0.0,False,0
2026-06-10 10:00:00+08:00,short,F,hold,4004.749,1.051464,10,0,10,0,0.0,False,0
2026-06-10 10:30:00+08:00,short,F,hold,3983.06,1.051464,10,0,10,0,0.0,False,0
2026-06-10 11:00:00+08:00,short,F,hold,3979.827,1.051464,10,0,10,0,0.0,False,0
2026-06-10 11:30:00+08:00,short,F,hold,3986.661,1.051464,10,0,10,0,0.0,False,0
2026-06-10 13:00:00+08:00,short,F,hold,3986.088,1.051464,10,0,10,0,0.0,False,0
2026-06-10 13:30:00+08:00,short,F,hold,3978.348,1.051464,10,0,10,0,0.0,False,0
2026-06-10 14:00:00+08:00,short,F,hold,3990.294,1.051464,10,0,10,0,0.0,False,0
2026-06-10 14:30:00+08:00,short,F,hold,3990.146,1.051464,10,1,9,0,0.1,False,0
2026-06-10 15:00:00+08:00,short,F,hold,3993.226,1.051464,10,2,8,0,0.2,False,0
2026-06-11 09:30:00+08:00,short,F,hold,3979.706,1.051464,8,4,4,0,0.5,False,0
2026-06-11 10:00:00+08:00,short,F,hold,3984.716,1.051464,8,4,4,0,0.5,False,0
2026-06-11 10:30:00+08:00,short,F,hold,3969.057,1.051464,8,4,4,0,0.5,False,0
2026-06-11 11:00:00+08:00,short,F,hold,3976.23,1.051464,8,4,4,0,0.5,False,0
2026-06-11 11:30:00+08:00,short,F,hold,3964.241,1.051464,8,4,4,0,0.5,False,0
2026-06-11 13:00:00+08:00,short,F,hold,3964.875,1.051464,8,4,4,1,0.5,False,0
2026-06-11 13:30:00+08:00,short,F,hold,3977.679,1.051464,8,4,4,1,0.5,False,0
2026-06-11 14:00:00+08:00,short,F,hold,3981.852,1.051464,8,4,4,1,0.5,False,0
2026-06-11 14:30:00+08:00,short,F,hold,3970.091,1.051464,8,4,4,1,0.5,False,0
2026-06-11 15:00:00+08:00,short,F,hold,3987.015,1.051464,9,5,4,1,0.5556,False,0
2026-06-12 09:30:00+08:00,short,L,buy,4017.865,1.051464,11,8,3,0,0.7273,True,0
2026-06-12 10:00:00+08:00,short,L,hold,4035.51,1.056082,11,8,3,0,0.7273,True,0
2026-06-12 10:30:00+08:00,short,L,hold,4034.494,1.055816,11,8,3,0,0.7273,True,0
2026-06-12 11:00:00+08:00,short,L,hold,4051.467,1.060258,11,8,3,0,0.7273,True,0
2026-06-12 11:30:00+08:00,short,L,hold,4049.294,1.059689,12,9,3,0,0.75,True,0
2026-06-12 13:00:00+08:00,short,L,hold,4049.624,1.059776,11,9,2,1,0.8182,True,0
2026-06-12 13:30:00+08:00,short,L,hold,4045.695,1.058747,11,9,2,1,0.8182,True,0
2026-06-12 14:00:00+08:00,short,L,hold,4034.597,1.055843,11,9,2,1,0.8182,True,0
2026-06-12 14:30:00+08:00,short,L,hold,4036.695,1.056392,11,9,2,1,0.8182,True,0
2026-06-12 15:00:00+08:00,short,L,hold,4031.513,1.055036,11,9,2,1,0.8182,True,0
2026-06-15 09:30:00+08:00,short,L,hold,4053.582,1.060811,8,6,2,0,0.75,True,0
2026-06-15 10:00:00+08:00,short,L,hold,4080.793,1.067932,8,6,2,0,0.75,True,0
2026-06-15 10:30:00+08:00,short,L,hold,4080.043,1.067736,8,6,2,0,0.75,True,0
2026-06-15 11:00:00+08:00,short,L,hold,4071.499,1.0655,8,6,2,0,0.75,True,0
2026-06-15 11:30:00+08:00,short,L,hold,4068.575,1.064735,8,6,2,0,0.75,True,0
2026-06-15 13:00:00+08:00,short,F,sell,4068.644,1.064753,11,7,4,0,0.6364,False,0
2026-06-15 13:30:00+08:00,short,F,hold,4075.487,1.064753,11,7,4,0,0.6364,False,0
2026-06-15 14:00:00+08:00,short,F,hold,4080.582,1.064753,11,7,4,0,0.6364,False,0
2026-06-15 14:30:00+08:00,short,F,hold,4079.176,1.064753,11,7,4,0,0.6364,False,0
2026-06-15 15:00:00+08:00,short,F,hold,4096.472,1.064753,11,7,4,0,0.6364,False,0
2026-06-16 09:30:00+08:00,short,F,hold,4094.212,1.064753,10,6,4,0,0.6,False,0
2026-06-16 10:00:00+08:00,short,F,hold,4088.44,1.064753,10,6,4,0,0.6,False,0
2026-06-16 10:30:00+08:00,short,F,hold,4095.272,1.064753,10,6,4,0,0.6,False,0
2026-06-16 11:00:00+08:00,short,F,hold,4096.678,1.064753,10,6,4,0,0.6,False,0
2026-06-16 11:30:00+08:00,short,F,hold,4098.855,1.064753,10,6,4,0,0.6,False,0
2026-06-16 13:00:00+08:00,short,F,hold,4099.117,1.064753,10,4,6,0,0.4,False,0
2026-06-16 13:30:00+08:00,short,F,hold,4091.751,1.064753,10,4,6,0,0.4,False,0
2026-06-16 14:00:00+08:00,short,F,hold,4088.21,1.064753,10,4,6,0,0.4,False,0
2026-06-16 14:30:00+08:00,short,F,hold,4095.016,1.064753,10,4,6,0,0.4,False,0
2026-06-16 15:00:00+08:00,short,F,hold,4091.892,1.064753,10,4,6,0,0.4,False,0
2026-06-17 09:30:00+08:00,short,F,hold,4074.291,1.064753,8,1,7,0,0.125,False,0
2026-06-17 10:00:00+08:00,short,F,hold,4086.843,1.064753,8,1,7,0,0.125,False,0
2026-06-17 10:30:00+08:00,short,F,hold,4091.577,1.064753,8,1,7,0,0.125,False,0
2026-06-17 11:00:00+08:00,short,F,hold,4089.227,1.064753,8,1,7,0,0.125,False,0
2026-06-17 11:30:00+08:00,short,F,hold,4084.544,1.064753,8,1,7,0,0.125,False,0
2026-06-17 13:00:00+08:00,short,F,hold,4084.493,1.064753,8,2,6,0,0.25,False,0
2026-06-17 13:30:00+08:00,short,F,hold,4088.617,1.064753,8,2,6,0,0.25,False,0
2026-06-17 14:00:00+08:00,short,F,hold,4092.319,1.064753,8,2,6,0,0.25,False,0
2026-06-17 14:30:00+08:00,short,F,hold,4088.062,1.064753,8,2,6,0,0.25,False,0
2026-06-17 15:00:00+08:00,short,F,hold,4108.076,1.064753,8,2,6,0,0.25,False,0
2026-06-18 09:30:00+08:00,short,F,hold,4094.23,1.064753,8,2,6,0,0.25,False,0
2026-06-18 10:00:00+08:00,short,F,hold,4115.886,1.064753,8,2,6,0,0.25,False,0
2026-06-18 10:30:00+08:00,short,F,hold,4111.23,1.064753,8,2,6,0,0.25,False,0
2026-06-18 11:00:00+08:00,short,F,hold,4093.478,1.064753,8,2,6,0,0.25,False,0
2026-06-18 11:30:00+08:00,short,F,hold,4092.764,1.064753,8,2,6,0,0.25,False,0
2026-06-18 13:00:00+08:00,short,F,hold,4093.437,1.064753,8,2,6,0,0.25,False,0
2026-06-18 13:30:00+08:00,short,F,hold,4105.051,1.064753,8,2,6,0,0.25,False,0
2026-06-18 14:00:00+08:00,short,F,hold,4100.422,1.064753,8,2,6,0,0.25,False,0
2026-06-18 14:30:00+08:00,short,F,hold,4098.439,1.064753,8,2,6,0,0.25,False,0
2026-06-18 15:00:00+08:00,short,F,hold,4090.481,1.064753,8,2,6,0,0.25,False,0
2026-06-22 09:30:00+08:00,short,F,hold,4093.955,1.064753,7,4,3,0,0.5714,False,0
2026-06-22 10:00:00+08:00,short,F,hold,4092.617,1.064753,7,4,3,0,0.5714,False,0
2026-06-22 10:30:00+08:00,short,F,hold,4070.87,1.064753,7,4,3,0,0.5714,False,0
2026-06-22 11:00:00+08:00,short,F,hold,4081.956,1.064753,7,4,3,0,0.5714,False,0
2026-06-22 11:30:00+08:00,short,F,hold,4098.009,1.064753,7,4,3,0,0.5714,False,0
2026-06-22 13:00:00+08:00,short,F,hold,4098.767,1.064753,7,4,3,0,0.5714,False,0
2026-06-22 13:30:00+08:00,short,F,hold,4122.442,1.064753,7,4,3,0,0.5714,False,0
2026-06-22 14:00:00+08:00,short,F,hold,4131.895,1.064753,7,4,3,0,0.5714,False,0
2026-06-22 14:30:00+08:00,short,F,hold,4152.544,1.064753,7,4,3,0,0.5714,False,0
2026-06-22 15:00:00+08:00,short,F,hold,4163.096,1.064753,8,5,3,0,0.625,False,0
2026-06-23 09:30:00+08:00,short,F,hold,4153.593,1.064753,6,4,2,0,0.6667,False,0
2026-06-23 10:00:00+08:00,short,F,hold,4162.646,1.064753,6,4,2,0,0.6667,False,0
2026-06-23 10:30:00+08:00,short,F,hold,4171.34,1.064753,6,4,2,0,0.6667,False,0
2026-06-23 11:00:00+08:00,short,F,hold,4161.357,1.064753,6,4,2,0,0.6667,False,0
2026-06-23 11:30:00+08:00,short,F,hold,4147.549,1.064753,6,4,2,0,0.6667,False,0
2026-06-23 13:00:00+08:00,short,F,hold,4146.953,1.064753,6,4,2,0,0.6667,False,0
2026-06-23 13:30:00+08:00,short,F,hold,4131.329,1.064753,6,4,2,0,0.6667,False,0
2026-06-23 14:00:00+08:00,short,F,hold,4114.406,1.064753,6,4,2,0,0.6667,False,0
2026-06-23 14:30:00+08:00,short,F,hold,4085.836,1.064753,6,4,2,0,0.6667,False,0
2026-06-23 15:00:00+08:00,short,F,hold,4106.252,1.064753,6,4,2,0,0.6667,False,0
2026-06-24 09:30:00+08:00,short,F,hold,4090.1,1.064753,8,5,3,0,0.625,False,0
2026-06-24 10:00:00+08:00,short,F,hold,4110.726,1.064753,8,5,3,0,0.625,False,0
2026-06-24 10:30:00+08:00,short,F,hold,4099.468,1.064753,8,5,3,0,0.625,False,0
2026-06-24 11:00:00+08:00,short,F,hold,4080.279,1.064753,8,5,3,0,0.625,False,0
2026-06-24 11:30:00+08:00,short,F,hold,4096.137,1.064753,8,5,3,0,0.625,False,0
2026-06-24 13:00:00+08:00,short,F,hold,4096.635,1.064753,9,5,4,0,0.5556,False,0
2026-06-24 13:30:00+08:00,short,F,hold,4114.15,1.064753,9,5,4,0,0.5556,False,0
2026-06-24 14:00:00+08:00,short,F,hold,4103.462,1.064753,9,5,4,0,0.5556,False,0
2026-06-24 14:30:00+08:00,short,F,hold,4112.952,1.064753,9,5,4,0,0.5556,False,0
2026-06-24 15:00:00+08:00,short,F,hold,4110.813,1.064753,9,5,4,0,0.5556,False,0
2026-06-25 09:30:00+08:00,short,F,hold,4104.174,1.064753,8,5,3,0,0.625,False,0
2026-06-25 10:00:00+08:00,short,F,hold,4105.315,1.064753,8,5,3,0,0.625,False,0
2026-06-25 10:30:00+08:00,short,F,hold,4110.28,1.064753,8,5,3,0,0.625,False,0
2026-06-25 11:00:00+08:00,short,F,hold,4121.874,1.064753,8,5,3,0,0.625,False,0
2026-06-25 11:30:00+08:00,short,F,hold,4125.756,1.064753,8,5,3,0,0.625,False,0
2026-06-25 13:00:00+08:00,short,F,hold,4126.728,1.064753,8,5,3,0,0.625,False,0
2026-06-25 13:30:00+08:00,short,F,hold,4117.06,1.064753,8,5,3,0,0.625,False,0
2026-06-25 14:00:00+08:00,short,F,hold,4102.49,1.064753,8,5,3,0,0.625,False,0
2026-06-25 14:30:00+08:00,short,F,hold,4117.113,1.064753,8,5,3,0,0.625,False,0
2026-06-25 15:00:00+08:00,short,F,hold,4120.281,1.064753,8,5,3,0,0.625,False,0
2026-06-26 09:30:00+08:00,short,F,hold,4098.686,1.064753,6,1,5,0,0.1667,False,0
2026-06-26 10:00:00+08:00,short,F,hold,4076.476,1.064753,6,1,5,0,0.1667,False,0
2026-06-26 10:30:00+08:00,short,F,hold,4053.994,1.064753,6,1,5,0,0.1667,False,0
2026-06-26 11:00:00+08:00,short,F,hold,4021.053,1.064753,6,1,5,0,0.1667,False,0
2026-06-26 11:30:00+08:00,short,F,hold,4032.298,1.064753,6,1,5,0,0.1667,False,0
2026-06-26 13:00:00+08:00,short,F,hold,4032.601,1.064753,7,2,5,0,0.2857,False,0
2026-06-26 13:30:00+08:00,short,F,hold,4050.829,1.064753,7,2,5,0,0.2857,False,0
2026-06-26 14:00:00+08:00,short,F,hold,4060.27,1.064753,7,2,5,0,0.2857,False,0
2026-06-26 14:30:00+08:00,short,F,hold,4038.409,1.064753,7,2,5,0,0.2857,False,0
2026-06-26 15:00:00+08:00,short,F,hold,4027.265,1.064753,7,2,5,0,0.2857,False,0
2026-06-29 09:30:00+08:00,short,F,hold,4026.686,1.064753,7,0,7,0,0.0,False,0
2026-06-29 10:00:00+08:00,short,F,hold,4023.136,1.064753,7,0,7,0,0.0,False,0
2026-06-29 10:30:00+08:00,short,F,hold,4038.803,1.064753,7,0,7,0,0.0,False,0
2026-06-29 11:00:00+08:00,short,F,hold,4037.58,1.064753,7,0,7,0,0.0,False,0
2026-06-29 11:30:00+08:00,short,F,hold,4034.084,1.064753,7,0,7,0,0.0,False,0
2026-06-29 13:00:00+08:00,short,F,hold,4034.466,1.064753,8,1,7,0,0.125,False,0
2026-06-29 13:30:00+08:00,short,F,hold,4039.659,1.064753,8,1,7,0,0.125,False,0
2026-06-29 14:00:00+08:00,short,F,hold,4063.247,1.064753,8,1,7,0,0.125,False,0
2026-06-29 14:30:00+08:00,short,F,hold,4052.971,1.064753,8,1,7,0,0.125,False,0
2026-06-29 15:00:00+08:00,short,F,hold,4073.902,1.064753,9,2,7,0,0.2222,False,0
2026-06-30 09:30:00+08:00,short,F,hold,4058.17,1.064753,7,4,3,0,0.5714,False,0
2026-06-30 10:00:00+08:00,short,F,hold,4062.32,1.064753,7,4,3,0,0.5714,False,0
2026-06-30 10:30:00+08:00,short,F,hold,4064.186,1.064753,7,4,3,0,0.5714,False,0
2026-06-30 11:00:00+08:00,short,F,hold,4065.049,1.064753,7,4,3,0,0.5714,False,0
2026-06-30 11:30:00+08:00,short,F,hold,4082.13,1.064753,7,4,3,0,0.5714,False,0
2026-06-30 13:00:00+08:00,short,L,buy,4082.779,1.064753,7,5,2,0,0.7143,True,0
2026-06-30 13:30:00+08:00,short,L,hold,4078.879,1.063736,7,5,2,0,0.7143,True,0
2026-06-30 14:00:00+08:00,short,L,hold,4079.308,1.063848,7,5,2,0,0.7143,True,0
2026-06-30 14:30:00+08:00,short,L,hold,4081.775,1.064491,7,5,2,0,0.7143,True,0
2026-06-30 15:00:00+08:00,short,L,hold,4094.397,1.067783,7,5,2,0,0.7143,True,0
2026-07-01 09:30:00+08:00,short,L,hold,4090.76,1.066834,8,6,2,0,0.75,True,0
2026-07-01 10:00:00+08:00,short,L,hold,4103.692,1.070207,8,6,2,0,0.75,True,0
2026-07-01 10:30:00+08:00,short,L,hold,4121.088,1.074744,8,6,2,0,0.75,True,0
2026-07-01 11:00:00+08:00,short,L,hold,4137.261,1.078962,8,6,2,0,0.75,True,0
2026-07-01 11:30:00+08:00,short,L,hold,4138.649,1.079324,8,6,2,0,0.75,True,0
2026-07-01 13:00:00+08:00,short,L,hold,4138.931,1.079397,8,6,2,0,0.75,True,0
2026-07-01 13:30:00+08:00,short,F,sell,4125.739,1.075957,9,6,3,0,0.6667,False,0
2026-07-01 14:00:00+08:00,short,F,hold,4107.1,1.075957,9,6,3,0,0.6667,False,0
2026-07-01 14:30:00+08:00,short,F,hold,4099.354,1.075957,10,6,4,0,0.6,False,0
2026-07-01 15:00:00+08:00,short,F,hold,4112.445,1.075957,10,6,4,0,0.6,False,0
2026-07-02 09:30:00+08:00,short,F,hold,4054.086,1.075957,7,2,5,0,0.2857,False,0
2026-07-02 10:00:00+08:00,short,F,hold,4082.525,1.075957,7,2,5,0,0.2857,False,0
2026-07-02 10:30:00+08:00,short,F,hold,4082.296,1.075957,7,2,5,0,0.2857,False,0
2026-07-02 11:00:00+08:00,short,F,hold,4081.408,1.075957,7,2,5,0,0.2857,False,0
2026-07-02 11:30:00+08:00,short,F,hold,4075.311,1.075957,7,2,5,0,0.2857,False,0
2026-07-02 13:00:00+08:00,short,F,hold,4075.758,1.075957,7,2,5,0,0.2857,False,0
2026-07-02 13:30:00+08:00,short,F,hold,4058.908,1.075957,7,2,5,0,0.2857,False,0
2026-07-02 14:00:00+08:00,short,F,hold,4053.119,1.075957,7,2,5,0,0.2857,False,0
2026-07-02 14:30:00+08:00,short,F,hold,4044.59,1.075957,7,2,5,0,0.2857,False,0
2026-07-02 15:00:00+08:00,short,F,hold,4028.904,1.075957,7,2,5,0,0.2857,False,0
2026-07-03 09:30:00+08:00,short,F,hold,4031.335,1.075957,7,3,4,0,0.4286,False,0
2026-07-03 10:00:00+08:00,short,F,hold,4043.503,1.075957,7,3,4,0,0.4286,False,0
2026-07-03 10:30:00+08:00,short,F,hold,4038.646,1.075957,7,3,4,0,0.4286,False,0
2026-07-03 11:00:00+08:00,short,F,hold,4059.168,1.075957,7,3,4,0,0.4286,False,0
2026-07-03 11:30:00+08:00,short,F,hold,4056.783,1.075957,7,3,4,0,0.4286,False,0
2026-07-03 13:00:00+08:00,short,F,hold,4058.87,1.075957,8,4,4,0,0.5,False,0
2026-07-03 13:30:00+08:00,short,F,hold,4048.472,1.075957,8,4,4,0,0.5,False,0
2026-07-03 14:00:00+08:00,short,F,hold,4065.172,1.075957,8,4,4,0,0.5,False,0
2026-07-03 14:30:00+08:00,short,F,hold,4052.545,1.075957,9,5,4,0,0.5556,False,0
2026-07-03 15:00:00+08:00,short,F,hold,4043.643,1.075957,10,6,4,0,0.6,False,0
2026-07-06 09:30:00+08:00,short,F,hold,4059.194,1.075957,3,1,2,0,0.3333,False,0
2026-07-06 10:00:00+08:00,short,F,hold,4054.342,1.075957,3,1,2,0,0.3333,False,0
2026-07-06 10:30:00+08:00,short,F,hold,4025.552,1.075957,3,1,2,0,0.3333,False,0
2026-07-06 11:00:00+08:00,short,F,hold,4019.977,1.075957,3,1,2,0,0.3333,False,0
2026-07-06 11:30:00+08:00,short,F,hold,4046.705,1.075957,3,1,2,0,0.3333,False,0
2026-07-06 13:00:00+08:00,short,F,hold,4047.559,1.075957,2,1,1,1,0.5,False,0
2026-07-06 13:30:00+08:00,short,F,hold,4038.702,1.075957,2,1,1,1,0.5,False,0
2026-07-06 14:00:00+08:00,short,F,hold,4047.929,1.075957,2,1,1,1,0.5,False,0
2026-07-06 14:30:00+08:00,short,F,hold,4042.234,1.075957,2,1,1,1,0.5,False,0
2026-07-06 15:00:00+08:00,short,F,hold,4041.238,1.075957,3,2,1,1,0.6667,False,0
2026-07-07 09:30:00+08:00,short,F,hold,4019.494,1.075957,6,3,3,0,0.5,False,0
2026-07-07 10:00:00+08:00,short,F,hold,4015.939,1.075957,6,3,3,0,0.5,False,0
2026-07-07 10:30:00+08:00,short,F,hold,4003.378,1.075957,6,3,3,0,0.5,False,0
2026-07-07 11:00:00+08:00,short,F,hold,3997.008,1.075957,6,3,3,0,0.5,False,0
2026-07-07 11:30:00+08:00,short,F,hold,3999.03,1.075957,7,3,4,0,0.4286,False,0
2026-07-07 13:00:00+08:00,short,F,hold,3998.86,1.075957,7,2,5,0,0.2857,False,0
2026-07-07 13:30:00+08:00,short,F,hold,3989.872,1.075957,7,2,5,0,0.2857,False,0
2026-07-07 14:00:00+08:00,short,F,hold,3989.277,1.075957,7,2,5,0,0.2857,False,0
2026-07-07 14:30:00+08:00,short,F,hold,3983.167,1.075957,7,2,5,0,0.2857,False,0
2026-07-07 15:00:00+08:00,short,F,hold,3990.235,1.075957,7,2,5,0,0.2857,False,0
2026-07-08 09:30:00+08:00,short,F,hold,3996.807,1.075957,4,1,3,1,0.25,False,0
2026-07-08 10:00:00+08:00,short,F,hold,3979.284,1.075957,4,1,3,1,0.25,False,0
2026-07-08 10:30:00+08:00,short,F,hold,3990.646,1.075957,4,1,3,1,0.25,False,0
2026-07-08 11:00:00+08:00,short,F,hold,3984.791,1.075957,4,1,3,1,0.25,False,0
2026-07-08 11:30:00+08:00,short,F,hold,4011.052,1.075957,4,1,3,1,0.25,False,0
2026-07-08 13:00:00+08:00,short,F,hold,4008.487,1.075957,5,1,4,1,0.2,False,0
2026-07-08 13:30:00+08:00,short,F,hold,3992.64,1.075957,5,1,4,1,0.2,False,0
2026-07-08 14:00:00+08:00,short,F,hold,3995.322,1.075957,5,1,4,1,0.2,False,0
2026-07-08 14:30:00+08:00,short,F,hold,3987.093,1.075957,5,1,4,1,0.2,False,0
2026-07-08 15:00:00+08:00,short,F,hold,3970.88,1.075957,5,1,4,1,0.2,False,0
2026-07-09 09:30:00+08:00,short,F,hold,3977.547,1.075957,9,5,4,0,0.5556,False,0
2026-07-09 10:00:00+08:00,short,F,hold,3968.755,1.075957,9,5,4,0,0.5556,False,0
2026-07-09 10:30:00+08:00,short,F,hold,3966.372,1.075957,9,5,4,0,0.5556,False,0
2026-07-09 11:00:00+08:00,short,F,hold,3947.859,1.075957,9,5,4,0,0.5556,False,0
2026-07-09 11:30:00+08:00,short,F,hold,3952.492,1.075957,9,5,4,0,0.5556,False,0
2026-07-09 13:00:00+08:00,short,F,hold,3952.628,1.075957,9,5,4,0,0.5556,False,0
2026-07-09 13:30:00+08:00,short,F,hold,3973.859,1.075957,9,5,4,0,0.5556,False,0
2026-07-09 14:00:00+08:00,short,F,hold,4005.997,1.075957,9,5,4,0,0.5556,False,0
2026-07-09 14:30:00+08:00,short,F,hold,4019.072,1.075957,9,4,5,0,0.4444,False,0
2026-07-09 15:00:00+08:00,short,F,hold,4036.588,1.075957,9,4,5,0,0.4444,False,0
2026-07-10 09:30:00+08:00,short,F,hold,4031.537,1.075957,7,4,3,0,0.5714,False,0
2026-07-10 10:00:00+08:00,short,F,hold,4052.739,1.075957,7,4,3,0,0.5714,False,0
2026-07-10 10:30:00+08:00,short,F,hold,4061.018,1.075957,7,4,3,0,0.5714,False,0
2026-07-10 11:00:00+08:00,short,F,hold,4060.54,1.075957,7,4,3,0,0.5714,False,0
2026-07-10 11:30:00+08:00,short,F,hold,4067.071,1.075957,8,4,4,0,0.5,False,0
2026-07-10 13:00:00+08:00,short,F,hold,4068.316,1.075957,9,5,4,0,0.5556,False,0
2026-07-10 13:30:00+08:00,short,F,hold,4063.507,1.075957,9,5,4,0,0.5556,False,0
2026-07-10 14:00:00+08:00,short,F,hold,4033.262,1.075957,9,5,4,0,0.5556,False,0
2026-07-10 14:30:00+08:00,short,F,hold,4021.9,1.075957,9,5,4,0,0.5556,False,0
2026-07-10 15:00:00+08:00,short,F,hold,3996.162,1.075957,9,5,4,0,0.5556,False,0
2026-07-13 09:30:00+08:00,short,F,hold,3966.023,1.075957,7,2,5,0,0.2857,False,0
2026-07-13 10:00:00+08:00,short,F,hold,3953.771,1.075957,7,2,5,0,0.2857,False,0
2026-07-13 10:30:00+08:00,short,F,hold,3971.005,1.075957,7,2,5,0,0.2857,False,0
2026-07-13 11:00:00+08:00,short,F,hold,3943.912,1.075957,8,3,5,0,0.375,False,0
2026-07-13 11:30:00+08:00,short,F,hold,3934.74,1.075957,8,3,5,0,0.375,False,0
2026-07-13 13:00:00+08:00,short,F,hold,3934.668,1.075957,10,3,7,0,0.3,False,0
2026-07-13 13:30:00+08:00,short,F,hold,3907.012,1.075957,10,2,8,0,0.2,False,0
2026-07-13 14:00:00+08:00,short,F,hold,3927.212,1.075957,10,2,8,0,0.2,False,0
2026-07-13 14:30:00+08:00,short,F,hold,3909.765,1.075957,10,2,8,0,0.2,False,0
2026-07-13 15:00:00+08:00,short,F,hold,3913.794,1.075957,10,1,9,0,0.1,False,0
2026-07-14 09:30:00+08:00,short,F,hold,3909.274,1.075957,10,5,5,0,0.5,False,0
2026-07-14 10:00:00+08:00,short,F,hold,3908.758,1.075957,10,5,5,0,0.5,False,0
2026-07-14 10:30:00+08:00,short,F,hold,3911.326,1.075957,10,6,4,0,0.6,False,0
2026-07-14 11:00:00+08:00,short,F,hold,3893.015,1.075957,10,6,4,0,0.6,False,0
2026-07-14 11:30:00+08:00,short,F,hold,3887.923,1.075957,10,6,4,0,0.6,False,0
2026-07-14 13:00:00+08:00,short,L,buy,3891.903,1.075957,10,7,3,0,0.7,True,0
2026-07-14 13:30:00+08:00,short,L,hold,3938.979,1.088971,10,7,3,0,0.7,True,0
2026-07-14 14:00:00+08:00,short,L,hold,3928.476,1.086068,10,7,3,0,0.7,True,0
2026-07-14 14:30:00+08:00,short,L,hold,3945.033,1.090645,10,7,3,0,0.7,True,0
2026-07-14 15:00:00+08:00,short,L,hold,3967.126,1.096753,10,7,3,0,0.7,True,0
2026-07-15 09:30:00+08:00,short,F,sell,3963.727,1.095813,8,3,5,0,0.375,False,0
2026-07-15 10:00:00+08:00,short,F,hold,3974.23,1.095813,8,3,5,0,0.375,False,0
2026-07-15 10:30:00+08:00,short,F,hold,3976.298,1.095813,8,3,5,0,0.375,False,0
2026-07-15 11:00:00+08:00,short,F,hold,3963.387,1.095813,8,3,5,0,0.375,False,0
2026-07-15 11:30:00+08:00,short,F,hold,3963.904,1.095813,8,3,5,0,0.375,False,0
2026-07-15 13:00:00+08:00,short,F,hold,3964.6,1.095813,9,3,6,0,0.3333,False,0
2026-07-15 13:30:00+08:00,short,F,hold,3967.477,1.095813,9,3,6,0,0.3333,False,0
2026-07-15 14:00:00+08:00,short,F,hold,3959.493,1.095813,9,3,6,0,0.3333,False,0
2026-07-15 14:30:00+08:00,short,F,hold,3957.794,1.095813,9,3,6,0,0.3333,False,0
2026-07-15 15:00:00+08:00,short,F,hold,3955.578,1.095813,9,3,6,0,0.3333,False,0
2026-07-16 09:30:00+08:00,short,F,hold,3912.381,1.095813,7,0,7,0,0.0,False,0
2026-07-16 10:00:00+08:00,short,F,hold,3931.08,1.095813,7,0,7,0,0.0,False,0
2026-07-16 10:30:00+08:00,short,F,hold,3934.338,1.095813,8,0,8,0,0.0,False,0
2026-07-16 11:00:00+08:00,short,F,hold,3930.18,1.095813,8,0,8,0,0.0,False,0
2026-07-16 11:30:00+08:00,short,F,hold,3923.203,1.095813,8,0,8,0,0.0,False,0
2026-07-16 13:00:00+08:00,short,F,hold,3923.107,1.095813,9,0,9,0,0.0,False,0
2026-07-16 13:30:00+08:00,short,F,hold,3917.095,1.095813,9,0,9,0,0.0,False,0
2026-07-16 14:00:00+08:00,short,F,hold,3898.031,1.095813,9,0,9,0,0.0,False,0
2026-07-16 14:30:00+08:00,short,F,hold,3885.372,1.095813,9,0,9,0,0.0,False,0
2026-07-16 15:00:00+08:00,short,F,hold,3882.413,1.095813,9,0,9,0,0.0,False,0
2026-07-17 09:30:00+08:00,short,L,buy,3865.316,1.095813,7,5,2,0,0.7143,True,0
2026-07-17 10:00:00+08:00,short,L,hold,3851.141,1.091795,7,5,2,0,0.7143,True,0
2026-07-17 10:30:00+08:00,short,L,hold,3831.598,1.086254,7,5,2,0,0.7143,True,0
2026-07-17 11:00:00+08:00,short,L,hold,3815.684,1.081743,7,5,2,0,0.7143,True,0
2026-07-17 11:30:00+08:00,short,L,hold,3818.594,1.082568,7,5,2,0,0.7143,True,0
2026-07-17 13:00:00+08:00,short,F,sell,3818.067,1.082418,7,4,3,0,0.5714,False,0
2026-07-17 13:30:00+08:00,short,F,hold,3789.315,1.082418,7,4,3,0,0.5714,False,0
2026-07-17 14:00:00+08:00,short,F,hold,3779.596,1.082418,7,4,3,0,0.5714,False,0
2026-07-17 14:30:00+08:00,short,F,hold,3800.897,1.082418,7,4,3,0,0.5714,False,0
2026-07-17 15:00:00+08:00,short,F,hold,3764.155,1.082418,7,4,3,0,0.5714,False,0
2026-07-20 09:30:00+08:00,short,F,hold,3791.662,1.082418,6,3,3,1,0.5,False,0
2026-07-20 10:00:00+08:00,short,F,hold,3824.155,1.082418,6,3,3,1,0.5,False,0
2026-07-20 10:30:00+08:00,short,F,hold,3788.99,1.082418,6,3,3,1,0.5,False,0
2026-07-20 11:00:00+08:00,short,F,hold,3823.317,1.082418,6,3,3,1,0.5,False,0
2026-07-20 11:30:00+08:00,short,F,hold,3808.389,1.082418,6,3,3,1,0.5,False,0
2026-07-20 13:00:00+08:00,short,F,hold,3808.809,1.082418,7,3,4,1,0.4286,False,0
2026-07-20 13:30:00+08:00,short,F,hold,3785.404,1.082418,7,3,4,1,0.4286,False,0
2026-07-20 14:00:00+08:00,short,F,hold,3751.25,1.082418,7,3,4,1,0.4286,False,0
2026-07-20 14:30:00+08:00,short,F,hold,3755.498,1.082418,7,3,4,1,0.4286,False,0
2026-07-20 15:00:00+08:00,short,F,hold,3796.281,1.082418,7,3,4,1,0.4286,False,0
2026-07-21 09:30:00+08:00,short,L,buy,3812.162,1.082418,7,5,2,0,0.7143,True,0
2026-07-21 10:00:00+08:00,short,L,hold,3763.151,1.068502,7,5,2,0,0.7143,True,0
2026-07-21 10:30:00+08:00,short,L,hold,3774.835,1.07182,7,5,2,0,0.7143,True,0
2026-07-21 11:00:00+08:00,short,L,hold,3799.162,1.078727,7,5,2,0,0.7143,True,0
2026-07-21 11:30:00+08:00,short,L,hold,3819.655,1.084546,7,5,2,0,0.7143,True,0
2026-07-21 13:00:00+08:00,short,L,hold,3820.341,1.08474,8,6,2,0,0.75,True,0
2026-07-21 13:30:00+08:00,short,L,hold,3829.846,1.087439,8,6,2,0,0.75,True,0
2026-07-21 14:00:00+08:00,short,L,hold,3835.685,1.089097,8,6,2,0,0.75,True,0
2026-07-21 14:30:00+08:00,short,L,hold,3846.518,1.092173,8,6,2,0,0.75,True,0
2026-07-21 15:00:00+08:00,short,F,sell,3864.367,1.097241,8,5,3,0,0.625,False,0
2026-07-22 09:30:00+08:00,short,F,hold,3839.665,1.097241,10,5,5,1,0.5,False,0
2026-07-22 10:00:00+08:00,short,F,hold,3877.351,1.097241,10,5,5,1,0.5,False,0
2026-07-22 10:30:00+08:00,short,F,hold,3880.133,1.097241,10,5,5,1,0.5,False,0
2026-07-22 11:00:00+08:00,short,F,hold,3876.43,1.097241,10,5,5,1,0.5,False,0
2026-07-22 11:30:00+08:00,short,F,hold,3883.584,1.097241,10,5,5,1,0.5,False,0
2026-07-22 13:00:00+08:00,short,F,hold,3883.238,1.097241,12,6,6,1,0.5,False,0
2026-07-22 13:30:00+08:00,short,F,hold,3867.559,1.097241,12,6,6,1,0.5,False,0
2026-07-22 14:00:00+08:00,short,F,hold,3860.381,1.097241,12,6,6,1,0.5,False,0
2026-07-22 14:30:00+08:00,short,F,hold,3855.858,1.097241,12,6,6,1,0.5,False,0
2026-07-22 15:00:00+08:00,short,F,hold,3867.034,1.097241,12,6,6,1,0.5,False,0
2026-07-23 09:30:00+08:00,short,F,hold,3868.087,1.097241,7,4,3,0,0.5714,False,0
2026-07-23 10:00:00+08:00,short,F,hold,3870.228,1.097241,7,4,3,0,0.5714,False,0
2026-07-23 10:30:00+08:00,short,F,hold,3861.218,1.097241,7,4,3,0,0.5714,False,0
2026-07-23 11:00:00+08:00,short,F,hold,3864.581,1.097241,7,4,3,0,0.5714,False,0
2026-07-23 11:30:00+08:00,short,F,hold,3859.688,1.097241,7,4,3,0,0.5714,False,0
2026-07-23 13:00:00+08:00,short,F,hold,3860.528,1.097241,9,5,4,0,0.5556,False,0
2026-07-23 13:30:00+08:00,short,F,hold,3870.729,1.097241,9,5,4,0,0.5556,False,0
2026-07-23 14:00:00+08:00,short,F,hold,3868.627,1.097241,9,5,4,0,0.5556,False,0
2026-07-23 14:30:00+08:00,short,F,hold,3872.109,1.097241,9,5,4,0,0.5556,False,0
2026-07-23 15:00:00+08:00,short,F,hold,3876.777,1.097241,9,5,4,0,0.5556,False,0
2026-07-24 09:30:00+08:00,short,F,hold,3853.632,1.097241,7,1,6,0,0.1429,False,0
2026-07-24 10:00:00+08:00,short,F,hold,3854.306,1.097241,7,1,6,0,0.1429,False,0
2026-07-24 10:30:00+08:00,short,F,hold,3842.682,1.097241,7,1,6,0,0.1429,False,0
2026-07-24 11:00:00+08:00,short,F,hold,3835.049,1.097241,7,1,6,0,0.1429,False,0
2026-07-24 11:30:00+08:00,short,F,hold,3830.194,1.097241,7,1,6,0,0.1429,False,0
2026-07-24 13:00:00+08:00,short,F,hold,3830.73,1.097241,8,1,7,0,0.125,False,0
2026-07-24 13:30:00+08:00,short,F,hold,3840.534,1.097241,8,2,6,0,0.25,False,0
2026-07-24 14:00:00+08:00,short,F,hold,3822.525,1.097241,8,2,6,0,0.25,False,0
2026-07-24 14:30:00+08:00,short,F,hold,3827.99,1.097241,8,2,6,0,0.25,False,0
2026-07-24 15:00:00+08:00,short,F,hold,3814.198,1.097241,8,2,6,0,0.25,False,0
2026-07-27 09:30:00+08:00,short,F,hold,3808.903,1.097241,5,1,4,0,0.2,False,0
2026-07-27 10:00:00+08:00,short,F,hold,3834.236,1.097241,5,1,4,0,0.2,False,0
2026-07-27 10:30:00+08:00,short,F,hold,3837.149,1.097241,5,1,4,0,0.2,False,0
2026-07-27 11:00:00+08:00,short,F,hold,3822.721,1.097241,5,1,4,0,0.2,False,0
2026-07-27 11:30:00+08:00,short,F,hold,3829.385,1.097241,5,1,4,0,0.2,False,0
2026-07-27 13:00:00+08:00,short,F,hold,3830.047,1.097241,5,1,4,0,0.2,False,0
2026-07-27 13:30:00+08:00,short,F,hold,3822.874,1.097241,5,1,4,0,0.2,False,0
2026-07-27 14:00:00+08:00,short,F,hold,3827.982,1.097241,5,1,4,0,0.2,False,0
2026-07-27 14:30:00+08:00,short,F,hold,3840.868,1.097241,5,1,4,0,0.2,False,0
2026-07-27 15:00:00+08:00,short,F,hold,3858.245,1.097241,5,1,4,0,0.2,False,0
2026-07-28 09:30:00+08:00,short,F,hold,3823.133,1.097241,8,5,3,0,0.625,False,0
2026-07-28 10:00:00+08:00,short,F,hold,3838.113,1.097241,8,5,3,0,0.625,False,0
2026-07-28 10:30:00+08:00,short,F,hold,3817.969,1.097241,8,5,3,0,0.625,False,0
2026-07-28 11:00:00+08:00,short,F,hold,3807.154,1.097241,8,5,3,0,0.625,False,0
2026-07-28 11:30:00+08:00,short,F,hold,3820.524,1.097241,8,5,3,0,0.625,False,0
2026-07-28 13:00:00+08:00,short,F,hold,3820.442,1.097241,8,4,4,0,0.5,False,0
2026-07-28 13:30:00+08:00,short,F,hold,3808.233,1.097241,8,4,4,0,0.5,False,0
2026-07-28 14:00:00+08:00,short,F,hold,3808.04,1.097241,8,4,4,0,0.5,False,0
2026-07-28 14:30:00+08:00,short,F,hold,3808.641,1.097241,8,4,4,0,0.5,False,0
2026-07-28 15:00:00+08:00,short,F,hold,3813.315,1.097241,8,5,3,0,0.625,False,0
2026-07-29 09:30:00+08:00,short,F,hold,3823.293,1.097241,6,3,3,0,0.5,False,0
2026-07-29 10:00:00+08:00,short,F,hold,3791.462,1.097241,6,3,3,0,0.5,False,0
2026-07-29 10:30:00+08:00,short,F,hold,3810.375,1.097241,6,3,3,0,0.5,False,0
2026-07-29 11:00:00+08:00,short,F,hold,3791.443,1.097241,6,3,3,0,0.5,False,0
2026-07-29 11:30:00+08:00,short,F,hold,3793.181,1.097241,6,3,3,0,0.5,False,0
2026-07-29 13:00:00+08:00,short,F,hold,3792.04,1.097241,6,3,3,0,0.5,False,0
2026-07-29 13:30:00+08:00,short,F,hold,3828.436,1.097241,6,3,3,0,0.5,False,0
2026-07-29 14:00:00+08:00,short,F,hold,3827.409,1.097241,7,4,3,0,0.5714,False,0
2026-07-29 14:30:00+08:00,short,F,hold,3824.507,1.097241,7,4,3,0,0.5714,False,0
2026-07-29 15:00:00+08:00,short,F,hold,3828.469,1.097241,7,4,3,0,0.5714,False,0
2026-07-30 09:30:00+08:00,short,F,hold,3812.111,1.097241,7,4,3,0,0.5714,False,0
2026-07-30 10:00:00+08:00,short,F,hold,3831.826,1.097241,7,4,3,0,0.5714,False,0
2026-07-30 10:30:00+08:00,short,F,hold,3813.322,1.097241,7,4,3,0,0.5714,False,0
2026-07-30 11:00:00+08:00,short,F,hold,3793.747,1.097241,7,4,3,0,0.5714,False,0
2026-07-30 11:30:00+08:00,short,F,hold,3784.552,1.097241,7,4,3,0,0.5714,False,0
2026-07-30 13:00:00+08:00,short,F,hold,3783.957,1.097241,8,4,4,0,0.5,False,0
2026-07-30 13:30:00+08:00,short,F,hold,3804.824,1.097241,8,4,4,0,0.5,False,0
2026-07-30 14:00:00+08:00,short,F,hold,3804.611,1.097241,8,4,4,0,0.5,False,0
2026-07-30 14:30:00+08:00,short,F,hold,3819.704,1.097241,8,4,4,0,0.5,False,0
2026-07-30 15:00:00+08:00,short,F,hold,3804.693,1.097241,9,5,4,0,0.5556,False,0
2026-07-31 09:30:00+08:00,short,L,buy,3833.536,1.097241,8,8,0,0,1.0,True,0
2026-07-31 10:00:00+08:00,short,L,hold,3845.61,1.100697,8,7,1,0,0.875,True,0
2026-07-31 10:30:00+08:00,short,L,hold,3833.277,1.097167,8,7,1,0,0.875,True,0
2026-07-31 11:00:00+08:00,short,L,hold,3834.26,1.097448,8,7,1,0,0.875,True,0
2026-07-31 11:30:00+08:00,short,L,hold,3833.654,1.097275,8,7,1,0,0.875,True,0
2026-07-31 13:00:00+08:00,short,L,hold,3834.871,1.097623,9,8,1,0,0.8889,True,0
2026-07-31 13:30:00+08:00,short,L,hold,3838.779,1.098742,9,8,1,0,0.8889,True,0
2026-07-31 14:00:00+08:00,short,L,hold,3839.779,1.099028,9,8,1,0,0.8889,True,0
2026-07-31 14:30:00+08:00,short,L,hold,3845.459,1.100654,9,8,1,0,0.8889,True,0
2026-07-31 15:00:00+08:00,short,L,hold,3832.262,1.096876,9,8,1,0,0.8889,True,0
2026-08-03 09:30:00+08:00,short,F,sell,3812.613,1.091253,4,1,3,0,0.25,False,0
2026-08-03 10:00:00+08:00,short,F,hold,3815.578,1.091253,4,1,3,0,0.25,False,0
2026-08-03 10:30:00+08:00,short,F,hold,3802.153,1.091253,4,1,3,0,0.25,False,0
2026-08-03 11:00:00+08:00,short,F,hold,3812.486,1.091253,4,1,3,0,0.25,False,0
2026-08-03 11:30:00+08:00,short,F,hold,3809.645,1.091253,4,1,3,0,0.25,False,0
2026-08-03 13:00:00+08:00,short,F,hold,3810.283,1.091253,5,2,3,0,0.4,False,0
2026-08-03 13:30:00+08:00,short,F,hold,3803.335,1.091253,5,2,3,0,0.4,False,0
2026-08-03 14:00:00+08:00,short,F,hold,3801.498,1.091253,5,2,3,0,0.4,False,0
2026-08-03 14:30:00+08:00,short,F,hold,3810.457,1.091253,5,2,3,0,0.4,False,0
2026-08-03 15:00:00+08:00,short,F,hold,3809.663,1.091253,5,2,3,0,0.4,False,0
2026-08-04 09:30:00+08:00,short,L,buy,3816.37,1.091253,7,5,2,0,0.7143,True,0
2026-08-04 10:00:00+08:00,short,L,hold,3801.527,1.087008,7,5,2,0,0.7143,True,0
2026-08-04 10:30:00+08:00,short,L,hold,3803.012,1.087433,8,6,2,0,0.75,True,0
2026-08-04 11:00:00+08:00,short,L,hold,3805.776,1.088223,8,6,2,0,0.75,True,0
2026-08-04 11:30:00+08:00,short,L,hold,3815.589,1.091029,8,6,2,0,0.75,True,0
2026-08-04 13:00:00+08:00,short,L,hold,3815.928,1.091126,10,8,2,0,0.8,True,0
2026-08-04 13:30:00+08:00,short,L,hold,3821.208,1.092636,10,8,2,0,0.8,True,0
2026-08-04 14:00:00+08:00,short,L,hold,3829.946,1.095134,10,8,2,0,0.8,True,0
2026-08-04 14:30:00+08:00,short,L,hold,3824.887,1.093688,10,8,2,0,0.8,True,0
2026-08-04 15:00:00+08:00,short,L,hold,3822.285,1.092944,10,7,3,0,0.7,True,0
2026-08-05 09:30:00+08:00,short,F,sell,3815.122,1.090896,7,4,3,0,0.5714,False,0
2026-08-05 10:00:00+08:00,short,F,hold,3838.289,1.090896,7,4,3,0,0.5714,False,0
2026-08-05 10:30:00+08:00,short,L,buy,3851.116,1.090896,7,5,2,0,0.7143,True,0
2026-08-05 11:00:00+08:00,short,L,hold,3858.125,1.092881,7,5,2,0,0.7143,True,0
2026-08-05 11:30:00+08:00,short,L,hold,3873.559,1.097253,7,5,2,0,0.7143,True,0
2026-08-05 13:00:00+08:00,short,F,sell,3874.279,1.097457,7,4,3,0,0.5714,False,0
2026-08-05 13:30:00+08:00,short,F,hold,3877.515,1.097457,7,4,3,0,0.5714,False,0
2026-08-05 14:00:00+08:00,short,F,hold,3881.859,1.097457,7,4,3,0,0.5714,False,0
2026-08-05 14:30:00+08:00,short,F,hold,3871.209,1.097457,7,3,4,0,0.4286,False,0
2026-08-05 15:00:00+08:00,short,F,hold,3878.43,1.097457,7,1,6,0,0.1429,False,0
2026-08-06 09:30:00+08:00,short,F,hold,3864.273,1.097457,8,4,4,0,0.5,False,0
2026-08-06 10:00:00+08:00,short,F,hold,3886.454,1.097457,8,4,4,0,0.5,False,0
2026-08-06 10:30:00+08:00,short,F,hold,3893.77,1.097457,8,3,5,0,0.375,False,0
2026-08-06 11:00:00+08:00,short,F,hold,3887.868,1.097457,8,3,5,0,0.375,False,0
2026-08-06 11:30:00+08:00,short,F,hold,3878.92,1.097457,8,3,5,0,0.375,False,0
2026-08-06 13:00:00+08:00,short,F,hold,3879.266,1.097457,8,3,5,0,0.375,False,0
2026-08-06 13:30:00+08:00,short,F,hold,3873.293,1.097457,8,3,5,0,0.375,False,0
2026-08-06 14:00:00+08:00,short,F,hold,3887.55,1.097457,8,3,5,0,0.375,False,0
2026-08-06 14:30:00+08:00,short,F,hold,3895.12,1.097457,8,3,5,0,0.375,False,0
2026-08-06 15:00:00+08:00,short,F,hold,3900.352,1.097457,8,3,5,0,0.375,False,0
2026-08-07 09:30:00+08:00,short,L,buy,3896.485,1.097457,5,4,1,0,0.8,True,0
2026-08-07 10:00:00+08:00,short,L,hold,3900.724,1.098651,5,4,1,0,0.8,True,0
2026-08-07 10:30:00+08:00,short,L,hold,3911.844,1.101783,5,4,1,0,0.8,True,0
2026-08-07 11:00:00+08:00,short,L,hold,3912.393,1.101938,5,4,1,0,0.8,True,0
2026-08-07 11:30:00+08:00,short,L,hold,3919.51,1.103942,5,4,1,0,0.8,True,0
2026-08-07 13:00:00+08:00,short,L,hold,3920.147,1.104121,5,4,1,0,0.8,True,0
2026-08-07 13:30:00+08:00,short,L,hold,3927.49,1.10619,5,4,1,0,0.8,True,0
2026-08-07 14:00:00+08:00,short,L,hold,3928.541,1.106486,5,4,1,0,0.8,True,0
2026-08-07 14:30:00+08:00,short,L,hold,3927.492,1.10619,5,4,1,0,0.8,True,0
2026-08-07 15:00:00+08:00,short,L,hold,3940.037,1.109724,5,4,1,0,0.8,True,0
2026-08-10 09:30:00+08:00,short,F,sell,3943.816,1.110788,3,2,1,0,0.6667,False,0
2026-08-10 10:00:00+08:00,short,F,hold,3962.935,1.110788,3,2,1,0,0.6667,False,0
2026-08-10 10:30:00+08:00,short,F,hold,3956.346,1.110788,3,2,1,0,0.6667,False,0
2026-08-10 11:00:00+08:00,short,F,hold,3950.647,1.110788,3,2,1,0,0.6667,False,0
2026-08-10 11:30:00+08:00,short,F,hold,3947.908,1.110788,3,2,1,0,0.6667,False,0
2026-08-10 13:00:00+08:00,short,F,hold,3947.743,1.110788,4,2,2,0,0.5,False,0
2026-08-10 13:30:00+08:00,short,F,hold,3941.26,1.110788,4,2,2,0,0.5,False,0
2026-08-10 14:00:00+08:00,short,F,hold,3946.803,1.110788,4,2,2,0,0.5,False,0
2026-08-10 14:30:00+08:00,short,F,hold,3961.006,1.110788,4,2,2,0,0.5,False,0
2026-08-10 15:00:00+08:00,short,F,hold,3966.593,1.110788,4,2,2,0,0.5,False,0
2026-08-11 09:30:00+08:00,short,F,hold,3950.708,1.110788,7,3,4,0,0.4286,False,0
2026-08-11 10:00:00+08:00,short,F,hold,3954.554,1.110788,7,3,4,0,0.4286,False,0
2026-08-11 10:30:00+08:00,short,F,hold,3955.79,1.110788,7,3,4,0,0.4286,False,0
2026-08-11 11:00:00+08:00,short,F,hold,3964.124,1.110788,7,3,4,0,0.4286,False,0
2026-08-11 11:30:00+08:00,short,F,hold,3964.79,1.110788,7,3,4,0,0.4286,False,0
2026-08-11 13:00:00+08:00,short,F,hold,3964.896,1.110788,7,3,4,0,0.4286,False,0
2026-08-11 13:30:00+08:00,short,F,hold,3952.68,1.110788,7,3,4,0,0.4286,False,0
2026-08-11 14:00:00+08:00,short,F,hold,3953.502,1.110788,7,3,4,0,0.4286,False,0
2026-08-11 14:30:00+08:00,short,F,hold,3939.267,1.110788,7,3,4,0,0.4286,False,0
2026-08-11 15:00:00+08:00,short,F,hold,3934.093,1.110788,7,3,4,0,0.4286,False,0
2026-08-12 09:30:00+08:00,short,F,hold,3933.553,1.110788,8,2,6,0,0.25,False,0
2026-08-12 10:00:00+08:00,short,F,hold,3939.005,1.110788,8,2,6,0,0.25,False,0
2026-08-12 10:30:00+08:00,short,F,hold,3936.653,1.110788,8,2,6,0,0.25,False,0
2026-08-12 11:00:00+08:00,short,F,hold,3941.279,1.110788,8,2,6,0,0.25,False,0
2026-08-12 11:30:00+08:00,short,F,hold,3946.511,1.110788,8,2,6,0,0.25,False,0
2026-08-12 13:00:00+08:00,short,F,hold,3947.052,1.110788,8,2,6,0,0.25,False,0
2026-08-12 13:30:00+08:00,short,F,hold,3937.128,1.110788,8,2,6,0,0.25,False,0
2026-08-12 14:00:00+08:00,short,F,hold,3945.445,1.110788,9,2,7,0,0.2222,False,0
2026-08-12 14:30:00+08:00,short,F,hold,3945.004,1.110788,9,2,7,0,0.2222,False,0
2026-08-12 15:00:00+08:00,short,F,hold,3946.675,1.110788,10,3,7,0,0.3,False,0
2026-08-13 09:30:00+08:00,short,F,hold,3957.161,1.110788,8,3,5,0,0.375,False,0
2026-08-13 10:00:00+08:00,short,F,hold,3963.556,1.110788,8,3,5,0,0.375,False,0
2026-08-13 10:30:00+08:00,short,F,hold,3960.637,1.110788,8,3,5,0,0.375,False,0
2026-08-13 11:00:00+08:00,short,F,hold,3962.166,1.110788,8,3,5,0,0.375,False,0
2026-08-13 11:30:00+08:00,short,F,hold,3963.152,1.110788,8,3,5,0,0.375,False,0
2026-08-13 13:00:00+08:00,short,F,hold,3963.742,1.110788,8,3,5,0,0.375,False,0
2026-08-13 13:30:00+08:00,short,F,hold,3966.619,1.110788,8,3,5,0,0.375,False,0
2026-08-13 14:00:00+08:00,short,F,hold,3955.097,1.110788,8,3,5,0,0.375,False,0
2026-08-13 14:30:00+08:00,short,F,hold,3950.576,1.110788,8,3,5,0,0.375,False,0
2026-08-13 15:00:00+08:00,short,F,hold,3926.965,1.110788,8,3,5,0,0.375,False,0
2026-08-14 09:30:00+08:00,short,F,hold,3930.021,1.110788,11,3,8,0,0.2727,False,0
2026-08-14 10:00:00+08:00,short,F,hold,3931.289,1.110788,11,3,8,0,0.2727,False,0
2026-08-14 10:30:00+08:00,short,F,hold,3917.296,1.110788,11,3,8,0,0.2727,False,0
2026-08-14 11:00:00+08:00,short,F,hold,3910.849,1.110788,11,3,8,0,0.2727,False,0
2026-08-14 11:30:00+08:00,short,F,hold,3918.654,1.110788,11,3,8,0,0.2727,False,0
2026-08-14 13:00:00+08:00,short,F,hold,3919.101,1.110788,11,1,10,0,0.0909,False,0
2026-08-14 13:30:00+08:00,short,F,hold,3915.372,1.110788,11,1,10,0,0.0909,False,0
2026-08-14 14:00:00+08:00,short,F,hold,3926.584,1.110788,11,1,10,0,0.0909,False,0
2026-08-14 14:30:00+08:00,short,F,hold,3929.873,1.110788,11,1,10,0,0.0909,False,0
2026-08-14 15:00:00+08:00,short,F,hold,3927.176,1.110788,11,1,10,0,0.0909,False,0
2026-08-17 09:30:00+08:00,short,F,hold,3930.104,1.110788,4,1,3,1,0.25,False,0
2026-08-17 10:00:00+08:00,short,F,hold,3938.943,1.110788,5,1,4,1,0.2,False,0
2026-08-17 10:30:00+08:00,short,F,hold,3940.647,1.110788,5,1,4,1,0.2,False,0
2026-08-17 11:00:00+08:00,short,F,hold,3952.862,1.110788,5,1,4,1,0.2,False,0
2026-08-17 11:30:00+08:00,short,F,hold,3960.188,1.110788,5,1,4,1,0.2,False,0
2026-08-17 13:00:00+08:00,short,F,hold,3960.621,1.110788,5,2,3,1,0.4,False,0
2026-08-17 13:30:00+08:00,short,F,hold,3960.751,1.110788,5,2,3,1,0.4,False,0
2026-08-17 14:00:00+08:00,short,F,hold,3972.002,1.110788,5,2,3,1,0.4,False,0
2026-08-17 14:30:00+08:00,short,F,hold,3973.727,1.110788,5,2,3,1,0.4,False,0
2026-08-17 15:00:00+08:00,short,F,hold,3982.653,1.110788,5,2,3,1,0.4,False,0
2026-08-18 09:30:00+08:00,short,F,hold,3979.49,1.110788,8,3,5,1,0.375,False,0
2026-08-18 10:00:00+08:00,short,F,hold,3979.496,1.110788,8,3,5,1,0.375,False,0
2026-08-18 10:30:00+08:00,short,F,hold,3973.465,1.110788,8,3,5,1,0.375,False,0
2026-08-18 11:00:00+08:00,short,F,hold,3961.481,1.110788,8,3,5,1,0.375,False,0
2026-08-18 11:30:00+08:00,short,F,hold,3966.992,1.110788,9,4,5,1,0.4444,False,0
2026-08-18 13:00:00+08:00,short,F,hold,3967.17,1.110788,10,5,5,0,0.5,False,0
2026-08-18 13:30:00+08:00,short,F,hold,3968.348,1.110788,10,5,5,0,0.5,False,0
2026-08-18 14:00:00+08:00,short,F,hold,3976.083,1.110788,10,4,6,0,0.4,False,0
2026-08-18 14:30:00+08:00,short,F,hold,3988.161,1.110788,10,4,6,0,0.4,False,0
2026-08-18 15:00:00+08:00,short,F,hold,3990.304,1.110788,10,4,6,0,0.4,False,0
2026-08-19 09:30:00+08:00,short,F,hold,3952.122,1.110788,8,3,5,0,0.375,False,0
2026-08-19 10:00:00+08:00,short,F,hold,3942.049,1.110788,8,3,5,0,0.375,False,0
2026-08-19 10:30:00+08:00,short,F,hold,3923.579,1.110788,8,3,5,0,0.375,False,0
2026-08-19 11:00:00+08:00,short,F,hold,3923.139,1.110788,8,3,5,0,0.375,False,0
2026-08-19 11:30:00+08:00,short,F,hold,3912.171,1.110788,8,3,5,0,0.375,False,0
2026-08-19 13:00:00+08:00,short,F,hold,3912.299,1.110788,8,3,5,0,0.375,False,0
2026-08-19 13:30:00+08:00,short,F,hold,3907.654,1.110788,8,3,5,0,0.375,False,0
2026-08-19 14:00:00+08:00,short,F,hold,3897.017,1.110788,8,3,5,0,0.375,False,0
2026-08-19 14:30:00+08:00,short,F,hold,3892.832,1.110788,8,3,5,0,0.375,False,0
2026-08-19 15:00:00+08:00,short,F,hold,3894.422,1.110788,8,3,5,0,0.375,False,0
2026-08-20 09:30:00+08:00,short,F,hold,3907.206,1.110788,9,5,4,0,0.5556,False,0
2026-08-20 10:00:00+08:00,short,F,hold,3921.903,1.110788,9,5,4,0,0.5556,False,0
2026-08-20 10:30:00+08:00,short,F,hold,3907.243,1.110788,9,5,4,0,0.5556,False,0
2026-08-20 11:00:00+08:00,short,F,hold,3905.653,1.110788,9,5,4,0,0.5556,False,0
2026-08-20 11:30:00+08:00,short,F,hold,3905.226,1.110788,9,5,4,0,0.5556,False,0
2026-08-20 13:00:00+08:00,short,F,hold,3905.755,1.110788,10,6,4,0,0.6,False,0
2026-08-20 13:30:00+08:00,short,F,hold,3902.298,1.110788,10,6,4,0,0.6,False,0
2026-08-20 14:00:00+08:00,short,F,hold,3892.774,1.110788,10,6,4,0,0.6,False,0
2026-08-20 14:30:00+08:00,short,F,hold,3896.437,1.110788,10,6,4,0,0.6,False,0
2026-08-20 15:00:00+08:00,short,F,hold,3903.721,1.110788,10,6,4,0,0.6,False,0
2026-08-21 09:30:00+08:00,short,F,hold,3891.175,1.110788,5,3,2,2,0.6,False,0
2026-08-21 10:00:00+08:00,short,F,hold,3907.866,1.110788,5,3,2,2,0.6,False,0
2026-08-21 10:30:00+08:00,short,F,hold,3905.409,1.110788,5,3,2,2,0.6,False,0
2026-08-21 11:00:00+08:00,short,F,hold,3908.682,1.110788,5,3,2,2,0.6,False,0
2026-08-21 11:30:00+08:00,short,F,hold,3903.805,1.110788,5,3,2,2,0.6,False,0
2026-08-21 13:00:00+08:00,short,L,buy,3904.429,1.110788,8,6,2,1,0.75,True,0
2026-08-21 13:30:00+08:00,short,L,hold,3900.016,1.109532,8,6,2,1,0.75,True,0
2026-08-21 14:00:00+08:00,short,L,hold,3897.872,1.108922,8,6,2,1,0.75,True,0
2026-08-21 14:30:00+08:00,short,L,hold,3908.926,1.112067,8,6,2,1,0.75,True,0
2026-08-21 15:00:00+08:00,short,L,hold,3905.203,1.111008,8,6,2,1,0.75,True,0
2026-08-24 09:30:00+08:00,short,F,sell,3902.696,1.110295,7,3,4,0,0.4286,False,0
2026-08-24 10:00:00+08:00,short,F,hold,3885.741,1.110295,7,3,4,0,0.4286,False,0
2026-08-24 10:30:00+08:00,short,F,hold,3892.417,1.110295,7,3,4,0,0.4286,False,0
2026-08-24 11:00:00+08:00,short,F,hold,3873.0,1.110295,7,3,4,0,0.4286,False,0
2026-08-24 11:30:00+08:00,short,F,hold,3877.303,1.110295,7,3,4,0,0.4286,False,0
2026-08-24 13:00:00+08:00,short,F,hold,3877.194,1.110295,8,4,4,0,0.5,False,0
2026-08-24 13:30:00+08:00,short,F,hold,3867.941,1.110295,8,4,4,0,0.5,False,0
2026-08-24 14:00:00+08:00,short,F,hold,3858.817,1.110295,8,4,4,0,0.5,False,0
2026-08-24 14:30:00+08:00,short,F,hold,3871.991,1.110295,8,4,4,0,0.5,False,0
2026-08-24 15:00:00+08:00,short,F,hold,3882.008,1.110295,8,4,4,0,0.5,False,0
2026-08-25 09:30:00+08:00,short,F,hold,3863.369,1.110295,7,4,3,0,0.5714,False,0
2026-08-25 10:00:00+08:00,short,F,hold,3868.965,1.110295,7,4,3,0,0.5714,False,0
2026-08-25 10:30:00+08:00,short,F,hold,3876.437,1.110295,7,4,3,0,0.5714,False,0
2026-08-25 11:00:00+08:00,short,F,hold,3866.054,1.110295,8,4,4,0,0.5,False,0
2026-08-25 11:30:00+08:00,short,F,hold,3876.379,1.110295,8,4,4,0,0.5,False,0
2026-08-25 13:00:00+08:00,short,F,hold,3876.684,1.110295,8,4,4,0,0.5,False,0
2026-08-25 13:30:00+08:00,short,F,hold,3890.826,1.110295,8,4,4,0,0.5,False,0
2026-08-25 14:00:00+08:00,short,F,hold,3886.04,1.110295,8,4,4,0,0.5,False,0
2026-08-25 14:30:00+08:00,short,F,hold,3889.669,1.110295,8,4,4,0,0.5,False,0
2026-08-25 15:00:00+08:00,short,F,hold,3889.445,1.110295,8,4,4,0,0.5,False,0
2026-08-26 09:30:00+08:00,short,L,buy,3881.741,1.110295,8,6,2,0,0.75,True,0
2026-08-26 10:00:00+08:00,short,L,hold,3898.912,1.115206,8,6,2,0,0.75,True,0
2026-08-26 10:30:00+08:00,short,L,hold,3909.061,1.118109,8,6,2,0,0.75,True,0
2026-08-26 11:00:00+08:00,short,L,hold,3918.641,1.120849,8,6,2,0,0.75,True,0
2026-08-26 11:30:00+08:00,short,L,hold,3916.831,1.120332,8,6,2,0,0.75,True,0
2026-08-26 13:00:00+08:00,short,F,sell,3917.729,1.120589,8,5,3,0,0.625,False,0
2026-08-26 13:30:00+08:00,short,F,hold,3913.486,1.120589,8,5,3,0,0.625,False,0
2026-08-26 14:00:00+08:00,short,F,hold,3913.689,1.120589,8,5,3,0,0.625,False,0
2026-08-26 14:30:00+08:00,short,F,hold,3915.046,1.120589,8,5,3,0,0.625,False,0
2026-08-26 15:00:00+08:00,short,F,hold,3912.523,1.120589,8,5,3,0,0.625,False,0
2026-08-27 09:30:00+08:00,short,F,hold,3911.891,1.120589,6,2,4,0,0.3333,False,0
2026-08-27 10:00:00+08:00,short,F,hold,3912.887,1.120589,6,2,4,0,0.3333,False,0
2026-08-27 10:30:00+08:00,short,F,hold,3916.846,1.120589,6,2,4,0,0.3333,False,0
2026-08-27 11:00:00+08:00,short,F,hold,3928.105,1.120589,7,3,4,0,0.4286,False,0
2026-08-27 11:30:00+08:00,short,F,hold,3935.985,1.120589,7,3,4,0,0.4286,False,0
2026-08-27 13:00:00+08:00,short,F,hold,3936.208,1.120589,7,3,4,0,0.4286,False,0
2026-08-27 13:30:00+08:00,short,F,hold,3942.752,1.120589,7,3,4,0,0.4286,False,0
2026-08-27 14:00:00+08:00,short,F,hold,3945.286,1.120589,7,3,4,0,0.4286,False,0
2026-08-27 14:30:00+08:00,short,F,hold,3949.015,1.120589,7,3,4,0,0.4286,False,0
2026-08-27 15:00:00+08:00,short,F,hold,3956.571,1.120589,8,4,4,0,0.5,False,0
