time,open,high,low,close,volume,amount
2026-06-26 09:35,8771.6,8773.21,8734.52,8746.76,36243725.0,85390716416.0
2026-06-26 09:40,8745.8,8780.77,8742.68,8768.33,20921573.0,47916259072.0
2026-06-26 09:45,8771.36,8797.28,8758.94,8792.98,17590332.0,39599557376.0
2026-06-26 09:50,8792.46,8792.46,8740.16,8740.16,13904936.0,32530625024.0
2026-06-26 09:55,8741.04,8749.97,8690.84,8716.56,12960977.0,31827900160.0
2026-06-26 10:00,8715.98,8729.47,8708.52,8724.79,10845323.0,23305142928.0
2026-06-26 10:05,8725.56,8753.66,8719.93,8750.66,10307609.0,22316364880.0
2026-06-26 10:10,8749.39,8757.51,8742.57,8742.96,8957690.0,20596807600.0
2026-06-26 10:15,8742.41,8750.04,8730.76,8737.42,8271471.0,17779433056.0
2026-06-26 10:20,8737.43,8759.39,8732.5,8748.66,7482234.0,16299505792.0
2026-06-26 10:25,8749.2,8767.05,8748.64,8751.34,7066223.0,16469814576.0
2026-06-26 10:30,8751.41,8751.41,8713.09,8713.09,5797278.0,14690239488.0
2026-06-26 10:35,8713.28,8714.24,8696.29,8701.39,5830810.0,15011387600.0
2026-06-26 10:40,8702.36,8711.92,8682.93,8692.68,5561605.0,13924721312.0
2026-06-26 10:45,8692.42,8692.42,8675.65,8682.45,4722803.0,11692462608.0
2026-06-26 10:50,8682.72,8682.72,8642.68,8643.44,5240044.0,12399961296.0
2026-06-26 10:55,8643.47,8643.47,8608.72,8608.72,6789130.0,16255427040.0
2026-06-26 11:00,8610.17,8613.14,8571.45,8612.97,8090310.0,20206133232.0
2026-06-26 11:05,8611.01,8628.27,8607.0,8622.06,5394327.0,13006557408.0
2026-06-26 11:10,8622.93,8627.49,8605.45,8608.92,4510938.0,10571741376.0
2026-06-26 11:15,8608.94,8612.26,8568.73,8580.08,5046445.0,11748370768.0
2026-06-26 11:20,8580.21,8619.6,8576.03,8617.44,3401294.0,8321061120.0
2026-06-26 11:25,8617.73,8623.88,8565.78,8568.46,4056198.0,9260792624.0
2026-06-26 11:30,8567.34,8610.92,8563.7,8609.54,3039031.0,7467935312.0
2026-06-26 13:05,8610.5,8622.79,8585.32,8614.49,5778605.0,13377797136.0
2026-06-26 13:10,8614.64,8619.54,8599.8,8616.8,3896050.0,9557321376.0
2026-06-26 13:15,8617.19,8631.54,8617.19,8628.85,3583025.0,8756092864.0
2026-06-26 13:20,8628.63,8643.34,8622.0,8632.45,4042809.0,9680440928.0
2026-06-26 13:25,8633.12,8667.46,8633.12,8657.57,3477220.0,9602520608.0
2026-06-26 13:30,8656.37,8675.21,8639.98,8640.3,3564711.0,9482250256.0
2026-06-26 13:35,8641.52,8671.38,8641.52,8670.03,3295844.0,8372900208.0
2026-06-26 13:40,8669.84,8682.61,8660.91,8672.49,3431387.0,8966328480.0
2026-06-26 13:45,8673.02,8698.13,8669.32,8695.29,3406815.0,9059528592.0
2026-06-26 13:50,8695.32,8695.32,8671.96,8692.4,3229134.0,8377327232.0
2026-06-26 13:55,8692.75,8710.06,8692.75,8707.69,3673273.0,9081088000.0
2026-06-26 14:00,8707.73,8713.22,8691.96,8691.96,3098147.0,8120509216.0
2026-06-26 14:05,8691.24,8691.24,8668.44,8677.31,3409183.0,8107709344.0
2026-06-26 14:10,8676.24,8676.24,8636.93,8642.63,4107409.0,8359246336.0
2026-06-26 14:15,8642.45,8644.29,8620.92,8621.11,3538996.0,7783211712.0
2026-06-26 14:20,8621.66,8630.56,8620.5,8623.9,3462832.0,7892037824.0
2026-06-26 14:25,8624.42,8641.89,8623.36,8633.97,3036936.0,7063155408.0
2026-06-26 14:30,8634.28,8644.62,8626.21,8627.63,3049427.0,7435598848.0
2026-06-26 14:35,8628.05,8628.93,8606.89,8616.17,4461140.0,10127135184.0
2026-06-26 14:40,8615.19,8657.01,8613.77,8653.21,4290003.0,10148354832.0
2026-06-26 14:45,8653.55,8661.08,8638.42,8652.69,4384937.0,10805273840.0
2026-06-26 14:50,8652.5,8652.72,8635.72,8639.19,5313115.0,12486490336.0
2026-06-26 14:55,8639.66,8642.5,8601.86,8602.42,7985227.0,17832156912.0
2026-06-26 15:00,8602.52,8607.65,8601.41,8601.41,7679125.0,16400719376.0
2026-06-29 09:35,8616.42,8637.36,8604.17,8624.71,36042606.0,83777560576.0
2026-06-29 09:40,8625.3,8648.86,8622.48,8642.69,19585963.0,46600203776.0
2026-06-29 09:45,8643.14,8677.63,8641.97,8663.84,14595955.0,36736050176.0
2026-06-29 09:50,8665.11,8665.78,8602.88,8602.88,15383473.0,33309180672.0
2026-06-29 09:55,8601.67,8610.71,8564.66,8586.13,13384368.0,30625045248.0
2026-06-29 10:00,8586.89,8587.38,8542.23,8549.38,12373396.0,30239917056.0
2026-06-29 10:05,8552.04,8609.92,8544.82,8564.39,12839738.0,29621825280.0
2026-06-29 10:10,8563.2,8593.18,8515.4,8519.83,10559885.0,27269639936.0
2026-06-29 10:15,8518.69,8520.63,8455.56,8456.61,10536236.0,27864059392.0
2026-06-29 10:20,8456.59,8503.63,8452.99,8459.26,10371190.0,25800591104.0
2026-06-29 10:25,8459.04,8509.46,8452.47,8509.46,8672683.0,20020198656.0
2026-06-29 10:30,8511.15,8532.95,8503.76,8519.07,7285649.0,17565172720.0
2026-06-29 10:35,8519.04,8519.04,8426.01,8426.44,7467071.0,18068878736.0
2026-06-29 10:40,8425.93,8442.81,8413.86,8442.81,7396024.0,18707974784.0
2026-06-29 10:45,8443.47,8461.32,8431.03,8461.32,5018885.0,12251557792.0
2026-06-29 10:50,8464.29,8479.9,8460.14,8469.63,4396523.0,11365433952.0
2026-06-29 10:55,8472.11,8483.39,8461.47,8479.58,4014697.0,9933188336.0
2026-06-29 11:00,8478.01,8497.97,8476.3,8483.18,3467151.0,8796386256.0
2026-06-29 11:05,8484.33,8499.35,8470.92,8474.65,3760598.0,9007042048.0
2026-06-29 11:10,8475.05,8499.55,8474.87,8499.55,2919741.0,7768263120.0
2026-06-29 11:15,8499.7,8499.7,8449.31,8487.65,3167141.0,8060203200.0
2026-06-29 11:20,8488.36,8511.8,8488.35,8498.04,2525399.0,6648453520.0
2026-06-29 11:25,8499.0,8500.08,8455.36,8461.92,2775919.0,6937594496.0
2026-06-29 11:30,8461.76,8461.76,8441.43,8458.74,2873275.0,7096963904.0
2026-06-29 13:05,8462.58,8463.17,8440.54,8442.42,5370983.0,12040330240.0
2026-06-29 13:10,8442.21,8442.21,8430.91,8431.2,3407230.0,7931754784.0
2026-06-29 13:15,8431.5,8431.52,8416.31,8428.75,3299643.0,7821670368.0
2026-06-29 13:20,8429.3,8450.27,8426.35,8435.33,3007557.0,7072096368.0
2026-06-29 13:25,8436.29,8481.86,8436.29,8481.86,2772358.0,6489312224.0
2026-06-29 13:30,8482.57,8508.74,8482.53,8507.5,2715947.0,7328266080.0
2026-06-29 13:35,8508.0,8532.06,8497.64,8530.62,3666707.0,8318117072.0
2026-06-29 13:40,8531.32,8540.01,8512.76,8528.99,3140405.0,8197295344.0
2026-06-29 13:45,8531.24,8565.66,8531.24,8562.92,3576278.0,8898948352.0
2026-06-29 13:50,8563.89,8566.86,8552.86,8554.14,3143648.0,8237380384.0
2026-06-29 13:55,8554.17,8586.48,8551.45,8585.39,3559185.0,8900033296.0
2026-06-29 14:00,8586.48,8595.3,8573.76,8573.76,3461578.0,9242399760.0
2026-06-29 14:05,8574.24,8591.75,8562.4,8562.4,3664746.0,8728722720.0
2026-06-29 14:10,8562.51,8562.99,8535.18,8557.21,3165821.0,7844768816.0
2026-06-29 14:15,8557.32,8566.55,8545.51,8547.12,2656854.0,6825972432.0
2026-06-29 14:20,8548.74,8569.08,8548.74,8560.35,2748135.0,7058448752.0
2026-06-29 14:25,8561.3,8570.05,8546.77,8546.77,2729030.0,6964668656.0
2026-06-29 14:30,8546.63,8555.67,8542.11,8555.02,2846596.0,7087554272.0
2026-06-29 14:35,8555.37,8582.04,8555.37,8568.8,3681785.0,8259855776.0
2026-06-29 14:40,8568.76,8587.94,8568.67,8586.98,3539441.0,8922034368.0
2026-06-29 14:45,8587.17,8589.24,8570.85,8574.82,4229059.0,10688760176.0
2026-06-29 14:50,8575.54,8594.13,8575.54,8592.16,4923270.0,12671261696.0
2026-06-29 14:55,8592.43,8607.23,8591.63,8605.46,6462341.0,15431829824.0
2026-06-29 15:00,8605.9,8605.9,8597.89,8597.89,6688856.0,15025764496.0
2026-06-30 09:35,8574.25,8585.05,8547.31,8556.31,31864446.0,75696178432.0
2026-06-30 09:40,8556.28,8605.88,8551.39,8605.88,19650271.0,43761523200.0
2026-06-30 09:45,8607.18,8625.68,8572.69,8625.68,15216795.0,34545189632.0
2026-06-30 09:50,8625.86,8631.28,8610.87,8617.97,11906554.0,27708233216.0
2026-06-30 09:55,8617.75,8645.38,8617.75,8640.63,9510973.0,24074592800.0
2026-06-30 10:00,8640.29,8653.49,8635.67,8651.59,7786603.0,20013558432.0
2026-06-30 10:05,8652.29,8663.67,8640.41,8657.41,8212330.0,19463121424.0
2026-06-30 10:10,8657.8,8670.73,8657.36,8670.73,7044629.0,16768863840.0
2026-06-30 10:15,8671.17,8680.35,8656.62,8669.03,6362157.0,15891104144.0
2026-06-30 10:20,8669.78,8675.26,8654.25,8665.75,5627473.0,14734936240.0
2026-06-30 10:25,8665.44,8669.9,8657.6,8665.65,5917422.0,14565337728.0
2026-06-30 10:30,8666.47,8688.3,8657.45,8684.64,4987374.0,12767144784.0
2026-06-30 10:35,8681.77,8681.77,8666.03,8679.14,5655552.0,12620429504.0
2026-06-30 10:40,8679.25,8690.22,8679.09,8685.74,4779441.0,12514003312.0
2026-06-30 10:45,8686.39,8705.86,8685.11,8705.86,4027527.0,10867947264.0
2026-06-30 10:50,8706.03,8722.38,8700.56,8721.59,4122156.0,11213472848.0
2026-06-30 10:55,8721.83,8731.83,8719.78,8730.15,3890781.0,10683010544.0
2026-06-30 11:00,8730.04,8731.93,8706.13,8706.13,3524960.0,9141000576.0
2026-06-30 11:05,8705.3,8717.96,8702.96,8704.38,3342057.0,8351009664.0
2026-06-30 11:10,8704.07,8718.97,8701.04,8716.63,3195804.0,8093630144.0
2026-06-30 11:15,8716.88,8728.3,8709.92,8728.3,2983413.0,7716258320.0
2026-06-30 11:20,8728.17,8735.71,8721.48,8735.71,3085248.0,7994409680.0
2026-06-30 11:25,8735.84,8750.27,8735.84,8750.27,3340579.0,8981352464.0
2026-06-30 11:30,8750.79,8763.88,8750.79,8763.7,3199551.0,8828040800.0
2026-06-30 13:05,8767.67,8780.45,8754.06,8761.01,7445287.0,19649823024.0
2026-06-30 13:10,8761.18,8761.18,8743.26,8743.92,4891231.0,11772347664.0
2026-06-30 13:15,8743.63,8750.07,8733.85,8745.49,4484546.0,11520502656.0
2026-06-30 13:20,8746.05,8754.46,8737.36,8739.05,3968783.0,9971918464.0
2026-06-30 13:25,8738.85,8751.49,8737.04,8749.37,3853312.0,9574682672.0
2026-06-30 13:30,8750.09,8751.4,8740.25,8747.17,3573058.0,9496408608.0
2026-06-30 13:35,8746.34,8760.09,8742.94,8744.46,3622917.0,9787932016.0
2026-06-30 13:40,8744.2,8750.14,8738.17,8739.16,3690190.0,9481656048.0
2026-06-30 13:45,8739.71,8753.23,8729.54,8730.5,4394714.0,10246101648.0
2026-06-30 13:50,8731.17,8760.07,8731.17,8760.07,2926838.0,8294707936.0
2026-06-30 13:55,8759.87,8772.4,8759.87,8771.08,3127047.0,8672550288.0
2026-06-30 14:00,8771.74,8771.92,8762.2,8768.95,3032124.0,7779497568.0
2026-06-30 14:05,8769.56,8782.92,8769.56,8771.23,3096555.0,7918635888.0
2026-06-30 14:10,8770.87,8782.86,8770.66,8782.86,2707175.0,7327896656.0
2026-06-30 14:15,8783.52,8783.52,8768.46,8775.85,3166605.0,7921462496.0
2026-06-30 14:20,8776.35,8777.42,8766.04,8767.32,3092021.0,7701809632.0
2026-06-30 14:25,8767.61,8772.86,8764.44,8771.84,3012828.0,7699700880.0
2026-06-30 14:30,8771.86,8779.19,8767.86,8778.46,3613232.0,8387935776.0
2026-06-30 14:35,8778.75,8793.33,8778.45,8793.33,4396118.0,9835057824.0
2026-06-30 14:40,8793.75,8795.14,8783.63,8788.12,4028279.0,9374192128.0
2026-06-30 14:45,8787.87,8796.54,8786.33,8794.52,4489003.0,10959373936.0
2026-06-30 14:50,8794.81,8806.73,8792.96,8806.13,5257858.0,12300174352.0
2026-06-30 14:55,8806.24,8814.46,8803.95,8813.35,6965662.0,16506555728.0
2026-06-30 15:00,8813.65,8815.11,8809.79,8809.79,7047885.0,16206332336.0
2026-07-01 09:35,8827.47,8865.83,8821.74,8861.88,34239931.0,87315536640.0
2026-07-01 09:40,8860.0,8869.03,8839.57,8844.84,20932736.0,51276642304.0
2026-07-01 09:45,8845.2,8904.64,8839.58,8904.64,15546214.0,38624421888.0
2026-07-01 09:50,8904.97,8918.98,8900.77,8908.64,12449329.0,31865496576.0
2026-07-01 09:55,8908.58,8922.72,8897.92,8910.32,10589374.0,26762608384.0
2026-07-01 10:00,8910.48,8912.34,8893.48,8900.31,10159598.0,23212943360.0
2026-07-01 10:05,8899.94,8929.59,8895.91,8918.82,9860244.0,22168000976.0
2026-07-01 10:10,8916.88,8918.11,8890.62,8896.32,8855187.0,21842200208.0
2026-07-01 10:15,8896.85,8915.55,8875.55,8875.55,8280468.0,20806417792.0
2026-07-01 10:20,8874.34,8915.23,8874.32,8915.23,8749330.0,20257259904.0
2026-07-01 10:25,8915.44,8930.57,8915.44,8923.72,6177433.0,15613952544.0
2026-07-01 10:30,8924.72,8924.72,8894.93,8913.24,6349576.0,15627592016.0
2026-07-01 10:35,8913.78,8913.78,8887.3,8887.3,7443973.0,17980652560.0
2026-07-01 10:40,8888.21,8893.99,8865.95,8872.01,8310730.0,20821965296.0
2026-07-01 10:45,8872.85,8879.13,8843.06,8878.51,8403900.0,20805914784.0
2026-07-01 10:50,8879.03,8906.99,8867.26,8906.99,6248191.0,14094933952.0
2026-07-01 10:55,8907.93,8922.42,8907.83,8912.73,5268833.0,11514147984.0
2026-07-01 11:00,8912.43,8936.36,8912.43,8925.5,4703482.0,10501388096.0
2026-07-01 11:05,8925.13,8944.19,8924.05,8928.01,4583839.0,9707600192.0
2026-07-01 11:10,8927.77,8938.77,8914.41,8933.98,4614919.0,9586810784.0
2026-07-01 11:15,8934.09,8934.09,8922.18,8929.82,4799270.0,10127383296.0
2026-07-01 11:20,8929.05,8939.16,8914.17,8915.64,4450309.0,9876804144.0
2026-07-01 11:25,8915.52,8915.52,8885.18,8905.81,4292307.0,9914567104.0
2026-07-01 11:30,8906.52,8921.41,8906.52,8920.2,3370893.0,7629385008.0
2026-07-01 13:05,8923.62,8931.33,8910.33,8913.31,8650767.0,18641891216.0
2026-07-01 13:10,8913.04,8935.53,8906.43,8906.43,5252620.0,12683584480.0
2026-07-01 13:15,8907.33,8915.13,8876.6,8876.6,5217473.0,12463027904.0
2026-07-01 13:20,8876.01,8918.34,8870.18,8918.24,4695667.0,11721349552.0
2026-07-01 13:25,8918.34,8937.64,8915.52,8925.23,3728437.0,9190172880.0
2026-07-01 13:30,8925.28,8925.28,8889.17,8889.28,3966686.0,9544015984.0
2026-07-01 13:35,8889.21,8906.24,8887.73,8898.39,3610203.0,9122277280.0
2026-07-01 13:40,8897.88,8903.51,8885.27,8886.2,3560870.0,8542832224.0
2026-07-01 13:45,8885.57,8885.57,8847.38,8847.38,4249471.0,10531008240.0
2026-07-01 13:50,8847.04,8865.9,8846.42,8847.62,3962298.0,9609236448.0
2026-07-01 13:55,8848.22,8848.22,8809.72,8809.72,5656655.0,12786016304.0
2026-07-01 14:00,8809.22,8849.81,8806.7,8849.78,4318951.0,9946968688.0
2026-07-01 14:05,8849.38,8869.04,8843.03,8868.27,3585235.0,8344467888.0
2026-07-01 14:10,8867.39,8890.95,8866.44,8882.25,3298054.0,8093654096.0
2026-07-01 14:15,8882.48,8886.17,8865.78,8865.78,3084943.0,7602401952.0
2026-07-01 14:20,8865.61,8868.03,8840.0,8840.51,2870779.0,7307427760.0
2026-07-01 14:25,8840.56,8859.45,8840.09,8840.55,3192612.0,7644870848.0
2026-07-01 14:30,8840.62,8841.88,8831.85,8838.79,2894636.0,7417571696.0
2026-07-01 14:35,8838.71,8850.21,8833.98,8833.98,3824199.0,9107672224.0
2026-07-01 14:40,8833.41,8833.41,8806.64,8814.57,5251874.0,12352081120.0
2026-07-01 14:45,8815.43,8850.52,8815.43,8850.52,4498366.0,10669414064.0
2026-07-01 14:50,8850.05,8861.51,8849.22,8859.49,4823294.0,11656031584.0
2026-07-01 14:55,8860.06,8871.81,8857.89,8871.05,6462776.0,15371098880.0
2026-07-01 15:00,8871.96,8878.44,8870.15,8876.63,6428939.0,14516434560.0
2026-07-02 09:35,8688.29,8708.29,8639.91,8690.65,41595058.0,94822358272.0
2026-07-02 09:40,8688.96,8732.11,8676.02,8732.11,19259170.0,44060865280.0
2026-07-02 09:45,8732.03,8746.7,8702.17,8709.82,17706791.0,38011903232.0
2026-07-02 09:50,8707.87,8758.66,8675.03,8741.1,14768006.0,33076566784.0
2026-07-02 09:55,8744.81,8791.33,8744.81,8791.33,10655300.0,24881568256.0
2026-07-02 10:00,8791.18,8813.13,8783.16,8794.22,8884373.0,22305703136.0
2026-07-02 10:05,8796.25,8832.02,8795.45,8823.06,8686210.0,20501757472.0
2026-07-02 10:10,8823.0,8831.98,8804.38,8830.53,7753135.0,18189876448.0
2026-07-02 10:15,8830.66,8833.13,8813.22,8829.81,6773619.0,16409669712.0
2026-07-02 10:20,8829.99,8830.43,8793.44,8805.35,6463430.0,16321871056.0
2026-07-02 10:25,8804.51,8818.35,8791.76,8810.92,6237513.0,14326470752.0
2026-07-02 10:30,8811.03,8818.68,8800.34,8812.43,5212191.0,12183962208.0
2026-07-02 10:35,8810.0,8848.75,8806.03,8848.75,5317884.0,12365264176.0
2026-07-02 10:40,8850.13,8865.96,8848.09,8859.03,5802481.0,12380749808.0
2026-07-02 10:45,8858.24,8864.95,8849.24,8856.07,5148528.0,12051235264.0
2026-07-02 10:50,8856.88,8865.63,8844.76,8847.7,5120031.0,11887229184.0
2026-07-02 10:55,8847.73,8849.09,8821.23,8832.96,4880374.0,11387036256.0
2026-07-02 11:00,8832.66,8835.29,8818.99,8818.99,3685897.0,8858687552.0
2026-07-02 11:05,8818.74,8818.74,8806.61,8814.03,3751122.0,8726470624.0
2026-07-02 11:10,8813.15,8823.89,8796.25,8823.89,3223121.0,7837589840.0
2026-07-02 11:15,8824.3,8847.45,8821.43,8847.45,3102966.0,7225453344.0
2026-07-02 11:20,8848.34,8862.35,8839.01,8839.01,3650419.0,8282191024.0
2026-07-02 11:25,8838.83,8844.47,8812.61,8824.6,2873528.0,6885041120.0
2026-07-02 11:30,8823.77,8823.77,8806.79,8816.06,2687277.0,6618403744.0
2026-07-02 13:05,8817.4,8821.4,8795.32,8817.35,5716236.0,13767624928.0
2026-07-02 13:10,8818.33,8828.34,8802.91,8802.91,3847198.0,9062425968.0
2026-07-02 13:15,8802.81,8807.7,8790.28,8807.68,3800889.0,9103467216.0
2026-07-02 13:20,8808.04,8808.09,8770.42,8771.56,3329743.0,8516723952.0
2026-07-02 13:25,8770.46,8773.26,8750.81,8761.13,3938962.0,9972124464.0
2026-07-02 13:30,8760.74,8771.27,8747.46,8750.75,3400770.0,8534201344.0
2026-07-02 13:35,8750.18,8750.18,8723.02,8723.02,3971988.0,9249354224.0
2026-07-02 13:40,8722.27,8732.48,8713.71,8725.05,3908347.0,9711024752.0
2026-07-02 13:45,8725.06,8731.92,8709.72,8709.89,3705351.0,9173190960.0
2026-07-02 13:50,8709.14,8714.08,8685.74,8691.89,4339423.0,10956075648.0
2026-07-02 13:55,8693.61,8711.33,8689.41,8703.87,3596561.0,8995595872.0
2026-07-02 14:00,8704.25,8723.71,8702.58,8702.58,3447945.0,7891624560.0
2026-07-02 14:05,8702.4,8712.07,8683.35,8683.35,3925446.0,8620875488.0
2026-07-02 14:10,8683.2,8724.85,8681.17,8724.85,3997168.0,9105349968.0
2026-07-02 14:15,8724.93,8735.43,8708.58,8708.92,3331889.0,7652775952.0
2026-07-02 14:20,8708.33,8710.82,8684.19,8684.53,3436727.0,7820317040.0
2026-07-02 14:25,8684.63,8687.34,8673.02,8673.02,3429189.0,8074585472.0
2026-07-02 14:30,8672.48,8675.68,8663.18,8666.22,3815585.0,8695498416.0
2026-07-02 14:35,8665.31,8685.62,8660.15,8660.15,4982511.0,10378958432.0
2026-07-02 14:40,8659.84,8672.28,8651.21,8651.21,4335968.0,10083809296.0
2026-07-02 14:45,8650.99,8650.99,8626.35,8630.32,7294183.0,15592040304.0
2026-07-02 14:50,8630.4,8630.4,8608.36,8612.18,6969832.0,14814093728.0
2026-07-02 14:55,8611.87,8619.36,8598.87,8618.41,8509151.0,18357019776.0
2026-07-02 15:00,8618.89,8625.68,8618.88,8625.33,6589415.0,14140608617.0
2026-07-03 09:35,8627.38,8653.17,8584.01,8611.47,33570682.0,76888658688.0
2026-07-03 09:40,8610.02,8664.67,8610.02,8664.62,18209785.0,41692977664.0
2026-07-03 09:45,8665.22,8677.42,8632.99,8668.7,14030012.0,32595433472.0
2026-07-03 09:50,8668.08,8672.14,8593.28,8593.28,13364176.0,29848738048.0
2026-07-03 09:55,8592.61,8600.54,8559.28,8600.54,13738167.0,30838433280.0
2026-07-03 10:00,8601.86,8634.05,8597.45,8634.0,8837924.0,20215120080.0
2026-07-03 10:05,8634.68,8660.32,8628.83,8637.72,8394232.0,19617567120.0
2026-07-03 10:10,8636.43,8656.39,8633.27,8652.15,6809582.0,17288819616.0
2026-07-03 10:15,8650.68,8650.68,8604.5,8604.5,6931953.0,16860826016.0
2026-07-03 10:20,8604.02,8635.6,8601.25,8604.76,6116399.0,14254965968.0
2026-07-03 10:25,8604.33,8614.09,8582.32,8606.39,5770856.0,13538526192.0
2026-07-03 10:30,8606.24,8625.09,8606.24,8613.43,4707289.0,10290877216.0
2026-07-03 10:35,8614.57,8637.79,8611.89,8637.11,4553251.0,10567416800.0
2026-07-03 10:40,8637.66,8648.62,8627.05,8648.62,4755606.0,11062636624.0
2026-07-03 10:45,8649.01,8666.69,8643.02,8666.69,5005428.0,11995899280.0
2026-07-03 10:50,8666.82,8677.49,8666.76,8674.88,4961032.0,12021545568.0
2026-07-03 10:55,8675.08,8697.26,8664.41,8691.8,5448850.0,13184521728.0
2026-07-03 11:00,8692.16,8706.27,8687.13,8698.5,4066454.0,11477230688.0
2026-07-03 11:05,8695.98,8709.85,8684.39,8708.8,4011504.0,10076937328.0
2026-07-03 11:10,8708.39,8708.39,8686.18,8691.23,3906270.0,9231984432.0
2026-07-03 11:15,8691.41,8692.28,8668.53,8685.6,3469274.0,8611593152.0
2026-07-03 11:20,8685.75,8696.16,8673.86,8675.37,2985324.0,7165339984.0
2026-07-03 11:25,8675.32,8675.32,8657.56,8659.04,2992899.0,6863449040.0
2026-07-03 11:30,8659.02,8685.36,8658.58,8684.93,2873671.0,6640714816.0
2026-07-03 13:05,8691.01,8740.67,8691.01,8731.75,6039881.0,15655783760.0
2026-07-03 13:10,8732.39,8739.96,8722.4,8722.4,4363503.0,10813524656.0
2026-07-03 13:15,8722.08,8725.55,8702.12,8704.71,4331593.0,10374004720.0
2026-07-03 13:20,8704.55,8716.71,8697.35,8704.35,4931053.0,11160412176.0
2026-07-03 13:25,8702.04,8702.04,8667.13,8669.98,4514772.0,10516803008.0
2026-07-03 13:30,8669.87,8683.55,8665.87,8673.76,3548001.0,8544524336.0
2026-07-03 13:35,8673.51,8703.53,8670.07,8701.64,3088119.0,7632842800.0
2026-07-03 13:40,8701.46,8707.68,8697.73,8699.89,2477152.0,6333488112.0
2026-07-03 13:45,8700.0,8712.89,8699.51,8707.94,2534391.0,6356592144.0
2026-07-03 13:50,8707.88,8711.34,8689.12,8693.34,3149164.0,7106851488.0
2026-07-03 13:55,8693.32,8708.04,8689.28,8705.68,2821374.0,6220581680.0
2026-07-03 14:00,8705.86,8712.05,8701.19,8709.64,2948804.0,6165241568.0
2026-07-03 14:05,8708.25,8708.25,8698.59,8707.45,3446816.0,7486925328.0
2026-07-03 14:10,8707.2,8725.32,8704.76,8707.81,3836364.0,7624124976.0
2026-07-03 14:15,8707.7,8707.7,8685.79,8685.79,3423337.0,8184439232.0
2026-07-03 14:20,8685.17,8693.67,8682.01,8690.51,3191611.0,7570827792.0
2026-07-03 14:25,8690.33,8691.44,8660.66,8661.64,4122436.0,9032680048.0
2026-07-03 14:30,8662.95,8662.95,8650.04,8653.16,3970396.0,9155125280.0
2026-07-03 14:35,8652.76,8660.09,8630.73,8630.73,4908313.0,10947770048.0
2026-07-03 14:40,8630.5,8651.71,8627.6,8651.71,4501772.0,10696688144.0
2026-07-03 14:45,8652.04,8652.04,8640.06,8644.15,4423763.0,10191307360.0
2026-07-03 14:50,8643.92,8648.97,8637.31,8637.31,5441854.0,12100215808.0
2026-07-03 14:55,8636.93,8638.34,8623.0,8623.15,7701312.0,17065737008.0
2026-07-03 15:00,8622.57,8623.66,8620.55,8620.79,7018104.0,15228129280.0
2026-07-06 09:35,8669.12,8687.71,8644.12,8647.2,30602980.0,75118992384.0
2026-07-06 09:40,8646.47,8660.76,8613.87,8650.27,18278416.0,44121289472.0
2026-07-06 09:45,8649.85,8661.0,8622.22,8661.0,14133833.0,33922224128.0
2026-07-06 09:50,8662.17,8694.8,8657.98,8684.21,11318790.0,27927398656.0
2026-07-06 09:55,8685.65,8690.75,8662.98,8689.37,9783737.0,23809416960.0
2026-07-06 10:00,8690.29,8690.29,8647.27,8647.27,9088912.0,21661869408.0
2026-07-06 10:05,8646.39,8646.39,8604.89,8622.07,10347104.0,22962838272.0
2026-07-06 10:10,8618.5,8638.68,8613.54,8633.02,7311259.0,17372343968.0
2026-07-06 10:15,8631.57,8633.54,8586.63,8586.63,7174328.0,16326629696.0
2026-07-06 10:20,8585.61,8589.24,8542.13,8542.13,7403946.0,17962663008.0
2026-07-06 10:25,8543.01,8555.8,8525.53,8531.32,7365844.0,18099564832.0
2026-07-06 10:30,8531.35,8538.6,8507.06,8511.48,7076118.0,16338725728.0
2026-07-06 10:35,8509.71,8517.16,8484.13,8484.95,7705239.0,17417086960.0
2026-07-06 10:40,8483.67,8511.11,8473.98,8509.12,7194815.0,16930031216.0
2026-07-06 10:45,8509.12,8510.29,8468.8,8469.54,6354272.0,13587505264.0
2026-07-06 10:50,8468.26,8476.21,8446.99,8453.55,5448226.0,12781337952.0
2026-07-06 10:55,8452.43,8457.73,8441.49,8446.19,5246920.0,12042497312.0
2026-07-06 11:00,8445.09,8466.49,8432.9,8466.49,4665548.0,10714079232.0
2026-07-06 11:05,8466.1,8488.02,8463.08,8483.6,4080329.0,9605414784.0
2026-07-06 11:10,8484.14,8496.81,8477.48,8496.81,4151092.0,9632660592.0
2026-07-06 11:15,8497.7,8524.47,8497.7,8518.88,3752178.0,8911286400.0
2026-07-06 11:20,8519.95,8523.0,8494.78,8523.0,3004175.0,7748839744.0
2026-07-06 11:25,8524.16,8543.33,8523.03,8541.6,3091565.0,7659718352.0
2026-07-06 11:30,8542.49,8554.92,8531.55,8554.65,2796793.0,7321103216.0
2026-07-06 13:05,8560.97,8571.43,8552.7,8561.87,4859611.0,12803762512.0
2026-07-06 13:10,8562.41,8569.4,8527.52,8527.52,3306983.0,8762265408.0
2026-07-06 13:15,8527.44,8548.82,8520.14,8523.33,3034834.0,7686399072.0
2026-07-06 13:20,8523.15,8535.66,8509.0,8509.0,2715322.0,6746129872.0
2026-07-06 13:25,8507.79,8512.31,8488.02,8488.02,3014221.0,6631079520.0
2026-07-06 13:30,8490.84,8523.04,8490.84,8511.54,2461505.0,6027929920.0
2026-07-06 13:35,8508.63,8508.63,8480.3,8481.09,3222107.0,6739345904.0
2026-07-06 13:40,8481.83,8508.64,8481.83,8507.75,2439848.0,5433741760.0
2026-07-06 13:45,8508.09,8534.8,8508.09,8534.8,2523213.0,5906422640.0
2026-07-06 13:50,8535.66,8537.68,8520.84,8525.78,2425180.0,5719940976.0
2026-07-06 13:55,8525.86,8539.6,8525.86,8535.19,2378708.0,5492981200.0
2026-07-06 14:00,8534.88,8540.21,8527.35,8528.17,2439470.0,5553131888.0
2026-07-06 14:05,8526.36,8526.36,8497.67,8499.36,3522424.0,6634924384.0
2026-07-06 14:10,8500.54,8515.77,8491.43,8491.43,2907614.0,6027341952.0
2026-07-06 14:15,8491.9,8500.13,8485.91,8487.25,3006444.0,6388157312.0
2026-07-06 14:20,8487.8,8487.8,8475.92,8479.5,2937424.0,6497325264.0
2026-07-06 14:25,8479.67,8484.37,8466.77,8472.83,3618319.0,7563823120.0
2026-07-06 14:30,8471.64,8480.4,8464.44,8479.79,3594436.0,7732858736.0
2026-07-06 14:35,8479.74,8490.57,8475.5,8490.22,4178141.0,7865425920.0
2026-07-06 14:40,8489.8,8498.82,8473.35,8473.35,3651232.0,7675744896.0
2026-07-06 14:45,8473.26,8473.26,8463.36,8468.03,4469291.0,9658066320.0
2026-07-06 14:50,8468.17,8480.18,8468.17,8468.92,4864082.0,10338306688.0
2026-07-06 14:55,8469.57,8479.86,8469.57,8476.14,6469923.0,13141147488.0
2026-07-06 15:00,8475.4,8477.13,8472.6,8472.6,5807457.0,12011298861.0
2026-07-07 09:35,8436.39,8443.43,8396.49,8432.22,25818801.0,59155465360.0
2026-07-07 09:40,8430.64,8466.37,8411.69,8464.27,15215489.0,33090892288.0
2026-07-07 09:45,8464.96,8489.47,8460.57,8477.85,10786256.0,26273539072.0
2026-07-07 09:50,8477.19,8479.35,8446.8,8446.8,10789859.0,23015033632.0
2026-07-07 09:55,8449.86,8453.22,8427.96,8436.77,8923943.0,19856818832.0
2026-07-07 10:00,8436.21,8442.96,8417.36,8422.26,7584058.0,16801920256.0
2026-07-07 10:05,8422.14,8439.23,8405.82,8425.89,7504141.0,17564540304.0
2026-07-07 10:10,8425.5,8436.45,8398.65,8401.26,5830632.0,13377643328.0
2026-07-07 10:15,8402.35,8406.06,8380.9,8398.95,5853734.0,14067050656.0
2026-07-07 10:20,8397.72,8401.08,8383.33,8386.54,4771715.0,11062361664.0
2026-07-07 10:25,8385.29,8390.83,8369.33,8369.33,4786291.0,10766116304.0
2026-07-07 10:30,8367.72,8367.72,8347.76,8363.19,5559883.0,11684237648.0
2026-07-07 10:35,8362.39,8375.26,8346.15,8375.26,5036362.0,10915240080.0
2026-07-07 10:40,8375.88,8402.09,8375.88,8398.53,4253617.0,9932576576.0
2026-07-07 10:45,8397.97,8408.33,8389.12,8395.41,3646268.0,8981336752.0
2026-07-07 10:50,8394.86,8394.86,8366.38,8374.49,3584105.0,8065759392.0
2026-07-07 10:55,8374.43,8381.06,8360.46,8378.29,3236703.0,6724895952.0
2026-07-07 11:00,8378.05,8379.85,8349.81,8349.81,3938893.0,7233236976.0
2026-07-07 11:05,8348.99,8367.03,8345.43,8353.29,3594431.0,7281819648.0
2026-07-07 11:10,8354.01,8368.82,8347.56,8363.6,3208599.0,6710371296.0
2026-07-07 11:15,8362.84,8368.08,8336.54,8345.97,2898269.0,6442229760.0
2026-07-07 11:20,8345.92,8347.38,8330.24,8341.05,2696691.0,6246887024.0
2026-07-07 11:25,8340.04,8344.0,8327.43,8328.32,2695799.0,6297434704.0
2026-07-07 11:30,8326.74,8350.15,8323.33,8347.11,2886161.0,6445303488.0
2026-07-07 13:05,8343.38,8343.38,8308.54,8316.4,5530332.0,12413223312.0
2026-07-07 13:10,8317.49,8321.95,8292.28,8294.33,4230608.0,9625558768.0
2026-07-07 13:15,8294.96,8297.91,8274.16,8276.58,4760275.0,10937379776.0
2026-07-07 13:20,8277.72,8280.54,8267.74,8274.09,4239022.0,9675440784.0
2026-07-07 13:25,8274.25,8278.53,8261.4,8274.43,4154712.0,9030806064.0
2026-07-07 13:30,8275.41,8310.67,8275.41,8307.95,3204299.0,7664377120.0
2026-07-07 13:35,8307.4,8332.93,8306.35,8330.31,3254266.0,7792934176.0
2026-07-07 13:40,8329.81,8340.11,8319.54,8331.77,3639657.0,7359297760.0
2026-07-07 13:45,8330.09,8340.31,8325.47,8340.31,2602008.0,6132910224.0
2026-07-07 13:50,8339.88,8344.54,8314.8,8320.73,3615497.0,7616610576.0
2026-07-07 13:55,8320.47,8330.49,8312.43,8330.17,2671881.0,6209918384.0
2026-07-07 14:00,8331.17,8340.01,8316.83,8319.16,2536685.0,6082228144.0
2026-07-07 14:05,8318.6,8324.77,8300.37,8300.37,3101195.0,6530010912.0
2026-07-07 14:10,8301.81,8301.81,8274.96,8276.14,3284917.0,6757054528.0
2026-07-07 14:15,8275.92,8282.42,8268.34,8279.73,3307181.0,7009098768.0
2026-07-07 14:20,8278.97,8286.61,8267.36,8283.79,3052070.0,6478768448.0
2026-07-07 14:25,8283.91,8284.65,8270.95,8274.83,2670596.0,5689352960.0
2026-07-07 14:30,8273.93,8284.94,8265.15,8284.94,2968858.0,6181580224.0
2026-07-07 14:35,8285.64,8303.62,8276.83,8291.82,3531242.0,7340822432.0
2026-07-07 14:40,8291.56,8320.49,8290.58,8319.85,3344456.0,7193342400.0
2026-07-07 14:45,8320.23,8321.1,8300.44,8308.48,3664857.0,8048473120.0
2026-07-07 14:50,8308.13,8308.76,8290.28,8307.15,4608749.0,10089387792.0
2026-07-07 14:55,8307.82,8311.8,8302.43,8303.96,6066461.0,12953632480.0
2026-07-07 15:00,8303.75,8305.98,8301.8,8301.8,5434557.0,11651334048.0
2026-07-08 09:35,8315.96,8328.96,8283.25,8286.68,23629743.0,55258670304.0
2026-07-08 09:40,8288.34,8293.66,8254.05,8258.39,15441617.0,32961856512.0
2026-07-08 09:45,8258.79,8262.24,8199.4,8200.57,14677471.0,29968603136.0
2026-07-08 09:50,8202.94,8230.0,8191.79,8195.92,12201314.0,25362159104.0
2026-07-08 09:55,8195.12,8205.02,8157.41,8204.54,12266526.0,25063804672.0
2026-07-08 10:00,8204.72,8206.62,8157.82,8171.74,9843460.0,20862692512.0
2026-07-08 10:05,8170.99,8178.16,8136.37,8138.48,9999997.0,21547058048.0
2026-07-08 10:10,8136.42,8174.38,8132.87,8171.83,6746723.0,14838090528.0
2026-07-08 10:15,8172.79,8172.79,8141.65,8145.82,5731369.0,12768711376.0
2026-07-08 10:20,8145.63,8181.05,8145.63,8181.05,4622603.0,10386960000.0
2026-07-08 10:25,8183.08,8188.33,8163.72,8163.72,3958704.0,9037945552.0
2026-07-08 10:30,8162.9,8201.87,8153.39,8201.87,3504674.0,7500570000.0
2026-07-08 10:35,8202.96,8219.74,8200.75,8212.06,4256490.0,9246694048.0
2026-07-08 10:40,8214.54,8229.73,8214.54,8229.73,3176722.0,7503708816.0
2026-07-08 10:45,8230.23,8234.13,8218.7,8226.41,3232191.0,7805794848.0
2026-07-08 10:50,8225.49,8228.69,8189.33,8189.33,3392118.0,7921948560.0
2026-07-08 10:55,8191.86,8217.54,8190.23,8203.51,2488872.0,6369153920.0
2026-07-08 11:00,8203.28,8203.28,8178.61,8179.86,2242576.0,5384101472.0
2026-07-08 11:05,8181.08,8206.87,8177.97,8185.63,2486084.0,6186137552.0
2026-07-08 11:10,8185.53,8223.98,8180.14,8223.98,2254260.0,5466398896.0
2026-07-08 11:15,8223.33,8256.65,8223.33,8255.39,2563713.0,6943951776.0
2026-07-08 11:20,8254.51,8263.55,8248.03,8261.2,2550117.0,7145328064.0
2026-07-08 11:25,8261.87,8272.25,8253.33,8272.25,2801585.0,7427583232.0
2026-07-08 11:30,8272.13,8292.72,8271.99,8277.09,3167232.0,7843102624.0
2026-07-08 13:05,8265.62,8265.62,8189.79,8224.79,7047411.0,16266374512.0
2026-07-08 13:10,8223.58,8246.53,8218.65,8226.46,2922105.0,7792502992.0
2026-07-08 13:15,8226.88,8232.28,8217.33,8221.88,2530577.0,6184163104.0
2026-07-08 13:20,8221.6,8222.41,8208.27,8218.49,2670406.0,6048935504.0
2026-07-08 13:25,8218.03,8222.63,8205.76,8209.01,2437938.0,5861961152.0
2026-07-08 13:30,8209.03,8209.76,8184.21,8185.64,2716913.0,5816020048.0
2026-07-08 13:35,8185.45,8185.45,8161.48,8168.92,3196987.0,6692038640.0
2026-07-08 13:40,8169.1,8175.07,8158.68,8167.62,2458792.0,5718953040.0
2026-07-08 13:45,8167.75,8167.81,8147.51,8147.51,2482743.0,5800161088.0
2026-07-08 13:50,8148.69,8154.08,8135.4,8138.71,2781316.0,6078268352.0
2026-07-08 13:55,8137.75,8179.44,8136.27,8179.44,2708568.0,5680256768.0
2026-07-08 14:00,8178.89,8196.56,8176.84,8184.14,2372672.0,5046128448.0
2026-07-08 14:05,8183.71,8186.54,8164.33,8178.8,2352886.0,5164859200.0
2026-07-08 14:10,8176.82,8176.82,8162.04,8165.17,2177813.0,4744514992.0
2026-07-08 14:15,8164.52,8164.52,8150.86,8160.44,2602063.0,6029590576.0
2026-07-08 14:20,8163.81,8181.13,8159.4,8181.13,3020305.0,5683777056.0
2026-07-08 14:25,8181.2,8185.84,8170.16,8182.27,2578600.0,5602678016.0
2026-07-08 14:30,8181.14,8181.14,8153.6,8159.54,2701625.0,5923459088.0
2026-07-08 14:35,8159.9,8170.1,8151.76,8152.13,3280730.0,7141968784.0
2026-07-08 14:40,8152.89,8169.14,8152.4,8156.46,3149425.0,6804144448.0
2026-07-08 14:45,8155.94,8157.5,8145.53,8145.53,4617967.0,9879596112.0
2026-07-08 14:50,8146.42,8149.56,8122.53,8123.55,5625824.0,11543212176.0
2026-07-08 14:55,8125.91,8134.44,8122.09,8122.54,6729099.0,13419298048.0
2026-07-08 15:00,8123.13,8123.13,8117.86,8117.86,5885000.0,11916736610.0
2026-07-09 09:35,8161.86,8173.3,8147.91,8162.36,23824427.0,56253605808.0
2026-07-09 09:40,8162.06,8212.63,8150.99,8208.38,12506596.0,30448270848.0
2026-07-09 09:45,8208.37,8212.49,8184.58,8197.26,9953715.0,23773211552.0
2026-07-09 09:50,8198.54,8199.49,8136.87,8136.87,9656742.0,22459788672.0
2026-07-09 09:55,8133.12,8147.8,8116.95,8141.35,8732550.0,20417816736.0
2026-07-09 10:00,8141.43,8141.43,8097.64,8097.64,7949790.0,18314508880.0
2026-07-09 10:05,8098.32,8107.39,8084.42,8096.21,7262843.0,16471219632.0
2026-07-09 10:10,8097.87,8120.98,8087.63,8120.98,6119978.0,13141204320.0
2026-07-09 10:15,8118.45,8131.29,8110.36,8125.45,4896252.0,11576498720.0
2026-07-09 10:20,8126.41,8138.06,8121.96,8138.02,4580627.0,10229091488.0
2026-07-09 10:25,8136.89,8136.89,8114.7,8124.84,4825699.0,10273815456.0
2026-07-09 10:30,8124.56,8124.56,8091.97,8095.62,4562890.0,8979775008.0
2026-07-09 10:35,8095.66,8100.29,8070.8,8071.86,5380320.0,10286585616.0
2026-07-09 10:40,8070.89,8070.89,8051.83,8061.24,5076060.0,10458615808.0
2026-07-09 10:45,8062.29,8066.42,8045.63,8056.62,4600761.0,9014883968.0
2026-07-09 10:50,8056.33,8056.33,8023.42,8023.42,4637897.0,9276156400.0
2026-07-09 10:55,8023.42,8031.55,8013.59,8031.55,4710137.0,9864280992.0
2026-07-09 11:00,8031.99,8035.74,8013.54,8018.22,3641732.0,6912589904.0
2026-07-09 11:05,8018.0,8022.46,8001.87,8013.1,4099254.0,7965409952.0
2026-07-09 11:10,8013.5,8024.62,7996.31,8024.47,3597623.0,7478805680.0
2026-07-09 11:15,8024.71,8029.63,7987.7,7995.8,3503709.0,7222111312.0
2026-07-09 11:20,7997.33,8007.4,7981.52,7986.73,3310867.0,7094439664.0
2026-07-09 11:25,7987.33,8016.62,7978.81,8016.62,3376993.0,6934044368.0
2026-07-09 11:30,8016.8,8037.65,8016.34,8032.57,2318935.0,5820984288.0
2026-07-09 13:05,8033.82,8059.58,8033.82,8040.03,4159735.0,9833970672.0
2026-07-09 13:10,8040.19,8082.6,8038.04,8082.6,3154612.0,8023912304.0
2026-07-09 13:15,8083.45,8112.79,8083.45,8112.79,3963827.0,10030477440.0
2026-07-09 13:20,8113.02,8113.02,8082.98,8082.98,3687999.0,9368879952.0
2026-07-09 13:25,8082.62,8082.62,8068.82,8076.92,2786360.0,6985795520.0
2026-07-09 13:30,8077.18,8123.62,8077.18,8118.44,3192696.0,8560875728.0
2026-07-09 13:35,8119.12,8119.12,8087.81,8108.83,2638416.0,7276080144.0
2026-07-09 13:40,8110.38,8144.11,8110.38,8142.94,3004966.0,7792189456.0
2026-07-09 13:45,8143.28,8156.41,8143.28,8155.14,4195086.0,10745974464.0
2026-07-09 13:50,8155.21,8180.25,8155.21,8179.37,4156379.0,10806096192.0
2026-07-09 13:55,8180.4,8199.54,8180.4,8189.77,4479671.0,11098544480.0
2026-07-09 14:00,8188.68,8218.7,8188.02,8218.7,4196363.0,10377205968.0
2026-07-09 14:05,8221.19,8232.86,8212.28,8227.77,5003384.0,10931245584.0
2026-07-09 14:10,8228.02,8237.33,8212.08,8230.13,4047768.0,9253911280.0
2026-07-09 14:15,8230.2,8254.05,8225.24,8252.55,4561474.0,10503322288.0
2026-07-09 14:20,8253.51,8265.37,8229.82,8229.82,4402721.0,10808915664.0
2026-07-09 14:25,8228.96,8245.7,8228.96,8245.47,3363238.0,8398891456.0
2026-07-09 14:30,8245.44,8259.5,8242.79,8259.32,3331533.0,7956111984.0
2026-07-09 14:35,8259.86,8262.11,8253.5,8257.17,4343262.0,9423640656.0
2026-07-09 14:40,8257.54,8272.8,8257.54,8271.94,4531729.0,9678280880.0
2026-07-09 14:45,8270.91,8299.7,8270.91,8299.7,5137143.0,10932123216.0
2026-07-09 14:50,8301.16,8312.62,8298.99,8312.62,5886698.0,12582616880.0
2026-07-09 14:55,8311.96,8311.96,8296.89,8299.17,7139707.0,15384925520.0
2026-07-09 15:00,8298.4,8303.11,8296.47,8300.08,6088179.0,13000000377.0
2026-07-10 09:35,8312.49,8342.83,8310.91,8338.34,27815676.0,72780006400.0
2026-07-10 09:40,8338.75,8380.41,8326.96,8380.32,16650012.0,41962887680.0
2026-07-10 09:45,8379.71,8392.26,8375.52,8386.13,14454986.0,34094632960.0
2026-07-10 09:50,8385.0,8407.54,8376.19,8404.49,12315682.0,28594471680.0
2026-07-10 09:55,8406.19,8437.46,8406.19,8436.39,10536717.0,24713670928.0
2026-07-10 10:00,8437.22,8438.19,8391.08,8391.08,11450170.0,25575574272.0
2026-07-10 10:05,8391.18,8406.14,8371.23,8371.23,13029798.0,27585004288.0
2026-07-10 10:10,8370.5,8393.58,8370.5,8388.61,11629056.0,23633732144.0
2026-07-10 10:15,8389.94,8391.81,8355.11,8391.39,10234464.0,21352396544.0
2026-07-10 10:20,8390.71,8412.96,8390.71,8400.84,8265130.0,16695707552.0
2026-07-10 10:25,8402.83,8403.72,8388.59,8398.63,6789021.0,13078578384.0
2026-07-10 10:30,8399.37,8407.78,8392.06,8400.72,6184120.0,11680596320.0
2026-07-10 10:35,8400.96,8405.06,8365.66,8382.89,6447174.0,13066278576.0
2026-07-10 10:40,8377.99,8390.11,8363.59,8390.11,5815337.0,12238217232.0
2026-07-10 10:45,8390.73,8399.72,8385.31,8389.1,5036568.0,11130740048.0
2026-07-10 10:50,8388.29,8388.29,8374.63,8382.67,4507125.0,10137308560.0
2026-07-10 10:55,8382.82,8392.65,8376.04,8380.14,4344975.0,8666687840.0
2026-07-10 11:00,8380.93,8404.33,8373.45,8397.77,4094823.0,8140418352.0
2026-07-10 11:05,8398.46,8398.77,8380.49,8382.57,3748010.0,7359689296.0
2026-07-10 11:10,8382.98,8394.55,8374.08,8392.77,4114357.0,7471777920.0
2026-07-10 11:15,8393.27,8398.33,8380.8,8380.9,3269510.0,6452599104.0
2026-07-10 11:20,8380.74,8394.0,8380.5,8387.67,2724389.0,5570430032.0
2026-07-10 11:25,8388.22,8395.87,8381.24,8381.24,3708225.0,6412027248.0
2026-07-10 11:30,8380.13,8391.87,8367.96,8391.87,3196835.0,6829104608.0
2026-07-10 13:05,8399.15,8405.62,8390.38,8391.52,9585836.0,21792137504.0
2026-07-10 13:10,8391.74,8406.38,8386.25,8405.2,4846143.0,11656638896.0
2026-07-10 13:15,8406.25,8425.85,8405.09,8421.62,4585092.0,10124400704.0
2026-07-10 13:20,8421.58,8432.5,8416.04,8416.44,4163029.0,9426048016.0
2026-07-10 13:25,8417.27,8428.57,8409.58,8423.95,4131255.0,8934722432.0
2026-07-10 13:30,8423.75,8429.05,8416.53,8423.29,3789492.0,8553364448.0
2026-07-10 13:35,8423.58,8433.07,8408.55,8408.55,4139764.0,8638861248.0
2026-07-10 13:40,8407.03,8408.45,8366.93,8367.08,4868511.0,10571449328.0
2026-07-10 13:45,8366.38,8374.48,8354.48,8354.48,4588544.0,9858731168.0
2026-07-10 13:50,8354.6,8354.6,8330.99,8343.36,4591139.0,10089991120.0
2026-07-10 13:55,8344.04,8357.43,8342.34,8356.6,3474547.0,7184130224.0
2026-07-10 14:00,8356.37,8356.37,8321.79,8321.79,3367553.0,7688399264.0
2026-07-10 14:05,8321.3,8322.4,8302.75,8322.4,4341344.0,9825907296.0
2026-07-10 14:10,8323.08,8323.08,8283.36,8285.57,3730390.0,9317633312.0
2026-07-10 14:15,8284.98,8300.24,8283.87,8291.01,3552860.0,8476179792.0
2026-07-10 14:20,8291.76,8332.71,8291.76,8332.71,3121046.0,7541552608.0
2026-07-10 14:25,8333.13,8333.13,8302.21,8305.33,2624873.0,6766277744.0
2026-07-10 14:30,8305.38,8305.38,8284.12,8284.12,2786544.0,6886135248.0
2026-07-10 14:35,8283.33,8287.84,8261.34,8274.87,4478102.0,10242884480.0
2026-07-10 14:40,8274.56,8280.29,8260.31,8261.46,3479594.0,8647079536.0
2026-07-10 14:45,8261.51,8261.51,8230.16,8231.62,5036695.0,12177739632.0
2026-07-10 14:50,8231.76,8251.75,8225.58,8226.1,5461905.0,12617026272.0
2026-07-10 14:55,8225.63,8231.31,8210.88,8211.78,6783961.0,15272369328.0
2026-07-10 15:00,8211.63,8211.63,8198.31,8198.31,6613229.0,14301845937.0
2026-07-13 09:35,8124.36,8171.5,8124.36,8145.11,34509831.0,69700842240.0
2026-07-13 09:40,8143.58,8143.58,8090.06,8098.0,19238373.0,38424471552.0
2026-07-13 09:45,8096.68,8112.13,8072.88,8107.1,15293759.0,29146334976.0
2026-07-13 09:50,8109.35,8119.6,8057.0,8058.48,12040348.0,24595999488.0
2026-07-13 09:55,8061.72,8070.38,8046.99,8053.8,10476633.0,20812166592.0
2026-07-13 10:00,8054.04,8054.04,8021.46,8021.46,9659249.0,19784552688.0
2026-07-13 10:05,8021.64,8033.67,7998.26,8033.48,11152495.0,21201575776.0
2026-07-13 10:10,8030.49,8036.12,7993.97,8007.01,7287810.0,14242608128.0
2026-07-13 10:15,8006.78,8024.81,7994.51,8023.63,5735337.0,11364425504.0
2026-07-13 10:20,8022.34,8024.61,7991.84,7994.73,5966496.0,11508289472.0
2026-07-13 10:25,7994.37,8009.89,7986.11,8009.89,5468157.0,11204179456.0
2026-07-13 10:30,8010.02,8029.8,7998.1,8028.49,4265227.0,8599514176.0
2026-07-13 10:35,8028.83,8028.83,7989.1,7991.59,5343126.0,9437166208.0
2026-07-13 10:40,7992.64,8002.75,7956.49,7956.49,5169497.0,9864570224.0
2026-07-13 10:45,7955.93,7956.4,7940.57,7941.87,4491734.0,9491990640.0
2026-07-13 10:50,7943.09,7956.51,7938.21,7950.02,4055178.0,8398944048.0
2026-07-13 10:55,7947.35,7956.65,7943.08,7947.75,3399476.0,7331054848.0
2026-07-13 11:00,7947.28,7953.05,7932.46,7933.93,3146816.0,6473584704.0
2026-07-13 11:05,7933.37,7941.58,7921.22,7921.91,3785714.0,7649955984.0
2026-07-13 11:10,7921.85,7925.98,7911.08,7912.37,4216608.0,9106367392.0
2026-07-13 11:15,7913.99,7915.17,7899.77,7901.29,4324794.0,9558869984.0
2026-07-13 11:20,7901.68,7939.81,7901.09,7927.19,3450469.0,7465142720.0
2026-07-13 11:25,7925.92,7930.42,7908.39,7918.58,3212074.0,6632954208.0
2026-07-13 11:30,7923.75,7927.59,7912.26,7914.58,2897394.0,6883096128.0
2026-07-13 13:05,7913.15,7913.26,7881.93,7910.77,5755444.0,12684162800.0
2026-07-13 13:10,7909.36,7911.49,7882.75,7890.89,3539704.0,7578151456.0
2026-07-13 13:15,7890.91,7904.3,7873.79,7875.0,3197408.0,6805857472.0
2026-07-13 13:20,7875.57,7877.84,7846.93,7854.69,5040653.0,10376393712.0
2026-07-13 13:25,7854.32,7855.87,7825.55,7832.15,4456930.0,9440734272.0
2026-07-13 13:30,7831.44,7837.58,7813.04,7823.67,4004370.0,8455385440.0
2026-07-13 13:35,7825.81,7903.88,7825.81,7902.4,4407516.0,9102689040.0
2026-07-13 13:40,7902.25,7917.6,7882.24,7911.37,3742750.0,8097737696.0
2026-07-13 13:45,7911.25,7920.21,7875.23,7877.01,3360642.0,6775762752.0
2026-07-13 13:50,7877.65,7877.65,7827.36,7829.2,3726262.0,6548616224.0
2026-07-13 13:55,7829.48,7879.94,7829.48,7854.68,2710153.0,5395942800.0
2026-07-13 14:00,7854.35,7856.2,7828.07,7843.41,2565836.0,5505194960.0
2026-07-13 14:05,7842.95,7842.95,7824.14,7825.19,2720571.0,5411479712.0
2026-07-13 14:10,7827.1,7829.16,7794.91,7798.4,3650973.0,7214151872.0
2026-07-13 14:15,7798.87,7807.54,7792.09,7794.37,3399169.0,7062632320.0
2026-07-13 14:20,7794.94,7813.3,7790.7,7805.18,3454193.0,6859675488.0
2026-07-13 14:25,7804.57,7808.76,7787.12,7790.14,2957152.0,6204194176.0
2026-07-13 14:30,7790.23,7805.37,7785.81,7795.43,3616388.0,7164035808.0
2026-07-13 14:35,7797.0,7797.51,7769.29,7785.04,4733391.0,9377537520.0
2026-07-13 14:40,7784.66,7819.58,7784.66,7794.49,4256494.0,8380915664.0
2026-07-13 14:45,7796.36,7800.96,7778.3,7795.91,4481635.0,8719833952.0
2026-07-13 14:50,7795.17,7835.25,7795.17,7816.2,5223241.0,9949542816.0
2026-07-13 14:55,7815.85,7815.85,7782.99,7782.99,5986839.0,11511193344.0
2026-07-13 15:00,7782.65,7790.22,7782.35,7787.85,5712034.0,10288016792.0
2026-07-14 09:35,7799.81,7806.85,7761.69,7761.69,25607503.0,51550876336.0
2026-07-14 09:40,7759.4,7804.3,7748.18,7749.45,16484532.0,30036633856.0
2026-07-14 09:45,7746.67,7755.05,7714.26,7750.8,14808762.0,26541352992.0
2026-07-14 09:50,7750.94,7755.1,7722.27,7746.57,10949839.0,19358079168.0
2026-07-14 09:55,7746.57,7805.63,7732.07,7805.58,8860311.0,17460480256.0
2026-07-14 10:00,7803.24,7809.48,7786.24,7786.24,5892188.0,13288146592.0
2026-07-14 10:05,7785.61,7785.61,7762.19,7779.93,5664132.0,12211185408.0
2026-07-14 10:10,7781.23,7786.22,7752.2,7752.2,5198577.0,11293031536.0
2026-07-14 10:15,7751.37,7783.52,7739.91,7783.5,5081602.0,10814379776.0
2026-07-14 10:20,7784.56,7833.71,7780.52,7833.33,4285750.0,9664570928.0
2026-07-14 10:25,7834.57,7842.9,7805.94,7807.16,5040734.0,11402100928.0
2026-07-14 10:30,7807.76,7807.76,7764.25,7777.95,4289749.0,9613634800.0
2026-07-14 10:35,7779.1,7801.25,7776.29,7776.34,3904911.0,8166639104.0
2026-07-14 10:40,7774.39,7774.39,7752.26,7769.12,4501126.0,8758862592.0
2026-07-14 10:45,7769.46,7773.81,7749.39,7750.85,3332084.0,6802065904.0
2026-07-14 10:50,7750.45,7754.82,7723.38,7725.28,4910099.0,10059393792.0
2026-07-14 10:55,7724.88,7751.16,7716.2,7741.1,4627113.0,9162790832.0
2026-07-14 11:00,7741.99,7750.06,7719.36,7722.37,4216975.0,8590865952.0
2026-07-14 11:05,7723.66,7734.73,7712.02,7717.56,3570328.0,7271345776.0
2026-07-14 11:10,7717.78,7726.63,7694.83,7700.38,4026934.0,8511177312.0
2026-07-14 11:15,7700.62,7700.62,7657.71,7675.1,4744410.0,9626504720.0
2026-07-14 11:20,7677.52,7703.27,7668.57,7682.33,3278568.0,6934678336.0
2026-07-14 11:25,7684.42,7684.42,7657.67,7672.09,3480117.0,6763027424.0
2026-07-14 11:30,7671.08,7718.85,7668.9,7718.18,2772550.0,5520288416.0
2026-07-14 13:05,7733.8,7859.42,7733.8,7859.42,8246533.0,17667666640.0
2026-07-14 13:10,7858.78,7893.0,7843.28,7893.0,4965639.0,11949099776.0
2026-07-14 13:15,7894.14,7899.45,7864.29,7871.49,5094394.0,11616755840.0
2026-07-14 13:20,7871.42,7885.0,7833.77,7837.36,3602345.0,8432414960.0
2026-07-14 13:25,7837.65,7884.83,7837.65,7881.69,3034612.0,7564076928.0
2026-07-14 13:30,7880.21,7910.0,7871.78,7903.75,4063085.0,9379128080.0
2026-07-14 13:35,7904.94,7934.1,7898.41,7901.59,5624747.0,12276238128.0
2026-07-14 13:40,7902.8,7910.96,7878.35,7881.16,3493662.0,7993463120.0
2026-07-14 13:45,7881.37,7881.37,7857.02,7877.88,3507359.0,7271464912.0
2026-07-14 13:50,7876.19,7876.19,7838.94,7854.0,2866458.0,6149141520.0
2026-07-14 13:55,7852.23,7852.23,7811.74,7827.7,2963549.0,6337743280.0
2026-07-14 14:00,7826.33,7850.83,7822.77,7836.33,2648894.0,5452924176.0
2026-07-14 14:05,7836.07,7855.27,7833.67,7855.27,3303604.0,5611548576.0
2026-07-14 14:10,7856.6,7874.29,7854.45,7855.86,2869496.0,5598406032.0
2026-07-14 14:15,7855.61,7885.79,7855.44,7885.79,2799734.0,5003370896.0
2026-07-14 14:20,7886.53,7886.53,7868.12,7869.0,3041991.0,5332447088.0
2026-07-14 14:25,7868.5,7868.5,7844.77,7857.66,2811811.0,5390409344.0
2026-07-14 14:30,7858.59,7876.13,7857.65,7875.76,2635620.0,4903194512.0
2026-07-14 14:35,7875.53,7910.43,7872.71,7909.58,3458053.0,6938468848.0
2026-07-14 14:40,7905.43,7920.61,7901.52,7920.61,3490020.0,7360544080.0
2026-07-14 14:45,7921.0,7922.75,7897.5,7905.79,4700927.0,8945825712.0
2026-07-14 14:50,7906.45,7920.81,7904.35,7920.44,4390317.0,8915681104.0
2026-07-14 14:55,7919.33,7924.4,7913.42,7923.31,6066022.0,11750906720.0
2026-07-14 15:00,7923.88,7928.45,7922.0,7925.12,6684249.0,11987823828.0
2026-07-15 09:35,7959.37,7968.06,7919.19,7919.19,29264507.0,61254802688.0
2026-07-15 09:40,7919.69,7921.0,7878.36,7885.89,18792526.0,36660773888.0
2026-07-15 09:45,7886.48,7911.96,7865.75,7911.96,14831892.0,27817508400.0
2026-07-15 09:50,7909.69,7965.35,7904.25,7958.98,11797879.0,22635321936.0
2026-07-15 09:55,7960.43,7966.43,7920.99,7924.33,10049410.0,17918143936.0
2026-07-15 10:00,7926.31,7953.79,7922.35,7941.17,7705398.0,14164753616.0
2026-07-15 10:05,7942.46,7972.86,7939.73,7950.21,7744688.0,14388168576.0
2026-07-15 10:10,7947.49,7947.49,7907.66,7907.66,6460111.0,12564764112.0
2026-07-15 10:15,7905.42,7923.3,7892.54,7921.4,6573847.0,12150185040.0
2026-07-15 10:20,7921.57,7934.6,7914.26,7920.79,5099557.0,9904040400.0
2026-07-15 10:25,7924.82,7970.18,7924.82,7970.18,5110604.0,10527012704.0
2026-07-15 10:30,7968.61,7979.08,7956.9,7964.66,4206502.0,9451435792.0
2026-07-15 10:35,7965.19,7971.29,7936.92,7950.53,4584943.0,9092215936.0
2026-07-15 10:40,7950.19,7950.19,7924.77,7926.69,4155885.0,8154987312.0
2026-07-15 10:45,7926.33,7942.13,7918.3,7923.72,4107233.0,8127230704.0
2026-07-15 10:50,7924.32,7940.1,7907.12,7907.12,3640715.0,7260189424.0
2026-07-15 10:55,7906.49,7908.65,7892.46,7892.61,3858972.0,8069426240.0
2026-07-15 11:00,7892.4,7898.58,7883.5,7883.5,3110228.0,6190814288.0
2026-07-15 11:05,7882.87,7882.87,7862.52,7864.87,3551663.0,7500082688.0
2026-07-15 11:10,7865.08,7873.07,7855.17,7873.07,3212888.0,6427389056.0
2026-07-15 11:15,7873.38,7888.38,7863.71,7886.98,2920500.0,5640499152.0
2026-07-15 11:20,7887.27,7887.94,7850.06,7851.4,2980913.0,6168304128.0
2026-07-15 11:25,7851.29,7851.29,7831.17,7833.5,3180774.0,6788878992.0
2026-07-15 11:30,7832.98,7870.41,7832.98,7870.0,3112466.0,5905658784.0
2026-07-15 13:05,7873.3,7878.75,7834.71,7834.71,5800559.0,10921054608.0
2026-07-15 13:10,7834.31,7836.56,7811.01,7820.3,4015864.0,8012565216.0
2026-07-15 13:15,7820.81,7824.03,7794.0,7803.05,4449600.0,8316985088.0
2026-07-15 13:20,7803.2,7847.58,7803.2,7845.72,3332975.0,6866086544.0
2026-07-15 13:25,7843.25,7858.49,7826.85,7855.88,2873601.0,5867754944.0
2026-07-15 13:30,7855.73,7884.75,7855.73,7872.22,3341938.0,7124049040.0
2026-07-15 13:35,7872.63,7884.68,7855.0,7855.0,3029450.0,6400247440.0
2026-07-15 13:40,7854.44,7861.44,7844.83,7848.27,2544468.0,5149655792.0
2026-07-15 13:45,7848.41,7880.46,7848.41,7866.43,2580544.0,5517407872.0
2026-07-15 13:50,7866.63,7866.63,7828.38,7828.6,3010172.0,5945412992.0
2026-07-15 13:55,7828.87,7839.46,7828.32,7839.46,2415407.0,4650640160.0
2026-07-15 14:00,7838.2,7838.2,7813.84,7816.57,2391422.0,4720400288.0
2026-07-15 14:05,7816.55,7816.55,7802.1,7803.77,3016753.0,5773547008.0
2026-07-15 14:10,7805.1,7806.77,7795.38,7795.38,2501522.0,5256776288.0
2026-07-15 14:15,7794.45,7811.07,7791.36,7809.59,3094888.0,6023660864.0
2026-07-15 14:20,7810.28,7817.12,7799.16,7799.16,2899154.0,5020058400.0
2026-07-15 14:25,7798.86,7798.86,7787.17,7795.79,3064598.0,5777149808.0
2026-07-15 14:30,7796.72,7823.92,7796.72,7810.61,4117546.0,6396754256.0
2026-07-15 14:35,7810.15,7813.79,7783.22,7797.11,4138472.0,8169113824.0
2026-07-15 14:40,7797.29,7811.3,7794.57,7804.23,3769966.0,7577754928.0
2026-07-15 14:45,7804.07,7825.79,7799.54,7825.6,4588852.0,8755937568.0
2026-07-15 14:50,7825.31,7832.79,7803.96,7812.24,4998513.0,9205593728.0
2026-07-15 14:55,7812.09,7829.07,7812.09,7813.23,6512931.0,11774904000.0
2026-07-15 15:00,7812.62,7817.83,7812.48,7817.83,5889974.0,10282374777.0
2026-07-16 09:35,7713.13,7718.83,7642.7,7643.67,27719791.0,54759986272.0
2026-07-16 09:40,7643.48,7719.74,7643.48,7704.71,17107194.0,30809121536.0
2026-07-16 09:45,7700.79,7744.13,7686.66,7743.24,14235746.0,24413946880.0
2026-07-16 09:50,7743.36,7764.13,7737.82,7756.33,9037530.0,16953280224.0
2026-07-16 09:55,7755.23,7757.76,7731.81,7744.73,7318229.0,13924059712.0
2026-07-16 10:00,7745.38,7813.24,7745.38,7799.08,7223060.0,13576554848.0
2026-07-16 10:05,7799.22,7799.22,7775.36,7787.52,6316512.0,11487126032.0
2026-07-16 10:10,7786.02,7835.31,7781.68,7835.31,5043821.0,9775949488.0
2026-07-16 10:15,7836.12,7836.39,7795.83,7799.17,4711097.0,9222343024.0
2026-07-16 10:20,7799.73,7827.53,7799.73,7812.2,4062833.0,8650140544.0
2026-07-16 10:25,7811.9,7825.46,7790.99,7793.15,4811372.0,8857539472.0
2026-07-16 10:30,7794.01,7810.4,7790.52,7799.38,5374126.0,9363701984.0
2026-07-16 10:35,7798.54,7798.54,7773.63,7785.25,5559479.0,10286012448.0
2026-07-16 10:40,7790.65,7792.22,7757.01,7758.42,4552801.0,8862725792.0
2026-07-16 10:45,7758.23,7803.11,7747.93,7803.11,4404782.0,8563152400.0
2026-07-16 10:50,7803.9,7823.12,7802.9,7817.75,4073590.0,7783234144.0
2026-07-16 10:55,7818.39,7827.11,7808.9,7810.33,3254986.0,6358569360.0
2026-07-16 11:00,7808.04,7809.65,7796.8,7798.64,2557420.0,4847306816.0
2026-07-16 11:05,7797.72,7803.87,7778.89,7778.89,2399868.0,4745567632.0
2026-07-16 11:10,7779.01,7790.57,7771.11,7776.0,2671936.0,4826390000.0
2026-07-16 11:15,7776.45,7779.85,7759.33,7759.33,2376713.0,4574369280.0
2026-07-16 11:20,7758.89,7767.92,7738.76,7738.76,2829736.0,5056096224.0
2026-07-16 11:25,7738.46,7743.47,7725.37,7725.88,2699153.0,5482595120.0
2026-07-16 11:30,7726.21,7762.73,7726.21,7760.73,2241970.0,4295383696.0
2026-07-16 13:05,7762.01,7762.06,7733.88,7751.86,3988704.0,7721934016.0
2026-07-16 13:10,7753.92,7761.2,7726.82,7726.82,3021616.0,5693091120.0
2026-07-16 13:15,7726.56,7738.83,7714.09,7738.54,3733058.0,6791279072.0
2026-07-16 13:20,7738.88,7761.15,7723.55,7758.94,3170639.0,6018117104.0
2026-07-16 13:25,7759.02,7770.05,7731.96,7732.06,2957009.0,5587315152.0
2026-07-16 13:30,7731.19,7731.19,7712.1,7718.27,3368778.0,6754847264.0
2026-07-16 13:35,7717.99,7717.99,7695.06,7712.85,4086033.0,8118712224.0
2026-07-16 13:40,7711.74,7711.74,7684.67,7690.56,3710397.0,7196598192.0
2026-07-16 13:45,7691.29,7700.92,7683.55,7695.68,3582619.0,6720488304.0
2026-07-16 13:50,7697.91,7701.08,7679.19,7681.43,3807011.0,7908866640.0
2026-07-16 13:55,7680.67,7704.69,7677.24,7678.15,3530315.0,7238518464.0
2026-07-16 14:00,7678.27,7683.9,7674.36,7682.8,2859626.0,5758775728.0
2026-07-16 14:05,7683.53,7693.85,7663.93,7677.3,3752781.0,6735480352.0
2026-07-16 14:10,7677.04,7703.56,7671.67,7675.21,2770815.0,5769366064.0
2026-07-16 14:15,7673.79,7679.44,7659.24,7661.84,3262037.0,6198654496.0
2026-07-16 14:20,7661.18,7661.78,7655.95,7657.67,3144751.0,6324723552.0
2026-07-16 14:25,7657.96,7664.88,7649.12,7653.04,3529748.0,7183253792.0
2026-07-16 14:30,7652.49,7662.35,7644.88,7647.64,3183560.0,6579581488.0
2026-07-16 14:35,7648.71,7648.71,7617.62,7617.93,5259839.0,9581766688.0
2026-07-16 14:40,7617.96,7621.47,7604.54,7618.48,4986412.0,9898956752.0
2026-07-16 14:45,7618.55,7630.62,7608.7,7610.38,4776145.0,9672291744.0
2026-07-16 14:50,7610.48,7614.0,7591.42,7592.13,6027349.0,12186328944.0
2026-07-16 14:55,7592.48,7623.81,7592.48,7621.92,7615383.0,14018158896.0
2026-07-16 15:00,7621.87,7632.22,7621.6,7631.76,5518501.0,9958477191.0
2026-07-17 09:35,7599.39,7605.61,7506.59,7512.81,28347702.0,50791286224.0
2026-07-17 09:40,7512.19,7540.2,7488.39,7535.56,20793909.0,36269783552.0
2026-07-17 09:45,7531.63,7542.39,7495.59,7495.59,13985483.0,23432478864.0
2026-07-17 09:50,7494.91,7494.91,7451.21,7481.2,13406313.0,23518586656.0
2026-07-17 09:55,7482.14,7531.21,7474.56,7525.92,10595143.0,18214282992.0
2026-07-17 10:00,7525.21,7542.86,7514.59,7521.25,7566786.0,13806380336.0
2026-07-17 10:05,7520.64,7544.08,7485.44,7544.08,8117418.0,13824945888.0
2026-07-17 10:10,7545.0,7545.0,7498.62,7498.62,6416793.0,11510252688.0
2026-07-17 10:15,7497.58,7502.09,7468.48,7491.73,6264353.0,10480677920.0
2026-07-17 10:20,7491.08,7528.4,7478.81,7496.47,4797612.0,8359565120.0
2026-07-17 10:25,7496.87,7496.87,7457.55,7481.04,5288769.0,8817785856.0
2026-07-17 10:30,7482.46,7482.46,7454.98,7455.23,4304059.0,7615122000.0
2026-07-17 10:35,7454.14,7454.14,7421.69,7421.69,5094838.0,9006470704.0
2026-07-17 10:40,7421.98,7431.94,7408.06,7429.63,5526542.0,10004182832.0
2026-07-17 10:45,7429.16,7438.28,7394.88,7395.15,4593342.0,8265066496.0
2026-07-17 10:50,7394.88,7415.79,7362.43,7364.53,5629395.0,9794253760.0
2026-07-17 10:55,7364.71,7383.56,7364.02,7367.56,4197062.0,7730419312.0
2026-07-17 11:00,7369.76,7417.32,7369.76,7402.91,3807957.0,6948133024.0
2026-07-17 11:05,7404.05,7474.8,7404.05,7466.77,4273533.0,7928014208.0
2026-07-17 11:10,7468.54,7471.01,7435.2,7437.1,4420944.0,7294747824.0
2026-07-17 11:15,7440.64,7442.75,7412.23,7427.08,3347003.0,5373038192.0
2026-07-17 11:20,7427.17,7441.65,7398.81,7403.53,2990071.0,5234438800.0
2026-07-17 11:25,7404.69,7409.88,7390.14,7391.82,2740685.0,4786026320.0
2026-07-17 11:30,7391.76,7403.45,7379.91,7392.21,2685033.0,4686997920.0
2026-07-17 13:05,7389.06,7389.06,7337.57,7339.75,5917858.0,9849561632.0
2026-07-17 13:10,7340.34,7342.84,7306.98,7316.82,4789770.0,8440473408.0
2026-07-17 13:15,7318.58,7331.51,7300.7,7302.9,4955543.0,8871661008.0
2026-07-17 13:20,7304.27,7308.96,7279.81,7279.81,4631000.0,8482112464.0
2026-07-17 13:25,7278.56,7280.24,7257.6,7257.6,5671103.0,9386178720.0
2026-07-17 13:30,7256.93,7290.67,7248.24,7272.81,5522437.0,8208796928.0
2026-07-17 13:35,7273.49,7284.95,7242.27,7244.73,4222496.0,6959992720.0
2026-07-17 13:40,7245.08,7246.83,7202.25,7202.25,6252663.0,9522493984.0
2026-07-17 13:45,7201.12,7213.52,7178.54,7178.97,6132194.0,9732501856.0
2026-07-17 13:50,7178.97,7211.63,7163.31,7209.73,6549904.0,10603006768.0
2026-07-17 13:55,7212.1,7226.87,7188.56,7203.62,4367879.0,7312247936.0
2026-07-17 14:00,7203.2,7263.68,7190.04,7257.38,4191425.0,7156760432.0
2026-07-17 14:05,7256.61,7326.44,7256.44,7299.02,6039506.0,10529765280.0
2026-07-17 14:10,7297.45,7326.59,7277.02,7320.98,3729332.0,6576469648.0
2026-07-17 14:15,7320.48,7359.06,7320.48,7352.33,4013467.0,7890204288.0
2026-07-17 14:20,7351.92,7357.99,7298.31,7301.34,3417051.0,6868660256.0
2026-07-17 14:25,7300.73,7328.55,7296.76,7308.19,2975841.0,5520063296.0
2026-07-17 14:30,7308.15,7324.21,7280.33,7282.27,2923812.0,5056045264.0
2026-07-17 14:35,7282.91,7296.61,7274.37,7291.52,3431565.0,5851447536.0
2026-07-17 14:40,7290.48,7290.48,7238.09,7239.62,4139930.0,6711705248.0
2026-07-17 14:45,7239.38,7241.81,7209.73,7210.95,5049752.0,8205997408.0
2026-07-17 14:50,7210.96,7210.96,7191.55,7194.49,5534393.0,9031111664.0
2026-07-17 14:55,7194.01,7197.09,7168.39,7169.19,6737120.0,11214878112.0
2026-07-17 15:00,7168.57,7171.97,7166.79,7168.0,5855459.0,9232224747.0
2026-07-20 09:35,7256.27,7281.73,7217.47,7281.73,32514187.0,57360818176.0
2026-07-20 09:40,7283.5,7298.12,7247.51,7247.51,16421819.0,28447375616.0
2026-07-20 09:45,7244.94,7265.28,7210.36,7246.81,15044976.0,25398371328.0
2026-07-20 09:50,7247.35,7247.8,7191.31,7195.94,12571152.0,21593629936.0
2026-07-20 09:55,7198.46,7198.46,7144.8,7144.8,12282675.0,21397692032.0
2026-07-20 10:00,7146.17,7226.63,7146.17,7218.8,10621458.0,17261521872.0
2026-07-20 10:05,7219.09,7251.89,7198.51,7245.2,8188072.0,12977013520.0
2026-07-20 10:10,7245.38,7245.38,7185.93,7201.83,6716075.0,11379024032.0
2026-07-20 10:15,7204.04,7204.04,7161.94,7164.62,6392035.0,12190396128.0
2026-07-20 10:20,7164.16,7165.94,7117.85,7131.46,6863652.0,12975903392.0
2026-07-20 10:25,7131.82,7134.45,7085.97,7112.62,6448880.0,11321926624.0
2026-07-20 10:30,7113.13,7128.66,7096.52,7096.52,5004466.0,8645120016.0
2026-07-20 10:35,7094.6,7099.04,7056.58,7056.58,7306963.0,13007890784.0
2026-07-20 10:40,7055.78,7100.22,7050.0,7084.78,6268877.0,10933634080.0
2026-07-20 10:45,7082.9,7111.71,7075.43,7111.27,3802055.0,6710767504.0
2026-07-20 10:50,7111.43,7161.66,7111.43,7161.66,5432371.0,9329311216.0
2026-07-20 10:55,7163.12,7164.0,7124.01,7124.01,3572928.0,6037755056.0
2026-07-20 11:00,7123.5,7181.15,7123.06,7174.95,3241534.0,5385748384.0
2026-07-20 11:05,7175.75,7210.69,7175.43,7206.55,4264688.0,7668945408.0
2026-07-20 11:10,7206.36,7208.33,7164.1,7175.39,2857092.0,5157716704.0
2026-07-20 11:15,7175.94,7184.22,7149.59,7150.13,2188694.0,4110170336.0
2026-07-20 11:20,7151.28,7163.07,7124.48,7126.05,2339280.0,4016320992.0
2026-07-20 11:25,7125.61,7125.61,7100.52,7116.14,2489054.0,4124029760.0
2026-07-20 11:30,7116.89,7127.6,7095.78,7100.05,2377809.0,4126990368.0
2026-07-20 13:05,7102.4,7122.76,7064.72,7083.76,5477080.0,9032382656.0
2026-07-20 13:10,7087.38,7087.38,7056.42,7071.7,3419180.0,6156199040.0
2026-07-20 13:15,7071.74,7080.14,7041.12,7041.47,4094308.0,7110184800.0
2026-07-20 13:20,7041.38,7041.57,7011.25,7033.03,4676806.0,8236725088.0
2026-07-20 13:25,7030.13,7030.69,7001.43,7001.77,3957933.0,6931350832.0
2026-07-20 13:30,7001.47,7008.04,6983.21,6983.72,4175181.0,7651212976.0
2026-07-20 13:35,6983.72,6995.4,6955.03,6958.59,5022298.0,9279704784.0
2026-07-20 13:40,6959.9,6971.25,6908.02,6908.02,7622822.0,10981586464.0
2026-07-20 13:45,6907.57,6937.4,6885.67,6885.67,6395137.0,9538224528.0
2026-07-20 13:50,6884.45,6929.23,6856.65,6914.19,8011595.0,11573530160.0
2026-07-20 13:55,6914.91,6936.33,6871.49,6871.49,4305958.0,6930132384.0
2026-07-20 14:00,6871.64,6875.32,6852.75,6867.63,5562017.0,8033904880.0
2026-07-20 14:05,6868.91,6947.33,6862.17,6946.03,4840597.0,7619512992.0
2026-07-20 14:10,6945.4,6955.56,6893.31,6893.92,3670706.0,6132994096.0
2026-07-20 14:15,6892.17,6915.67,6887.4,6915.67,4255833.0,6627649216.0
2026-07-20 14:20,6915.48,6934.22,6902.52,6934.22,3531183.0,5205592832.0
2026-07-20 14:25,6934.39,6941.64,6866.85,6866.85,4452514.0,6591068288.0
2026-07-20 14:30,6865.0,6902.09,6863.65,6873.24,4902262.0,7888924272.0
2026-07-20 14:35,6873.16,6876.15,6828.42,6838.63,5915871.0,9807236096.0
2026-07-20 14:40,6837.88,6852.76,6824.14,6834.39,5563623.0,9175483504.0
2026-07-20 14:45,6835.56,6913.79,6835.56,6913.79,5636069.0,9011697408.0
2026-07-20 14:50,6916.0,6937.14,6908.77,6926.19,5663669.0,9130000832.0
2026-07-20 14:55,6927.3,6952.47,6926.36,6951.74,6260500.0,10015155792.0
2026-07-20 15:00,6951.79,6965.38,6951.79,6965.38,5562978.0,7903317151.0
2026-07-21 09:35,6975.89,6987.58,6929.59,6973.69,31794553.0,51142169312.0
2026-07-21 09:40,6974.12,7038.18,6970.45,7003.52,19445644.0,30523744256.0
2026-07-21 09:45,7004.68,7015.89,6962.5,6962.5,15424511.0,24574651312.0
2026-07-21 09:50,6962.27,6991.2,6932.14,6933.03,13297756.0,20708257168.0
2026-07-21 09:55,6932.03,6932.03,6882.99,6882.99,11842673.0,20263472992.0
2026-07-21 10:00,6881.73,6881.73,6807.18,6834.02,11515361.0,20168361680.0
2026-07-21 10:05,6832.27,6834.98,6770.51,6770.51,12442957.0,20101003792.0
2026-07-21 10:10,6771.59,6814.9,6719.58,6719.58,11420624.0,18051203184.0
2026-07-21 10:15,6719.04,6797.05,6714.19,6785.58,10637877.0,16896330144.0
2026-07-21 10:20,6786.12,6830.57,6773.19,6776.83,7182508.0,11433636592.0
2026-07-21 10:25,6775.54,6883.6,6773.27,6879.67,8511671.0,13085101552.0
2026-07-21 10:30,6879.26,6900.23,6860.63,6900.23,6808795.0,11083529328.0
2026-07-21 10:35,6901.8,6946.41,6901.8,6929.31,7363766.0,12095411184.0
2026-07-21 10:40,6929.11,6982.39,6927.3,6982.39,7184676.0,11848877472.0
2026-07-21 10:45,6984.4,6985.07,6928.63,6933.36,5749290.0,10523093168.0
2026-07-21 10:50,6932.63,7026.77,6931.62,7021.58,5800423.0,10037736272.0
2026-07-21 10:55,7018.07,7020.62,6980.37,7017.38,5434249.0,9982690112.0
2026-07-21 11:00,7018.61,7059.63,7018.61,7045.6,5608178.0,11717902176.0
2026-07-21 11:05,7045.04,7084.79,7045.04,7084.66,7990448.0,13886874848.0
2026-07-21 11:10,7084.06,7124.51,7070.44,7114.61,8424095.0,16932727136.0
2026-07-21 11:15,7113.22,7120.97,7089.99,7093.88,5471622.0,11179108864.0
2026-07-21 11:20,7092.7,7133.12,7092.7,7099.56,4076005.0,8033451776.0
2026-07-21 11:25,7101.43,7139.6,7101.43,7139.6,3512342.0,6739835408.0
2026-07-21 11:30,7140.41,7175.17,7140.1,7175.01,4087039.0,8600920432.0
2026-07-21 13:05,7180.88,7219.6,7180.88,7212.54,8787330.0,18858049616.0
2026-07-21 13:10,7212.07,7227.15,7191.81,7207.43,5586013.0,10677515552.0
2026-07-21 13:15,7207.65,7221.11,7192.15,7193.29,4297998.0,8096071136.0
2026-07-21 13:20,7195.4,7196.98,7163.58,7173.07,5336183.0,9511491504.0
2026-07-21 13:25,7172.62,7172.62,7145.87,7167.2,4322409.0,7724157856.0
2026-07-21 13:30,7165.98,7181.75,7159.3,7177.61,3043316.0,5470674048.0
2026-07-21 13:35,7177.75,7192.62,7141.26,7141.26,4160433.0,6709075328.0
2026-07-21 13:40,7142.03,7164.57,7141.63,7157.6,3287839.0,5474991104.0
2026-07-21 13:45,7159.01,7178.13,7159.01,7173.94,2677370.0,4848281712.0
2026-07-21 13:50,7174.11,7189.46,7168.38,7187.68,2855787.0,5044546928.0
2026-07-21 13:55,7188.67,7202.99,7181.54,7202.99,3070941.0,5559414384.0
2026-07-21 14:00,7203.26,7210.42,7178.03,7179.65,3525036.0,6249758464.0
2026-07-21 14:05,7180.16,7208.58,7176.31,7208.05,3537885.0,5668473776.0
2026-07-21 14:10,7208.02,7224.51,7206.19,7221.23,3195001.0,6226141728.0
2026-07-21 14:15,7221.92,7227.49,7208.14,7223.11,3334807.0,6095350256.0
2026-07-21 14:20,7223.48,7239.71,7223.48,7235.77,3080587.0,5962324576.0
2026-07-21 14:25,7235.66,7236.77,7224.9,7231.32,3342119.0,5959944720.0
2026-07-21 14:30,7231.88,7234.17,7207.96,7219.07,4241315.0,6911126064.0
2026-07-21 14:35,7218.38,7241.65,7218.38,7241.65,4597459.0,7049394800.0
2026-07-21 14:40,7241.69,7243.91,7236.34,7243.75,4552046.0,7586049728.0
2026-07-21 14:45,7243.9,7255.5,7241.58,7255.5,4828989.0,8191250912.0
2026-07-21 14:50,7254.62,7255.03,7240.44,7247.4,5735672.0,9475376960.0
2026-07-21 14:55,7247.62,7258.84,7244.64,7258.76,6148418.0,9939767392.0
2026-07-21 15:00,7259.22,7264.34,7258.98,7259.86,6417380.0,9969712276.0
2026-07-22 09:35,7196.86,7266.54,7195.27,7265.91,31417784.0,58491349936.0
2026-07-22 09:40,7265.56,7302.45,7262.21,7282.35,19733315.0,36625606400.0
2026-07-22 09:45,7285.63,7286.79,7223.73,7256.14,16770410.0,30461991024.0
2026-07-22 09:50,7257.3,7290.96,7257.3,7270.02,11574275.0,21059996816.0
2026-07-22 09:55,7265.83,7293.58,7245.12,7248.15,11902935.0,20649118000.0
2026-07-22 10:00,7248.38,7274.31,7239.22,7274.31,9730213.0,17357417232.0
2026-07-22 10:05,7274.3,7283.2,7251.52,7270.99,8249745.0,14318563232.0
2026-07-22 10:10,7268.76,7268.76,7243.17,7251.26,7049382.0,12832454784.0
2026-07-22 10:15,7251.89,7261.15,7239.04,7240.09,7011325.0,12289293296.0
2026-07-22 10:20,7239.54,7278.42,7238.7,7274.66,7680824.0,13144146752.0
2026-07-22 10:25,7275.75,7296.18,7269.4,7277.02,7255587.0,13006137200.0
2026-07-22 10:30,7276.02,7284.86,7266.24,7284.46,5530372.0,9559632624.0
2026-07-22 10:35,7281.79,7282.56,7250.44,7251.25,6278119.0,11201046160.0
2026-07-22 10:40,7252.35,7257.53,7227.98,7242.27,5506851.0,10009318496.0
2026-07-22 10:45,7239.05,7239.05,7197.15,7212.86,6812436.0,11264495808.0
2026-07-22 10:50,7213.4,7222.82,7207.28,7217.48,4270973.0,7323914896.0
2026-07-22 10:55,7217.8,7236.19,7211.84,7233.45,4019203.0,6741032016.0
2026-07-22 11:00,7234.26,7234.26,7212.65,7213.33,3397441.0,5663534688.0
2026-07-22 11:05,7209.2,7209.31,7181.51,7183.02,5707359.0,8462321632.0
2026-07-22 11:10,7182.9,7190.2,7169.05,7187.96,4574650.0,7430265488.0
2026-07-22 11:15,7189.03,7226.75,7189.03,7223.44,3793863.0,6607454592.0
2026-07-22 11:20,7224.66,7246.84,7224.66,7244.14,3091959.0,6099696912.0
2026-07-22 11:25,7245.15,7272.04,7245.15,7272.04,3395853.0,6447100464.0
2026-07-22 11:30,7272.3,7286.92,7271.02,7283.2,3359753.0,6700207104.0
2026-07-22 13:05,7283.55,7283.55,7245.0,7245.0,6329189.0,12225665088.0
2026-07-22 13:10,7243.86,7253.31,7230.12,7230.19,3609149.0,6650421296.0
2026-07-22 13:15,7230.03,7230.03,7210.78,7218.77,3171122.0,6038501424.0
2026-07-22 13:20,7219.59,7219.59,7187.87,7207.53,3755756.0,7082949280.0
2026-07-22 13:25,7207.57,7207.57,7176.8,7180.3,3778949.0,6971441920.0
2026-07-22 13:30,7181.77,7186.68,7167.0,7175.88,4523668.0,8403457744.0
2026-07-22 13:35,7175.05,7182.63,7159.61,7182.63,4204264.0,8219638112.0
2026-07-22 13:40,7183.45,7200.54,7175.38,7179.51,3782214.0,6439332416.0
2026-07-22 13:45,7178.66,7189.73,7169.87,7184.43,2716604.0,4937419008.0
2026-07-22 13:50,7185.65,7202.78,7181.15,7187.36,2498152.0,4643372384.0
2026-07-22 13:55,7187.14,7192.0,7171.18,7171.26,2642011.0,4620205328.0
2026-07-22 14:00,7170.99,7170.99,7145.71,7151.6,3476601.0,6271451952.0
2026-07-22 14:05,7152.17,7167.66,7151.2,7151.92,3781295.0,6025472080.0
2026-07-22 14:10,7151.44,7151.44,7127.0,7132.04,4532474.0,7736389728.0
2026-07-22 14:15,7132.13,7132.46,7118.66,7129.5,3720975.0,6812219936.0
2026-07-22 14:20,7130.18,7163.76,7127.56,7151.58,3132848.0,5602575296.0
2026-07-22 14:25,7153.37,7192.5,7153.37,7187.87,2759896.0,5226625216.0
2026-07-22 14:30,7187.2,7187.2,7152.19,7152.22,2621336.0,4537927904.0
2026-07-22 14:35,7150.74,7181.67,7144.75,7162.47,4544129.0,6944538688.0
2026-07-22 14:40,7164.7,7166.18,7149.78,7158.24,3489878.0,5918831456.0
2026-07-22 14:45,7158.56,7175.1,7153.71,7161.42,4120777.0,6752203248.0
2026-07-22 14:50,7160.28,7166.78,7153.95,7159.47,4541607.0,7880567776.0
2026-07-22 14:55,7158.8,7168.8,7158.57,7161.4,5825638.0,9518522576.0
2026-07-22 15:00,7161.67,7164.42,7158.76,7158.76,5909310.0,9151755338.0
2026-07-23 09:35,7169.54,7202.24,7146.32,7193.87,25989785.0,44737724080.0
2026-07-23 09:40,7194.3,7242.31,7194.3,7200.44,16483715.0,28706182144.0
2026-07-23 09:45,7200.19,7219.54,7179.99,7210.7,10767333.0,20171682736.0
2026-07-23 09:50,7211.85,7214.49,7180.7,7203.33,9399209.0,16035427024.0
2026-07-23 09:55,7200.35,7247.14,7194.78,7234.6,8528602.0,14900917456.0
2026-07-23 10:00,7234.19,7234.97,7207.06,7207.06,7466635.0,12636296320.0
2026-07-23 10:05,7207.07,7207.07,7176.01,7191.35,9392830.0,15709238400.0
2026-07-23 10:10,7193.81,7203.26,7179.27,7201.02,7464168.0,12453760896.0
2026-07-23 10:15,7201.16,7216.17,7194.81,7196.19,5881621.0,9989696448.0
2026-07-23 10:20,7195.92,7195.92,7171.79,7186.48,6319465.0,10416362528.0
2026-07-23 10:25,7186.38,7208.57,7171.81,7171.81,5541273.0,9451434128.0
2026-07-23 10:30,7170.82,7171.36,7151.98,7159.57,5541653.0,10358464608.0
2026-07-23 10:35,7160.75,7179.78,7160.75,7167.08,4246504.0,7482962576.0
2026-07-23 10:40,7166.1,7196.0,7165.49,7175.99,3664785.0,6399343328.0
2026-07-23 10:45,7175.34,7192.85,7170.91,7171.06,3748276.0,6453313008.0
2026-07-23 10:50,7170.94,7177.48,7161.28,7163.41,3796365.0,6897846400.0
2026-07-23 10:55,7163.73,7182.53,7162.1,7173.39,3965849.0,6442164656.0
2026-07-23 11:00,7172.65,7172.65,7156.82,7163.88,3131671.0,5965498400.0
2026-07-23 11:05,7163.24,7170.39,7130.85,7133.0,4272688.0,7402677152.0
2026-07-23 11:10,7132.98,7134.4,7117.8,7123.49,3656889.0,6885524944.0
2026-07-23 11:15,7122.62,7159.41,7113.5,7159.41,3084676.0,5646670064.0
2026-07-23 11:20,7159.4,7159.4,7136.67,7139.3,2448265.0,4477256816.0
2026-07-23 11:25,7139.19,7150.79,7130.04,7132.87,2193506.0,3939150864.0
2026-07-23 11:30,7133.09,7142.13,7122.79,7142.04,2378065.0,4205422224.0
2026-07-23 13:05,7145.04,7176.67,7145.04,7150.14,5044282.0,8514477056.0
2026-07-23 13:10,7148.95,7191.29,7142.97,7190.73,4108523.0,6579578752.0
2026-07-23 13:15,7190.79,7190.79,7165.11,7165.24,3709662.0,6059006752.0
2026-07-23 13:20,7165.28,7165.28,7139.5,7139.61,3135025.0,5549538528.0
2026-07-23 13:25,7139.95,7161.27,7139.95,7155.56,2356948.0,4208222672.0
2026-07-23 13:30,7155.36,7197.01,7155.31,7182.04,3997620.0,5751187824.0
2026-07-23 13:35,7181.99,7216.35,7175.78,7215.6,4354298.0,6771181584.0
2026-07-23 13:40,7216.13,7233.98,7204.38,7228.73,4550706.0,7538756144.0
2026-07-23 13:45,7228.17,7229.2,7194.99,7200.98,3235444.0,5835724832.0
2026-07-23 13:50,7200.81,7200.81,7177.65,7180.09,2680709.0,4645956144.0
2026-07-23 13:55,7179.87,7188.85,7177.66,7181.1,2656040.0,4380223584.0
2026-07-23 14:00,7181.15,7183.96,7175.67,7175.67,2982636.0,4414620400.0
2026-07-23 14:05,7175.22,7177.92,7164.39,7174.67,3687806.0,5474038912.0
2026-07-23 14:10,7174.54,7180.72,7171.42,7175.2,2414536.0,3758477312.0
2026-07-23 14:15,7175.29,7178.39,7172.1,7175.29,2457587.0,3797507024.0
2026-07-23 14:20,7175.97,7182.9,7167.91,7171.75,3153181.0,4833727136.0
2026-07-23 14:25,7172.31,7173.61,7167.05,7170.82,2261956.0,3953168640.0
2026-07-23 14:30,7170.45,7173.45,7163.8,7173.45,2803701.0,4928813120.0
2026-07-23 14:35,7173.74,7191.32,7171.13,7176.11,4823878.0,6792976912.0
2026-07-23 14:40,7177.8,7190.28,7177.68,7190.28,3414786.0,5558382800.0
2026-07-23 14:45,7190.53,7201.29,7188.72,7200.36,4109390.0,6611733248.0
2026-07-23 14:50,7199.3,7199.3,7186.63,7191.96,5151087.0,7941836992.0
2026-07-23 14:55,7192.18,7197.05,7190.72,7194.75,6916251.0,10283419536.0
2026-07-23 15:00,7195.0,7198.58,7194.28,7195.5,7132845.0,10273519780.0
2026-07-24 09:35,7109.25,7130.96,7079.08,7130.82,29275820.0,45967089072.0
2026-07-24 09:40,7130.86,7148.04,7116.54,7130.02,14940361.0,25046918624.0
2026-07-24 09:45,7131.66,7173.44,7116.94,7171.34,9446723.0,17605940880.0
2026-07-24 09:50,7170.99,7173.83,7149.38,7153.36,8361549.0,14517647296.0
2026-07-24 09:55,7157.29,7174.55,7148.76,7172.8,8119770.0,13682674368.0
2026-07-24 10:00,7172.39,7172.39,7138.77,7146.44,6686405.0,11126084256.0
2026-07-24 10:05,7146.74,7148.09,7115.76,7115.76,6681879.0,11056719712.0
2026-07-24 10:10,7114.68,7150.92,7105.99,7141.53,5552939.0,9433181056.0
2026-07-24 10:15,7142.99,7146.36,7110.78,7113.17,4861561.0,8023297696.0
2026-07-24 10:20,7112.06,7114.93,7085.42,7091.25,5207661.0,9225635712.0
2026-07-24 10:25,7091.35,7095.68,7072.78,7093.1,4942577.0,8227517664.0
2026-07-24 10:30,7091.94,7105.04,7090.43,7096.36,3939901.0,6289815440.0
2026-07-24 10:35,7096.23,7096.23,7053.43,7063.87,5808063.0,8763871744.0
2026-07-24 10:40,7063.25,7071.18,7040.59,7040.97,4268290.0,7152073200.0
2026-07-24 10:45,7040.63,7052.56,7040.63,7049.6,3332509.0,5828838064.0
2026-07-24 10:50,7049.85,7058.25,7045.59,7051.41,3686411.0,5652317968.0
2026-07-24 10:55,7048.28,7072.96,7040.08,7070.56,4021662.0,6081849760.0
2026-07-24 11:00,7070.65,7074.24,7039.94,7041.58,3430166.0,5171210112.0
2026-07-24 11:05,7042.73,7042.81,7023.18,7040.04,4003038.0,5865790224.0
2026-07-24 11:10,7039.77,7046.38,7030.42,7030.42,2026024.0,3529030560.0
2026-07-24 11:15,7030.28,7039.19,7028.21,7030.95,1927030.0,3500853328.0
2026-07-24 11:20,7030.6,7031.28,7012.99,7012.99,2782291.0,4684284208.0
2026-07-24 11:25,7008.54,7011.9,6995.77,7004.9,3578066.0,5632960128.0
2026-07-24 11:30,7005.17,7038.75,6996.71,7033.98,2503121.0,4411107616.0
2026-07-24 13:05,7036.33,7067.58,7036.33,7055.33,4367966.0,8040214048.0
2026-07-24 13:10,7054.69,7109.97,7047.45,7093.9,3646590.0,7188528864.0
2026-07-24 13:15,7094.5,7126.66,7091.85,7096.95,3885776.0,7853412288.0
2026-07-24 13:20,7096.04,7101.95,7078.89,7099.78,2605566.0,5342801776.0
2026-07-24 13:25,7100.0,7100.33,7077.71,7079.83,2571450.0,4649491776.0
2026-07-24 13:30,7079.55,7112.98,7079.52,7092.5,2932915.0,5383451040.0
2026-07-24 13:35,7092.52,7092.52,7066.89,7072.54,3126396.0,5117873152.0
2026-07-24 13:40,7070.44,7070.44,7043.79,7043.79,2455007.0,4420782496.0
2026-07-24 13:45,7042.58,7049.34,7024.37,7029.4,3281387.0,4873110640.0
2026-07-24 13:50,7026.88,7034.0,7018.34,7029.63,2981250.0,4454594704.0
2026-07-24 13:55,7029.1,7029.1,7013.99,7015.7,2643405.0,4045349840.0
2026-07-24 14:00,7015.29,7024.07,7012.74,7018.12,2716301.0,3975263808.0
2026-07-24 14:05,7018.45,7018.47,7009.84,7013.86,2888812.0,4318278064.0
2026-07-24 14:10,7011.99,7022.17,7002.35,7020.9,2508262.0,4368432336.0
2026-07-24 14:15,7020.92,7032.25,7012.47,7032.06,2119931.0,3611474352.0
2026-07-24 14:20,7032.13,7039.24,7020.8,7021.86,2310795.0,3728160960.0
2026-07-24 14:25,7024.19,7052.84,7024.19,7037.66,2416549.0,4212266592.0
2026-07-24 14:30,7037.53,7046.26,7032.92,7039.93,2085030.0,3655923008.0
2026-07-24 14:35,7040.65,7051.73,7015.81,7028.67,3707530.0,5938392480.0
2026-07-24 14:40,7031.34,7033.87,7021.94,7024.9,3039325.0,5025454304.0
2026-07-24 14:45,7024.15,7024.15,7014.31,7014.71,4186619.0,6455017952.0
2026-07-24 14:50,7014.5,7014.5,6999.49,7006.27,5375659.0,8472954880.0
2026-07-24 14:55,7005.83,7014.15,7003.82,7003.82,6108369.0,9285093264.0
2026-07-24 15:00,7003.73,7004.09,6995.69,6995.69,5681928.0,8920258761.0
2026-07-27 09:35,6981.16,7045.86,6979.16,7033.55,21083102.0,34813875568.0
2026-07-27 09:40,7032.98,7034.65,6972.28,7007.8,15723564.0,26754509824.0
2026-07-27 09:45,7007.43,7074.97,7004.49,7046.11,13457624.0,22793378080.0
2026-07-27 09:50,7042.54,7072.91,7033.5,7051.04,9641541.0,16501512480.0
2026-07-27 09:55,7051.32,7111.25,7040.99,7111.25,8656300.0,15994101968.0
2026-07-27 10:00,7112.14,7165.6,7112.06,7149.42,10053687.0,20303879840.0
2026-07-27 10:05,7149.43,7154.71,7131.9,7139.12,8153795.0,15007231408.0
2026-07-27 10:10,7137.88,7159.23,7133.0,7155.86,5399607.0,9664378640.0
2026-07-27 10:15,7155.49,7156.79,7140.0,7147.8,4726891.0,8654894144.0
2026-07-27 10:20,7146.79,7158.58,7134.2,7146.8,5125286.0,9301232672.0
2026-07-27 10:25,7143.22,7166.81,7141.79,7147.42,5126056.0,8638281392.0
2026-07-27 10:30,7146.22,7175.49,7146.22,7172.69,4280309.0,7756070208.0
2026-07-27 10:35,7171.49,7171.49,7138.11,7140.43,4628104.0,7992518256.0
2026-07-27 10:40,7138.9,7138.9,7108.5,7114.79,4253640.0,8218207856.0
2026-07-27 10:45,7114.59,7138.47,7113.73,7131.92,3569031.0,5767268464.0
2026-07-27 10:50,7132.09,7149.91,7130.06,7131.19,3566803.0,5462659024.0
2026-07-27 10:55,7130.13,7132.66,7119.69,7126.67,2954290.0,4603029328.0
2026-07-27 11:00,7126.75,7129.39,7119.4,7123.34,2598960.0,4140925648.0
2026-07-27 11:05,7122.97,7133.25,7118.23,7133.25,2196406.0,3834028272.0
2026-07-27 11:10,7134.08,7154.52,7129.92,7144.65,2339553.0,4119809456.0
2026-07-27 11:15,7144.51,7167.24,7141.72,7152.27,2201326.0,4275510544.0
2026-07-27 11:20,7152.28,7152.9,7132.22,7143.5,1942034.0,3528580096.0
2026-07-27 11:25,7142.91,7156.69,7139.73,7152.51,1849955.0,2964957872.0
2026-07-27 11:30,7152.18,7155.65,7141.97,7144.62,1901202.0,2988273008.0
2026-07-27 13:05,7146.69,7163.52,7135.9,7137.39,3849501.0,6641369712.0
2026-07-27 13:10,7137.36,7137.36,7115.2,7124.09,2984417.0,4830815440.0
2026-07-27 13:15,7123.84,7128.32,7096.17,7103.73,3945268.0,6039573216.0
2026-07-27 13:20,7103.19,7110.06,7095.34,7100.3,2534105.0,4469000128.0
2026-07-27 13:25,7099.2,7102.03,7093.63,7097.54,2124376.0,3527469248.0
2026-07-27 13:30,7097.42,7097.42,7083.9,7092.5,3325521.0,5105201024.0
2026-07-27 13:35,7092.48,7092.48,7066.27,7074.76,3544578.0,5733770656.0
2026-07-27 13:40,7072.96,7082.22,7069.89,7080.71,2175896.0,3568145040.0
2026-07-27 13:45,7080.83,7102.85,7080.83,7101.27,2061920.0,3363823968.0
2026-07-27 13:50,7101.12,7125.8,7097.41,7125.8,2364798.0,3841676112.0
2026-07-27 13:55,7125.88,7128.98,7112.88,7114.97,2061610.0,3661163888.0
2026-07-27 14:00,7115.27,7122.49,7113.86,7116.27,1880124.0,3018924992.0
2026-07-27 14:05,7116.38,7124.99,7111.54,7120.53,3012343.0,4219327296.0
2026-07-27 14:10,7121.63,7137.38,7121.63,7134.03,3317864.0,4748805344.0
2026-07-27 14:15,7134.46,7138.85,7127.4,7130.99,2508421.0,3798235392.0
2026-07-27 14:20,7131.29,7149.04,7127.97,7149.04,2498473.0,4184153712.0
2026-07-27 14:25,7149.21,7170.31,7148.06,7160.56,3041748.0,5677932368.0
2026-07-27 14:30,7160.06,7166.95,7155.81,7166.95,2468616.0,4307922480.0
2026-07-27 14:35,7167.24,7197.36,7167.24,7195.4,4673390.0,8105308112.0
2026-07-27 14:40,7195.2,7207.28,7189.6,7206.21,4327478.0,8403353216.0
2026-07-27 14:45,7205.95,7219.63,7205.95,7216.66,4639245.0,9089516272.0
2026-07-27 14:50,7217.27,7221.79,7212.88,7220.09,4838327.0,8877735248.0
2026-07-27 14:55,7220.52,7224.59,7215.73,7223.81,6472696.0,11059385984.0
2026-07-27 15:00,7223.92,7228.78,7223.0,7228.78,5881044.0,9737922873.0
2026-07-28 09:35,7135.73,7171.63,7127.73,7171.63,27460326.0,51374018048.0
2026-07-28 09:40,7174.78,7189.18,7171.14,7174.04,15263200.0,27619595264.0
2026-07-28 09:45,7173.02,7186.1,7159.23,7174.68,11142846.0,19129802064.0
2026-07-28 09:50,7174.01,7178.21,7150.87,7169.74,10775479.0,18226439312.0
2026-07-28 09:55,7168.95,7181.93,7149.2,7168.79,9641828.0,16490304016.0
2026-07-28 10:00,7169.02,7181.41,7153.97,7163.1,6343256.0,11434764320.0
2026-07-28 10:05,7162.27,7182.8,7155.09,7164.75,5902525.0,10876228368.0
2026-07-28 10:10,7163.6,7169.02,7144.88,7146.9,4767366.0,8453160144.0
2026-07-28 10:15,7146.13,7146.13,7118.59,7129.57,6131690.0,10009514896.0
2026-07-28 10:20,7126.1,7142.29,7124.72,7135.1,4265306.0,7371306496.0
2026-07-28 10:25,7135.61,7156.73,7131.48,7132.33,4028581.0,6801169760.0
2026-07-28 10:30,7132.11,7133.33,7115.52,7118.65,3695344.0,7379895632.0
2026-07-28 10:35,7118.56,7118.56,7095.28,7101.62,4449705.0,8321394704.0
2026-07-28 10:40,7100.82,7100.82,7081.65,7082.64,4437279.0,8274491168.0
2026-07-28 10:45,7084.19,7092.38,7078.67,7079.02,3342971.0,6020073632.0
2026-07-28 10:50,7078.88,7085.4,7063.35,7072.29,4128448.0,7577665264.0
2026-07-28 10:55,7072.56,7100.71,7070.0,7086.94,3357089.0,6121759728.0
2026-07-28 11:00,7087.36,7098.68,7069.51,7069.76,2484887.0,4544532352.0
2026-07-28 11:05,7069.94,7073.02,7059.0,7060.08,2745392.0,4895117712.0
2026-07-28 11:10,7059.89,7068.28,7053.19,7059.04,3100227.0,5617194304.0
2026-07-28 11:15,7060.33,7075.22,7052.7,7073.5,3012594.0,5259267808.0
2026-07-28 11:20,7073.24,7089.09,7063.2,7073.19,3138686.0,5478058832.0
2026-07-28 11:25,7073.17,7096.77,7062.71,7089.13,2762036.0,4721191744.0
2026-07-28 11:30,7089.78,7107.29,7070.71,7078.43,2614538.0,4423972960.0
2026-07-28 13:05,7080.06,7080.38,7044.89,7045.96,4571402.0,7696702608.0
2026-07-28 13:10,7044.96,7047.29,7030.12,7046.61,3090605.0,5265807072.0
2026-07-28 13:15,7046.53,7070.89,7039.56,7060.25,2590476.0,4521237392.0
2026-07-28 13:20,7060.37,7065.37,7038.84,7041.13,2684094.0,4420586816.0
2026-07-28 13:25,7040.3,7042.56,7033.08,7033.08,2274652.0,4219030128.0
2026-07-28 13:30,7032.87,7038.83,7028.69,7032.85,2248317.0,4185484736.0
2026-07-28 13:35,7032.73,7035.1,7014.25,7014.58,2699418.0,4869623552.0
2026-07-28 13:40,7013.98,7045.22,7013.77,7045.11,3107693.0,5063326592.0
2026-07-28 13:45,7045.33,7073.24,7045.33,7056.38,2651780.0,4564870384.0
2026-07-28 13:50,7055.79,7062.03,7027.91,7029.19,2114014.0,3659887152.0
2026-07-28 13:55,7028.19,7033.96,7026.58,7027.48,1755932.0,3342862576.0
2026-07-28 14:00,7026.96,7033.16,7026.71,7032.03,1777230.0,3137937968.0
2026-07-28 14:05,7031.57,7044.96,7029.93,7036.12,3299034.0,4517701312.0
2026-07-28 14:10,7036.2,7036.84,7026.01,7026.01,2310598.0,4024184336.0
2026-07-28 14:15,7026.29,7032.59,7017.04,7017.21,2710506.0,4672697088.0
2026-07-28 14:20,7017.28,7017.28,7005.32,7016.45,3284421.0,5585696256.0
2026-07-28 14:25,7016.64,7030.36,7016.64,7020.5,2466192.0,4228806048.0
2026-07-28 14:30,7022.71,7023.57,7016.25,7023.57,2114907.0,3700176672.0
2026-07-28 14:35,7023.43,7024.38,7009.36,7013.97,3403508.0,5847732800.0
2026-07-28 14:40,7013.71,7016.15,6994.66,7007.69,4357918.0,7430887296.0
2026-07-28 14:45,7008.37,7015.5,6993.7,6993.7,4337095.0,6907464304.0
2026-07-28 14:50,6993.51,7008.96,6992.94,7008.96,5435934.0,8211242048.0
2026-07-28 14:55,7011.54,7031.83,7011.54,7025.4,6292238.0,9492664800.0
2026-07-28 15:00,7025.37,7030.13,7025.29,7026.28,5207172.0,7779378458.0
2026-07-29 09:35,7020.22,7036.31,7001.52,7028.04,25105139.0,42730537760.0
2026-07-29 09:40,7024.89,7073.14,7019.62,7051.29,14356031.0,24596974192.0
2026-07-29 09:45,7052.04,7052.04,6967.43,6971.24,11845677.0,21806909360.0
2026-07-29 09:50,6975.8,6976.71,6928.06,6928.06,11263007.0,21349322192.0
2026-07-29 09:55,6924.56,6953.3,6910.8,6946.71,9839035.0,18032035840.0
2026-07-29 10:00,6945.3,6957.02,6912.92,6926.57,7853686.0,13372411536.0
2026-07-29 10:05,6925.94,6933.12,6902.46,6909.24,9161245.0,14734653568.0
2026-07-29 10:10,6909.36,6922.73,6897.39,6916.07,7941221.0,14584019072.0
2026-07-29 10:15,6915.97,6967.82,6915.97,6951.13,6715215.0,11566443168.0
2026-07-29 10:20,6949.99,6956.67,6931.01,6935.96,4964870.0,8540370864.0
2026-07-29 10:25,6935.44,6961.88,6916.8,6961.88,5789115.0,8744902672.0
2026-07-29 10:30,6964.39,7045.87,6964.39,7033.26,9177982.0,14299051232.0
2026-07-29 10:35,7035.31,7057.13,7021.16,7022.08,8903541.0,13552359888.0
2026-07-29 10:40,7021.71,7030.88,7001.54,7007.62,5024915.0,8226693040.0
2026-07-29 10:45,7008.6,7026.08,6997.92,6997.92,3811799.0,6783850032.0
2026-07-29 10:50,6997.0,6998.44,6969.67,6970.52,3711550.0,6618567456.0
2026-07-29 10:55,6969.88,6969.88,6942.6,6942.8,3419474.0,6170838288.0
2026-07-29 11:00,6942.95,6943.93,6933.5,6934.67,3098173.0,5653533744.0
2026-07-29 11:05,6935.3,6952.02,6930.21,6938.56,3381561.0,5618570144.0
2026-07-29 11:10,6939.09,6961.55,6916.21,6961.55,4144067.0,6910346944.0
2026-07-29 11:15,6962.45,6984.19,6948.55,6948.77,3943647.0,6958420128.0
2026-07-29 11:20,6948.46,6958.34,6936.55,6937.69,1975794.0,3683835072.0
2026-07-29 11:25,6937.4,6943.64,6931.6,6933.98,1911393.0,3886986304.0
2026-07-29 11:30,6933.79,6944.24,6929.89,6942.96,2156523.0,4107466752.0
2026-07-29 13:05,6940.27,6993.43,6918.21,6990.55,6471192.0,10778009872.0
2026-07-29 13:10,6990.03,7042.4,6974.41,7042.4,4428494.0,7816841760.0
2026-07-29 13:15,7043.99,7087.78,7035.99,7084.38,6267320.0,11340006528.0
2026-07-29 13:20,7082.18,7083.21,7031.28,7037.17,4999169.0,8923513056.0
2026-07-29 13:25,7036.43,7074.17,7029.59,7050.63,4139626.0,6731333904.0
2026-07-29 13:30,7053.94,7085.62,7053.94,7080.21,3533682.0,6730763680.0
2026-07-29 13:35,7079.94,7109.09,7056.74,7109.09,5470249.0,8227048768.0
2026-07-29 13:40,7109.22,7121.49,7092.31,7120.88,5428012.0,8679654816.0
2026-07-29 13:45,7120.96,7132.35,7113.48,7113.63,5323669.0,9041435984.0
2026-07-29 13:50,7113.56,7122.06,7082.26,7082.6,3977185.0,6494411424.0
2026-07-29 13:55,7082.82,7091.6,7064.52,7064.52,3143695.0,5275084304.0
2026-07-29 14:00,7064.36,7084.67,7064.2,7078.12,2590390.0,4125083264.0
2026-07-29 14:05,7077.6,7095.28,7063.87,7063.87,3634715.0,5292615120.0
2026-07-29 14:10,7062.66,7063.82,7048.88,7055.7,2646158.0,4443147216.0
2026-07-29 14:15,7056.4,7071.45,7047.69,7070.46,2655981.0,4357503680.0
2026-07-29 14:20,7070.77,7093.9,7064.85,7089.8,2728063.0,4592560032.0
2026-07-29 14:25,7087.94,7090.05,7070.29,7074.77,2285781.0,3935418960.0
2026-07-29 14:30,7075.29,7088.82,7072.16,7085.43,2888048.0,4578446000.0
2026-07-29 14:35,7085.02,7099.0,7080.43,7080.43,3828555.0,5710893632.0
2026-07-29 14:40,7080.53,7086.8,7070.84,7071.22,3505949.0,5478854304.0
2026-07-29 14:45,7071.05,7083.91,7071.05,7080.15,3754795.0,5947631472.0
2026-07-29 14:50,7080.11,7099.37,7079.4,7099.03,5595478.0,8457608864.0
2026-07-29 14:55,7099.51,7099.51,7091.7,7095.28,6557931.0,10408544256.0
2026-07-29 15:00,7095.15,7096.31,7093.82,7095.19,6025286.0,8984587667.0
2026-07-30 09:35,7053.09,7121.52,7053.09,7108.55,26131494.0,43475824848.0
2026-07-30 09:40,7108.23,7113.03,7078.02,7105.15,15620657.0,26180581632.0
2026-07-30 09:45,7105.76,7106.8,7079.0,7095.85,11553154.0,19325105056.0
2026-07-30 09:50,7097.32,7097.34,7054.07,7062.39,11199706.0,19258545232.0
2026-07-30 09:55,7061.53,7099.46,7060.51,7099.46,8522027.0,14082074528.0
2026-07-30 10:00,7101.29,7110.8,7071.8,7073.2,7774001.0,12883916944.0
2026-07-30 10:05,7072.47,7075.69,7048.53,7053.85,8237095.0,13630220016.0
2026-07-30 10:10,7053.81,7054.07,7023.68,7034.42,7026299.0,12439985712.0
2026-07-30 10:15,7034.13,7043.95,7006.76,7007.29,6471713.0,10916800928.0
2026-07-30 10:20,7007.75,7037.27,7006.93,7034.17,6418213.0,10441447024.0
2026-07-30 10:25,7031.24,7032.74,6993.23,6998.57,5363086.0,8555775312.0
2026-07-30 10:30,6996.04,7002.42,6985.35,6985.35,4623623.0,8156097008.0
2026-07-30 10:35,6987.01,6995.52,6963.96,6963.96,5545418.0,9101488656.0
2026-07-30 10:40,6964.07,6967.51,6955.56,6957.23,4571570.0,8542440304.0
2026-07-30 10:45,6957.76,6973.35,6953.33,6961.62,4053628.0,7288608208.0
2026-07-30 10:50,6962.02,6982.19,6957.92,6971.76,3365739.0,5883723024.0
2026-07-30 10:55,6970.2,6970.2,6957.58,6957.88,3280909.0,5112060704.0
2026-07-30 11:00,6958.47,6959.31,6943.79,6953.49,3151735.0,5460440832.0
2026-07-30 11:05,6953.33,6955.09,6939.27,6947.99,3591240.0,5994608368.0
2026-07-30 11:10,6947.89,6969.71,6937.2,6937.32,3551942.0,6054410032.0
2026-07-30 11:15,6936.61,6939.94,6915.21,6915.55,3839192.0,6679182416.0
2026-07-30 11:20,6915.44,6921.14,6901.03,6901.57,3195424.0,5646179504.0
2026-07-30 11:25,6902.3,6912.86,6892.11,6903.49,4098817.0,6465242448.0
2026-07-30 11:30,6907.93,6909.11,6887.47,6893.24,3012656.0,4995028032.0
2026-07-30 13:05,6891.96,6891.96,6852.89,6857.62,6656032.0,10289200624.0
2026-07-30 13:10,6857.35,6917.38,6857.35,6902.04,5325554.0,9163178672.0
2026-07-30 13:15,6903.43,6903.43,6862.98,6881.69,3957108.0,6440260816.0
2026-07-30 13:20,6880.61,6886.26,6841.75,6860.5,4757663.0,6862798576.0
2026-07-30 13:25,6861.04,6936.27,6856.02,6929.61,4449898.0,8358887072.0
2026-07-30 13:30,6930.42,6948.12,6912.97,6929.74,5263555.0,9331691616.0
2026-07-30 13:35,6927.79,6927.79,6897.31,6910.36,3518305.0,6116340576.0
2026-07-30 13:40,6910.78,6916.47,6858.79,6865.0,3338646.0,5429388256.0
2026-07-30 13:45,6866.4,6896.18,6864.92,6888.72,2538839.0,4466871760.0
2026-07-30 13:50,6889.87,6936.55,6889.87,6901.63,2969503.0,5187616432.0
2026-07-30 13:55,6902.4,6920.58,6883.96,6916.54,2521259.0,4084721200.0
2026-07-30 14:00,6915.48,6932.47,6901.38,6912.19,2274154.0,4352474096.0
2026-07-30 14:05,6911.91,6924.9,6898.29,6924.9,2738007.0,4859315200.0
2026-07-30 14:10,6925.94,6940.8,6919.12,6921.29,2847366.0,5424554960.0
2026-07-30 14:15,6921.29,6927.84,6906.44,6920.79,2595033.0,4813603648.0
2026-07-30 14:20,6919.43,6962.28,6914.48,6962.28,3307861.0,5637061696.0
2026-07-30 14:25,6962.75,6999.1,6962.75,6981.68,5096326.0,8792567936.0
2026-07-30 14:30,6979.83,6980.27,6954.82,6965.77,3064314.0,5240122704.0
2026-07-30 14:35,6966.17,6977.9,6939.58,6954.21,4438269.0,6893583888.0
2026-07-30 14:40,6955.78,6955.78,6920.72,6920.89,3312992.0,5791589072.0
2026-07-30 14:45,6920.74,6924.3,6913.65,6920.96,4328635.0,6872710064.0
2026-07-30 14:50,6920.38,6927.52,6904.45,6904.45,5170729.0,8084679568.0
2026-07-30 14:55,6902.56,6912.04,6902.06,6907.04,5671924.0,9117752272.0
2026-07-30 15:00,6906.82,6907.25,6900.66,6900.66,5166504.0,8050899681.0
2026-07-31 09:35,7082.75,7145.42,7082.75,7136.1,39287754.0,77622078720.0
2026-07-31 09:40,7136.73,7171.19,7122.98,7163.79,18165360.0,33130939904.0
2026-07-31 09:45,7164.85,7179.13,7162.92,7174.57,16464348.0,28769493248.0
2026-07-31 09:50,7174.31,7202.39,7173.68,7202.39,12068222.0,22184594032.0
2026-07-31 09:55,7203.04,7205.29,7193.72,7196.85,10326922.0,18404177968.0
2026-07-31 10:00,7197.49,7218.06,7197.49,7213.37,9239522.0,15720579248.0
2026-07-31 10:05,7211.82,7215.94,7182.87,7186.63,9390595.0,16123891856.0
2026-07-31 10:10,7186.26,7197.97,7181.73,7182.01,7752459.0,13440763520.0
2026-07-31 10:15,7182.44,7193.59,7162.09,7162.09,6949493.0,11827250496.0
2026-07-31 10:20,7159.16,7159.16,7131.03,7149.05,7330848.0,13528475632.0
2026-07-31 10:25,7149.23,7163.82,7125.97,7125.97,6014266.0,11971355568.0
2026-07-31 10:30,7125.45,7148.27,7125.09,7138.74,5409597.0,9790179120.0
2026-07-31 10:35,7138.9,7147.69,7135.44,7146.79,4967687.0,8598634064.0
2026-07-31 10:40,7146.19,7159.08,7130.71,7138.83,4096377.0,6981196608.0
2026-07-31 10:45,7138.21,7167.23,7138.21,7162.83,3950637.0,6630881488.0
2026-07-31 10:50,7162.73,7169.86,7145.75,7145.75,3505042.0,6002676080.0
2026-07-31 10:55,7145.5,7156.82,7135.61,7156.65,3643034.0,5873517760.0
2026-07-31 11:00,7156.7,7167.3,7156.54,7158.81,3236879.0,5370972032.0
2026-07-31 11:05,7158.83,7159.21,7141.0,7141.0,5038452.0,7667218800.0
2026-07-31 11:10,7140.52,7149.97,7126.01,7126.01,3788614.0,6553991136.0
2026-07-31 11:15,7126.36,7128.72,7103.2,7109.47,4694197.0,8236974192.0
2026-07-31 11:20,7108.96,7136.21,7108.78,7136.21,3266124.0,6270136240.0
2026-07-31 11:25,7136.59,7154.68,7127.12,7128.09,2609107.0,4832167600.0
2026-07-31 11:30,7126.96,7149.19,7124.74,7145.92,2158581.0,3695182272.0
2026-07-31 13:05,7149.8,7177.58,7149.8,7165.54,5133971.0,9334445904.0
2026-07-31 13:10,7166.81,7171.76,7153.67,7154.3,2778514.0,5189542320.0
2026-07-31 13:15,7154.6,7170.24,7154.6,7169.67,2612505.0,4877454896.0
2026-07-31 13:20,7169.7,7190.95,7168.71,7187.32,3065567.0,5914948768.0
2026-07-31 13:25,7187.74,7198.21,7181.02,7181.02,3187338.0,6059017360.0
2026-07-31 13:30,7180.91,7180.91,7164.77,7173.99,2625538.0,4646817648.0
2026-07-31 13:35,7172.86,7172.86,7158.25,7160.12,2574114.0,4445921232.0
2026-07-31 13:40,7159.89,7159.89,7144.4,7151.23,3001992.0,4728425824.0
2026-07-31 13:45,7151.18,7153.72,7143.19,7144.7,2454015.0,4025685008.0
2026-07-31 13:50,7145.2,7150.68,7135.44,7150.68,2686240.0,4219383360.0
2026-07-31 13:55,7150.72,7151.81,7139.02,7140.08,2288178.0,3702886288.0
2026-07-31 14:00,7139.12,7143.01,7128.51,7142.0,2707673.0,4545994672.0
2026-07-31 14:05,7141.76,7151.79,7135.04,7137.52,3211271.0,4809174320.0
2026-07-31 14:10,7137.4,7138.34,7130.97,7130.97,2445134.0,4235197504.0
2026-07-31 14:15,7130.73,7130.73,7122.41,7127.23,3188734.0,5316454992.0
2026-07-31 14:20,7126.72,7127.41,7117.23,7122.12,3166197.0,4923727808.0
2026-07-31 14:25,7120.87,7140.63,7117.19,7140.63,3879029.0,5882719536.0
2026-07-31 14:30,7141.19,7149.35,7134.34,7146.09,3261387.0,5130240384.0
2026-07-31 14:35,7144.52,7144.52,7122.33,7124.77,4015178.0,6023992304.0
2026-07-31 14:40,7124.4,7129.12,7117.68,7117.96,3626336.0,6032008192.0
2026-07-31 14:45,7118.0,7118.38,7087.41,7088.21,6642939.0,10681814624.0
2026-07-31 14:50,7086.52,7088.48,7072.59,7075.79,6749419.0,11410082624.0
2026-07-31 14:55,7076.1,7079.74,7071.05,7077.61,7289561.0,12145864464.0
2026-07-31 15:00,7077.92,7081.25,7075.51,7075.51,7274472.0,11093009535.0
2026-08-03 09:35,7055.27,7105.97,7051.63,7099.23,27793455.0,49387816272.0
2026-08-03 09:40,7098.86,7118.1,7070.08,7070.08,15567528.0,27815186944.0
2026-08-03 09:45,7070.7,7085.51,7053.37,7055.48,13015907.0,23317213248.0
2026-08-03 09:50,7055.11,7083.75,7042.89,7081.69,12184732.0,20684538288.0
2026-08-03 09:55,7081.47,7097.81,7070.51,7086.83,9398250.0,15564101472.0
2026-08-03 10:00,7085.65,7101.55,7075.63,7085.95,7472405.0,12551380752.0
2026-08-03 10:05,7087.96,7103.61,7081.37,7093.54,7383394.0,12487100272.0
2026-08-03 10:10,7094.61,7109.11,7088.7,7089.93,6179835.0,10151597840.0
2026-08-03 10:15,7089.91,7109.74,7087.07,7108.12,6557791.0,10427092176.0
2026-08-03 10:20,7108.21,7108.21,7076.15,7080.2,5781175.0,9139592240.0
2026-08-03 10:25,7079.9,7108.68,7075.99,7077.66,5154624.0,8562871728.0
2026-08-03 10:30,7078.35,7082.89,7066.0,7066.0,4328152.0,7399819648.0
2026-08-03 10:35,7065.45,7088.96,7061.98,7088.61,4600987.0,7366779376.0
2026-08-03 10:40,7088.23,7100.66,7083.65,7086.88,4513150.0,7942871600.0
2026-08-03 10:45,7086.34,7106.03,7081.21,7094.7,3514672.0,5933776816.0
2026-08-03 10:50,7093.53,7096.65,7069.95,7072.1,3330175.0,5776461920.0
2026-08-03 10:55,7072.78,7082.36,7069.01,7077.32,2841444.0,4930364624.0
2026-08-03 11:00,7078.39,7099.84,7066.92,7090.48,2679871.0,4711996864.0
2026-08-03 11:05,7090.63,7103.53,7085.64,7085.99,3340605.0,5896030816.0
2026-08-03 11:10,7085.5,7085.5,7064.73,7065.89,2709487.0,4984946112.0
2026-08-03 11:15,7065.8,7076.5,7064.04,7067.36,2535950.0,4213470896.0
2026-08-03 11:20,7066.91,7077.01,7065.04,7075.24,2442934.0,3817117072.0
2026-08-03 11:25,7076.59,7086.49,7065.61,7084.24,2112927.0,3709997104.0
2026-08-03 11:30,7083.47,7091.25,7073.61,7084.88,2115699.0,3841886448.0
2026-08-03 13:05,7086.67,7100.72,7085.7,7088.49,3879121.0,7250774736.0
2026-08-03 13:10,7088.18,7088.25,7067.25,7074.63,2778948.0,5122883824.0
2026-08-03 13:15,7072.54,7079.4,7067.21,7072.51,2174046.0,3890873152.0
2026-08-03 13:20,7072.22,7079.73,7068.64,7071.19,2359975.0,3896696896.0
2026-08-03 13:25,7070.69,7076.07,7065.41,7073.33,2272686.0,3719970304.0
2026-08-03 13:30,7072.71,7078.06,7067.76,7071.72,1869308.0,3270279392.0
2026-08-03 13:35,7071.67,7076.3,7067.22,7074.66,2358867.0,3823972656.0
2026-08-03 13:40,7074.65,7077.5,7067.12,7069.69,2240954.0,3707797408.0
2026-08-03 13:45,7069.77,7079.89,7066.23,7076.25,2267577.0,3434911696.0
2026-08-03 13:50,7076.0,7082.7,7073.55,7075.23,2493233.0,3520686304.0
2026-08-03 13:55,7074.79,7083.5,7074.75,7077.51,2664877.0,3647338224.0
2026-08-03 14:00,7077.47,7078.52,7065.91,7065.91,2636010.0,4315323024.0
2026-08-03 14:05,7065.61,7069.34,7061.69,7061.82,3116840.0,4841550080.0
2026-08-03 14:10,7061.73,7066.46,7053.47,7054.46,2950203.0,5036198112.0
2026-08-03 14:15,7055.6,7083.1,7055.6,7083.1,3439983.0,4901788704.0
2026-08-03 14:20,7085.38,7085.38,7071.64,7075.57,2725689.0,3996090880.0
2026-08-03 14:25,7076.0,7096.63,7073.82,7095.69,2914757.0,4607901728.0
2026-08-03 14:30,7096.37,7099.67,7084.64,7084.64,2750992.0,4372076768.0
2026-08-03 14:35,7084.63,7087.2,7074.11,7078.31,3301465.0,4976526496.0
2026-08-03 14:40,7078.47,7081.8,7071.53,7071.53,3113961.0,5147042464.0
2026-08-03 14:45,7071.58,7074.07,7069.6,7072.85,3820671.0,6038493952.0
2026-08-03 14:50,7072.64,7076.47,7070.93,7075.67,4738172.0,7489211824.0
2026-08-03 14:55,7075.32,7078.11,7073.51,7077.07,6494998.0,10037966480.0
2026-08-03 15:00,7076.07,7080.95,7076.07,7079.78,6473899.0,9522662022.0
2026-08-04 09:35,7128.49,7134.31,7102.46,7129.04,25225081.0,44746047472.0
2026-08-04 09:40,7132.04,7169.95,7130.37,7169.04,15238831.0,27246905600.0
2026-08-04 09:45,7168.73,7173.5,7149.24,7157.37,12799808.0,20919849424.0
2026-08-04 09:50,7158.13,7200.97,7158.13,7199.33,9829967.0,17523674208.0
2026-08-04 09:55,7200.39,7215.54,7196.98,7200.43,9003195.0,16040626112.0
2026-08-04 10:00,7200.1,7200.21,7180.3,7180.3,9461533.0,15529550544.0
2026-08-04 10:05,7179.74,7182.06,7172.83,7179.68,8594093.0,14726974112.0
2026-08-04 10:10,7180.41,7195.31,7173.01,7185.83,6182346.0,10977817648.0
2026-08-04 10:15,7184.64,7185.42,7175.67,7183.83,6535799.0,10507935216.0
2026-08-04 10:20,7184.62,7202.09,7184.51,7202.09,5245935.0,8481794592.0
2026-08-04 10:25,7202.49,7204.92,7190.09,7191.8,4104510.0,7447798208.0
2026-08-04 10:30,7191.68,7205.24,7188.45,7201.95,3713181.0,6817373376.0
2026-08-04 10:35,7201.34,7207.59,7194.99,7200.71,5025284.0,7767480272.0
2026-08-04 10:40,7200.88,7229.46,7200.38,7222.83,4141753.0,7815668896.0
2026-08-04 10:45,7222.7,7234.21,7212.69,7217.71,3356190.0,6856715120.0
2026-08-04 10:50,7217.87,7228.98,7214.47,7222.72,3306292.0,6389328736.0
2026-08-04 10:55,7222.39,7222.39,7213.2,7215.95,2810601.0,5203161552.0
2026-08-04 11:00,7215.31,7225.57,7214.07,7214.07,2597931.0,4612689184.0
2026-08-04 11:05,7213.62,7214.11,7203.81,7207.84,2483356.0,4619347856.0
2026-08-04 11:10,7207.92,7228.64,7206.75,7228.64,2407654.0,4240786480.0
2026-08-04 11:15,7229.05,7233.34,7224.09,7231.89,2374359.0,4443421216.0
2026-08-04 11:20,7232.13,7236.63,7225.96,7235.65,2506904.0,4572789568.0
2026-08-04 11:25,7235.78,7240.48,7235.33,7239.44,2534169.0,4874868064.0
2026-08-04 11:30,7239.81,7263.71,7239.81,7261.93,3188368.0,6640133968.0
2026-08-04 13:05,7264.28,7273.85,7255.57,7264.75,6124915.0,12038426224.0
2026-08-04 13:10,7264.69,7266.97,7256.7,7259.04,3503758.0,6932376656.0
2026-08-04 13:15,7258.39,7263.34,7251.77,7258.66,3294174.0,6126885856.0
2026-08-04 13:20,7259.0,7261.0,7246.46,7248.29,3389017.0,5944911568.0
2026-08-04 13:25,7248.85,7263.06,7247.56,7261.01,3098139.0,5977710496.0
2026-08-04 13:30,7260.86,7271.45,7260.86,7271.45,3366980.0,6137897456.0
2026-08-04 13:35,7271.76,7283.28,7271.76,7276.09,3937378.0,7403207616.0
2026-08-04 13:40,7276.55,7293.13,7275.53,7288.6,3385193.0,6428774544.0
2026-08-04 13:45,7288.54,7291.07,7285.4,7289.02,3114526.0,5560746304.0
2026-08-04 13:50,7289.1,7300.94,7288.71,7294.92,4022345.0,6375700256.0
2026-08-04 13:55,7294.62,7298.88,7290.75,7296.98,3404224.0,5541359344.0
2026-08-04 14:00,7296.79,7297.65,7292.92,7297.25,2713046.0,4721062944.0
2026-08-04 14:05,7297.38,7307.17,7297.38,7302.72,3809913.0,6340486640.0
2026-08-04 14:10,7302.81,7306.06,7299.19,7305.11,3316807.0,5245274720.0
2026-08-04 14:15,7305.02,7305.13,7289.75,7289.75,3813889.0,6277801824.0
2026-08-04 14:20,7289.21,7289.21,7269.74,7272.88,5382656.0,8337488256.0
2026-08-04 14:25,7273.49,7277.66,7270.83,7276.11,3172865.0,5377473808.0
2026-08-04 14:30,7276.26,7283.48,7276.26,7281.86,2714928.0,4540721552.0
2026-08-04 14:35,7281.92,7284.05,7260.23,7260.43,4472354.0,7257603632.0
2026-08-04 14:40,7260.38,7267.23,7258.96,7261.79,3861164.0,6359421424.0
2026-08-04 14:45,7261.79,7263.61,7258.03,7258.79,4297543.0,6659402944.0
2026-08-04 14:50,7259.09,7266.19,7259.09,7265.49,4944214.0,7957960880.0
2026-08-04 14:55,7265.8,7277.34,7264.49,7277.34,7025272.0,10811390720.0
2026-08-04 15:00,7277.19,7281.23,7275.82,7279.19,7251172.0,10953383649.0
2026-08-05 09:35,7253.22,7322.04,7253.22,7322.04,26575896.0,54277325056.0
2026-08-05 09:40,7322.7,7365.83,7322.7,7365.83,15528050.0,30713964288.0
2026-08-05 09:45,7365.63,7389.89,7365.63,7386.6,12083499.0,24276663664.0
2026-08-05 09:50,7386.98,7405.85,7385.7,7397.1,11056083.0,21424032096.0
2026-08-05 09:55,7398.54,7402.39,7383.47,7390.69,9855038.0,17957997040.0
2026-08-05 10:00,7390.24,7416.38,7386.06,7402.77,9298269.0,16461365072.0
2026-08-05 10:05,7402.37,7410.95,7398.88,7408.73,8131186.0,14638702320.0
2026-08-05 10:10,7408.62,7414.8,7390.39,7401.09,6863385.0,13343558736.0
2026-08-05 10:15,7400.86,7400.95,7374.06,7390.73,8589478.0,16409298176.0
2026-08-05 10:20,7389.27,7396.5,7368.93,7395.04,7604040.0,14671922640.0
2026-08-05 10:25,7395.73,7414.71,7385.11,7407.04,6446354.0,11022815616.0
2026-08-05 10:30,7407.02,7416.07,7400.18,7413.6,4824456.0,8631356144.0
2026-08-05 10:35,7413.86,7413.86,7401.07,7411.9,5001852.0,8749821600.0
2026-08-05 10:40,7411.65,7426.75,7407.43,7424.32,3757988.0,7428543968.0
2026-08-05 10:45,7424.2,7440.33,7422.74,7437.79,3568631.0,7432989280.0
2026-08-05 10:50,7437.25,7455.25,7435.9,7455.25,3986524.0,8376003008.0
2026-08-05 10:55,7455.47,7455.47,7443.52,7449.54,3759906.0,7646668880.0
2026-08-05 11:00,7449.66,7451.35,7443.78,7447.14,2725052.0,5558774688.0
2026-08-05 11:05,7447.68,7462.64,7447.68,7461.25,3133827.0,6766281792.0
2026-08-05 11:10,7460.91,7467.92,7454.54,7467.68,3248485.0,6200187808.0
2026-08-05 11:15,7467.58,7480.1,7467.26,7480.1,3124245.0,6025243056.0
2026-08-05 11:20,7480.54,7496.51,7480.24,7486.77,3558545.0,7579938656.0
2026-08-05 11:25,7486.67,7498.38,7482.54,7497.93,2738998.0,5752288560.0
2026-08-05 11:30,7497.27,7498.9,7494.33,7495.6,2725158.0,5463831632.0
2026-08-05 13:05,7497.18,7499.13,7488.0,7495.75,6301149.0,12393788816.0
2026-08-05 13:10,7495.77,7496.19,7480.82,7492.93,4453014.0,8310340896.0
2026-08-05 13:15,7488.59,7511.37,7486.55,7504.48,3729370.0,7662528576.0
2026-08-05 13:20,7504.0,7514.74,7499.83,7512.44,3531183.0,6833199472.0
2026-08-05 13:25,7512.58,7523.5,7511.21,7518.05,3783474.0,7909862352.0
2026-08-05 13:30,7518.21,7523.05,7507.37,7508.34,4123588.0,7203098240.0
2026-08-05 13:35,7508.46,7518.17,7508.19,7511.04,3631735.0,6488421808.0
2026-08-05 13:40,7511.62,7511.65,7488.73,7497.14,4832171.0,8306375920.0
2026-08-05 13:45,7497.95,7504.49,7489.31,7503.68,3766464.0,7163177248.0
2026-08-05 13:50,7503.48,7513.33,7503.48,7505.23,3266781.0,5851766976.0
2026-08-05 13:55,7506.25,7515.14,7504.45,7508.32,2781353.0,4965344320.0
2026-08-05 14:00,7508.32,7508.42,7498.37,7500.78,2737089.0,4623670704.0
2026-08-05 14:05,7500.63,7500.63,7479.15,7483.23,5452294.0,8086905920.0
2026-08-05 14:10,7483.05,7483.05,7462.73,7476.0,5800589.0,9602236880.0
2026-08-05 14:15,7476.31,7478.31,7462.99,7462.99,3195832.0,5804914592.0
2026-08-05 14:20,7464.07,7465.43,7443.13,7446.18,4339432.0,8608975520.0
2026-08-05 14:25,7448.21,7456.15,7442.45,7452.03,3835247.0,7565415120.0
2026-08-05 14:30,7452.35,7467.07,7452.35,7467.07,3277258.0,5795394592.0
2026-08-05 14:35,7467.19,7473.24,7463.49,7472.93,4108879.0,6558998672.0
2026-08-05 14:40,7472.77,7476.33,7469.47,7470.92,3985736.0,6768174336.0
2026-08-05 14:45,7470.98,7475.42,7469.23,7475.13,3987463.0,6899325744.0
2026-08-05 14:50,7475.17,7484.44,7475.17,7484.44,5005928.0,8423704944.0
2026-08-05 14:55,7484.48,7488.44,7482.42,7487.28,7007942.0,11375048592.0
2026-08-05 15:00,7487.67,7494.24,7487.67,7493.05,7277930.0,11638790449.0
2026-08-06 09:35,7440.01,7460.72,7434.49,7445.94,30190838.0,64088713984.0
2026-08-06 09:40,7446.52,7489.23,7445.99,7486.87,18148796.0,34481372416.0
2026-08-06 09:45,7487.19,7505.53,7479.7,7498.59,13275030.0,25258559232.0
2026-08-06 09:50,7498.58,7508.31,7495.95,7502.71,11448937.0,20979044800.0
2026-08-06 09:55,7502.78,7506.43,7481.33,7490.03,11773273.0,19798884464.0
2026-08-06 10:00,7489.29,7526.6,7487.36,7526.6,8752253.0,16619454320.0
2026-08-06 10:05,7526.42,7526.49,7512.71,7514.07,7906101.0,15767514000.0
2026-08-06 10:10,7513.83,7540.59,7512.37,7539.85,6353168.0,12520921216.0
2026-08-06 10:15,7539.91,7552.06,7535.8,7549.5,6099575.0,12283938768.0
2026-08-06 10:20,7548.87,7550.83,7537.57,7549.66,6624390.0,12069508048.0
2026-08-06 10:25,7549.68,7555.76,7543.16,7547.5,6101191.0,11639719312.0
2026-08-06 10:30,7547.88,7561.65,7547.83,7556.83,6746805.0,11840634192.0
2026-08-06 10:35,7555.9,7564.69,7541.81,7542.66,6586428.0,12040046400.0
2026-08-06 10:40,7543.68,7547.83,7526.04,7526.98,5591030.0,10460965424.0
2026-08-06 10:45,7527.25,7551.34,7526.57,7550.2,5425924.0,9767792464.0
2026-08-06 10:50,7550.99,7550.99,7534.25,7544.07,5465573.0,9881096384.0
2026-08-06 10:55,7545.23,7553.46,7545.16,7553.46,4884088.0,9380699792.0
2026-08-06 11:00,7552.83,7552.83,7534.77,7534.77,4246912.0,8419528000.0
2026-08-06 11:05,7533.92,7538.08,7520.58,7529.84,4499537.0,8823377920.0
2026-08-06 11:10,7529.16,7533.15,7507.54,7513.25,5126995.0,9885945536.0
2026-08-06 11:15,7513.48,7525.52,7505.25,7505.25,3364280.0,6801448912.0
2026-08-06 11:20,7504.68,7508.46,7481.96,7481.96,5042058.0,10897444048.0
2026-08-06 11:25,7481.51,7492.01,7471.49,7473.39,4084341.0,8128066784.0
2026-08-06 11:30,7473.05,7492.8,7464.72,7492.8,4097691.0,7765207376.0
2026-08-06 13:05,7494.4,7512.06,7490.36,7504.5,4450891.0,9452081568.0
2026-08-06 13:10,7504.93,7525.79,7503.35,7505.25,2870942.0,6312081344.0
2026-08-06 13:15,7505.29,7505.29,7482.33,7492.24,3829876.0,6832828176.0
2026-08-06 13:20,7491.34,7501.76,7474.13,7474.13,3137166.0,6130677216.0
2026-08-06 13:25,7474.72,7485.03,7474.72,7474.76,3006525.0,5560419168.0
2026-08-06 13:30,7474.7,7475.05,7460.28,7460.28,3874093.0,6666983248.0
2026-08-06 13:35,7460.02,7476.95,7458.15,7466.5,3638004.0,6544602208.0
2026-08-06 13:40,7465.96,7466.38,7448.92,7451.23,3233304.0,6380454576.0
2026-08-06 13:45,7450.67,7471.95,7444.64,7471.95,3318012.0,6071066336.0
2026-08-06 13:50,7473.06,7487.17,7466.12,7473.66,2685503.0,5309821152.0
2026-08-06 13:55,7473.1,7493.41,7472.78,7490.08,3250486.0,4717199520.0
2026-08-06 14:00,7490.15,7491.86,7476.78,7491.86,2680203.0,4196712160.0
2026-08-06 14:05,7492.13,7499.35,7469.86,7469.86,3340466.0,5584060160.0
2026-08-06 14:10,7470.74,7477.94,7464.08,7464.08,2885086.0,5123867840.0
2026-08-06 14:15,7464.39,7483.68,7464.39,7483.68,3102467.0,4915355840.0
2026-08-06 14:20,7484.05,7486.21,7474.35,7486.21,2558827.0,4412373344.0
2026-08-06 14:25,7486.18,7509.37,7486.18,7509.35,2848716.0,4870766848.0
2026-08-06 14:30,7509.27,7516.29,7502.97,7516.29,3111875.0,5412211376.0
2026-08-06 14:35,7516.47,7526.73,7512.19,7526.73,3659229.0,6719845824.0
2026-08-06 14:40,7527.78,7533.32,7514.3,7514.3,4157428.0,7544769776.0
2026-08-06 14:45,7513.76,7520.15,7509.46,7517.53,4126069.0,7197855600.0
2026-08-06 14:50,7517.42,7521.16,7516.08,7521.16,4362101.0,8322154080.0
2026-08-06 14:55,7521.42,7531.4,7521.21,7530.66,6908954.0,12372952416.0
2026-08-06 15:00,7531.75,7533.97,7530.42,7530.42,7530858.0,12396282544.0
2026-08-07 09:35,7534.24,7541.91,7523.82,7530.78,28965025.0,56907994112.0
2026-08-07 09:40,7532.31,7556.62,7531.14,7533.56,17181674.0,33295325696.0
2026-08-07 09:45,7532.95,7532.95,7480.32,7480.6,15569851.0,28839723264.0
2026-08-07 09:50,7480.37,7491.3,7448.46,7491.3,12563011.0,25161153456.0
2026-08-07 09:55,7492.07,7506.66,7474.49,7497.44,8657865.0,17823105616.0
2026-08-07 10:00,7494.81,7523.23,7490.97,7521.1,7991799.0,15699531440.0
2026-08-07 10:05,7520.0,7553.92,7519.02,7551.11,8244840.0,17058519072.0
2026-08-07 10:10,7553.04,7560.77,7549.06,7557.97,6785387.0,13826222672.0
2026-08-07 10:15,7558.73,7569.62,7554.31,7558.57,7971428.0,16344156176.0
2026-08-07 10:20,7559.45,7580.58,7559.45,7575.13,6683073.0,14076033984.0
2026-08-07 10:25,7573.61,7581.21,7563.58,7573.59,5798717.0,12376608608.0
2026-08-07 10:30,7570.98,7570.98,7556.19,7564.0,5531014.0,11127251392.0
2026-08-07 10:35,7564.42,7582.48,7564.02,7575.32,5407500.0,11124427184.0
2026-08-07 10:40,7575.82,7598.73,7575.82,7598.18,4794367.0,9982050960.0
2026-08-07 10:45,7596.9,7601.27,7586.2,7589.49,4950910.0,9843784016.0
2026-08-07 10:50,7588.92,7591.25,7577.2,7586.49,4278439.0,9186105520.0
2026-08-07 10:55,7586.6,7596.31,7578.96,7579.09,3452069.0,7637741872.0
2026-08-07 11:00,7579.78,7588.99,7577.97,7579.62,3920551.0,7973157440.0
2026-08-07 11:05,7579.53,7589.52,7572.33,7585.86,3809351.0,8190335568.0
2026-08-07 11:10,7585.63,7592.86,7577.84,7584.26,3207049.0,6213038688.0
2026-08-07 11:15,7583.6,7592.14,7576.53,7592.14,6013236.0,11371668560.0
2026-08-07 11:20,7592.86,7597.56,7582.54,7587.04,4297356.0,7540213680.0
2026-08-07 11:25,7587.19,7607.18,7584.59,7607.18,5055856.0,8706925696.0
2026-08-07 11:30,7607.78,7622.12,7604.98,7615.18,3525407.0,6412668720.0
2026-08-07 13:05,7617.63,7643.14,7617.63,7635.17,5560851.0,12462837152.0
2026-08-07 13:10,7633.15,7641.12,7630.65,7632.49,3918454.0,8421336512.0
2026-08-07 13:15,7632.57,7650.77,7631.31,7639.37,4069454.0,8700267728.0
2026-08-07 13:20,7639.7,7648.6,7632.3,7642.33,3693093.0,7412052752.0
2026-08-07 13:25,7642.63,7657.48,7642.63,7653.1,3496443.0,7712572496.0
2026-08-07 13:30,7653.81,7664.31,7652.57,7664.28,3315840.0,7714135568.0
2026-08-07 13:35,7664.67,7676.15,7663.37,7675.07,3875144.0,8983530368.0
2026-08-07 13:40,7675.21,7679.48,7669.19,7671.25,3416348.0,7681546720.0
2026-08-07 13:45,7671.95,7679.12,7671.4,7677.4,3352332.0,7045494256.0
2026-08-07 13:50,7677.65,7682.64,7676.71,7681.39,3176875.0,6109254016.0
2026-08-07 13:55,7681.25,7685.57,7658.42,7664.12,3832722.0,7612260176.0
2026-08-07 14:00,7665.37,7671.36,7651.85,7652.14,3152918.0,6610035024.0
2026-08-07 14:05,7651.96,7654.29,7638.92,7650.52,4280899.0,9283334928.0
2026-08-07 14:10,7650.57,7665.23,7649.46,7662.89,2987357.0,6593653248.0
2026-08-07 14:15,7663.04,7669.3,7650.6,7650.71,3266308.0,6456738064.0
2026-08-07 14:20,7649.49,7649.66,7635.1,7643.86,3480968.0,8090281712.0
2026-08-07 14:25,7643.96,7643.96,7635.84,7637.91,3096145.0,6794138368.0
2026-08-07 14:30,7637.87,7642.94,7625.6,7642.91,3591859.0,7806067312.0
2026-08-07 14:35,7643.5,7661.58,7643.5,7660.37,3469235.0,7263950576.0
2026-08-07 14:40,7660.88,7665.79,7655.98,7663.33,3752300.0,7418478960.0
2026-08-07 14:45,7663.69,7676.56,7663.69,7676.56,4334330.0,8451708688.0
2026-08-07 14:50,7675.92,7679.17,7673.44,7673.44,6146933.0,10943678112.0
2026-08-07 14:55,7673.65,7679.41,7673.17,7679.41,7311249.0,12999970496.0
2026-08-07 15:00,7678.48,7681.33,7677.41,7679.53,7366273.0,13130372669.0
2026-08-10 09:35,7723.38,7726.45,7700.82,7714.26,22988649.0,50296773392.0
