time,open,high,low,close,volume,amount
2026-06-26 09:35,4981.83,4981.98,4966.52,4966.52,33677565.0,106901019648.0
2026-06-26 09:40,4965.83,4980.32,4963.78,4975.35,18086802.0,56838153984.0
2026-06-26 09:45,4975.83,4975.89,4965.51,4969.25,18374788.0,53559745536.0
2026-06-26 09:50,4969.05,4969.05,4939.44,4939.77,14413630.0,49057130752.0
2026-06-26 09:55,4939.96,4949.08,4936.33,4939.32,14553011.0,48747119616.0
2026-06-26 10:00,4939.06,4946.42,4936.74,4946.42,9954815.0,31264950016.0
2026-06-26 10:05,4946.72,4948.98,4940.68,4940.68,8722704.0,27799607040.0
2026-06-26 10:10,4939.72,4943.89,4934.2,4939.08,9250274.0,24956253696.0
2026-06-26 10:15,4939.24,4940.02,4925.76,4933.78,11323904.0,24986296448.0
2026-06-26 10:20,4933.52,4934.75,4924.36,4924.36,8471806.0,21572921536.0
2026-06-26 10:25,4924.56,4926.98,4922.15,4924.33,6906727.0,19306673376.0
2026-06-26 10:30,4924.54,4924.54,4899.78,4900.28,7173671.0,24482395360.0
2026-06-26 10:35,4900.27,4901.77,4891.42,4897.48,6900307.0,26897771056.0
2026-06-26 10:40,4898.06,4901.27,4890.08,4897.46,5886612.0,19780303360.0
2026-06-26 10:45,4897.31,4897.31,4890.16,4895.66,4945843.0,15740626944.0
2026-06-26 10:50,4895.68,4895.77,4879.44,4879.44,6465772.0,17531331840.0
2026-06-26 10:55,4879.23,4879.23,4863.27,4863.79,6875664.0,24922422528.0
2026-06-26 11:00,4863.47,4867.57,4845.19,4867.54,8990624.0,29969163008.0
2026-06-26 11:05,4865.56,4875.24,4862.38,4868.12,7077871.0,20773631968.0
2026-06-26 11:10,4868.77,4883.22,4865.28,4878.97,5957775.0,17406411760.0
2026-06-26 11:15,4879.14,4881.29,4863.41,4870.89,5753371.0,19155698544.0
2026-06-26 11:20,4871.02,4880.17,4868.4,4879.17,4315060.0,13942512320.0
2026-06-26 11:25,4879.0,4879.86,4856.19,4856.91,4195351.0,13820583360.0
2026-06-26 11:30,4856.33,4879.46,4854.37,4878.74,3443277.0,11675293376.0
2026-06-26 13:05,4879.96,4881.75,4866.42,4881.23,6095233.0,20248707456.0
2026-06-26 13:10,4881.24,4881.24,4871.34,4879.86,3588708.0,13125893456.0
2026-06-26 13:15,4880.28,4894.75,4879.88,4893.9,4156569.0,14254810480.0
2026-06-26 13:20,4893.85,4905.08,4893.85,4899.81,4598519.0,16120711888.0
2026-06-26 13:25,4900.18,4914.4,4900.18,4904.96,3535130.0,15061487792.0
2026-06-26 13:30,4904.4,4911.96,4896.36,4896.53,4541474.0,14900591664.0
2026-06-26 13:35,4896.65,4908.48,4894.06,4907.94,4579085.0,13241356944.0
2026-06-26 13:40,4907.56,4911.24,4903.04,4905.85,3931229.0,12509410704.0
2026-06-26 13:45,4905.92,4909.72,4900.38,4909.72,3373285.0,11127494672.0
2026-06-26 13:50,4910.03,4910.03,4899.94,4909.48,3492737.0,12133723136.0
2026-06-26 13:55,4909.95,4920.01,4909.95,4919.84,3905202.0,12830648768.0
2026-06-26 14:00,4919.74,4924.1,4911.18,4911.18,3428574.0,11859810368.0
2026-06-26 14:05,4911.21,4911.21,4902.28,4904.77,3849398.0,11536877072.0
2026-06-26 14:10,4904.13,4904.13,4887.19,4889.33,5079366.0,13153754928.0
2026-06-26 14:15,4888.95,4888.95,4876.58,4876.7,4514697.0,12082347088.0
2026-06-26 14:20,4877.57,4882.42,4875.79,4877.99,3893452.0,12496686912.0
2026-06-26 14:25,4878.53,4887.18,4878.14,4882.18,3375903.0,10682659856.0
2026-06-26 14:30,4882.57,4888.39,4879.59,4880.45,3583696.0,10809347520.0
2026-06-26 14:35,4880.45,4881.44,4874.88,4875.4,4641455.0,13559136176.0
2026-06-26 14:40,4874.94,4894.33,4874.35,4892.73,4828944.0,13994794704.0
2026-06-26 14:45,4893.17,4894.66,4884.84,4891.46,4666275.0,15295871344.0
2026-06-26 14:50,4891.36,4891.37,4884.64,4884.77,5741744.0,17458217584.0
2026-06-26 14:55,4885.0,4885.69,4870.17,4870.94,8283292.0,25395003136.0
2026-06-26 15:00,4870.56,4870.71,4867.82,4868.22,7778047.0,23115302048.0
2026-06-29 09:35,4866.04,4869.63,4848.36,4855.19,33852641.0,102397793536.0
2026-06-29 09:40,4854.69,4878.25,4854.69,4874.31,17370146.0,55695638016.0
2026-06-29 09:45,4874.64,4895.83,4874.63,4888.56,15446258.0,46539652096.0
2026-06-29 09:50,4888.64,4889.5,4879.08,4879.85,15099656.0,43757876736.0
2026-06-29 09:55,4880.17,4880.17,4870.61,4876.04,13687230.0,43044983808.0
2026-06-29 10:00,4876.71,4883.74,4871.95,4879.72,13578682.0,41921840128.0
2026-06-29 10:05,4880.89,4889.78,4871.88,4872.14,12624315.0,42287276544.0
2026-06-29 10:10,4871.99,4874.54,4846.69,4846.69,11047146.0,40023948544.0
2026-06-29 10:15,4847.13,4857.87,4829.83,4830.47,10584680.0,43787425536.0
2026-06-29 10:20,4830.41,4860.35,4827.15,4843.63,10441569.0,38557051136.0
2026-06-29 10:25,4843.2,4871.17,4840.98,4871.17,10129423.0,30618734336.0
2026-06-29 10:30,4870.95,4885.82,4870.95,4883.72,8609988.0,27707885824.0
2026-06-29 10:35,4884.29,4885.29,4847.58,4847.58,8373091.0,28707211776.0
2026-06-29 10:40,4846.67,4851.14,4834.53,4851.14,7906318.0,29828326768.0
2026-06-29 10:45,4850.6,4855.86,4840.62,4855.86,5155044.0,19658176928.0
2026-06-29 10:50,4856.19,4868.02,4856.19,4868.02,4804009.0,17391423616.0
2026-06-29 10:55,4868.9,4875.62,4862.58,4867.39,4254323.0,14476568192.0
2026-06-29 11:00,4867.3,4881.1,4866.54,4879.1,4355828.0,13688179696.0
2026-06-29 11:05,4879.37,4888.89,4878.8,4879.55,4028530.0,13944557312.0
2026-06-29 11:10,4879.59,4893.92,4879.59,4893.92,3580843.0,12311583872.0
2026-06-29 11:15,4893.86,4893.86,4876.33,4889.86,3430790.0,11028421120.0
2026-06-29 11:20,4889.95,4892.23,4883.19,4885.94,2836027.0,9711550880.0
2026-06-29 11:25,4885.84,4887.08,4871.64,4873.81,2858125.0,8994670560.0
2026-06-29 11:30,4873.79,4875.06,4864.7,4871.03,2732918.0,8614902432.0
2026-06-29 13:05,4871.93,4871.93,4858.77,4860.13,6185442.0,16648874608.0
2026-06-29 13:10,4860.23,4860.23,4850.74,4851.44,3603127.0,10531354480.0
2026-06-29 13:15,4851.37,4851.82,4845.6,4848.52,3400589.0,10385498448.0
2026-06-29 13:20,4848.56,4859.33,4846.62,4854.03,3082964.0,9866229936.0
2026-06-29 13:25,4854.35,4863.41,4851.76,4862.31,2922414.0,9520367168.0
2026-06-29 13:30,4862.25,4870.98,4862.25,4868.63,3198005.0,10684857168.0
2026-06-29 13:35,4868.65,4873.82,4863.22,4873.72,3374644.0,11238918688.0
2026-06-29 13:40,4873.93,4879.32,4869.0,4875.56,3386102.0,11399801632.0
2026-06-29 13:45,4875.78,4891.77,4875.75,4891.77,3783110.0,12281301120.0
2026-06-29 13:50,4892.37,4892.37,4887.04,4889.79,3164912.0,11357805104.0
2026-06-29 13:55,4889.01,4912.78,4888.89,4912.78,4309989.0,14521006784.0
2026-06-29 14:00,4912.67,4918.82,4909.67,4909.79,4113422.0,15757844864.0
2026-06-29 14:05,4909.56,4917.67,4903.6,4903.6,3785532.0,13082987168.0
2026-06-29 14:10,4903.24,4903.27,4890.69,4896.11,3285884.0,10547627472.0
2026-06-29 14:15,4896.24,4897.46,4885.87,4887.04,3164472.0,9671023648.0
2026-06-29 14:20,4887.69,4900.36,4887.69,4894.71,3219836.0,9975650208.0
2026-06-29 14:25,4894.78,4897.33,4889.15,4889.15,3051235.0,9663032848.0
2026-06-29 14:30,4889.25,4893.49,4886.46,4893.49,3416058.0,9951502688.0
2026-06-29 14:35,4893.84,4909.05,4893.84,4904.4,4496609.0,12211567376.0
2026-06-29 14:40,4904.34,4916.2,4903.98,4915.68,3925387.0,15069173360.0
2026-06-29 14:45,4915.77,4916.01,4908.73,4911.07,4333829.0,15190966496.0
2026-06-29 14:50,4911.01,4921.76,4911.01,4921.35,5530154.0,17655124448.0
2026-06-29 14:55,4921.59,4928.54,4920.79,4928.54,7075295.0,21840151840.0
2026-06-29 15:00,4928.6,4928.6,4926.24,4926.92,6619543.0,19975476608.0
2026-06-30 09:35,4914.49,4930.42,4914.49,4928.42,27369835.0,90876326912.0
2026-06-30 09:40,4928.37,4941.17,4926.59,4932.68,19762521.0,62213039872.0
2026-06-30 09:45,4933.32,4940.34,4916.9,4940.34,15711938.0,48672482304.0
2026-06-30 09:50,4940.96,4945.69,4934.56,4937.06,15203752.0,46792988672.0
2026-06-30 09:55,4937.57,4943.04,4936.74,4940.65,12153912.0,38239762944.0
2026-06-30 10:00,4940.28,4942.74,4934.0,4942.5,11195331.0,31017438208.0
2026-06-30 10:05,4942.3,4943.53,4938.86,4941.27,9626708.0,28530687744.0
2026-06-30 10:10,4941.13,4947.68,4941.13,4943.53,7012854.0,24462842320.0
2026-06-30 10:15,4943.7,4945.89,4932.65,4941.61,6570779.0,22027184976.0
2026-06-30 10:20,4941.7,4944.13,4930.45,4933.55,5372049.0,20134526528.0
2026-06-30 10:25,4933.29,4937.4,4930.45,4931.88,6098024.0,19768667024.0
2026-06-30 10:30,4932.08,4945.65,4927.81,4944.86,4885503.0,17271465424.0
2026-06-30 10:35,4944.83,4950.01,4940.84,4949.46,5839957.0,19068803440.0
2026-06-30 10:40,4949.48,4950.6,4943.67,4950.24,5736366.0,17088061312.0
2026-06-30 10:45,4950.38,4955.94,4950.32,4954.17,4154914.0,15476714800.0
2026-06-30 10:50,4954.13,4958.4,4948.7,4957.32,4124588.0,14927294592.0
2026-06-30 10:55,4957.48,4960.47,4957.11,4958.32,4289805.0,14972568208.0
2026-06-30 11:00,4958.26,4960.67,4948.52,4948.52,4310027.0,15600085808.0
2026-06-30 11:05,4948.4,4954.83,4948.4,4954.11,3491149.0,13754477872.0
2026-06-30 11:10,4954.29,4960.89,4953.12,4959.31,3262365.0,11463044176.0
2026-06-30 11:15,4959.56,4965.65,4957.46,4965.52,3359193.0,12910517696.0
2026-06-30 11:20,4965.13,4976.35,4963.44,4976.35,4304185.0,15093660064.0
2026-06-30 11:25,4976.39,4984.64,4976.1,4981.54,4049396.0,16856427936.0
2026-06-30 11:30,4981.34,4983.66,4977.31,4982.06,3374865.0,14181735392.0
2026-06-30 13:05,4983.85,4986.76,4976.95,4977.73,7493392.0,27362000048.0
2026-06-30 13:10,4977.4,4980.44,4971.48,4974.57,5850470.0,17796018864.0
2026-06-30 13:15,4974.63,4976.79,4964.78,4969.33,4049805.0,15844574608.0
2026-06-30 13:20,4969.82,4974.18,4966.81,4966.81,4435718.0,13411673536.0
2026-06-30 13:25,4966.59,4971.19,4965.04,4970.09,4175936.0,12324457136.0
2026-06-30 13:30,4970.07,4971.63,4965.44,4970.22,5355798.0,13957780064.0
2026-06-30 13:35,4970.39,4977.02,4966.99,4967.27,4750967.0,14248361632.0
2026-06-30 13:40,4967.51,4967.9,4960.97,4961.76,4707757.0,13968061328.0
2026-06-30 13:45,4961.8,4974.21,4961.36,4962.63,6041319.0,16869555440.0
2026-06-30 13:50,4962.77,4970.53,4962.76,4965.4,4008130.0,13102431008.0
2026-06-30 13:55,4965.47,4967.71,4963.44,4964.12,3713657.0,11648987312.0
2026-06-30 14:00,4964.47,4965.53,4959.63,4965.53,3840682.0,10752826928.0
2026-06-30 14:05,4965.89,4972.7,4964.86,4965.51,3522993.0,11100060912.0
2026-06-30 14:10,4965.41,4969.81,4965.41,4968.15,3249741.0,10314728000.0
2026-06-30 14:15,4968.22,4968.22,4959.49,4964.04,3426453.0,10899762880.0
2026-06-30 14:20,4964.74,4964.74,4959.27,4964.09,3288093.0,10233493360.0
2026-06-30 14:25,4964.15,4965.52,4960.31,4960.65,3305964.0,10204369072.0
2026-06-30 14:30,4961.27,4965.82,4959.16,4965.82,3847214.0,11386818784.0
2026-06-30 14:35,4965.97,4975.81,4965.8,4975.81,4783290.0,13767920016.0
2026-06-30 14:40,4976.19,4978.14,4968.51,4971.44,4818492.0,13980185984.0
2026-06-30 14:45,4971.42,4978.85,4970.45,4977.01,5730455.0,16161224512.0
2026-06-30 14:50,4977.31,4981.22,4974.19,4981.22,5966263.0,18359048656.0
2026-06-30 14:55,4981.65,4987.56,4981.18,4985.9,6821497.0,22968808336.0
2026-06-30 15:00,4985.82,4986.1,4979.43,4979.43,7706123.0,23731252816.0
2026-07-01 09:35,4972.69,4984.91,4971.34,4981.7,30225589.0,93277207808.0
2026-07-01 09:40,4981.41,4983.65,4971.26,4976.35,19111037.0,60283241728.0
2026-07-01 09:45,4976.0,4989.72,4969.18,4983.48,15219004.0,50237715712.0
2026-07-01 09:50,4983.4,4989.27,4974.5,4978.33,13416851.0,43157024000.0
2026-07-01 09:55,4978.14,4984.07,4975.76,4980.89,10802925.0,33231979776.0
2026-07-01 10:00,4981.37,4981.37,4966.89,4968.28,10145147.0,35856547328.0
2026-07-01 10:05,4968.67,4983.29,4967.96,4976.46,8911754.0,32222441728.0
2026-07-01 10:10,4976.55,4977.17,4969.94,4974.32,9841524.0,32867328512.0
2026-07-01 10:15,4974.15,4983.32,4969.66,4970.65,9206599.0,31258465792.0
2026-07-01 10:20,4970.49,4989.71,4970.49,4989.71,10112005.0,31226319616.0
2026-07-01 10:25,4989.81,4991.76,4982.97,4988.26,8281625.0,22336672240.0
2026-07-01 10:30,4987.52,4990.0,4978.13,4990.0,7401139.0,24212755216.0
2026-07-01 10:35,4990.39,4990.69,4983.54,4986.48,8456484.0,27774187520.0
2026-07-01 10:40,4986.51,4994.11,4980.02,4992.07,10937145.0,34320062720.0
2026-07-01 10:45,4992.12,4994.88,4980.77,4994.39,11093006.0,32390767360.0
2026-07-01 10:50,4994.94,5008.44,4994.94,5008.44,7829319.0,21583855408.0
2026-07-01 10:55,5008.65,5017.38,5006.33,5007.92,5587173.0,16602816128.0
2026-07-01 11:00,5007.58,5012.38,5004.46,5004.75,5179630.0,14742030960.0
2026-07-01 11:05,5004.73,5008.15,5000.68,5002.71,4625713.0,13255601344.0
2026-07-01 11:10,5002.48,5010.02,4998.5,5008.16,4405572.0,13217177296.0
2026-07-01 11:15,5008.29,5008.29,4999.79,5002.99,4393138.0,13932359248.0
2026-07-01 11:20,5003.38,5010.49,5001.87,5004.25,4495628.0,14098504128.0
2026-07-01 11:25,5003.92,5003.92,4987.56,4995.39,4714903.0,15630116464.0
2026-07-01 11:30,4995.59,5001.73,4995.3,5001.54,3406429.0,11570924032.0
2026-07-01 13:05,5001.98,5002.84,4989.64,4989.64,7302755.0,24907920752.0
2026-07-01 13:10,4989.34,4995.56,4984.76,4984.76,4946080.0,19105894448.0
2026-07-01 13:15,4984.43,4987.55,4973.42,4973.64,5484756.0,21200061040.0
2026-07-01 13:20,4973.53,4995.57,4971.87,4995.57,4903650.0,18284372720.0
2026-07-01 13:25,4995.39,5000.7,4990.92,4997.08,4776724.0,14624852768.0
2026-07-01 13:30,4996.58,4996.58,4981.7,4981.7,5626716.0,16183385056.0
2026-07-01 13:35,4981.99,4986.23,4976.05,4976.19,4289810.0,14068481200.0
2026-07-01 13:40,4975.38,4978.8,4967.91,4971.73,4063223.0,13927605264.0
2026-07-01 13:45,4971.31,4971.77,4957.12,4957.12,3807032.0,15975327808.0
2026-07-01 13:50,4957.47,4963.78,4954.65,4954.72,4087875.0,14620041696.0
2026-07-01 13:55,4954.37,4954.37,4934.02,4934.02,6273540.0,21487127552.0
2026-07-01 14:00,4933.99,4955.27,4931.25,4954.5,5475334.0,16712422816.0
2026-07-01 14:05,4954.04,4964.2,4950.1,4963.65,4348270.0,13338649472.0
2026-07-01 14:10,4963.51,4965.52,4956.79,4956.79,3736210.0,11067801904.0
2026-07-01 14:15,4956.64,4958.17,4952.28,4952.98,3371990.0,10190634464.0
2026-07-01 14:20,4952.76,4952.99,4942.08,4942.08,3094065.0,10729965296.0
2026-07-01 14:25,4941.86,4952.31,4941.21,4941.26,3177459.0,10607294272.0
2026-07-01 14:30,4940.88,4942.23,4936.07,4939.57,3209126.0,11456239504.0
2026-07-01 14:35,4939.32,4945.99,4938.64,4938.64,3980671.0,13620187280.0
2026-07-01 14:40,4938.63,4938.68,4925.63,4927.67,5471990.0,18691098416.0
2026-07-01 14:45,4928.1,4945.16,4928.1,4944.75,4658521.0,15334719264.0
2026-07-01 14:50,4944.45,4950.24,4944.35,4949.01,4915806.0,16228530480.0
2026-07-01 14:55,4949.03,4961.5,4947.88,4961.5,7373037.0,20978144384.0
2026-07-01 15:00,4961.56,4961.73,4958.41,4958.98,6760765.0,19090665552.0
2026-07-02 09:35,4865.17,4869.92,4837.25,4849.08,42994268.0,135108929536.0
2026-07-02 09:40,4849.15,4873.1,4847.71,4872.45,18137946.0,61044544256.0
2026-07-02 09:45,4872.2,4876.97,4859.04,4859.04,17305001.0,50212461312.0
2026-07-02 09:50,4858.95,4874.17,4850.63,4861.2,14121289.0,45018502144.0
2026-07-02 09:55,4862.56,4877.74,4862.56,4875.91,10821778.0,33949691648.0
2026-07-02 10:00,4875.08,4881.67,4864.35,4865.14,8540348.0,28172905216.0
2026-07-02 10:05,4865.8,4879.34,4864.4,4879.1,9006088.0,27730561024.0
2026-07-02 10:10,4879.38,4881.41,4870.65,4879.9,7933518.0,23505707664.0
2026-07-02 10:15,4879.49,4879.52,4867.89,4873.81,6265397.0,21168244128.0
2026-07-02 10:20,4873.56,4874.02,4858.63,4863.09,6003153.0,20940381488.0
2026-07-02 10:25,4863.57,4871.38,4858.76,4869.22,6223829.0,19094671344.0
2026-07-02 10:30,4869.29,4879.68,4868.97,4879.32,6565429.0,19078183248.0
2026-07-02 10:35,4878.27,4889.11,4874.81,4889.11,6468178.0,18580512496.0
2026-07-02 10:40,4889.23,4896.99,4887.96,4895.19,6595847.0,18843440400.0
2026-07-02 10:45,4894.73,4894.87,4888.07,4888.34,5571504.0,16334146016.0
2026-07-02 10:50,4888.28,4888.28,4883.11,4883.16,5846267.0,16745413760.0
2026-07-02 10:55,4882.88,4883.44,4874.15,4878.73,5385430.0,16206684032.0
2026-07-02 11:00,4878.43,4878.61,4871.24,4871.41,4085230.0,13155393472.0
2026-07-02 11:05,4871.17,4871.17,4864.98,4867.22,4244472.0,13579369968.0
2026-07-02 11:10,4866.87,4872.27,4862.99,4872.27,3633498.0,12101259424.0
2026-07-02 11:15,4871.78,4879.33,4868.29,4879.33,5243423.0,11801519568.0
2026-07-02 11:20,4879.17,4883.58,4874.24,4874.48,6849198.0,13614982976.0
2026-07-02 11:25,4874.08,4876.78,4864.63,4869.11,5482823.0,11248262416.0
2026-07-02 11:30,4869.09,4869.09,4863.59,4867.42,5350345.0,12127753648.0
2026-07-02 13:05,4868.66,4871.81,4862.29,4871.81,8393894.0,22122684592.0
2026-07-02 13:10,4872.52,4874.4,4870.12,4870.12,5392316.0,13126793520.0
2026-07-02 13:15,4870.14,4870.14,4862.46,4862.92,4884634.0,14406101680.0
2026-07-02 13:20,4862.65,4863.18,4850.75,4850.75,4385802.0,14106879968.0
2026-07-02 13:25,4850.55,4853.91,4847.89,4851.43,4909848.0,16398872256.0
2026-07-02 13:30,4851.39,4854.04,4844.04,4844.04,3789088.0,13693440096.0
2026-07-02 13:35,4844.05,4846.59,4836.09,4836.09,5071750.0,15038819824.0
2026-07-02 13:40,4835.34,4837.47,4829.22,4834.18,4589456.0,15077972304.0
2026-07-02 13:45,4834.25,4839.31,4831.63,4832.56,4331656.0,13802539072.0
2026-07-02 13:50,4832.42,4833.67,4823.9,4825.99,4852147.0,16307232816.0
2026-07-02 13:55,4826.71,4836.24,4826.71,4833.5,4170907.0,13510985360.0
2026-07-02 14:00,4833.27,4842.14,4833.27,4834.62,3587534.0,11602564512.0
2026-07-02 14:05,4834.49,4841.08,4833.07,4833.07,4522783.0,12405013376.0
2026-07-02 14:10,4833.27,4846.17,4830.41,4845.92,4276643.0,13517319664.0
2026-07-02 14:15,4846.13,4851.04,4840.73,4841.86,3724167.0,11326063168.0
2026-07-02 14:20,4841.95,4842.07,4833.51,4833.6,3997481.0,10988207152.0
2026-07-02 14:25,4833.39,4835.13,4829.83,4829.83,3913694.0,11476754576.0
2026-07-02 14:30,4829.83,4830.27,4824.74,4825.46,4304627.0,13248760480.0
2026-07-02 14:35,4825.48,4834.06,4824.94,4824.94,4739380.0,14313847248.0
2026-07-02 14:40,4824.94,4828.94,4819.4,4819.4,5209955.0,15387481104.0
2026-07-02 14:45,4818.91,4818.91,4809.83,4812.91,8214982.0,22572037728.0
2026-07-02 14:50,4812.98,4812.98,4805.35,4806.3,7726430.0,20786496944.0
2026-07-02 14:55,4806.07,4808.96,4800.48,4808.82,8691041.0,23867329168.0
2026-07-02 15:00,4808.87,4812.85,4808.87,4812.29,6889284.0,19349116400.0
2026-07-03 09:35,4809.5,4833.78,4809.5,4819.19,32450014.0,106985910528.0
2026-07-03 09:40,4819.3,4843.08,4819.3,4842.11,19188442.0,57776848896.0
2026-07-03 09:45,4842.73,4848.06,4836.23,4841.88,14890861.0,47530050304.0
2026-07-03 09:50,4842.02,4844.63,4824.23,4824.62,13264314.0,37447793920.0
2026-07-03 09:55,4824.86,4834.87,4818.15,4827.58,12090643.0,36227569408.0
2026-07-03 10:00,4828.19,4838.11,4828.19,4837.55,9213145.0,26547806208.0
2026-07-03 10:05,4838.04,4846.15,4835.22,4842.02,9852529.0,27627847680.0
2026-07-03 10:10,4841.19,4852.17,4839.09,4850.23,6587770.0,22904642304.0
2026-07-03 10:15,4849.43,4849.43,4836.4,4839.51,6532826.0,20565354448.0
2026-07-03 10:20,4838.66,4854.38,4838.66,4841.24,5777555.0,16788532704.0
2026-07-03 10:25,4841.2,4846.51,4833.28,4843.03,4905450.0,15841233504.0
2026-07-03 10:30,4843.2,4849.29,4843.2,4845.67,4009566.0,13886636048.0
2026-07-03 10:35,4846.49,4856.61,4844.39,4856.61,4097976.0,13851350896.0
2026-07-03 10:40,4857.16,4862.78,4852.22,4862.78,5137202.0,16730446272.0
2026-07-03 10:45,4862.29,4867.0,4858.61,4867.0,4771353.0,17734835616.0
2026-07-03 10:50,4867.19,4876.74,4867.19,4876.74,5074914.0,19384636976.0
2026-07-03 10:55,4876.57,4882.48,4868.74,4875.75,5471883.0,18617729888.0
2026-07-03 11:00,4875.76,4880.76,4874.91,4879.15,4451001.0,14733285840.0
2026-07-03 11:05,4879.49,4884.71,4876.12,4879.41,3760961.0,14144441760.0
2026-07-03 11:10,4879.24,4880.56,4871.92,4874.44,4659576.0,14559256464.0
2026-07-03 11:15,4874.32,4874.32,4865.86,4872.61,4155019.0,13454533728.0
2026-07-03 11:20,4872.71,4875.15,4867.21,4867.21,3365402.0,10741878464.0
2026-07-03 11:25,4867.14,4868.77,4861.43,4861.49,3632357.0,11567941840.0
2026-07-03 11:30,4861.6,4869.16,4861.03,4867.59,3155720.0,9990985712.0
2026-07-03 13:05,4872.94,4890.96,4872.94,4889.48,6576707.0,25977364928.0
2026-07-03 13:10,4889.0,4890.81,4880.69,4880.89,4888035.0,16833930128.0
2026-07-03 13:15,4880.11,4881.7,4868.39,4868.39,4786927.0,14939227024.0
2026-07-03 13:20,4868.32,4872.82,4862.77,4865.64,5623106.0,15092914192.0
2026-07-03 13:25,4865.54,4865.54,4850.85,4855.52,4048446.0,14647482816.0
2026-07-03 13:30,4854.73,4858.87,4849.95,4854.36,3662805.0,12924242096.0
2026-07-03 13:35,4853.96,4863.42,4853.46,4862.68,3525501.0,11561213072.0
2026-07-03 13:40,4862.03,4862.03,4853.0,4853.12,4113641.0,11147407680.0
2026-07-03 13:45,4853.07,4866.22,4853.07,4865.86,3746089.0,10404766448.0
2026-07-03 13:50,4866.23,4868.94,4862.56,4865.54,3893794.0,10105748352.0
2026-07-03 13:55,4865.5,4874.8,4864.95,4874.68,3699407.0,9750606048.0
2026-07-03 14:00,4874.46,4877.33,4872.38,4875.19,4033351.0,10295934480.0
2026-07-03 14:05,4875.09,4880.79,4874.11,4880.22,4156483.0,11334910720.0
2026-07-03 14:10,4880.24,4886.99,4878.6,4879.57,3999988.0,11773186272.0
2026-07-03 14:15,4879.33,4879.33,4869.07,4869.1,3352561.0,11651461952.0
2026-07-03 14:20,4868.87,4869.81,4866.73,4869.35,3355244.0,10093413344.0
2026-07-03 14:25,4869.04,4869.88,4859.44,4860.71,4002552.0,12066339216.0
2026-07-03 14:30,4860.56,4860.64,4856.09,4857.7,3491240.0,12268648480.0
2026-07-03 14:35,4857.53,4864.17,4848.49,4848.49,5157792.0,15938156992.0
2026-07-03 14:40,4848.32,4855.93,4847.1,4855.85,4455177.0,15420638240.0
2026-07-03 14:45,4855.61,4856.91,4853.48,4855.76,4843424.0,13907450208.0
2026-07-03 14:50,4855.55,4859.58,4852.34,4852.34,5346400.0,15839527024.0
2026-07-03 14:55,4852.15,4852.15,4841.13,4841.39,8670168.0,23366198464.0
2026-07-03 15:00,4841.44,4842.72,4841.31,4842.17,7142250.0,19587577328.0
2026-07-06 09:35,4868.54,4870.91,4851.19,4851.19,28523193.0,98111680512.0
2026-07-06 09:40,4849.81,4856.51,4836.66,4851.52,19039936.0,56658439680.0
2026-07-06 09:45,4851.45,4866.27,4846.12,4866.19,12640016.0,40516226816.0
2026-07-06 09:50,4865.56,4875.56,4864.42,4873.57,10924849.0,34959002624.0
2026-07-06 09:55,4873.94,4878.32,4865.44,4876.05,9984291.0,29813262336.0
2026-07-06 10:00,4876.25,4876.25,4861.11,4861.7,8982335.0,28648219648.0
2026-07-06 10:05,4861.94,4862.61,4854.97,4858.71,11150957.0,31936180992.0
2026-07-06 10:10,4858.08,4867.51,4855.65,4867.37,6863788.0,21371036000.0
2026-07-06 10:15,4867.31,4867.31,4850.09,4851.1,7563067.0,22879860928.0
2026-07-06 10:20,4851.04,4851.2,4836.69,4836.69,7414013.0,25148932864.0
2026-07-06 10:25,4837.08,4841.02,4828.29,4829.07,7383612.0,26467212032.0
2026-07-06 10:30,4829.23,4834.42,4818.3,4819.4,7068236.0,24446721984.0
2026-07-06 10:35,4818.94,4823.67,4807.66,4807.66,7250510.0,24664997888.0
2026-07-06 10:40,4807.25,4825.75,4801.17,4822.31,7162512.0,24866558512.0
2026-07-06 10:45,4822.38,4823.59,4806.71,4806.71,7133586.0,19582324656.0
2026-07-06 10:50,4806.38,4808.98,4791.36,4793.77,6907795.0,20388305824.0
2026-07-06 10:55,4793.98,4805.31,4789.79,4801.32,6378911.0,19650652784.0
2026-07-06 11:00,4801.34,4818.99,4795.21,4818.77,5379799.0,15945646784.0
2026-07-06 11:05,4817.76,4824.17,4813.99,4821.41,4157943.0,13757121248.0
2026-07-06 11:10,4821.15,4832.63,4821.15,4832.63,4460011.0,14395949168.0
2026-07-06 11:15,4832.57,4843.3,4832.41,4842.26,4065888.0,14618735376.0
2026-07-06 11:20,4842.63,4843.26,4833.14,4841.85,2999153.0,11142549184.0
2026-07-06 11:25,4841.86,4847.99,4841.82,4847.25,3207111.0,12462744144.0
2026-07-06 11:30,4847.17,4856.65,4841.2,4856.07,3023843.0,11703762848.0
2026-07-06 13:05,4858.26,4859.59,4849.46,4856.82,5323090.0,18642303664.0
2026-07-06 13:10,4856.8,4858.7,4844.96,4845.03,3978456.0,12736269488.0
2026-07-06 13:15,4844.5,4854.76,4841.39,4844.42,3288954.0,10203328512.0
2026-07-06 13:20,4844.48,4850.45,4840.1,4840.1,2804906.0,8745642784.0
2026-07-06 13:25,4839.4,4843.37,4836.29,4836.29,3145956.0,8706376496.0
2026-07-06 13:30,4837.67,4852.86,4837.67,4848.84,2888267.0,9339258848.0
2026-07-06 13:35,4847.33,4847.33,4833.71,4834.37,3554168.0,8660943184.0
2026-07-06 13:40,4834.9,4847.66,4834.84,4847.04,2680420.0,7951623184.0
2026-07-06 13:45,4847.22,4860.13,4847.22,4860.13,2943397.0,10440024336.0
2026-07-06 13:50,4860.74,4861.23,4853.05,4858.29,3120004.0,10341257552.0
2026-07-06 13:55,4858.41,4864.19,4858.41,4860.98,2538405.0,9157657840.0
2026-07-06 14:00,4860.78,4864.03,4858.19,4858.71,2533273.0,8811088592.0
2026-07-06 14:05,4857.99,4857.99,4850.14,4850.63,4180149.0,9549470384.0
2026-07-06 14:10,4851.28,4858.56,4849.85,4850.06,3787173.0,9283199936.0
2026-07-06 14:15,4850.15,4855.92,4849.4,4850.63,4774045.0,10955006112.0
2026-07-06 14:20,4850.27,4850.27,4845.65,4848.57,3807581.0,9534880912.0
2026-07-06 14:25,4848.54,4851.04,4843.29,4844.59,4627572.0,11151848032.0
2026-07-06 14:30,4844.5,4844.65,4838.91,4844.35,3816847.0,10132126656.0
2026-07-06 14:35,4844.47,4852.54,4844.35,4848.13,4351939.0,11285587456.0
2026-07-06 14:40,4848.21,4853.73,4842.07,4842.07,4509507.0,11585036448.0
2026-07-06 14:45,4842.1,4842.1,4836.08,4836.11,4892744.0,12850874496.0
2026-07-06 14:50,4836.26,4840.77,4836.26,4839.51,5005016.0,13586463104.0
2026-07-06 14:55,4839.34,4841.47,4838.94,4838.94,6141900.0,15679939552.0
2026-07-06 15:00,4838.99,4842.0,4838.06,4842.0,5691417.0,14479684992.0
2026-07-07 09:35,4813.87,4824.82,4807.05,4818.56,21327904.0,68368166656.0
2026-07-07 09:40,4818.86,4829.95,4813.17,4829.87,14646482.0,41349164800.0
2026-07-07 09:45,4830.56,4836.34,4828.59,4834.47,11498012.0,36657878528.0
2026-07-07 09:50,4834.65,4839.51,4829.94,4830.51,11208785.0,32311615488.0
2026-07-07 09:55,4830.32,4831.94,4823.95,4828.5,10404436.0,28467892480.0
2026-07-07 10:00,4828.69,4829.32,4819.3,4824.94,7624497.0,23158235024.0
2026-07-07 10:05,4824.76,4832.58,4821.54,4826.91,9057807.0,22552987792.0
2026-07-07 10:10,4827.2,4833.74,4822.69,4823.56,6277725.0,18273868064.0
2026-07-07 10:15,4823.32,4827.25,4815.5,4823.05,5086313.0,17976790768.0
2026-07-07 10:20,4822.67,4823.56,4816.79,4817.76,4224061.0,14121696768.0
2026-07-07 10:25,4816.58,4816.58,4806.7,4806.7,4432818.0,15141868304.0
2026-07-07 10:30,4806.63,4809.75,4800.78,4806.69,5888578.0,16998498496.0
2026-07-07 10:35,4806.17,4811.18,4800.91,4811.16,4745794.0,13650767616.0
2026-07-07 10:40,4811.6,4818.24,4811.6,4817.79,4921224.0,15160356768.0
2026-07-07 10:45,4817.42,4818.69,4812.38,4817.18,3448271.0,12414926576.0
2026-07-07 10:50,4816.13,4816.13,4807.19,4809.99,3909501.0,10903192064.0
2026-07-07 10:55,4809.95,4812.92,4803.18,4811.6,3062713.0,9128125200.0
2026-07-07 11:00,4811.94,4812.45,4801.77,4801.77,3173679.0,8495658960.0
2026-07-07 11:05,4801.7,4810.52,4798.93,4809.94,3408313.0,9718539296.0
2026-07-07 11:10,4809.68,4815.87,4809.68,4814.42,3558867.0,9675453792.0
2026-07-07 11:15,4814.58,4816.98,4800.33,4803.0,2840115.0,8969071168.0
2026-07-07 11:20,4803.1,4803.85,4797.05,4799.96,2596949.0,8980197184.0
2026-07-07 11:25,4799.93,4800.22,4795.02,4795.15,2370200.0,7804186912.0
2026-07-07 11:30,4795.18,4804.56,4793.1,4802.0,2465415.0,8574675056.0
2026-07-07 13:05,4799.82,4799.82,4778.59,4779.58,5949841.0,19803293376.0
2026-07-07 13:10,4779.92,4782.17,4763.54,4765.49,4750669.0,17125139392.0
2026-07-07 13:15,4765.51,4771.83,4760.02,4760.02,4142944.0,14884745376.0
2026-07-07 13:20,4760.03,4769.67,4756.73,4766.45,3753769.0,13758389840.0
2026-07-07 13:25,4766.6,4771.5,4763.04,4771.39,3666108.0,12777804768.0
2026-07-07 13:30,4771.65,4794.19,4771.65,4793.76,3563913.0,14262528416.0
2026-07-07 13:35,4793.14,4805.39,4793.14,4801.43,4022682.0,16276192112.0
2026-07-07 13:40,4801.17,4805.6,4795.63,4800.1,3542643.0,13402033712.0
2026-07-07 13:45,4799.46,4807.41,4798.58,4807.41,2988859.0,11439412208.0
2026-07-07 13:50,4807.05,4809.39,4797.0,4799.2,4112815.0,15631927824.0
2026-07-07 13:55,4799.14,4805.23,4799.14,4804.35,2844608.0,10350537792.0
2026-07-07 14:00,4804.8,4805.93,4793.67,4793.67,2630438.0,9639184144.0
2026-07-07 14:05,4793.74,4797.9,4788.33,4788.33,3096327.0,9598912960.0
2026-07-07 14:10,4788.34,4788.34,4777.05,4777.05,3311664.0,10027514944.0
2026-07-07 14:15,4777.11,4780.0,4771.86,4778.41,3854606.0,10713827552.0
2026-07-07 14:20,4778.02,4783.48,4773.98,4780.21,3141616.0,9265159792.0
2026-07-07 14:25,4780.26,4781.22,4775.11,4775.65,2719401.0,7843121584.0
2026-07-07 14:30,4775.5,4781.82,4773.0,4781.82,3169922.0,8928721040.0
2026-07-07 14:35,4782.46,4791.8,4781.14,4787.63,4918766.0,11568838304.0
2026-07-07 14:40,4786.68,4800.79,4786.33,4800.04,3927492.0,10821758400.0
2026-07-07 14:45,4800.39,4800.46,4794.23,4796.0,3704309.0,11085853520.0
2026-07-07 14:50,4796.16,4796.16,4787.01,4793.68,5617744.0,13560734640.0
2026-07-07 14:55,4793.56,4793.73,4786.53,4787.76,5452811.0,16011267072.0
2026-07-07 15:00,4787.94,4792.26,4787.37,4792.26,5243593.0,14986793436.0
2026-07-08 09:35,4804.48,4810.36,4786.67,4788.24,20611147.0,74064555520.0
2026-07-08 09:40,4788.21,4790.4,4781.35,4781.94,14112942.0,42059544576.0
2026-07-08 09:45,4782.35,4784.69,4766.84,4767.23,12662219.0,36266059520.0
2026-07-08 09:50,4768.17,4787.29,4766.51,4784.43,11545985.0,34885848320.0
2026-07-08 09:55,4783.79,4784.65,4764.85,4778.68,11333065.0,33567340032.0
2026-07-08 10:00,4779.1,4779.4,4762.67,4768.68,9538462.0,29662085632.0
2026-07-08 10:05,4768.56,4768.56,4752.1,4752.19,8977284.0,30443019520.0
2026-07-08 10:10,4751.47,4771.75,4751.4,4770.52,6689168.0,22253326864.0
2026-07-08 10:15,4771.13,4771.13,4756.93,4763.44,6415987.0,18122504672.0
2026-07-08 10:20,4763.42,4785.48,4763.42,4785.48,5734100.0,18667081792.0
2026-07-08 10:25,4785.95,4789.2,4778.39,4778.39,4834121.0,17090463040.0
2026-07-08 10:30,4777.85,4792.01,4774.52,4792.01,3940110.0,11832526240.0
2026-07-08 10:35,4792.59,4798.32,4787.25,4794.5,4576426.0,16185871120.0
2026-07-08 10:40,4795.42,4802.32,4794.1,4802.32,4812883.0,15443566464.0
2026-07-08 10:45,4802.69,4802.69,4795.79,4799.74,4573573.0,13433853984.0
2026-07-08 10:50,4799.57,4801.42,4788.93,4789.16,4822668.0,13278143888.0
2026-07-08 10:55,4790.17,4795.81,4787.68,4792.04,2963064.0,10100651296.0
2026-07-08 11:00,4791.54,4791.66,4781.58,4783.94,2355543.0,8798329280.0
2026-07-08 11:05,4783.76,4792.36,4783.2,4787.42,2588487.0,8367564992.0
2026-07-08 11:10,4787.75,4795.32,4784.46,4795.32,2341094.0,7718801568.0
2026-07-08 11:15,4796.32,4808.24,4795.83,4807.45,2887949.0,11987102864.0
2026-07-08 11:20,4807.17,4811.53,4803.54,4811.52,3091407.0,12390483296.0
2026-07-08 11:25,4811.74,4823.51,4810.26,4823.51,4058282.0,14134691216.0
2026-07-08 11:30,4823.95,4830.05,4820.72,4821.65,4368478.0,16468680160.0
2026-07-08 13:05,4810.56,4810.56,4783.7,4801.73,6767601.0,26061902912.0
2026-07-08 13:10,4802.12,4810.5,4800.3,4801.82,3359879.0,12677521568.0
2026-07-08 13:15,4801.99,4807.52,4799.15,4806.08,2775832.0,10300699504.0
2026-07-08 13:20,4806.26,4808.37,4801.93,4805.72,3306918.0,9432183680.0
2026-07-08 13:25,4805.85,4806.13,4800.03,4800.43,2397879.0,8222663616.0
2026-07-08 13:30,4800.48,4800.79,4789.5,4790.82,2792197.0,8485839072.0
2026-07-08 13:35,4790.79,4790.96,4778.91,4786.51,3390950.0,10244103888.0
2026-07-08 13:40,4786.41,4788.15,4781.12,4784.86,2457053.0,7734034368.0
2026-07-08 13:45,4785.09,4785.09,4779.01,4780.36,2508174.0,7610610656.0
2026-07-08 13:50,4780.61,4781.91,4771.75,4772.07,2729080.0,8560523072.0
2026-07-08 13:55,4771.9,4788.9,4771.9,4788.9,2825565.0,8057832208.0
2026-07-08 14:00,4789.27,4797.95,4789.27,4795.73,3106045.0,8246041088.0
2026-07-08 14:05,4795.54,4796.71,4787.38,4793.17,2488269.0,8128185920.0
2026-07-08 14:10,4792.17,4792.43,4786.45,4787.87,2149059.0,7452987184.0
2026-07-08 14:15,4787.69,4787.69,4779.0,4782.42,2777589.0,9024042816.0
2026-07-08 14:20,4783.11,4790.27,4782.54,4790.27,3163075.0,8730130944.0
2026-07-08 14:25,4790.38,4791.82,4785.65,4790.88,2620739.0,8417511648.0
2026-07-08 14:30,4790.66,4790.66,4778.38,4780.41,3140647.0,9310621984.0
2026-07-08 14:35,4780.86,4785.86,4776.1,4776.89,3546865.0,11075978080.0
2026-07-08 14:40,4776.51,4781.79,4776.08,4776.08,3157926.0,10089487168.0
2026-07-08 14:45,4775.87,4775.87,4767.87,4768.19,4383205.0,14364630480.0
2026-07-08 14:50,4768.13,4770.14,4755.71,4756.76,5958753.0,17190786368.0
2026-07-08 14:55,4757.38,4760.04,4754.29,4754.39,6318393.0,19051027024.0
2026-07-08 15:00,4753.75,4755.53,4752.47,4755.53,5972610.0,17557537552.0
2026-07-09 09:35,4774.4,4781.17,4771.67,4774.83,25125408.0,86652732672.0
2026-07-09 09:40,4775.35,4790.04,4771.97,4785.74,14728735.0,48438523136.0
2026-07-09 09:45,4785.43,4787.81,4774.25,4775.09,10890937.0,35714240000.0
2026-07-09 09:50,4775.36,4778.16,4768.94,4768.94,10042641.0,33924447232.0
2026-07-09 09:55,4767.99,4774.99,4762.7,4772.13,9128778.0,30987790592.0
2026-07-09 10:00,4772.21,4772.21,4762.17,4763.77,8531386.0,31070183424.0
2026-07-09 10:05,4763.4,4765.26,4754.55,4761.99,7370456.0,24748809104.0
2026-07-09 10:10,4761.93,4773.29,4757.98,4773.29,5917368.0,20164265008.0
2026-07-09 10:15,4772.03,4777.47,4769.98,4774.42,5305485.0,19285754688.0
2026-07-09 10:20,4774.34,4779.56,4771.43,4779.56,4807604.0,17651800784.0
2026-07-09 10:25,4778.84,4783.52,4771.87,4774.56,5149568.0,17279543488.0
2026-07-09 10:30,4774.38,4775.15,4765.7,4766.19,5218705.0,16248452288.0
2026-07-09 10:35,4766.12,4769.12,4759.54,4759.96,5727178.0,16965332848.0
2026-07-09 10:40,4760.23,4760.23,4754.62,4757.65,5894470.0,16727290304.0
2026-07-09 10:45,4758.53,4764.75,4754.72,4759.54,4990410.0,14794590240.0
2026-07-09 10:50,4759.1,4759.13,4746.85,4746.85,4653860.0,14003253248.0
2026-07-09 10:55,4746.78,4757.08,4745.98,4757.08,5432012.0,14370535376.0
2026-07-09 11:00,4757.25,4759.76,4745.35,4745.47,3981042.0,10305216336.0
2026-07-09 11:05,4745.39,4748.37,4742.47,4746.71,3597313.0,10356183904.0
2026-07-09 11:10,4746.74,4750.88,4740.41,4750.6,3805072.0,10721082416.0
2026-07-09 11:15,4751.22,4751.67,4737.48,4740.06,4115974.0,11261798672.0
2026-07-09 11:20,4740.38,4744.97,4734.87,4736.33,3900253.0,10303672560.0
2026-07-09 11:25,4736.89,4752.08,4735.25,4752.08,3285025.0,10096943776.0
2026-07-09 11:30,4752.14,4763.0,4751.5,4758.39,2854378.0,12412045008.0
2026-07-09 13:05,4759.72,4770.1,4759.72,4767.88,4866235.0,20943553152.0
2026-07-09 13:10,4768.17,4786.93,4766.33,4786.93,4297257.0,20233680624.0
2026-07-09 13:15,4786.6,4796.82,4786.6,4796.05,4411782.0,20229211776.0
2026-07-09 13:20,4796.35,4796.43,4781.98,4783.34,4430183.0,18388783776.0
2026-07-09 13:25,4783.34,4783.77,4777.97,4781.98,3628036.0,12619890880.0
2026-07-09 13:30,4782.17,4798.4,4780.44,4793.81,3552244.0,15452129552.0
2026-07-09 13:35,4793.77,4793.77,4777.69,4785.77,3503278.0,13953094464.0
2026-07-09 13:40,4786.49,4802.4,4786.49,4802.19,3809223.0,15541357808.0
2026-07-09 13:45,4802.6,4812.28,4802.59,4812.28,4073077.0,19466671664.0
2026-07-09 13:50,4813.1,4825.23,4813.1,4825.11,4547713.0,18701672160.0
2026-07-09 13:55,4824.77,4838.36,4824.77,4833.59,4849496.0,20192711488.0
2026-07-09 14:00,4833.47,4844.2,4832.18,4844.2,4869094.0,17450741968.0
2026-07-09 14:05,4844.93,4848.5,4838.31,4844.64,5292709.0,17278784320.0
2026-07-09 14:10,4844.72,4849.54,4841.64,4849.31,4284091.0,15596925424.0
2026-07-09 14:15,4849.62,4855.17,4847.17,4854.94,5129087.0,16279425168.0
2026-07-09 14:20,4855.32,4858.86,4841.01,4841.1,5056246.0,16563716656.0
2026-07-09 14:25,4840.88,4848.33,4840.88,4848.26,4114841.0,13044639296.0
2026-07-09 14:30,4848.34,4857.73,4848.16,4857.73,4298452.0,11611607472.0
2026-07-09 14:35,4857.67,4862.08,4857.67,4862.08,6021319.0,14682250208.0
2026-07-09 14:40,4862.21,4870.32,4862.21,4870.04,5674369.0,16220851520.0
2026-07-09 14:45,4870.13,4878.0,4869.21,4877.79,5714688.0,18254519792.0
2026-07-09 14:50,4878.15,4882.85,4878.02,4882.72,6702436.0,18785606512.0
2026-07-09 14:55,4882.54,4882.54,4872.79,4874.93,7615520.0,22249121600.0
2026-07-09 15:00,4874.71,4878.15,4874.36,4876.31,6432271.0,18893963392.0
2026-07-10 09:35,4887.54,4888.66,4872.76,4872.76,27568183.0,118402174976.0
2026-07-10 09:40,4873.58,4889.12,4867.31,4886.89,15417811.0,61108471040.0
2026-07-10 09:45,4886.95,4892.43,4883.77,4889.7,13323909.0,51349900288.0
2026-07-10 09:50,4889.47,4893.84,4880.29,4891.47,10891694.0,42672271104.0
2026-07-10 09:55,4891.42,4903.01,4890.79,4902.06,9188580.0,35815750912.0
2026-07-10 10:00,4902.31,4902.83,4888.67,4888.68,10580543.0,37057711360.0
2026-07-10 10:05,4888.48,4893.12,4880.82,4881.04,12133984.0,42026438656.0
2026-07-10 10:10,4880.88,4894.39,4880.88,4894.31,10297541.0,34615621632.0
2026-07-10 10:15,4894.5,4895.83,4880.9,4893.28,8814513.0,31360036352.0
2026-07-10 10:20,4893.11,4899.54,4892.61,4897.32,7406410.0,24014823088.0
2026-07-10 10:25,4898.42,4899.04,4893.84,4897.41,7245221.0,20631651600.0
2026-07-10 10:30,4898.21,4906.49,4896.01,4900.57,6164735.0,20725204464.0
2026-07-10 10:35,4900.91,4902.14,4888.21,4893.09,7110219.0,22732380272.0
2026-07-10 10:40,4892.2,4893.6,4879.7,4887.18,6208467.0,20723246864.0
2026-07-10 10:45,4887.41,4894.06,4886.2,4890.36,4447379.0,15447123664.0
2026-07-10 10:50,4890.64,4890.68,4884.01,4889.96,5083040.0,17298232224.0
2026-07-10 10:55,4889.79,4898.79,4889.79,4891.72,4486776.0,14000039632.0
2026-07-10 11:00,4892.49,4899.7,4887.34,4895.79,4520844.0,13586844576.0
2026-07-10 11:05,4896.0,4896.0,4888.65,4888.92,3825859.0,10885959184.0
2026-07-10 11:10,4889.13,4900.61,4889.13,4899.85,5476117.0,12467019424.0
2026-07-10 11:15,4899.78,4901.18,4895.44,4895.58,3853596.0,10440177088.0
2026-07-10 11:20,4895.46,4900.54,4895.31,4899.38,2683394.0,8943965472.0
2026-07-10 11:25,4898.97,4902.28,4895.94,4895.94,3607878.0,11448145360.0
2026-07-10 11:30,4895.57,4900.2,4890.13,4900.2,3915857.0,13211948864.0
2026-07-10 13:05,4901.02,4901.02,4881.19,4881.61,8127312.0,26289841984.0
2026-07-10 13:10,4880.92,4893.38,4876.89,4893.38,4339801.0,15050898960.0
2026-07-10 13:15,4892.97,4898.32,4892.97,4894.0,3683495.0,12197059424.0
2026-07-10 13:20,4893.54,4896.63,4890.44,4890.44,3478776.0,11683819024.0
2026-07-10 13:25,4890.85,4891.82,4885.75,4885.92,3509217.0,10347388912.0
2026-07-10 13:30,4885.91,4885.91,4877.77,4879.46,3864633.0,11821879616.0
2026-07-10 13:35,4879.6,4879.7,4867.47,4867.47,3495938.0,11952737472.0
2026-07-10 13:40,4867.38,4868.11,4852.54,4852.54,5281460.0,17412333776.0
2026-07-10 13:45,4852.54,4857.87,4847.71,4848.16,4679124.0,16142137504.0
2026-07-10 13:50,4848.17,4848.17,4838.27,4843.8,4632684.0,17753650432.0
2026-07-10 13:55,4844.34,4853.38,4843.25,4853.34,4504761.0,12628677200.0
2026-07-10 14:00,4853.47,4853.47,4836.6,4836.6,3606338.0,12401410048.0
2026-07-10 14:05,4836.29,4836.74,4824.57,4832.0,4830245.0,17470621920.0
2026-07-10 14:10,4832.24,4832.45,4814.22,4815.82,4108534.0,16946802432.0
2026-07-10 14:15,4816.36,4826.79,4814.33,4816.23,3852934.0,14900898512.0
2026-07-10 14:20,4816.68,4837.03,4816.68,4837.03,3419183.0,13374773984.0
2026-07-10 14:25,4837.19,4837.28,4822.5,4823.88,2934736.0,12591804000.0
2026-07-10 14:30,4823.85,4823.89,4813.62,4813.67,3270622.0,13524953456.0
2026-07-10 14:35,4813.52,4815.67,4802.42,4807.04,4552209.0,18567929472.0
2026-07-10 14:40,4807.86,4809.26,4800.26,4802.35,4032787.0,16483650640.0
2026-07-10 14:45,4801.91,4801.91,4790.38,4791.4,5377917.0,22206607104.0
2026-07-10 14:50,4790.77,4802.08,4788.46,4788.46,5748947.0,21798821392.0
2026-07-10 14:55,4788.96,4791.03,4784.76,4784.76,7180703.0,24894452736.0
2026-07-10 15:00,4784.49,4784.49,4780.75,4780.79,7365378.0,24504784912.0
2026-07-13 09:35,4745.44,4773.13,4745.44,4770.72,25472553.0,96108681472.0
2026-07-13 09:40,4770.44,4770.52,4755.79,4759.34,16145876.0,58707972352.0
2026-07-13 09:45,4760.57,4768.62,4751.65,4768.62,13321259.0,43302505216.0
2026-07-13 09:50,4769.78,4772.9,4751.77,4751.98,11646474.0,38163504896.0
2026-07-13 09:55,4751.53,4755.54,4743.72,4745.88,10414315.0,33912872448.0
2026-07-13 10:00,4746.05,4746.05,4732.85,4733.83,10961020.0,31320058368.0
2026-07-13 10:05,4733.25,4744.31,4724.49,4744.31,7970831.0,28129028352.0
2026-07-13 10:10,4742.97,4752.37,4740.48,4751.56,8512001.0,22415637056.0
2026-07-13 10:15,4751.94,4762.3,4749.12,4761.78,6413402.0,20622653120.0
2026-07-13 10:20,4761.34,4765.42,4754.79,4755.41,5338048.0,18079743680.0
2026-07-13 10:25,4755.39,4765.6,4754.46,4765.6,5285928.0,15965499088.0
2026-07-13 10:30,4765.71,4772.42,4760.02,4770.91,4866191.0,15656677776.0
2026-07-13 10:35,4770.83,4775.23,4764.92,4765.84,4905867.0,15660547728.0
2026-07-13 10:40,4765.72,4771.75,4750.34,4750.34,4456513.0,13827307520.0
2026-07-13 10:45,4749.98,4751.25,4742.73,4742.73,4283361.0,13067854576.0
2026-07-13 10:50,4742.85,4749.46,4738.25,4739.42,3751751.0,12552488704.0
2026-07-13 10:55,4738.47,4741.95,4734.14,4741.61,3784277.0,12355690000.0
2026-07-13 11:00,4741.44,4743.77,4733.66,4737.04,3443536.0,10319879104.0
2026-07-13 11:05,4736.8,4737.05,4724.44,4724.44,3720152.0,12204909616.0
2026-07-13 11:10,4724.44,4725.64,4717.91,4720.6,4021912.0,15620943120.0
2026-07-13 11:15,4721.08,4722.01,4711.15,4713.62,4230586.0,16845504176.0
2026-07-13 11:20,4713.67,4728.95,4713.01,4723.06,3797940.0,12604136512.0
2026-07-13 11:25,4722.97,4724.71,4714.19,4718.29,3287805.0,11303426816.0
2026-07-13 11:30,4720.66,4722.41,4715.54,4716.67,2971931.0,10504405616.0
2026-07-13 13:05,4715.1,4716.52,4695.98,4716.52,6347742.0,22601960256.0
2026-07-13 13:10,4716.69,4719.51,4702.74,4706.6,3496689.0,12590971760.0
2026-07-13 13:15,4706.58,4714.21,4702.19,4702.19,3546654.0,11656383472.0
2026-07-13 13:20,4703.02,4703.13,4687.54,4690.47,6077469.0,17709246336.0
2026-07-13 13:25,4690.94,4691.0,4676.64,4678.52,4641779.0,16194040032.0
2026-07-13 13:30,4678.22,4687.49,4676.67,4681.54,4292572.0,13415106416.0
2026-07-13 13:35,4682.34,4724.2,4682.34,4723.94,4881309.0,16456381952.0
2026-07-13 13:40,4723.97,4738.89,4720.08,4735.15,5326152.0,16470148000.0
2026-07-13 13:45,4735.04,4738.63,4718.46,4721.81,3735458.0,12142225408.0
2026-07-13 13:50,4722.23,4722.3,4702.46,4703.85,3285997.0,9943853616.0
2026-07-13 13:55,4704.73,4728.47,4704.73,4717.75,3036786.0,9912804864.0
2026-07-13 14:00,4718.17,4721.81,4710.4,4715.61,2909398.0,9426994704.0
2026-07-13 14:05,4715.42,4715.42,4708.66,4710.95,3282606.0,8841344160.0
2026-07-13 14:10,4711.17,4712.02,4693.68,4695.52,3577240.0,11158831600.0
2026-07-13 14:15,4695.64,4700.67,4689.52,4689.82,3933707.0,11149231168.0
2026-07-13 14:20,4689.62,4696.95,4688.13,4691.02,3733908.0,11254245664.0
2026-07-13 14:25,4691.07,4691.81,4680.54,4681.19,3212225.0,10990325920.0
2026-07-13 14:30,4681.46,4688.4,4679.89,4685.81,3880293.0,11565540560.0
2026-07-13 14:35,4685.99,4685.99,4670.25,4677.65,5146224.0,15429104528.0
2026-07-13 14:40,4677.58,4692.71,4677.58,4684.2,4391190.0,13020160288.0
2026-07-13 14:45,4684.98,4686.98,4677.79,4685.94,5270952.0,15144875392.0
2026-07-13 14:50,4686.47,4707.11,4686.47,4704.5,6092176.0,18009601344.0
2026-07-13 14:55,4704.64,4704.64,4689.6,4689.82,6107377.0,17520332896.0
2026-07-13 15:00,4689.45,4695.38,4689.34,4695.38,5425419.0,16089040688.0
2026-07-14 09:35,4691.12,4706.18,4677.05,4677.05,23043701.0,72870785792.0
2026-07-14 09:40,4676.63,4693.77,4676.63,4680.1,15602195.0,46855758080.0
2026-07-14 09:45,4679.57,4681.13,4668.12,4679.02,12158428.0,38984402176.0
2026-07-14 09:50,4679.14,4680.52,4669.81,4679.85,9738598.0,31554310656.0
2026-07-14 09:55,4680.44,4706.57,4678.15,4704.2,9041626.0,31789957632.0
2026-07-14 10:00,4703.25,4704.02,4695.29,4698.25,6191139.0,22986814384.0
2026-07-14 10:05,4697.55,4705.54,4693.25,4704.54,5393998.0,19834779392.0
2026-07-14 10:10,4705.02,4706.75,4696.87,4700.12,5910627.0,19807311680.0
2026-07-14 10:15,4699.8,4712.35,4696.06,4712.35,6307125.0,19643838896.0
2026-07-14 10:20,4713.66,4726.04,4711.69,4726.02,5175346.0,19835782064.0
2026-07-14 10:25,4726.26,4727.96,4718.67,4719.56,6082737.0,21680594144.0
2026-07-14 10:30,4719.77,4719.8,4710.41,4714.71,4267024.0,16234177536.0
2026-07-14 10:35,4715.63,4724.98,4711.08,4711.08,4050909.0,13526870096.0
2026-07-14 10:40,4710.69,4710.69,4700.11,4706.55,4273213.0,14971925744.0
2026-07-14 10:45,4706.39,4714.28,4702.82,4702.95,3719425.0,12385648096.0
2026-07-14 10:50,4702.91,4705.4,4688.01,4689.07,4667856.0,17946740256.0
2026-07-14 10:55,4688.85,4699.55,4684.07,4692.68,5282470.0,15872328960.0
2026-07-14 11:00,4692.09,4695.28,4679.94,4681.38,4433834.0,17513657968.0
2026-07-14 11:05,4681.96,4691.22,4681.8,4681.8,4119648.0,13328697264.0
2026-07-14 11:10,4682.19,4683.68,4667.52,4669.49,4949967.0,17569737856.0
2026-07-14 11:15,4669.29,4669.4,4651.94,4661.28,6337543.0,19477599248.0
2026-07-14 11:20,4662.02,4672.72,4659.5,4662.68,3668321.0,13550264720.0
2026-07-14 11:25,4663.64,4663.64,4649.04,4655.28,4001169.0,12567939440.0
2026-07-14 11:30,4654.89,4677.31,4653.81,4677.31,3438099.0,11519438160.0
2026-07-14 13:05,4690.83,4735.03,4690.83,4735.03,9201566.0,37463250688.0
2026-07-14 13:10,4734.34,4751.16,4734.07,4750.97,6397689.0,24299165952.0
2026-07-14 13:15,4751.65,4759.96,4740.98,4745.42,6348762.0,23232329104.0
2026-07-14 13:20,4745.26,4750.07,4731.31,4735.77,4695883.0,15626318272.0
2026-07-14 13:25,4735.96,4754.12,4735.96,4752.38,3872993.0,14121444960.0
2026-07-14 13:30,4752.44,4757.52,4745.74,4756.63,4699193.0,16746377456.0
2026-07-14 13:35,4757.25,4772.88,4757.14,4760.42,6819686.0,22355352368.0
2026-07-14 13:40,4760.75,4765.69,4756.97,4758.75,4264417.0,14847662000.0
2026-07-14 13:45,4759.02,4759.4,4749.44,4758.57,4700247.0,14391449136.0
2026-07-14 13:50,4757.06,4757.06,4745.36,4750.75,4654469.0,12767585024.0
2026-07-14 13:55,4750.75,4750.97,4735.05,4743.87,3733463.0,12314278416.0
2026-07-14 14:00,4743.07,4754.3,4742.47,4749.77,4126016.0,12102854400.0
2026-07-14 14:05,4749.66,4758.58,4748.5,4757.97,4646758.0,10984982784.0
2026-07-14 14:10,4758.52,4766.6,4758.1,4759.0,3872006.0,10534692144.0
2026-07-14 14:15,4759.06,4771.28,4758.78,4771.28,3623690.0,10035397232.0
2026-07-14 14:20,4771.27,4771.27,4767.34,4767.34,5196101.0,11457349136.0
2026-07-14 14:25,4767.08,4767.08,4759.93,4763.24,3446686.0,10062529920.0
2026-07-14 14:30,4763.67,4768.55,4763.33,4768.51,3265779.0,9443929408.0
2026-07-14 14:35,4768.6,4784.54,4767.96,4783.83,4593746.0,13865529808.0
2026-07-14 14:40,4782.93,4789.0,4781.56,4789.0,4486211.0,13565237104.0
2026-07-14 14:45,4788.74,4788.91,4780.73,4783.49,5449784.0,15367293120.0
2026-07-14 14:50,4783.81,4790.9,4783.58,4790.28,5535075.0,15915551824.0
2026-07-14 14:55,4790.52,4792.0,4787.17,4791.74,6814970.0,19945159648.0
2026-07-14 15:00,4792.02,4796.5,4791.85,4796.5,6950795.0,20342065520.0
2026-07-15 09:35,4797.94,4802.64,4789.75,4791.82,24640977.0,95254966528.0
2026-07-15 09:40,4791.96,4791.96,4778.07,4789.61,19375731.0,56878542080.0
2026-07-15 09:45,4789.32,4799.2,4772.04,4799.2,15456506.0,48186202880.0
2026-07-15 09:50,4798.49,4809.26,4796.95,4802.69,11586625.0,38359014400.0
2026-07-15 09:55,4802.69,4804.96,4796.32,4801.59,9694919.0,31015572992.0
2026-07-15 10:00,4802.9,4812.61,4799.48,4808.17,7318923.0,24770733568.0
2026-07-15 10:05,4808.41,4820.23,4806.25,4819.03,7207456.0,22152474256.0
2026-07-15 10:10,4818.04,4818.04,4802.57,4802.57,8142536.0,22381269920.0
2026-07-15 10:15,4802.05,4804.71,4793.32,4803.94,6671013.0,21076001616.0
2026-07-15 10:20,4804.6,4811.18,4803.09,4804.2,5465803.0,17899043968.0
2026-07-15 10:25,4804.56,4814.97,4803.02,4814.97,5120684.0,17951108016.0
2026-07-15 10:30,4814.76,4818.46,4808.68,4817.2,4258954.0,15856712896.0
2026-07-15 10:35,4817.67,4824.26,4815.92,4820.47,5625195.0,18880792784.0
2026-07-15 10:40,4819.58,4819.99,4812.34,4812.34,4942018.0,16624019696.0
2026-07-15 10:45,4812.53,4816.21,4805.33,4809.12,4475052.0,13851058048.0
2026-07-15 10:50,4810.14,4818.45,4807.68,4807.68,4364489.0,12488818208.0
2026-07-15 10:55,4807.69,4807.69,4798.22,4800.5,4351163.0,14137895584.0
2026-07-15 11:00,4800.57,4804.22,4797.77,4798.51,3472987.0,9913832448.0
2026-07-15 11:05,4798.46,4798.46,4791.9,4793.79,3908623.0,11389040896.0
2026-07-15 11:10,4793.2,4800.31,4789.8,4800.31,3771900.0,11829411824.0
2026-07-15 11:15,4800.33,4805.46,4796.25,4804.82,3636449.0,9923096032.0
2026-07-15 11:20,4804.81,4805.45,4788.12,4789.43,3896777.0,10363936016.0
2026-07-15 11:25,4788.97,4788.97,4782.26,4783.85,3966694.0,13061848880.0
2026-07-15 11:30,4783.69,4798.94,4783.69,4798.61,3774396.0,10561363424.0
2026-07-15 13:05,4800.07,4801.48,4790.2,4790.2,6656733.0,19470060336.0
2026-07-15 13:10,4789.69,4791.16,4780.04,4784.72,4065553.0,14110311856.0
2026-07-15 13:15,4785.02,4788.28,4778.36,4782.23,5115007.0,14342598592.0
2026-07-15 13:20,4782.33,4806.7,4782.05,4805.3,4580627.0,12594146896.0
2026-07-15 13:25,4805.32,4807.49,4797.5,4806.21,3843894.0,11227829168.0
2026-07-15 13:30,4805.94,4818.63,4805.94,4815.61,4178103.0,12811067184.0
2026-07-15 13:35,4815.57,4818.94,4810.02,4810.02,3457557.0,11119002464.0
2026-07-15 13:40,4809.18,4816.02,4804.57,4812.61,3516077.0,10290003984.0
2026-07-15 13:45,4812.28,4826.86,4812.28,4823.54,3808852.0,11661908960.0
2026-07-15 13:50,4823.06,4823.06,4810.19,4810.61,5838073.0,14105071984.0
2026-07-15 13:55,4810.95,4815.59,4808.83,4815.42,3466476.0,8942686672.0
2026-07-15 14:00,4814.89,4814.89,4802.2,4804.27,2876321.0,8073323296.0
2026-07-15 14:05,4804.44,4804.44,4797.49,4797.81,3590125.0,9498191264.0
2026-07-15 14:10,4798.68,4799.66,4794.23,4794.23,3096115.0,8421646128.0
2026-07-15 14:15,4793.78,4799.79,4790.73,4798.13,3401950.0,9427519072.0
2026-07-15 14:20,4798.13,4802.23,4793.22,4793.22,3230690.0,8719347776.0
2026-07-15 14:25,4793.16,4793.25,4787.06,4788.21,3447387.0,10298315600.0
2026-07-15 14:30,4788.26,4799.94,4788.26,4794.38,5131420.0,11588842992.0
2026-07-15 14:35,4794.26,4794.98,4782.04,4784.21,4501040.0,13681159248.0
2026-07-15 14:40,4784.21,4788.57,4782.43,4784.63,4454096.0,13244039360.0
2026-07-15 14:45,4784.51,4791.62,4782.41,4791.62,4960611.0,13711056704.0
2026-07-15 14:50,4791.8,4795.54,4783.22,4785.23,4689741.0,14161436928.0
2026-07-15 14:55,4785.5,4790.67,4784.04,4786.41,5786953.0,16136972160.0
2026-07-15 15:00,4786.29,4787.34,4785.78,4786.78,5873397.0,15871214448.0
2026-07-16 09:35,4711.53,4728.21,4698.27,4698.75,24963544.0,88377166592.0
2026-07-16 09:40,4699.56,4731.35,4699.56,4728.15,15564519.0,51054536960.0
2026-07-16 09:45,4726.89,4738.95,4726.08,4738.18,11996420.0,38634798336.0
2026-07-16 09:50,4737.63,4749.95,4735.97,4748.65,9863679.0,30928302080.0
2026-07-16 09:55,4747.87,4750.46,4739.04,4744.48,7514387.0,24036200160.0
2026-07-16 10:00,4744.72,4760.6,4744.72,4758.16,8990639.0,25070501120.0
2026-07-16 10:05,4758.42,4758.47,4748.72,4749.31,6022720.0,19533095072.0
2026-07-16 10:10,4748.56,4763.28,4744.55,4763.28,5614933.0,17334447952.0
2026-07-16 10:15,4764.19,4764.46,4754.35,4756.47,5850245.0,18769825104.0
2026-07-16 10:20,4756.79,4766.88,4756.79,4760.95,4939710.0,17062333856.0
2026-07-16 10:25,4760.36,4764.76,4756.49,4756.92,4501883.0,14064268624.0
2026-07-16 10:30,4757.48,4763.21,4754.81,4762.29,4693746.0,14077485008.0
2026-07-16 10:35,4762.37,4766.26,4755.87,4761.28,5791377.0,16601144112.0
2026-07-16 10:40,4761.64,4763.45,4752.21,4752.3,4712760.0,14294243904.0
2026-07-16 10:45,4751.58,4766.64,4747.88,4766.64,4308650.0,15142361728.0
2026-07-16 10:50,4766.67,4771.06,4762.25,4763.73,3972264.0,11422714016.0
2026-07-16 10:55,4763.62,4768.1,4759.3,4763.51,2894359.0,9416193344.0
2026-07-16 11:00,4762.9,4763.2,4759.26,4759.6,2716906.0,7877340912.0
2026-07-16 11:05,4758.78,4761.81,4751.67,4751.67,2282859.0,7715262192.0
2026-07-16 11:10,4751.69,4756.83,4749.71,4752.89,2895574.0,8746777136.0
2026-07-16 11:15,4752.89,4754.82,4744.44,4744.51,2580736.0,8903883104.0
2026-07-16 11:20,4744.55,4748.13,4735.54,4735.54,2603078.0,9660862688.0
2026-07-16 11:25,4735.62,4737.31,4727.32,4727.48,3098822.0,11854247808.0
2026-07-16 11:30,4727.35,4743.77,4727.35,4743.28,2232164.0,8279140704.0
2026-07-16 13:05,4745.61,4745.61,4734.21,4743.35,4711690.0,16456442112.0
2026-07-16 13:10,4743.4,4746.07,4737.0,4737.81,3307505.0,10327219232.0
2026-07-16 13:15,4737.63,4745.1,4732.47,4744.46,3647093.0,11305889296.0
2026-07-16 13:20,4744.49,4751.06,4739.55,4750.38,3187440.0,10997429856.0
2026-07-16 13:25,4750.06,4754.16,4743.1,4743.1,3255652.0,9560707808.0
2026-07-16 13:30,4742.9,4742.99,4736.1,4736.1,3827792.0,11015842048.0
2026-07-16 13:35,4735.83,4735.83,4726.74,4731.76,3590699.0,13268538080.0
2026-07-16 13:40,4731.66,4731.66,4720.13,4721.3,3780299.0,12453331264.0
2026-07-16 13:45,4721.73,4726.98,4718.8,4723.75,3267968.0,10707133680.0
2026-07-16 13:50,4724.18,4725.2,4713.59,4714.98,3931654.0,13700694336.0
2026-07-16 13:55,4714.49,4722.21,4711.55,4712.06,3492832.0,11120567872.0
2026-07-16 14:00,4712.47,4714.14,4709.15,4710.55,3121286.0,9908985456.0
2026-07-16 14:05,4711.32,4716.28,4705.53,4710.16,3788531.0,11226994576.0
2026-07-16 14:10,4710.25,4721.9,4709.12,4709.38,3429366.0,11032666800.0
2026-07-16 14:15,4709.03,4711.73,4703.79,4703.79,3474087.0,10856315616.0
2026-07-16 14:20,4704.0,4704.0,4698.96,4699.0,3414900.0,11083912112.0
2026-07-16 14:25,4699.03,4703.78,4696.42,4699.5,3632616.0,11618922176.0
2026-07-16 14:30,4699.49,4701.79,4695.85,4697.66,3792543.0,10544012768.0
2026-07-16 14:35,4697.64,4698.71,4686.5,4686.5,5124402.0,13648830912.0
2026-07-16 14:40,4686.28,4687.24,4676.81,4681.11,6527672.0,17783816464.0
2026-07-16 14:45,4681.98,4690.91,4681.98,4685.14,5773364.0,16307485040.0
2026-07-16 14:50,4685.53,4686.24,4674.34,4674.48,6060342.0,18107673136.0
2026-07-16 14:55,4674.59,4688.25,4673.35,4688.09,6885782.0,20420317136.0
2026-07-16 15:00,4688.48,4698.43,4688.48,4698.43,5929488.0,16519525888.0
2026-07-17 09:35,4661.62,4663.53,4600.34,4603.12,23128712.0,93502952704.0
2026-07-17 09:40,4603.34,4628.83,4603.34,4628.83,17078525.0,61056164608.0
2026-07-17 09:45,4627.05,4630.59,4619.91,4623.78,11410209.0,37813085184.0
2026-07-17 09:50,4623.08,4624.16,4607.61,4624.16,11348740.0,33767056896.0
2026-07-17 09:55,4624.53,4634.97,4619.21,4629.75,10368396.0,29819152384.0
2026-07-17 10:00,4629.29,4634.55,4623.53,4625.98,8207580.0,25413862400.0
2026-07-17 10:05,4626.02,4626.8,4613.17,4626.8,7267263.0,21345319712.0
2026-07-17 10:10,4626.67,4626.98,4609.35,4609.35,5922003.0,16449551840.0
2026-07-17 10:15,4609.12,4613.52,4601.86,4609.32,5509877.0,17052863504.0
2026-07-17 10:20,4609.16,4613.7,4601.19,4604.3,4603092.0,13407602320.0
2026-07-17 10:25,4604.71,4604.71,4596.38,4604.7,4402019.0,13519054464.0
2026-07-17 10:30,4604.86,4604.86,4589.85,4593.67,4117708.0,13706656240.0
2026-07-17 10:35,4593.71,4593.71,4586.24,4588.45,5510023.0,15111181824.0
2026-07-17 10:40,4588.93,4589.73,4578.19,4585.21,5371699.0,18098439776.0
2026-07-17 10:45,4584.72,4589.25,4574.36,4574.79,5447531.0,17101491040.0
2026-07-17 10:50,4574.04,4581.87,4560.48,4562.09,5492646.0,18971935920.0
2026-07-17 10:55,4562.01,4571.55,4559.62,4561.37,3987467.0,14297176000.0
2026-07-17 11:00,4561.5,4582.81,4561.5,4578.44,4356265.0,12909679232.0
2026-07-17 11:05,4578.88,4605.59,4578.88,4603.2,4737127.0,13890306416.0
2026-07-17 11:10,4603.29,4609.4,4597.8,4597.8,5342037.0,13245615600.0
2026-07-17 11:15,4598.08,4598.08,4583.17,4595.52,3776432.0,10538402304.0
2026-07-17 11:20,4596.02,4601.95,4584.38,4585.6,3939213.0,10933197280.0
2026-07-17 11:25,4585.8,4588.54,4581.76,4581.98,3085954.0,9136930464.0
2026-07-17 11:30,4581.75,4587.98,4581.66,4583.23,2950554.0,8866345088.0
2026-07-17 13:05,4580.62,4580.62,4564.6,4565.23,6081528.0,17904722496.0
2026-07-17 13:10,4565.67,4566.98,4558.78,4564.34,5273455.0,14659726368.0
2026-07-17 13:15,4565.84,4574.24,4555.41,4557.47,5467345.0,15707570704.0
2026-07-17 13:20,4557.51,4560.53,4550.46,4550.46,4988248.0,15272691072.0
2026-07-17 13:25,4550.54,4550.54,4541.77,4542.49,6053349.0,16212539456.0
2026-07-17 13:30,4542.66,4559.15,4537.66,4550.37,6322386.0,14915858496.0
2026-07-17 13:35,4550.21,4553.26,4532.96,4533.83,4600368.0,13229826544.0
2026-07-17 13:40,4533.69,4533.69,4513.24,4513.54,6661575.0,17745474944.0
2026-07-17 13:45,4513.75,4516.56,4497.74,4497.74,7615829.0,19522766096.0
2026-07-17 13:50,4497.67,4520.19,4492.08,4519.02,7344826.0,20298788432.0
2026-07-17 13:55,4520.65,4527.45,4509.33,4514.72,4810468.0,13076880240.0
2026-07-17 14:00,4515.58,4549.77,4511.48,4549.61,4848712.0,14291208432.0
2026-07-17 14:05,4550.3,4579.6,4550.3,4568.63,6085514.0,20094952256.0
2026-07-17 14:10,4568.83,4581.09,4556.04,4580.66,4453896.0,13952757664.0
2026-07-17 14:15,4580.66,4607.04,4580.62,4604.82,5712399.0,18740981008.0
2026-07-17 14:20,4605.01,4605.78,4584.64,4584.65,4573152.0,15436139696.0
2026-07-17 14:25,4584.22,4599.14,4581.89,4591.51,4195816.0,11979369712.0
2026-07-17 14:30,4590.94,4599.52,4583.67,4584.46,4882055.0,11543543728.0
2026-07-17 14:35,4583.59,4590.02,4581.05,4589.31,4384777.0,11970491200.0
2026-07-17 14:40,4589.17,4589.17,4568.56,4568.56,5058429.0,13242422064.0
2026-07-17 14:45,4569.19,4570.07,4557.16,4558.37,5391938.0,15024682592.0
2026-07-17 14:50,4557.56,4557.58,4547.24,4547.68,6498142.0,16758108976.0
2026-07-17 14:55,4546.91,4546.91,4526.36,4526.97,7384837.0,20419073152.0
2026-07-17 15:00,4527.59,4534.16,4526.83,4529.1,6579770.0,18867814928.0
2026-07-20 09:35,4575.67,4615.64,4575.67,4615.64,26728078.0,99067949056.0
2026-07-20 09:40,4616.33,4618.72,4606.96,4606.99,14873544.0,49394377984.0
2026-07-20 09:45,4606.98,4612.93,4595.97,4606.98,13079842.0,42014192640.0
2026-07-20 09:50,4606.48,4607.95,4600.06,4600.06,13478393.0,35937245440.0
2026-07-20 09:55,4600.32,4601.57,4580.73,4580.73,11765124.0,41010680832.0
2026-07-20 10:00,4580.69,4616.49,4580.69,4615.42,10597428.0,32800041472.0
2026-07-20 10:05,4614.88,4628.8,4607.89,4626.38,8112744.0,23250949008.0
2026-07-20 10:10,4626.6,4626.6,4612.03,4612.6,9739404.0,25091071488.0
2026-07-20 10:15,4613.15,4613.46,4598.38,4598.83,8280684.0,25877600768.0
2026-07-20 10:20,4598.82,4599.02,4582.66,4591.29,7622421.0,22864196704.0
2026-07-20 10:25,4592.16,4593.67,4576.22,4580.29,6069056.0,19654722992.0
2026-07-20 10:30,4580.07,4587.57,4569.22,4569.22,5550157.0,15232896688.0
2026-07-20 10:35,4567.78,4573.57,4558.57,4562.42,8176979.0,21821868720.0
2026-07-20 10:40,4561.81,4576.05,4555.2,4574.44,6750193.0,19051012832.0
2026-07-20 10:45,4574.14,4591.41,4572.81,4591.41,4704655.0,14364886736.0
2026-07-20 10:50,4591.62,4607.23,4591.62,4606.64,5113369.0,14153023536.0
2026-07-20 10:55,4606.99,4610.84,4600.86,4600.86,3915746.0,11519240144.0
2026-07-20 11:00,4600.57,4618.21,4600.34,4618.08,3678138.0,10343055344.0
2026-07-20 11:05,4618.51,4625.65,4615.29,4622.87,5047215.0,14656281552.0
2026-07-20 11:10,4623.52,4623.97,4613.61,4619.15,3715290.0,11220766144.0
2026-07-20 11:15,4619.26,4624.26,4611.83,4611.83,2728771.0,8766497424.0
2026-07-20 11:20,4612.15,4615.4,4603.06,4603.17,2809971.0,7525711904.0
2026-07-20 11:25,4602.77,4603.2,4593.55,4601.99,4085744.0,8404827264.0
2026-07-20 11:30,4602.91,4607.95,4598.05,4599.32,3487092.0,7810501408.0
2026-07-20 13:05,4600.33,4605.97,4592.79,4602.44,7480962.0,16156700880.0
2026-07-20 13:10,4603.27,4603.49,4590.96,4598.27,4604837.0,10454504224.0
2026-07-20 13:15,4597.76,4601.05,4587.78,4590.48,6035163.0,12351154000.0
2026-07-20 13:20,4590.19,4594.3,4580.46,4593.93,4590067.0,11693449632.0
2026-07-20 13:25,4592.77,4592.77,4580.22,4581.08,3798305.0,9221266736.0
2026-07-20 13:30,4581.22,4586.67,4576.35,4576.35,5044365.0,11609287120.0
2026-07-20 13:35,4576.18,4580.33,4573.1,4573.63,8200419.0,17433901584.0
2026-07-20 13:40,4574.16,4579.65,4556.04,4556.04,6843864.0,15959809328.0
2026-07-20 13:45,4555.87,4570.71,4547.74,4547.74,5768527.0,14339484912.0
2026-07-20 13:50,4547.38,4565.45,4534.91,4557.56,7242862.0,17400384720.0
2026-07-20 13:55,4557.13,4567.98,4540.71,4541.7,4328586.0,11276477024.0
2026-07-20 14:00,4541.44,4544.99,4535.28,4541.23,4582181.0,12019798160.0
2026-07-20 14:05,4542.43,4575.29,4539.57,4575.29,4676047.0,12977612816.0
2026-07-20 14:10,4574.66,4577.79,4551.22,4551.22,4127169.0,10680771776.0
2026-07-20 14:15,4550.74,4553.4,4540.09,4547.08,5965889.0,11824742496.0
2026-07-20 14:20,4546.85,4550.75,4542.4,4546.33,3984218.0,9898361680.0
2026-07-20 14:25,4546.77,4551.86,4529.12,4529.12,4809067.0,11412499024.0
2026-07-20 14:30,4527.72,4555.26,4526.94,4541.54,6215832.0,14693826032.0
2026-07-20 14:35,4541.58,4543.94,4521.18,4530.06,6051830.0,17443006016.0
2026-07-20 14:40,4530.51,4540.04,4528.14,4534.04,7119834.0,18448780480.0
2026-07-20 14:45,4534.52,4574.11,4534.52,4571.81,8439306.0,22370671728.0
2026-07-20 14:50,4571.96,4587.35,4571.96,4587.35,7942672.0,22070104752.0
2026-07-20 14:55,4587.76,4597.97,4587.71,4593.57,7764622.0,22683729648.0
2026-07-20 15:00,4593.55,4598.32,4590.76,4598.32,7389395.0,17149286400.0
2026-07-21 09:35,4630.85,4630.85,4599.35,4614.23,25395762.0,75011320064.0
2026-07-21 09:40,4614.0,4621.91,4609.72,4612.6,17013015.0,44564471040.0
2026-07-21 09:45,4613.65,4619.62,4609.73,4612.34,13472893.0,38459921664.0
2026-07-21 09:50,4612.94,4621.39,4609.53,4609.53,12912283.0,33589800960.0
2026-07-21 09:55,4610.35,4611.22,4600.58,4603.81,12306791.0,35536401664.0
2026-07-21 10:00,4603.1,4606.18,4587.59,4594.07,10758848.0,31168569600.0
2026-07-21 10:05,4594.01,4596.53,4577.58,4578.61,11415569.0,33357044992.0
2026-07-21 10:10,4578.39,4589.72,4568.88,4569.77,11225724.0,31663737856.0
2026-07-21 10:15,4568.71,4580.75,4566.28,4580.65,10448726.0,29585732096.0
2026-07-21 10:20,4581.02,4589.74,4577.85,4578.65,7245559.0,19695197184.0
2026-07-21 10:25,4578.73,4610.94,4578.05,4610.23,8385053.0,23172693264.0
2026-07-21 10:30,4610.69,4618.24,4603.51,4613.7,6733309.0,21230338608.0
2026-07-21 10:35,4614.32,4628.29,4614.32,4621.88,8427819.0,23293444720.0
2026-07-21 10:40,4621.45,4632.67,4619.79,4628.24,9119050.0,25177069312.0
2026-07-21 10:45,4628.07,4628.98,4615.21,4615.97,6335715.0,18399897792.0
2026-07-21 10:50,4615.92,4640.11,4615.92,4640.11,7517025.0,21433184272.0
2026-07-21 10:55,4639.54,4646.57,4634.44,4646.57,7642988.0,23774271120.0
2026-07-21 11:00,4647.64,4655.99,4647.44,4651.22,6974154.0,23056778032.0
2026-07-21 11:05,4651.55,4665.59,4651.55,4665.39,8571447.0,26400616256.0
2026-07-21 11:10,4664.61,4675.45,4661.74,4672.09,8446903.0,29867697408.0
2026-07-21 11:15,4671.07,4672.36,4656.8,4660.19,6532011.0,21938073792.0
2026-07-21 11:20,4660.0,4672.21,4660.0,4661.48,4776622.0,15613840720.0
2026-07-21 11:25,4662.03,4666.28,4655.96,4666.11,4684538.0,14376245744.0
2026-07-21 11:30,4666.07,4679.64,4664.82,4679.41,5023899.0,17719873520.0
2026-07-21 13:05,4681.42,4704.13,4681.42,4700.94,9944377.0,36029017600.0
2026-07-21 13:10,4701.14,4705.24,4690.28,4692.37,5558598.0,19471210000.0
2026-07-21 13:15,4692.5,4697.46,4688.41,4689.42,4617302.0,14987222592.0
2026-07-21 13:20,4689.59,4689.92,4676.69,4681.36,5499388.0,16990301024.0
2026-07-21 13:25,4681.42,4682.37,4672.81,4681.71,4109174.0,13236723296.0
2026-07-21 13:30,4680.71,4691.67,4679.98,4688.48,3701753.0,10933441616.0
2026-07-21 13:35,4688.42,4693.55,4681.14,4681.75,3806680.0,10711504048.0
2026-07-21 13:40,4681.9,4689.81,4681.55,4689.67,3235630.0,9446896384.0
2026-07-21 13:45,4690.69,4696.94,4690.28,4695.47,3070419.0,9399220496.0
2026-07-21 13:50,4694.79,4703.52,4693.79,4703.52,3249197.0,10151386192.0
2026-07-21 13:55,4703.58,4711.23,4702.56,4710.65,3537449.0,11639336672.0
2026-07-21 14:00,4711.22,4713.73,4699.23,4699.23,3909302.0,11400046048.0
2026-07-21 14:05,4699.48,4714.53,4699.48,4714.27,3621196.0,10170530368.0
2026-07-21 14:10,4714.22,4718.56,4711.6,4717.15,3638427.0,11539770720.0
2026-07-21 14:15,4717.32,4720.0,4712.28,4719.6,3882145.0,11473388768.0
2026-07-21 14:20,4719.71,4724.17,4719.07,4722.99,3901406.0,12502815376.0
2026-07-21 14:25,4722.6,4723.04,4718.69,4721.38,3509925.0,10789273872.0
2026-07-21 14:30,4721.67,4722.41,4711.09,4714.88,4810129.0,11977106736.0
2026-07-21 14:35,4715.02,4724.66,4715.02,4724.65,4696652.0,12986416848.0
2026-07-21 14:40,4724.74,4731.02,4724.74,4730.94,6624030.0,16178848896.0
2026-07-21 14:45,4730.88,4737.19,4730.88,4737.19,5899444.0,15265374368.0
2026-07-21 14:50,4737.44,4737.77,4730.06,4732.44,5921773.0,16078996656.0
2026-07-21 14:55,4732.05,4735.64,4732.05,4735.24,6874124.0,18005799744.0
2026-07-21 15:00,4735.23,4739.23,4735.23,4739.23,6419364.0,17276421024.0
2026-07-22 09:35,4710.66,4738.33,4709.36,4737.72,27581014.0,102046485248.0
2026-07-22 09:40,4737.6,4739.83,4732.14,4732.22,18229120.0,60631850240.0
2026-07-22 09:45,4732.37,4739.77,4729.44,4739.71,14429568.0,48899152896.0
2026-07-22 09:50,4739.08,4749.88,4739.08,4743.69,10991037.0,40850740992.0
2026-07-22 09:55,4743.74,4751.61,4742.54,4742.64,11380108.0,37944185600.0
2026-07-22 10:00,4742.13,4757.32,4739.31,4757.32,11173401.0,34936065024.0
2026-07-22 10:05,4758.07,4760.32,4749.74,4757.14,7862138.0,24110731264.0
2026-07-22 10:10,4757.26,4761.06,4750.91,4757.84,5727027.0,20067635712.0
2026-07-22 10:15,4757.79,4761.84,4754.22,4755.35,5936669.0,18769159056.0
2026-07-22 10:20,4755.32,4762.83,4755.32,4760.26,6300553.0,20562603888.0
2026-07-22 10:25,4760.46,4766.06,4758.21,4759.98,5971581.0,20933679824.0
2026-07-22 10:30,4760.29,4766.87,4759.77,4766.63,4760545.0,14868114720.0
2026-07-22 10:35,4765.58,4765.58,4758.3,4759.79,6808589.0,20174730944.0
2026-07-22 10:40,4759.75,4762.23,4752.13,4755.97,6540786.0,20370665936.0
2026-07-22 10:45,4755.44,4757.7,4743.01,4751.7,6094776.0,20655184928.0
2026-07-22 10:50,4752.17,4760.53,4751.31,4760.53,5610381.0,15215472320.0
2026-07-22 10:55,4760.86,4769.67,4759.67,4769.63,4167538.0,11968478416.0
2026-07-22 11:00,4769.4,4769.4,4761.28,4763.94,3174771.0,9964382688.0
2026-07-22 11:05,4763.44,4763.44,4747.17,4747.58,4348766.0,12166621744.0
2026-07-22 11:10,4747.72,4748.28,4740.3,4746.54,4075776.0,12192356720.0
2026-07-22 11:15,4746.18,4752.08,4743.85,4749.28,3449503.0,9755317776.0
2026-07-22 11:20,4749.73,4756.58,4748.54,4754.83,2706326.0,8992301936.0
2026-07-22 11:25,4754.57,4763.51,4754.57,4763.51,3214379.0,10310986112.0
2026-07-22 11:30,4763.27,4772.08,4763.27,4771.1,2894326.0,10241797440.0
2026-07-22 13:05,4770.28,4770.28,4747.72,4748.13,5173726.0,16966460176.0
2026-07-22 13:10,4747.61,4752.33,4745.03,4746.1,2801945.0,9792000256.0
2026-07-22 13:15,4746.2,4747.51,4742.38,4747.51,3094828.0,11308156112.0
2026-07-22 13:20,4747.42,4747.59,4733.71,4743.39,3745287.0,12736060016.0
2026-07-22 13:25,4742.46,4742.46,4737.3,4739.55,5516342.0,14104749104.0
2026-07-22 13:30,4740.1,4743.36,4730.0,4733.92,6088718.0,18687053600.0
2026-07-22 13:35,4733.27,4734.42,4723.03,4734.42,5366984.0,17752332480.0
2026-07-22 13:40,4734.3,4741.78,4730.52,4731.75,4497725.0,12605328832.0
2026-07-22 13:45,4731.47,4738.63,4725.68,4732.25,3263102.0,10172220720.0
2026-07-22 13:50,4732.45,4736.84,4731.17,4733.84,2917400.0,8601538032.0
2026-07-22 13:55,4733.77,4734.48,4726.01,4726.01,3268015.0,9545148096.0
2026-07-22 14:00,4725.78,4725.78,4713.82,4717.9,3855571.0,13870028128.0
2026-07-22 14:05,4718.3,4725.69,4711.14,4711.48,4995228.0,12941750592.0
2026-07-22 14:10,4711.03,4711.03,4700.95,4703.14,4719898.0,15888805040.0
2026-07-22 14:15,4702.89,4702.89,4692.83,4698.51,4577826.0,15747415680.0
2026-07-22 14:20,4698.85,4715.37,4697.58,4708.75,3411922.0,12286005456.0
2026-07-22 14:25,4709.74,4723.98,4709.74,4721.84,3216111.0,10626935984.0
2026-07-22 14:30,4721.75,4721.75,4706.75,4706.75,2830914.0,8344160432.0
2026-07-22 14:35,4706.69,4720.02,4704.34,4713.26,3832273.0,10216676128.0
2026-07-22 14:40,4713.6,4715.31,4707.49,4710.69,3644077.0,10311377040.0
2026-07-22 14:45,4710.69,4719.7,4708.99,4714.57,3856827.0,11534803760.0
2026-07-22 14:50,4714.92,4714.92,4708.56,4708.6,4588136.0,14229791184.0
2026-07-22 14:55,4708.78,4713.31,4707.86,4711.1,5870646.0,17373986432.0
2026-07-22 15:00,4711.22,4717.24,4708.15,4717.24,6994177.0,19247788640.0
2026-07-23 09:35,4735.17,4736.74,4709.7,4720.92,21212073.0,73269459712.0
2026-07-23 09:40,4720.58,4729.81,4715.77,4723.75,13240878.0,42880077312.0
2026-07-23 09:45,4723.31,4723.31,4709.53,4718.43,10192730.0,35976805376.0
2026-07-23 09:50,4718.58,4725.63,4716.03,4725.63,8461866.0,28379520000.0
2026-07-23 09:55,4725.31,4732.7,4717.6,4732.13,7263923.0,24833349056.0
2026-07-23 10:00,4731.84,4734.27,4719.92,4722.86,6642766.0,21918030480.0
2026-07-23 10:05,4722.44,4723.7,4714.69,4719.78,9537882.0,27054376704.0
2026-07-23 10:10,4720.23,4727.25,4714.94,4720.53,7547070.0,22542449984.0
2026-07-23 10:15,4720.57,4725.02,4719.26,4719.52,6658033.0,19756596784.0
2026-07-23 10:20,4719.66,4726.48,4717.51,4722.25,8043783.0,20155043712.0
2026-07-23 10:25,4722.34,4729.26,4719.59,4720.74,6882937.0,18107869104.0
2026-07-23 10:30,4720.47,4720.71,4705.5,4711.36,6347247.0,22064398848.0
2026-07-23 10:35,4711.93,4720.22,4711.8,4712.59,4501517.0,13916600704.0
2026-07-23 10:40,4712.51,4721.25,4712.14,4717.82,5231051.0,12190810256.0
2026-07-23 10:45,4717.42,4723.98,4714.91,4714.91,5142260.0,13185239760.0
2026-07-23 10:50,4714.74,4719.99,4710.49,4714.27,4711070.0,14782028288.0
2026-07-23 10:55,4714.36,4722.37,4713.81,4716.89,4161314.0,12961694224.0
2026-07-23 11:00,4716.56,4719.86,4713.38,4718.16,3553836.0,13062852544.0
2026-07-23 11:05,4718.21,4718.74,4707.59,4707.89,3934600.0,12062598128.0
2026-07-23 11:10,4707.55,4708.89,4699.37,4702.18,4153539.0,14068374384.0
2026-07-23 11:15,4702.01,4715.61,4698.87,4715.61,3407442.0,10916556816.0
2026-07-23 11:20,4716.19,4719.74,4710.95,4713.43,2727153.0,8734108496.0
2026-07-23 11:25,4713.52,4717.77,4705.92,4705.92,2701964.0,7796028656.0
2026-07-23 11:30,4705.77,4708.07,4700.87,4707.96,2636432.0,7349537200.0
2026-07-23 13:05,4710.45,4720.31,4710.45,4712.52,4766376.0,14910584064.0
2026-07-23 13:10,4712.46,4731.73,4712.25,4731.66,4056228.0,11647095360.0
2026-07-23 13:15,4732.02,4732.02,4720.62,4722.92,3494557.0,10916455808.0
2026-07-23 13:20,4722.85,4726.09,4713.47,4713.6,3475723.0,9918186064.0
2026-07-23 13:25,4713.9,4721.84,4713.9,4717.54,2593329.0,7751312576.0
2026-07-23 13:30,4717.3,4730.49,4717.3,4726.19,3604337.0,9647204752.0
2026-07-23 13:35,4726.29,4732.81,4723.48,4732.77,3640051.0,10604213536.0
2026-07-23 13:40,4732.64,4737.51,4728.21,4731.69,3633604.0,10924523264.0
2026-07-23 13:45,4731.22,4731.22,4723.78,4726.45,3359070.0,9909452288.0
2026-07-23 13:50,4726.18,4728.28,4722.33,4723.32,2959284.0,8125632272.0
2026-07-23 13:55,4723.29,4724.35,4719.1,4719.1,2700415.0,7054962224.0
2026-07-23 14:00,4719.2,4722.84,4717.82,4719.68,3336673.0,7585174032.0
2026-07-23 14:05,4719.49,4720.68,4715.98,4718.53,3441644.0,8531681184.0
2026-07-23 14:10,4718.13,4721.97,4716.6,4719.74,2779801.0,6677444272.0
2026-07-23 14:15,4719.74,4720.54,4715.85,4716.01,2541608.0,7105227504.0
2026-07-23 14:20,4716.27,4719.94,4715.83,4717.4,3137474.0,8193306736.0
2026-07-23 14:25,4717.55,4718.08,4714.92,4715.43,3040806.0,8478586928.0
2026-07-23 14:30,4715.35,4720.26,4712.67,4720.26,3179191.0,9078984624.0
2026-07-23 14:35,4720.6,4727.03,4717.59,4718.72,4300020.0,10999967152.0
2026-07-23 14:40,4718.65,4726.27,4718.65,4726.27,3462595.0,9770992256.0
2026-07-23 14:45,4726.68,4730.31,4725.19,4729.09,3925883.0,11296499696.0
2026-07-23 14:50,4728.87,4728.87,4723.33,4724.6,4850046.0,13096153488.0
2026-07-23 14:55,4725.12,4727.53,4724.57,4727.0,5927424.0,15753656976.0
2026-07-23 15:00,4726.57,4728.71,4726.38,4728.0,6232169.0,15876876994.0
2026-07-24 09:35,4685.41,4688.26,4670.29,4687.51,23028851.0,66520546560.0
2026-07-24 09:40,4687.11,4690.77,4682.08,4686.21,13132054.0,36663003136.0
2026-07-24 09:45,4686.81,4702.96,4685.99,4702.01,8641677.0,27452848384.0
2026-07-24 09:50,4701.66,4703.76,4695.94,4696.89,7467176.0,22374708912.0
2026-07-24 09:55,4697.36,4701.26,4692.98,4697.59,7715324.0,21394246160.0
2026-07-24 10:00,4697.33,4698.94,4692.42,4696.86,6445902.0,17839436928.0
2026-07-24 10:05,4697.1,4699.12,4690.13,4690.55,5601896.0,15811985968.0
2026-07-24 10:10,4690.46,4704.08,4689.11,4700.8,5253523.0,15141886992.0
2026-07-24 10:15,4701.43,4703.71,4695.52,4696.93,5072362.0,14371492736.0
2026-07-24 10:20,4696.48,4698.58,4687.16,4692.84,4395005.0,13228884192.0
2026-07-24 10:25,4692.49,4693.53,4684.49,4692.97,3760766.0,12057744400.0
2026-07-24 10:30,4692.82,4698.19,4691.88,4692.46,3519867.0,11146368256.0
2026-07-24 10:35,4692.86,4693.39,4681.85,4687.97,4510377.0,11224236064.0
2026-07-24 10:40,4687.38,4687.38,4676.42,4676.42,3809163.0,10894881328.0
2026-07-24 10:45,4676.21,4679.8,4673.13,4676.55,3658843.0,9784010432.0
2026-07-24 10:50,4676.91,4683.8,4675.25,4681.13,3627667.0,9475148000.0
2026-07-24 10:55,4679.77,4686.82,4676.93,4685.86,3434077.0,9055610096.0
2026-07-24 11:00,4685.84,4686.33,4674.6,4675.02,2974546.0,8417104336.0
2026-07-24 11:05,4675.4,4675.4,4668.11,4673.19,3689811.0,9574500896.0
2026-07-24 11:10,4673.25,4674.72,4667.4,4667.49,2219374.0,6263730272.0
2026-07-24 11:15,4667.21,4672.11,4665.83,4668.19,2356117.0,6723621792.0
2026-07-24 11:20,4668.19,4668.63,4663.56,4665.4,2872854.0,7919477952.0
2026-07-24 11:25,4664.57,4665.58,4659.02,4662.31,3785823.0,8947025680.0
2026-07-24 11:30,4662.22,4673.74,4660.03,4672.64,3245691.0,8077915728.0
2026-07-24 13:05,4673.35,4679.67,4673.35,4675.97,3946714.0,12155225136.0
2026-07-24 13:10,4675.69,4695.23,4674.85,4690.03,3547721.0,11946460400.0
2026-07-24 13:15,4689.76,4700.3,4687.23,4687.77,3949313.0,13599246048.0
2026-07-24 13:20,4687.52,4690.03,4682.28,4688.42,2752228.0,9961311792.0
2026-07-24 13:25,4688.76,4688.76,4677.05,4677.05,2505022.0,8102433280.0
2026-07-24 13:30,4676.78,4688.69,4676.56,4683.21,3131609.0,9451758592.0
2026-07-24 13:35,4683.17,4683.17,4674.79,4677.01,3175794.0,8469411008.0
2026-07-24 13:40,4675.88,4676.28,4667.56,4667.56,2731388.0,7528192688.0
2026-07-24 13:45,4667.72,4671.25,4666.02,4666.29,2700598.0,7299088832.0
2026-07-24 13:50,4665.23,4670.6,4664.49,4667.01,3003826.0,7389364576.0
2026-07-24 13:55,4666.59,4666.86,4660.06,4660.85,2586055.0,6945049984.0
2026-07-24 14:00,4660.9,4663.01,4659.43,4661.51,3179303.0,7233887488.0
2026-07-24 14:05,4661.42,4662.31,4658.84,4658.84,3265091.0,7726028224.0
2026-07-24 14:10,4658.45,4660.29,4651.71,4660.29,3407979.0,9689157296.0
2026-07-24 14:15,4660.32,4670.09,4657.28,4670.09,2682570.0,7454424224.0
2026-07-24 14:20,4670.57,4673.01,4664.6,4664.98,2831740.0,7385056144.0
2026-07-24 14:25,4665.98,4676.66,4665.98,4671.04,2630090.0,8294050112.0
2026-07-24 14:30,4671.26,4674.88,4669.06,4672.16,2678241.0,7797168352.0
2026-07-24 14:35,4672.39,4676.5,4657.27,4662.52,4038053.0,10699765872.0
2026-07-24 14:40,4663.67,4664.07,4654.95,4655.57,3879755.0,10061248720.0
2026-07-24 14:45,4655.56,4655.92,4650.31,4650.41,4965666.0,12807271856.0
2026-07-24 14:50,4650.59,4650.59,4642.94,4646.76,6056067.0,16642638800.0
2026-07-24 14:55,4646.7,4649.76,4645.04,4645.94,6800928.0,18252949520.0
2026-07-24 15:00,4646.06,4649.19,4644.36,4649.19,6596715.0,19127040544.0
2026-07-27 09:35,4656.03,4656.03,4631.63,4631.63,17493065.0,54183154944.0
2026-07-27 09:40,4631.25,4631.25,4615.53,4627.42,13219442.0,45072627968.0
2026-07-27 09:45,4627.45,4647.29,4626.7,4639.36,9772729.0,34652952320.0
2026-07-27 09:50,4638.64,4651.17,4634.48,4647.27,7365135.0,23961086480.0
2026-07-27 09:55,4647.72,4661.32,4644.04,4661.23,7027314.0,22330894688.0
2026-07-27 10:00,4661.87,4677.04,4661.87,4671.7,8193398.0,27713439744.0
2026-07-27 10:05,4671.92,4677.88,4665.6,4670.63,7432531.0,21852116384.0
2026-07-27 10:10,4671.17,4679.95,4668.32,4679.95,4532814.0,14657154688.0
2026-07-27 10:15,4679.64,4679.64,4665.25,4666.19,3902883.0,12874571584.0
2026-07-27 10:20,4665.35,4665.75,4657.97,4663.07,4236259.0,13386869504.0
2026-07-27 10:25,4661.69,4669.01,4660.64,4661.89,3981690.0,11684094032.0
2026-07-27 10:30,4661.88,4670.67,4661.86,4669.68,4118359.0,10077988464.0
2026-07-27 10:35,4669.42,4669.42,4659.22,4661.19,3984632.0,11084260144.0
2026-07-27 10:40,4659.92,4659.92,4652.26,4653.86,3975424.0,12994674272.0
2026-07-27 10:45,4653.64,4658.43,4652.99,4657.6,3268400.0,8944853184.0
2026-07-27 10:50,4657.6,4662.4,4655.29,4656.56,2922595.0,7899404368.0
2026-07-27 10:55,4656.6,4659.56,4654.54,4657.94,2328495.0,6982543904.0
2026-07-27 11:00,4657.38,4660.12,4655.35,4655.35,2064440.0,6127769968.0
2026-07-27 11:05,4654.73,4660.62,4654.65,4659.17,2538573.0,6293770480.0
2026-07-27 11:10,4659.15,4664.27,4657.03,4660.24,2515280.0,5874948848.0
2026-07-27 11:15,4660.88,4667.33,4660.23,4663.33,2543028.0,5948700848.0
2026-07-27 11:20,4663.03,4663.37,4655.85,4659.62,2095695.0,5532983040.0
2026-07-27 11:25,4659.52,4665.0,4657.58,4663.43,1588778.0,4632415584.0
2026-07-27 11:30,4663.46,4664.63,4660.17,4661.02,1597589.0,4417829680.0
2026-07-27 13:05,4661.99,4667.38,4659.87,4661.11,3890975.0,10940431456.0
2026-07-27 13:10,4661.1,4661.94,4657.94,4660.39,3349994.0,8071698512.0
2026-07-27 13:15,4660.04,4661.31,4651.72,4655.93,3575409.0,8873545808.0
2026-07-27 13:20,4655.05,4656.38,4650.29,4651.16,2810319.0,7599607360.0
2026-07-27 13:25,4651.08,4651.85,4648.0,4648.85,2585811.0,6836248944.0
2026-07-27 13:30,4648.85,4648.99,4643.4,4646.33,3119587.0,8450368320.0
2026-07-27 13:35,4646.16,4646.16,4632.81,4639.52,3330330.0,9875478832.0
2026-07-27 13:40,4638.81,4642.49,4636.07,4640.77,2252683.0,6313552224.0
2026-07-27 13:45,4640.7,4648.27,4640.69,4645.38,1935565.0,5524940320.0
2026-07-27 13:50,4645.42,4654.85,4641.91,4654.7,2097581.0,6617428832.0
2026-07-27 13:55,4654.68,4655.82,4650.12,4650.82,2573246.0,6811868576.0
2026-07-27 14:00,4650.41,4653.34,4649.67,4652.11,1981429.0,5228649424.0
2026-07-27 14:05,4652.12,4657.08,4651.44,4657.08,2830716.0,6486400864.0
2026-07-27 14:10,4657.36,4665.55,4657.36,4664.55,3116741.0,7405839488.0
2026-07-27 14:15,4664.79,4667.36,4659.68,4662.43,2528209.0,6269676528.0
2026-07-27 14:20,4662.45,4665.04,4659.0,4664.87,2903661.0,6769534816.0
2026-07-27 14:25,4665.46,4670.21,4664.37,4668.6,3637885.0,9006700816.0
2026-07-27 14:30,4668.61,4673.37,4667.02,4673.37,2686948.0,7430154272.0
2026-07-27 14:35,4673.39,4687.36,4673.39,4686.09,4602142.0,13356313184.0
2026-07-27 14:40,4686.08,4692.93,4683.04,4692.85,3968559.0,13703425344.0
2026-07-27 14:45,4692.92,4698.02,4691.82,4694.58,4889961.0,15528172528.0
2026-07-27 14:50,4695.09,4697.57,4692.66,4697.47,4630488.0,14552838496.0
2026-07-27 14:55,4697.55,4701.13,4696.08,4700.42,6682415.0,17365960608.0
2026-07-27 15:00,4700.47,4702.52,4700.47,4702.43,6107738.0,16352417744.0
2026-07-28 09:35,4623.8,4644.13,4621.03,4644.13,16492637.0,59373441024.0
2026-07-28 09:40,4644.63,4646.49,4633.81,4633.81,10552084.0,32654892288.0
2026-07-28 09:45,4633.65,4641.34,4631.22,4632.56,7735831.0,25730963552.0
2026-07-28 09:50,4632.46,4633.77,4623.52,4625.93,8724872.0,27983992832.0
2026-07-28 09:55,4625.78,4636.49,4622.29,4635.72,7742717.0,25057930432.0
2026-07-28 10:00,4635.97,4637.88,4625.88,4628.96,4987216.0,18408166352.0
2026-07-28 10:05,4628.73,4639.44,4626.85,4631.08,4835114.0,16567083120.0
2026-07-28 10:10,4630.58,4633.14,4627.01,4627.01,5799010.0,14498571136.0
2026-07-28 10:15,4627.3,4627.3,4617.02,4620.06,5355252.0,14769520864.0
2026-07-28 10:20,4619.2,4619.2,4611.09,4611.09,4812314.0,13795880048.0
2026-07-28 10:25,4611.71,4614.38,4603.29,4604.01,3804181.0,12474623040.0
2026-07-28 10:30,4604.34,4604.34,4594.49,4598.85,3998378.0,14015731056.0
2026-07-28 10:35,4598.77,4600.71,4593.9,4595.66,3565568.0,11606167440.0
2026-07-28 10:40,4595.3,4595.3,4584.19,4585.84,4227795.0,14150037568.0
2026-07-28 10:45,4587.03,4589.09,4582.03,4582.03,3490776.0,12387936144.0
2026-07-28 10:50,4582.32,4585.11,4574.93,4579.72,4113481.0,14172091520.0
2026-07-28 10:55,4579.98,4592.58,4578.45,4586.37,3226399.0,11612882272.0
2026-07-28 11:00,4587.03,4589.81,4579.58,4580.19,3008627.0,8668941024.0
2026-07-28 11:05,4580.1,4580.92,4572.69,4573.15,3001822.0,9415993152.0
2026-07-28 11:10,4573.39,4574.51,4569.52,4571.76,2819551.0,9282268256.0
2026-07-28 11:15,4572.1,4591.86,4570.49,4591.05,3633783.0,10733017072.0
2026-07-28 11:20,4591.44,4603.86,4585.73,4597.39,4083553.0,10849155424.0
2026-07-28 11:25,4596.83,4607.1,4593.4,4603.5,3523963.0,9276421200.0
2026-07-28 11:30,4603.28,4609.09,4595.77,4596.76,2778443.0,7592796640.0
2026-07-28 13:05,4595.35,4595.35,4582.86,4582.89,4616142.0,12813634624.0
2026-07-28 13:10,4582.16,4586.77,4577.66,4586.18,3049509.0,8230720464.0
2026-07-28 13:15,4586.67,4594.93,4584.08,4591.9,3086294.0,8565479984.0
2026-07-28 13:20,4591.85,4594.6,4585.36,4585.36,2968339.0,9442009200.0
2026-07-28 13:25,4585.02,4586.18,4580.57,4581.45,2887922.0,8907031312.0
2026-07-28 13:30,4581.19,4581.85,4576.59,4578.59,2740544.0,8421624912.0
2026-07-28 13:35,4578.39,4578.95,4569.38,4569.38,3105953.0,10411954688.0
2026-07-28 13:40,4569.58,4583.81,4569.38,4583.81,3187354.0,10040870640.0
2026-07-28 13:45,4583.73,4592.2,4583.0,4586.95,3268148.0,9135795648.0
2026-07-28 13:50,4586.86,4589.54,4573.06,4573.83,2436062.0,7391507552.0
2026-07-28 13:55,4573.77,4575.77,4570.92,4570.92,2422067.0,7515865376.0
2026-07-28 14:00,4571.14,4576.37,4571.14,4575.29,2396301.0,6592584256.0
2026-07-28 14:05,4575.46,4581.97,4574.96,4579.09,4853291.0,8475397072.0
2026-07-28 14:10,4579.02,4579.02,4574.27,4574.27,2588677.0,7033863584.0
2026-07-28 14:15,4573.97,4575.9,4569.46,4570.29,2924625.0,8886514592.0
2026-07-28 14:20,4569.91,4570.82,4562.84,4569.99,4588534.0,12226173040.0
2026-07-28 14:25,4570.25,4575.33,4568.42,4570.19,3072056.0,8369401376.0
2026-07-28 14:30,4570.5,4571.77,4566.55,4571.77,2668017.0,7473741872.0
2026-07-28 14:35,4571.73,4571.73,4561.92,4562.4,4106749.0,11279227568.0
2026-07-28 14:40,4562.21,4562.84,4553.74,4560.14,5424396.0,15772370624.0
2026-07-28 14:45,4560.36,4564.0,4552.26,4552.65,4766458.0,13510478080.0
2026-07-28 14:50,4552.23,4558.65,4552.23,4558.65,5895743.0,14939649280.0
2026-07-28 14:55,4559.62,4569.83,4559.62,4563.56,6008515.0,15459908928.0
2026-07-28 15:00,4563.42,4569.52,4563.42,4569.52,6329982.0,16052586119.0
2026-07-29 09:35,4582.09,4586.12,4557.58,4568.02,19369179.0,65027539968.0
2026-07-29 09:40,4567.42,4584.8,4566.99,4579.53,11021407.0,37717935872.0
2026-07-29 09:45,4579.57,4579.92,4549.73,4549.88,9775445.0,36908249856.0
2026-07-29 09:50,4550.46,4553.02,4537.09,4537.31,10880177.0,39245915392.0
2026-07-29 09:55,4536.98,4540.7,4531.45,4535.82,9222096.0,29436205568.0
2026-07-29 10:00,4535.7,4538.56,4526.31,4531.65,8367501.0,24813921376.0
2026-07-29 10:05,4531.45,4531.45,4521.01,4523.25,7526110.0,23881707856.0
2026-07-29 10:10,4522.89,4529.0,4516.32,4529.0,7887534.0,26886858240.0
2026-07-29 10:15,4529.42,4553.41,4529.0,4545.9,6230756.0,20887649984.0
2026-07-29 10:20,4545.01,4549.07,4538.76,4540.27,4746747.0,13584248864.0
2026-07-29 10:25,4539.65,4548.28,4534.49,4548.12,4894361.0,13405179920.0
2026-07-29 10:30,4548.67,4574.01,4548.67,4570.68,7733159.0,24050558688.0
2026-07-29 10:35,4571.24,4580.13,4569.33,4570.24,6554004.0,20179136224.0
2026-07-29 10:40,4570.04,4571.89,4561.02,4563.68,5062427.0,13682163136.0
2026-07-29 10:45,4564.26,4571.62,4562.83,4562.83,3704401.0,11406976512.0
2026-07-29 10:50,4562.52,4564.77,4553.92,4553.92,3706500.0,11539032736.0
2026-07-29 10:55,4553.8,4554.29,4548.07,4548.07,3411679.0,9708014672.0
2026-07-29 11:00,4548.0,4556.94,4547.95,4554.75,3501111.0,9701991472.0
2026-07-29 11:05,4555.0,4563.4,4554.44,4562.89,3509568.0,9286050432.0
2026-07-29 11:10,4563.17,4573.14,4552.4,4572.93,3853370.0,10905036224.0
2026-07-29 11:15,4573.4,4581.14,4570.35,4570.75,4579272.0,12187061552.0
2026-07-29 11:20,4570.55,4575.86,4566.12,4566.61,2347340.0,7106854864.0
2026-07-29 11:25,4566.57,4567.55,4557.37,4558.83,2177654.0,6490831664.0
2026-07-29 11:30,4558.85,4561.38,4555.67,4558.37,2410209.0,6672519328.0
2026-07-29 13:05,4553.25,4574.01,4542.87,4573.18,5533486.0,16737266960.0
2026-07-29 13:10,4573.22,4582.23,4567.47,4582.23,4208648.0,12236586864.0
2026-07-29 13:15,4582.38,4597.38,4579.68,4597.38,5224765.0,17734117600.0
2026-07-29 13:20,4596.45,4596.55,4582.67,4585.08,4481192.0,13943630384.0
2026-07-29 13:25,4585.53,4594.81,4581.86,4591.09,3634937.0,10006048272.0
2026-07-29 13:30,4592.4,4599.46,4592.4,4598.29,4076241.0,12258370912.0
2026-07-29 13:35,4598.24,4609.71,4592.89,4609.71,5505168.0,13017301520.0
2026-07-29 13:40,4610.34,4619.51,4608.13,4619.51,4606035.0,14857316064.0
2026-07-29 13:45,4619.33,4626.71,4619.33,4620.79,5242465.0,16762879440.0
2026-07-29 13:50,4620.77,4623.09,4604.71,4604.97,3599561.0,10648444224.0
2026-07-29 13:55,4604.37,4606.44,4594.48,4595.19,3257928.0,8785496048.0
2026-07-29 14:00,4595.16,4601.03,4595.16,4598.66,2740309.0,7398822864.0
2026-07-29 14:05,4598.79,4604.31,4591.08,4591.08,3421590.0,8063285584.0
2026-07-29 14:10,4590.31,4590.31,4584.73,4587.01,2783143.0,7718139840.0
2026-07-29 14:15,4586.86,4593.3,4584.14,4592.7,2278515.0,6472996224.0
2026-07-29 14:20,4592.77,4600.87,4591.6,4598.94,2656447.0,7313195920.0
2026-07-29 14:25,4598.04,4599.42,4588.84,4590.83,2675689.0,7066135120.0
2026-07-29 14:30,4590.5,4598.01,4589.12,4595.91,2464295.0,6559392640.0
2026-07-29 14:35,4595.6,4601.3,4595.23,4595.25,3544462.0,8243998608.0
2026-07-29 14:40,4595.18,4595.86,4588.78,4588.78,3164565.0,8076483456.0
2026-07-29 14:45,4589.63,4595.79,4589.38,4595.22,3589241.0,9609094912.0
2026-07-29 14:50,4595.44,4606.72,4595.44,4606.29,5080681.0,12908526192.0
2026-07-29 14:55,4606.63,4606.63,4600.79,4601.22,5815881.0,15299930496.0
2026-07-29 15:00,4600.9,4603.53,4600.26,4600.26,6025106.0,15115993834.0
2026-07-30 09:35,4566.05,4593.95,4566.05,4593.15,19568824.0,61038867968.0
2026-07-30 09:40,4593.42,4596.21,4582.67,4588.46,14343321.0,40151227392.0
2026-07-30 09:45,4588.49,4588.49,4573.61,4576.72,10819376.0,34425023488.0
2026-07-30 09:50,4577.58,4577.68,4561.62,4569.71,12541825.0,38439116288.0
2026-07-30 09:55,4569.45,4582.34,4568.96,4582.34,8638119.0,25614775808.0
2026-07-30 10:00,4583.33,4585.06,4573.35,4575.0,7846614.0,22932681056.0
2026-07-30 10:05,4574.92,4577.5,4567.86,4568.75,8585307.0,23925103744.0
2026-07-30 10:10,4568.49,4568.49,4552.77,4556.22,7444203.0,24213780256.0
2026-07-30 10:15,4555.72,4556.14,4539.21,4539.8,6751986.0,21930465056.0
2026-07-30 10:20,4539.7,4545.82,4538.73,4545.47,7099623.0,20919528800.0
2026-07-30 10:25,4545.2,4547.49,4537.39,4539.36,4749324.0,14496613088.0
2026-07-30 10:30,4538.68,4546.31,4538.53,4540.46,5187332.0,13976771824.0
2026-07-30 10:35,4541.14,4545.88,4532.25,4532.25,4826204.0,13911379280.0
2026-07-30 10:40,4531.63,4533.1,4527.23,4528.13,5059805.0,15798086560.0
2026-07-30 10:45,4528.4,4536.35,4524.98,4526.1,4830331.0,12972760256.0
2026-07-30 10:50,4526.75,4531.59,4524.01,4526.04,3822793.0,10714818400.0
2026-07-30 10:55,4525.31,4525.31,4512.76,4512.76,3735572.0,10637385328.0
2026-07-30 11:00,4512.51,4512.85,4506.29,4510.66,3631362.0,13096329968.0
2026-07-30 11:05,4510.34,4514.49,4504.11,4514.22,4739913.0,12153318480.0
2026-07-30 11:10,4514.5,4526.75,4513.63,4515.33,3956633.0,10829111472.0
2026-07-30 11:15,4515.34,4517.7,4507.16,4507.61,3534688.0,10248153584.0
2026-07-30 11:20,4507.33,4510.93,4501.93,4502.63,3421514.0,9860670064.0
2026-07-30 11:25,4503.72,4512.06,4499.23,4505.7,4215207.0,11182666928.0
2026-07-30 11:30,4507.82,4508.88,4498.41,4500.16,3130884.0,10125830912.0
2026-07-30 13:05,4498.82,4498.82,4478.21,4482.99,7203814.0,21254805696.0
2026-07-30 13:10,4482.71,4518.44,4482.67,4516.02,5878498.0,16864077472.0
2026-07-30 13:15,4516.45,4516.63,4503.02,4513.39,3844803.0,11848921824.0
2026-07-30 13:20,4513.37,4516.02,4501.1,4511.75,3819449.0,10436335440.0
2026-07-30 13:25,4511.89,4544.14,4510.28,4541.87,5196098.0,17270799408.0
2026-07-30 13:30,4542.16,4555.7,4540.17,4554.51,6641226.0,21261005424.0
2026-07-30 13:35,4554.27,4554.27,4539.52,4544.37,5346573.0,13649206864.0
2026-07-30 13:40,4543.82,4544.9,4527.4,4530.27,3973600.0,10199377024.0
2026-07-30 13:45,4530.53,4547.3,4530.53,4544.01,3844270.0,10332063264.0
2026-07-30 13:50,4544.58,4561.22,4544.58,4550.82,3765730.0,12157634704.0
2026-07-30 13:55,4551.7,4558.91,4542.07,4558.04,2876040.0,8771766976.0
2026-07-30 14:00,4557.78,4564.23,4553.37,4558.33,2848403.0,10275577648.0
2026-07-30 14:05,4557.92,4563.8,4552.41,4563.8,3469757.0,9951578544.0
2026-07-30 14:10,4564.64,4572.57,4564.64,4569.9,3399060.0,12177588368.0
2026-07-30 14:15,4569.44,4572.36,4561.75,4565.95,3348223.0,10610300128.0
2026-07-30 14:20,4566.11,4584.13,4565.73,4584.13,3716091.0,11091542656.0
2026-07-30 14:25,4584.66,4594.0,4584.66,4589.19,4798532.0,16477533232.0
2026-07-30 14:30,4589.33,4589.52,4576.19,4583.33,4203474.0,10667780800.0
2026-07-30 14:35,4583.2,4588.88,4568.26,4572.45,5430917.0,11964242784.0
2026-07-30 14:40,4573.03,4573.03,4557.27,4557.85,4132836.0,11382433792.0
2026-07-30 14:45,4557.99,4559.79,4553.45,4555.96,5227514.0,13131362384.0
2026-07-30 14:50,4555.39,4556.23,4544.96,4544.96,5520623.0,14718787536.0
2026-07-30 14:55,4544.49,4552.08,4543.93,4544.35,6846641.0,16431005472.0
2026-07-30 15:00,4544.32,4549.72,4540.88,4549.72,6838198.0,17176777129.0
2026-07-31 09:35,4623.85,4623.85,4607.93,4608.65,36793785.0,134965013248.0
2026-07-31 09:40,4608.29,4619.01,4599.9,4618.13,14912286.0,52356070400.0
2026-07-31 09:45,4617.73,4623.71,4617.1,4623.71,16763979.0,47446099200.0
2026-07-31 09:50,4623.09,4634.01,4623.09,4630.03,13137784.0,39468393216.0
2026-07-31 09:55,4629.82,4633.46,4626.32,4630.9,11403647.0,30765723136.0
2026-07-31 10:00,4631.14,4633.87,4629.19,4632.8,10116109.0,25851925760.0
2026-07-31 10:05,4633.32,4635.59,4627.67,4627.85,10137997.0,26956666880.0
2026-07-31 10:10,4628.0,4632.48,4626.82,4629.44,7065044.0,22740557648.0
2026-07-31 10:15,4629.31,4631.78,4623.6,4624.37,6611164.0,18788916992.0
2026-07-31 10:20,4624.35,4624.35,4614.23,4623.05,6504927.0,25884742176.0
2026-07-31 10:25,4622.63,4625.7,4613.64,4614.47,5653882.0,21135385600.0
2026-07-31 10:30,4614.11,4617.19,4610.21,4612.39,4622786.0,16189186768.0
2026-07-31 10:35,4612.5,4613.96,4608.5,4609.02,4155352.0,14541064768.0
2026-07-31 10:40,4608.36,4611.37,4601.64,4602.06,4213729.0,12624681296.0
2026-07-31 10:45,4601.54,4614.96,4601.3,4612.23,3259886.0,10787318736.0
2026-07-31 10:50,4612.09,4614.83,4601.56,4601.56,3305639.0,10166413664.0
2026-07-31 10:55,4601.23,4607.6,4598.95,4606.57,3326983.0,10568732080.0
2026-07-31 11:00,4606.41,4613.41,4606.25,4608.49,3380038.0,10209628256.0
2026-07-31 11:05,4608.44,4609.83,4601.42,4601.42,4733673.0,12337061952.0
2026-07-31 11:10,4601.23,4601.71,4595.25,4595.5,3306179.0,10486493152.0
2026-07-31 11:15,4595.4,4597.14,4588.53,4590.58,3997257.0,10905058512.0
2026-07-31 11:20,4590.04,4602.23,4590.04,4601.58,2705795.0,8515654944.0
2026-07-31 11:25,4601.87,4606.05,4593.91,4594.79,2847446.0,8939415904.0
2026-07-31 11:30,4594.94,4607.02,4594.5,4605.92,2688174.0,7180028224.0
2026-07-31 13:05,4608.85,4616.2,4601.63,4606.43,4352727.0,13649615536.0
2026-07-31 13:10,4606.92,4610.34,4601.44,4601.47,2628285.0,8405282800.0
2026-07-31 13:15,4601.59,4605.39,4598.13,4605.18,2853839.0,7914904448.0
2026-07-31 13:20,4605.35,4613.86,4604.4,4613.05,3225701.0,10250624800.0
2026-07-31 13:25,4613.42,4617.94,4610.06,4610.06,3556296.0,10860179952.0
2026-07-31 13:30,4609.97,4609.97,4605.89,4608.8,3312869.0,8285208544.0
2026-07-31 13:35,4608.43,4608.43,4601.31,4603.94,2940395.0,8001324928.0
2026-07-31 13:40,4603.77,4606.17,4602.0,4605.69,2723377.0,7558841056.0
2026-07-31 13:45,4605.92,4608.05,4605.06,4606.15,2882278.0,7119422928.0
2026-07-31 13:50,4606.39,4609.09,4605.74,4608.96,3194380.0,7515452688.0
2026-07-31 13:55,4608.41,4608.9,4603.98,4605.63,2829851.0,6994431104.0
2026-07-31 14:00,4606.13,4608.32,4602.55,4607.88,3112205.0,7631156032.0
2026-07-31 14:05,4607.81,4610.14,4604.92,4605.37,3768179.0,7967284544.0
2026-07-31 14:10,4605.48,4606.43,4602.77,4602.77,2881820.0,7154398480.0
2026-07-31 14:15,4603.1,4603.22,4600.38,4600.55,3784452.0,8912872576.0
2026-07-31 14:20,4600.43,4602.26,4596.82,4602.02,3496688.0,8224265728.0
2026-07-31 14:25,4602.29,4612.17,4600.95,4612.17,4211053.0,9899658672.0
2026-07-31 14:30,4612.3,4616.24,4610.27,4615.5,3515437.0,8915641984.0
2026-07-31 14:35,4614.84,4614.84,4603.1,4606.55,4185345.0,9569098800.0
2026-07-31 14:40,4606.58,4610.39,4606.58,4608.33,4185425.0,10472146112.0
2026-07-31 14:45,4608.41,4608.41,4597.19,4597.88,5477933.0,15302847504.0
2026-07-31 14:50,4597.71,4597.79,4592.76,4593.9,5595253.0,15854353072.0
2026-07-31 14:55,4593.43,4593.43,4591.6,4592.05,6660851.0,17267689392.0
2026-07-31 15:00,4591.8,4593.65,4588.2,4588.2,8225518.0,19372175552.0
2026-08-03 09:35,4561.82,4572.59,4556.09,4566.53,23484020.0,65890801664.0
2026-08-03 09:40,4566.36,4570.71,4553.41,4553.41,14924580.0,41077790208.0
2026-08-03 09:45,4553.47,4554.56,4541.61,4542.07,12253095.0,35561435136.0
2026-08-03 09:50,4542.47,4555.37,4539.25,4555.16,12190984.0,30480968704.0
2026-08-03 09:55,4556.01,4561.18,4551.69,4558.35,7775584.0,22041575712.0
2026-08-03 10:00,4557.96,4563.66,4555.28,4562.2,7556652.0,19174025648.0
2026-08-03 10:05,4561.9,4566.05,4559.89,4561.28,7597930.0,19146835200.0
2026-08-03 10:10,4561.32,4562.72,4553.75,4554.84,7023669.0,16294672432.0
2026-08-03 10:15,4555.54,4559.06,4550.81,4555.94,6586139.0,16936832480.0
2026-08-03 10:20,4556.01,4556.12,4549.17,4552.53,5577307.0,14526257952.0
2026-08-03 10:25,4552.55,4560.4,4550.25,4550.25,4852718.0,13960563696.0
2026-08-03 10:30,4550.42,4550.66,4541.09,4541.09,4541043.0,12064615584.0
2026-08-03 10:35,4540.84,4549.55,4539.09,4549.55,4517925.0,11771576272.0
2026-08-03 10:40,4549.67,4555.24,4546.96,4548.08,4155347.0,11284445408.0
2026-08-03 10:45,4547.96,4558.48,4545.95,4553.45,3675303.0,8713065424.0
2026-08-03 10:50,4553.13,4555.86,4547.59,4548.13,3960846.0,8441928240.0
2026-08-03 10:55,4548.49,4552.9,4546.21,4551.38,3273427.0,7987186576.0
2026-08-03 11:00,4551.25,4562.58,4548.0,4559.97,3080843.0,9429540096.0
2026-08-03 11:05,4560.17,4567.71,4558.83,4559.09,3606158.0,11534847344.0
2026-08-03 11:10,4558.8,4558.8,4549.62,4551.17,2961172.0,7897525680.0
2026-08-03 11:15,4550.98,4554.19,4549.38,4550.68,2881507.0,7138224224.0
2026-08-03 11:20,4550.55,4553.78,4548.54,4552.92,2876266.0,7436735344.0
2026-08-03 11:25,4554.17,4556.49,4548.34,4555.47,2696377.0,7385083392.0
2026-08-03 11:30,4554.99,4557.86,4550.46,4554.62,2856959.0,7528497152.0
2026-08-03 13:05,4556.04,4560.6,4554.98,4556.05,4150344.0,11476269888.0
2026-08-03 13:10,4555.9,4556.26,4548.35,4551.3,2946152.0,8290319552.0
2026-08-03 13:15,4550.23,4553.54,4547.65,4549.74,2333204.0,6082727888.0
2026-08-03 13:20,4549.71,4551.08,4543.97,4544.0,2755353.0,6797411472.0
2026-08-03 13:25,4543.92,4547.08,4542.67,4544.43,2403967.0,6578635872.0
2026-08-03 13:30,4544.6,4546.02,4541.94,4543.17,2528298.0,6869578336.0
2026-08-03 13:35,4543.26,4544.74,4539.19,4539.74,2913383.0,7444761312.0
2026-08-03 13:40,4539.82,4539.93,4535.71,4535.71,2860474.0,7191650512.0
2026-08-03 13:45,4535.98,4542.13,4535.29,4539.54,2763273.0,6912323120.0
2026-08-03 13:50,4539.38,4540.63,4538.32,4538.45,2188760.0,5866536976.0
2026-08-03 13:55,4538.6,4542.87,4538.06,4539.35,3162328.0,6612142736.0
2026-08-03 14:00,4539.41,4540.41,4535.7,4535.7,2537172.0,8033522144.0
2026-08-03 14:05,4535.6,4535.96,4532.85,4532.85,3173529.0,8282823136.0
2026-08-03 14:10,4532.6,4534.3,4529.19,4529.99,2824443.0,9218273264.0
2026-08-03 14:15,4530.45,4543.26,4530.45,4543.26,3144184.0,8828893248.0
2026-08-03 14:20,4543.68,4544.15,4538.94,4540.16,2956352.0,7384836416.0
2026-08-03 14:25,4540.15,4552.46,4540.09,4551.71,3465825.0,8391618176.0
2026-08-03 14:30,4552.17,4553.83,4545.64,4545.64,3209345.0,8067682592.0
2026-08-03 14:35,4545.5,4547.18,4539.84,4540.37,3162657.0,8045606960.0
2026-08-03 14:40,4540.34,4542.25,4536.62,4536.96,3274629.0,8886595184.0
2026-08-03 14:45,4536.9,4538.51,4535.75,4537.63,3600275.0,9442739840.0
2026-08-03 14:50,4537.73,4540.37,4537.02,4539.89,4390444.0,11129079600.0
2026-08-03 14:55,4539.41,4542.13,4538.4,4538.98,5224850.0,13249068848.0
2026-08-03 15:00,4538.56,4543.18,4538.29,4543.18,5167491.0,12962824172.0
2026-08-04 09:35,4566.94,4569.11,4555.25,4560.47,17734561.0,62975734272.0
2026-08-04 09:40,4561.2,4572.92,4560.64,4567.89,12914773.0,37020293376.0
2026-08-04 09:45,4567.64,4569.19,4559.53,4561.6,13525153.0,37844172288.0
2026-08-04 09:50,4561.25,4570.18,4561.25,4569.11,9809769.0,30668283392.0
2026-08-04 09:55,4569.08,4579.03,4569.08,4578.59,7846721.0,26302585856.0
2026-08-04 10:00,4578.35,4578.35,4569.89,4569.89,10828672.0,28482390784.0
2026-08-04 10:05,4569.34,4570.26,4560.81,4561.75,7883452.0,25117364224.0
2026-08-04 10:10,4561.9,4571.53,4560.31,4569.14,6099240.0,17396820992.0
2026-08-04 10:15,4569.07,4569.07,4562.4,4566.33,6020787.0,16499784352.0
2026-08-04 10:20,4566.56,4571.02,4563.56,4570.83,4210110.0,12397451200.0
2026-08-04 10:25,4570.99,4571.72,4562.37,4562.37,3870193.0,11464516512.0
2026-08-04 10:30,4562.36,4569.23,4560.83,4567.47,3653593.0,10779170992.0
2026-08-04 10:35,4567.2,4569.84,4565.87,4567.44,5047255.0,11052958688.0
2026-08-04 10:40,4567.13,4574.12,4567.13,4572.17,4000379.0,11166346976.0
2026-08-04 10:45,4572.18,4574.98,4566.72,4572.61,3766205.0,10423238480.0
2026-08-04 10:50,4572.92,4574.54,4571.72,4571.77,3815301.0,9944907808.0
2026-08-04 10:55,4571.52,4571.52,4566.05,4566.05,3059421.0,7793878928.0
2026-08-04 11:00,4566.16,4572.6,4566.16,4566.69,2874097.0,7134765168.0
2026-08-04 11:05,4566.63,4566.68,4563.4,4565.45,2469991.0,7644343824.0
2026-08-04 11:10,4565.51,4575.28,4564.22,4575.28,2576263.0,6953417088.0
2026-08-04 11:15,4575.45,4577.13,4572.53,4575.88,2436904.0,7047463104.0
2026-08-04 11:20,4575.94,4577.73,4572.91,4577.07,2277668.0,6684710608.0
2026-08-04 11:25,4577.44,4579.43,4576.75,4578.16,2395162.0,8968042096.0
2026-08-04 11:30,4578.27,4586.33,4578.27,4585.65,3651674.0,12777195424.0
2026-08-04 13:05,4586.38,4595.67,4586.21,4593.94,6594633.0,22187291488.0
2026-08-04 13:10,4593.94,4594.48,4590.94,4591.07,4097422.0,12407357936.0
2026-08-04 13:15,4590.69,4592.11,4585.66,4590.17,3508187.0,10134513376.0
2026-08-04 13:20,4590.75,4591.37,4584.13,4585.58,3259638.0,9341146096.0
2026-08-04 13:25,4585.4,4592.21,4584.72,4591.32,3065423.0,9106968560.0
2026-08-04 13:30,4591.3,4598.47,4591.3,4598.47,3803230.0,11455450576.0
2026-08-04 13:35,4598.4,4603.03,4598.18,4601.2,4157279.0,13559480928.0
2026-08-04 13:40,4601.15,4605.67,4599.94,4604.62,3699458.0,12199042208.0
2026-08-04 13:45,4604.72,4607.17,4603.38,4605.6,3412526.0,10407852800.0
2026-08-04 13:50,4605.75,4609.19,4605.75,4606.09,3202284.0,10262508768.0
2026-08-04 13:55,4606.54,4608.47,4603.73,4606.37,3629859.0,9271384720.0
2026-08-04 14:00,4606.35,4608.39,4604.27,4608.39,2917177.0,8298436624.0
2026-08-04 14:05,4608.49,4611.08,4607.42,4609.91,4361468.0,11040728736.0
2026-08-04 14:10,4610.31,4612.68,4607.95,4612.47,3246527.0,8909678640.0
2026-08-04 14:15,4612.52,4613.69,4605.88,4605.88,4202229.0,10934407216.0
2026-08-04 14:20,4605.86,4605.86,4599.58,4601.32,4532042.0,12423111968.0
2026-08-04 14:25,4601.56,4603.48,4599.82,4602.85,3043210.0,8334764816.0
2026-08-04 14:30,4602.86,4606.37,4602.86,4605.12,3070719.0,8142711728.0
2026-08-04 14:35,4605.29,4606.85,4595.49,4595.49,4413824.0,11315195008.0
2026-08-04 14:40,4595.37,4599.04,4594.98,4596.56,3855165.0,10085877408.0
2026-08-04 14:45,4596.41,4596.57,4593.08,4593.1,4616476.0,11126078112.0
2026-08-04 14:50,4593.31,4596.12,4592.91,4594.84,5451545.0,12489060992.0
2026-08-04 14:55,4594.99,4599.5,4594.99,4599.5,6127551.0,15007401584.0
2026-08-04 15:00,4599.33,4602.88,4599.33,4600.93,7038393.0,15837827104.0
2026-08-05 09:35,4550.19,4584.92,4550.19,4578.97,22610132.0,98853965312.0
2026-08-05 09:40,4579.42,4595.98,4579.42,4593.46,15012870.0,56347010816.0
2026-08-05 09:45,4593.33,4605.97,4593.33,4603.24,12645573.0,43000839680.0
2026-08-05 09:50,4603.08,4614.44,4602.68,4607.66,11557136.0,37203798784.0
2026-08-05 09:55,4607.04,4613.51,4604.06,4609.84,9436398.0,27995000832.0
2026-08-05 10:00,4609.64,4614.31,4605.31,4605.31,9677980.0,26368343040.0
2026-08-05 10:05,4605.26,4608.87,4603.96,4605.42,8280147.0,23657792560.0
2026-08-05 10:10,4604.98,4607.53,4600.31,4602.32,7428139.0,24594253280.0
2026-08-05 10:15,4602.33,4603.04,4592.16,4598.07,8547335.0,28808106240.0
2026-08-05 10:20,4597.47,4602.94,4591.18,4602.92,7682938.0,24503889952.0
2026-08-05 10:25,4602.95,4613.92,4601.02,4612.38,6043386.0,19347859808.0
2026-08-05 10:30,4612.49,4614.5,4608.67,4610.68,5706956.0,14311802720.0
2026-08-05 10:35,4610.65,4615.29,4607.56,4614.34,4894876.0,15234438816.0
2026-08-05 10:40,4614.65,4619.96,4612.64,4614.1,4005805.0,12241064384.0
2026-08-05 10:45,4613.82,4620.27,4612.59,4619.36,3359532.0,10594585168.0
2026-08-05 10:50,4619.47,4625.89,4618.88,4625.89,3587483.0,11474337792.0
2026-08-05 10:55,4625.86,4625.86,4619.69,4624.92,3743347.0,11518470848.0
2026-08-05 11:00,4624.96,4626.68,4620.93,4621.58,3018464.0,9426199904.0
2026-08-05 11:05,4621.85,4627.32,4621.85,4625.46,2887834.0,10051424016.0
2026-08-05 11:10,4625.35,4629.21,4622.33,4629.21,2715193.0,9137985232.0
2026-08-05 11:15,4629.05,4636.68,4629.05,4636.68,3408275.0,10378395312.0
2026-08-05 11:20,4636.74,4645.43,4636.74,4640.16,4237979.0,15460879792.0
2026-08-05 11:25,4639.77,4647.77,4637.98,4646.99,3351242.0,11148680864.0
2026-08-05 11:30,4646.91,4649.92,4645.71,4646.25,3586296.0,11712145072.0
2026-08-05 13:05,4648.26,4658.13,4648.26,4656.46,8244293.0,26399557136.0
2026-08-05 13:10,4656.95,4657.15,4644.98,4649.54,5274703.0,15394689952.0
2026-08-05 13:15,4648.06,4662.47,4646.46,4659.77,4793905.0,16008975680.0
2026-08-05 13:20,4659.55,4667.22,4657.45,4665.01,4435677.0,14336297376.0
2026-08-05 13:25,4665.92,4672.93,4665.62,4672.9,3859492.0,14164917472.0
2026-08-05 13:30,4673.21,4678.33,4668.58,4668.58,4790527.0,14854252704.0
2026-08-05 13:35,4668.6,4675.16,4668.6,4674.32,3710529.0,11965045280.0
2026-08-05 13:40,4674.59,4674.81,4663.33,4667.11,5158600.0,12958725296.0
2026-08-05 13:45,4667.42,4675.31,4666.32,4674.8,3609049.0,10615855008.0
2026-08-05 13:50,4675.38,4679.2,4673.22,4673.97,4217815.0,10913599744.0
2026-08-05 13:55,4674.24,4679.86,4674.21,4676.39,3192504.0,8897112800.0
2026-08-05 14:00,4676.67,4676.68,4670.93,4673.07,3400927.0,9349945600.0
2026-08-05 14:05,4672.8,4672.86,4662.76,4664.68,4928412.0,11884594352.0
2026-08-05 14:10,4664.59,4664.59,4653.42,4660.38,4590764.0,13373697840.0
2026-08-05 14:15,4660.47,4661.8,4651.74,4652.02,2990772.0,9122745408.0
2026-08-05 14:20,4653.02,4653.15,4640.19,4640.91,5042360.0,14575026800.0
2026-08-05 14:25,4641.81,4646.77,4640.06,4646.41,3780147.0,12190961312.0
2026-08-05 14:30,4646.64,4653.25,4646.64,4652.74,3347963.0,9202254880.0
2026-08-05 14:35,4653.12,4654.47,4650.05,4653.77,3851039.0,9818481632.0
2026-08-05 14:40,4653.85,4655.72,4649.53,4649.86,3761242.0,10253169552.0
2026-08-05 14:45,4649.98,4652.24,4649.52,4651.85,4136560.0,11174630928.0
2026-08-05 14:50,4651.93,4655.74,4651.93,4655.74,4780559.0,12814992592.0
2026-08-05 14:55,4655.69,4657.49,4654.39,4657.14,6413239.0,17275437408.0
2026-08-05 15:00,4657.35,4659.43,4657.35,4658.15,7185523.0,18244916816.0
2026-08-06 09:35,4621.8,4627.84,4611.06,4613.6,23147324.0,81408808704.0
2026-08-06 09:40,4613.65,4633.58,4613.65,4633.58,12469661.0,43429392384.0
2026-08-06 09:45,4633.76,4638.27,4626.57,4637.4,9914737.0,33117195520.0
2026-08-06 09:50,4637.26,4640.79,4634.27,4634.31,9167181.0,27493386752.0
2026-08-06 09:55,4634.21,4634.66,4625.6,4630.52,9721346.0,25082979072.0
2026-08-06 10:00,4630.0,4644.18,4629.69,4644.08,7799795.0,22911991760.0
2026-08-06 10:05,4644.01,4644.01,4637.11,4638.71,7136020.0,21646937248.0
2026-08-06 10:10,4638.36,4644.41,4636.06,4644.41,5369292.0,16782334288.0
2026-08-06 10:15,4644.69,4647.12,4638.15,4646.55,5586257.0,17059143616.0
2026-08-06 10:20,4647.05,4655.93,4641.39,4654.34,5689563.0,18819026608.0
2026-08-06 10:25,4654.13,4657.71,4651.39,4656.92,4973078.0,18886848192.0
2026-08-06 10:30,4657.01,4667.67,4656.75,4667.06,5986922.0,19819082816.0
2026-08-06 10:35,4666.59,4669.19,4660.29,4660.48,6070187.0,19081533200.0
2026-08-06 10:40,4660.82,4662.29,4651.8,4653.34,5966972.0,17799084944.0
2026-08-06 10:45,4652.9,4672.76,4652.82,4672.76,4675881.0,17530351456.0
2026-08-06 10:50,4672.91,4674.31,4665.12,4671.49,5480025.0,17549800768.0
2026-08-06 10:55,4671.52,4675.65,4669.69,4671.17,4855774.0,14719492288.0
2026-08-06 11:00,4671.08,4671.08,4663.67,4663.67,3823442.0,11934681472.0
2026-08-06 11:05,4663.22,4663.22,4653.63,4654.48,5380355.0,13510398752.0
2026-08-06 11:10,4654.51,4657.29,4645.64,4648.0,5071655.0,15488029728.0
2026-08-06 11:15,4647.89,4652.25,4641.41,4641.41,3181123.0,11300030304.0
2026-08-06 11:20,4641.12,4643.33,4632.95,4633.37,4428281.0,14357174240.0
2026-08-06 11:25,4633.28,4638.46,4630.43,4630.7,3704524.0,11612619456.0
2026-08-06 11:30,4630.64,4638.13,4626.97,4637.88,3455099.0,10709692656.0
2026-08-06 13:05,4638.92,4644.65,4634.01,4638.47,4058072.0,12010762608.0
2026-08-06 13:10,4638.3,4645.37,4633.67,4634.4,2579131.0,8339185072.0
2026-08-06 13:15,4634.49,4634.49,4626.17,4631.53,3816138.0,10607029552.0
2026-08-06 13:20,4631.32,4635.78,4626.88,4627.15,3423195.0,8889086880.0
2026-08-06 13:25,4627.3,4631.9,4626.94,4627.78,3425721.0,8306980016.0
2026-08-06 13:30,4627.67,4629.89,4625.22,4625.45,3946003.0,9309367824.0
2026-08-06 13:35,4625.06,4632.3,4624.53,4629.33,3750388.0,9054632192.0
2026-08-06 13:40,4629.08,4629.69,4623.06,4623.51,3403072.0,8871401680.0
2026-08-06 13:45,4623.22,4631.42,4620.44,4631.42,3211618.0,9087849424.0
2026-08-06 13:50,4631.83,4636.34,4626.73,4628.54,3024019.0,7712004688.0
2026-08-06 13:55,4628.27,4637.19,4628.23,4635.3,3792973.0,7524539456.0
2026-08-06 14:00,4635.16,4636.68,4630.38,4636.62,3332754.0,7054324560.0
2026-08-06 14:05,4636.55,4639.6,4630.83,4630.83,4013306.0,8532946016.0
2026-08-06 14:10,4630.91,4633.49,4626.14,4626.14,3148920.0,8257176896.0
2026-08-06 14:15,4626.21,4634.87,4626.19,4634.87,2777930.0,8004520528.0
2026-08-06 14:20,4634.74,4635.2,4629.03,4633.0,2501910.0,6954162464.0
2026-08-06 14:25,4632.87,4642.21,4632.87,4641.51,2952381.0,7841481776.0
2026-08-06 14:30,4641.44,4644.0,4638.19,4644.0,2821044.0,7894702768.0
2026-08-06 14:35,4644.21,4650.55,4643.74,4650.38,3378274.0,9802941968.0
2026-08-06 14:40,4650.76,4653.76,4642.08,4642.08,3526283.0,11265196400.0
2026-08-06 14:45,4642.35,4645.67,4640.32,4643.17,3390125.0,9593562752.0
2026-08-06 14:50,4643.09,4644.76,4642.51,4644.52,3578589.0,10207374960.0
2026-08-06 14:55,4644.63,4650.78,4644.33,4650.78,5222781.0,15480999568.0
2026-08-06 15:00,4650.83,4652.08,4650.83,4651.31,5381609.0,15131957718.0
2026-08-07 09:35,4656.1,4664.41,4656.1,4658.79,18296220.0,66576288000.0
2026-08-07 09:40,4658.99,4674.92,4658.99,4667.43,11605164.0,38528071936.0
2026-08-07 09:45,4667.04,4673.68,4654.65,4654.65,9390141.0,32384910080.0
2026-08-07 09:50,4654.92,4670.94,4649.58,4670.94,9910358.0,33186964224.0
2026-08-07 09:55,4670.72,4670.72,4663.02,4665.23,7102718.0,22680606208.0
2026-08-07 10:00,4664.93,4673.87,4664.04,4670.65,8414991.0,22026834448.0
2026-08-07 10:05,4670.41,4678.05,4670.41,4677.09,7240597.0,22273854064.0
2026-08-07 10:10,4677.4,4679.75,4674.68,4677.88,5803538.0,16937117440.0
2026-08-07 10:15,4678.06,4680.8,4677.45,4680.29,5987708.0,17407242960.0
2026-08-07 10:20,4680.9,4686.61,4680.9,4686.45,6763573.0,19928764544.0
2026-08-07 10:25,4686.49,4694.01,4686.4,4693.6,5711139.0,20556464176.0
2026-08-07 10:30,4693.03,4694.64,4688.84,4691.99,6335382.0,16603451136.0
2026-08-07 10:35,4691.65,4698.61,4691.65,4694.43,5507594.0,15825380512.0
2026-08-07 10:40,4694.38,4702.63,4694.38,4700.61,4549510.0,14351124336.0
2026-08-07 10:45,4699.98,4700.37,4694.28,4694.28,4386658.0,13185696496.0
2026-08-07 10:50,4694.06,4694.06,4687.68,4690.64,3883678.0,12845535328.0
2026-08-07 10:55,4690.88,4696.61,4687.47,4687.47,2926593.0,9849317264.0
2026-08-07 11:00,4687.23,4691.27,4685.19,4685.28,3486939.0,10943448496.0
2026-08-07 11:05,4684.88,4691.34,4682.44,4690.78,3568077.0,11848965728.0
2026-08-07 11:10,4691.04,4693.46,4687.01,4687.13,2550166.0,8484859248.0
2026-08-07 11:15,4686.93,4687.4,4682.86,4687.2,4841119.0,15376537872.0
2026-08-07 11:20,4687.35,4690.17,4679.34,4680.38,2811436.0,9480753296.0
2026-08-07 11:25,4680.54,4687.99,4679.36,4687.99,3420457.0,10442274640.0
2026-08-07 11:30,4688.01,4693.26,4686.65,4689.96,3304135.0,9392495712.0
2026-08-07 13:05,4690.76,4701.22,4690.76,4696.58,4892713.0,17199551776.0
2026-08-07 13:10,4696.67,4700.63,4691.98,4692.41,4413344.0,12785189312.0
2026-08-07 13:15,4692.53,4699.24,4692.32,4693.07,4329082.0,14378430080.0
2026-08-07 13:20,4692.56,4698.56,4692.21,4695.23,3360574.0,11314544752.0
2026-08-07 13:25,4695.07,4698.93,4694.0,4698.38,3158292.0,10462782816.0
2026-08-07 13:30,4698.89,4703.94,4698.89,4703.28,3549925.0,12490857184.0
2026-08-07 13:35,4703.58,4706.2,4701.16,4704.58,4139198.0,13293316416.0
2026-08-07 13:40,4704.39,4705.71,4699.47,4701.54,3134202.0,10777606400.0
2026-08-07 13:45,4701.58,4704.79,4700.56,4702.86,3048185.0,11263780016.0
2026-08-07 13:50,4702.78,4705.22,4702.52,4704.52,2705056.0,8973289808.0
2026-08-07 13:55,4704.38,4706.73,4696.12,4698.67,3935850.0,11848480192.0
2026-08-07 14:00,4699.08,4699.64,4692.28,4692.31,3444271.0,11986809744.0
2026-08-07 14:05,4692.24,4693.81,4684.35,4691.29,4027436.0,16055717568.0
2026-08-07 14:10,4691.01,4696.28,4690.0,4695.32,2927407.0,11224446432.0
2026-08-07 14:15,4695.92,4697.05,4685.17,4685.17,3717522.0,13233369408.0
2026-08-07 14:20,4684.87,4685.8,4678.2,4684.31,3653644.0,16415009792.0
2026-08-07 14:25,4683.37,4683.37,4675.8,4675.8,2743746.0,12216594944.0
2026-08-07 14:30,4676.06,4678.08,4667.84,4678.08,3483002.0,15133712640.0
2026-08-07 14:35,4678.46,4687.61,4676.56,4686.17,3231750.0,12214755920.0
2026-08-07 14:40,4686.21,4687.94,4681.55,4683.39,3128651.0,11039903664.0
2026-08-07 14:45,4683.52,4689.56,4683.45,4689.5,3666000.0,12189276448.0
2026-08-07 14:50,4689.49,4691.3,4687.89,4687.89,4618622.0,15029221776.0
2026-08-07 14:55,4687.8,4693.64,4687.77,4693.52,5699223.0,17498770432.0
2026-08-07 15:00,4693.55,4694.68,4693.21,4694.44,6266434.0,18263386272.0
2026-08-10 09:35,4698.82,4708.59,4698.82,4704.08,13812377.0,54624828672.0
