day,open,high,low,close,volume,amount
2026-06-09 14:50:00,3958.733,3962.898,3957.864,3961.244,444880296,14699855872.0000
2026-06-09 14:55:00,3959.945,3961.689,3957.280,3960.729,589004412,18321506304.0000
2026-06-09 15:00:00,3960.454,3962.077,3958.844,3961.749,573064008,17834246144.0000
2026-06-10 09:35:00,3897.730,3903.752,3873.613,3890.590,2101557433,76560408576.0000
2026-06-10 09:40:00,3890.536,3900.467,3885.814,3898.253,1294366645,41299582976.0000
2026-06-10 09:45:00,3896.496,3928.360,3894.523,3924.757,1013083105,33138933760.0000
2026-06-10 09:50:00,3925.209,3927.053,3918.180,3923.902,854939554,26700431360.0000
2026-06-10 09:55:00,3923.392,3925.290,3911.827,3915.930,695740857,23345463296.0000
2026-06-10 10:00:00,3915.569,3915.580,3884.754,3896.285,643724168,22329262080.0000
2026-06-10 10:05:00,3893.756,3903.306,3880.553,3882.019,599427943,20497219584.0000
2026-06-10 10:10:00,3882.267,3888.947,3877.730,3881.229,538988094,17046519808.0000
2026-06-10 10:15:00,3881.867,3887.959,3876.492,3879.039,470605895,14472970240.0000
2026-06-10 10:20:00,3878.930,3893.892,3878.930,3886.931,518438671,14979530752.0000
2026-06-10 10:25:00,3884.951,3890.886,3873.523,3873.523,452050087,13715800064.0000
2026-06-10 10:30:00,3872.091,3875.511,3855.128,3855.128,411422368,13808500736.0000
2026-06-10 10:35:00,3854.882,3862.672,3852.532,3856.332,449810258,13333823488.0000
2026-06-10 10:40:00,3856.519,3860.423,3844.591,3845.165,399773446,11234344960.0000
2026-06-10 10:45:00,3845.137,3864.745,3845.137,3859.373,341235371,10318184448.0000
2026-06-10 10:50:00,3863.177,3873.508,3860.841,3869.368,324564017,9731768320.0000
2026-06-10 10:55:00,3869.576,3875.454,3856.041,3856.041,283122361,8892710912.0000
2026-06-10 11:00:00,3856.016,3856.016,3846.645,3854.671,278999784,8561655808.0000
2026-06-10 11:05:00,3852.999,3871.427,3851.033,3864.589,284932348,8807612416.0000
2026-06-10 11:10:00,3865.314,3867.341,3859.127,3862.878,246043336,7159873536.0000
2026-06-10 11:15:00,3861.786,3875.632,3854.887,3875.632,300740141,8754233344.0000
2026-06-10 11:20:00,3876.007,3881.733,3873.116,3873.116,229214023,8271233024.0000
2026-06-10 11:25:00,3873.050,3873.050,3858.463,3862.215,239777967,7664500736.0000
2026-06-10 11:30:00,3865.135,3878.087,3865.135,3870.834,198635592,6843203584.0000
2026-06-10 13:05:00,3859.895,3859.895,3841.178,3850.051,527728740,17892671488.0000
2026-06-10 13:10:00,3850.153,3862.318,3850.005,3850.248,269558718,8992489472.0000
2026-06-10 13:15:00,3850.935,3851.754,3836.337,3844.558,293414160,9547513856.0000
2026-06-10 13:20:00,3844.893,3850.754,3840.693,3849.164,216061923,7303790592.0000
2026-06-10 13:25:00,3849.816,3850.749,3838.872,3845.961,278021536,8357216256.0000
2026-06-10 13:30:00,3845.445,3852.875,3841.851,3851.294,226272027,6470598656.0000
2026-06-10 13:35:00,3851.136,3852.077,3836.977,3836.977,268087634,8326348800.0000
2026-06-10 13:40:00,3835.873,3842.860,3833.386,3836.316,268924849,8448278528.0000
2026-06-10 13:45:00,3837.049,3848.559,3837.049,3839.100,230477973,7439056896.0000
2026-06-10 13:50:00,3838.800,3842.908,3822.014,3822.108,264368144,8487600128.0000
2026-06-10 13:55:00,3822.330,3833.853,3818.312,3833.167,272126049,8482160640.0000
2026-06-10 14:00:00,3833.290,3857.195,3833.290,3857.063,250681167,7672397824.0000
2026-06-10 14:05:00,3857.058,3861.546,3846.682,3846.682,269859512,8222441472.0000
2026-06-10 14:10:00,3846.347,3855.939,3839.714,3848.038,218182400,6508118016.0000
2026-06-10 14:15:00,3847.960,3858.158,3845.624,3846.384,208994473,6261768192.0000
2026-06-10 14:20:00,3845.932,3860.753,3845.343,3860.753,210078414,6259671040.0000
2026-06-10 14:25:00,3862.018,3871.837,3858.112,3859.034,285196655,8466530304.0000
2026-06-10 14:30:00,3859.961,3864.543,3858.117,3859.510,214110274,6544359424.0000
2026-06-10 14:35:00,3859.991,3871.361,3859.991,3863.592,302168268,9414180864.0000
2026-06-10 14:40:00,3863.661,3863.661,3852.680,3852.833,287314882,8771272704.0000
2026-06-10 14:45:00,3852.491,3854.636,3847.001,3853.673,360821859,10603397120.0000
2026-06-10 14:50:00,3853.216,3857.173,3851.800,3857.173,414658198,11841306624.0000
2026-06-10 14:55:00,3857.306,3861.415,3855.880,3856.275,571061260,16151281664.0000
2026-06-10 15:00:00,3856.717,3857.150,3854.409,3854.793,515346082,14879621120.0000
2026-06-11 09:35:00,3839.187,3864.039,3839.187,3857.999,2104724423,64517177344.0000
2026-06-11 09:40:00,3859.975,3877.060,3859.975,3872.956,1368853693,39607918592.0000
2026-06-11 09:45:00,3875.308,3898.597,3875.308,3893.969,935374555,30126039040.0000
2026-06-11 09:50:00,3894.671,3910.278,3894.345,3900.450,736883734,24559321088.0000
2026-06-11 09:55:00,3899.432,3903.553,3874.283,3876.049,623107327,20468056064.0000
2026-06-11 10:00:00,3876.186,3887.715,3858.878,3867.555,557064770,18583846912.0000
2026-06-11 10:05:00,3865.469,3865.469,3844.911,3847.683,580347615,18214273024.0000
2026-06-11 10:10:00,3847.493,3850.449,3842.298,3846.747,541787853,16732733440.0000
2026-06-11 10:15:00,3846.682,3856.599,3843.827,3853.510,421124560,13331202048.0000
2026-06-11 10:20:00,3853.148,3854.171,3834.723,3835.769,495343344,14560280576.0000
2026-06-11 10:25:00,3837.689,3840.715,3824.762,3832.383,393787033,13511868416.0000
2026-06-11 10:30:00,3832.355,3838.895,3818.766,3820.636,366482471,12472385536.0000
2026-06-11 10:35:00,3820.599,3827.747,3810.360,3811.496,399335393,13239975936.0000
2026-06-11 10:40:00,3811.636,3821.207,3810.744,3810.952,325338538,10472882176.0000
2026-06-11 10:45:00,3811.095,3819.031,3803.615,3803.615,328452976,10097655808.0000
2026-06-11 10:50:00,3803.542,3820.757,3799.059,3820.757,329991160,10312024064.0000
2026-06-11 10:55:00,3821.467,3827.905,3807.687,3807.687,281751572,8855846912.0000
2026-06-11 11:00:00,3807.490,3828.901,3807.490,3827.543,230786701,7982055424.0000
2026-06-11 11:05:00,3826.277,3826.277,3810.256,3816.908,251689289,8101363712.0000
2026-06-11 11:10:00,3816.419,3817.008,3796.654,3798.091,285114818,9246408704.0000
2026-06-11 11:15:00,3797.060,3797.060,3784.059,3795.892,322453107,10669785088.0000
2026-06-11 11:20:00,3795.110,3796.094,3783.517,3784.429,269812705,8159920128.0000
2026-06-11 11:25:00,3784.418,3792.090,3782.076,3787.832,248901857,7978450944.0000
2026-06-11 11:30:00,3788.447,3793.745,3782.003,3785.626,215034717,6833143808.0000
2026-06-11 13:05:00,3794.929,3819.362,3792.621,3797.787,524290754,17560272896.0000
2026-06-11 13:10:00,3801.655,3811.568,3795.023,3811.568,304179470,10633019392.0000
2026-06-11 13:15:00,3810.702,3827.106,3809.182,3822.073,298915215,10825138176.0000
2026-06-11 13:20:00,3822.233,3835.050,3820.883,3835.050,260443863,9271345152.0000
2026-06-11 13:25:00,3835.421,3839.990,3817.390,3817.390,278571011,9848979456.0000
2026-06-11 13:30:00,3815.477,3819.421,3803.900,3803.900,224967618,8008990720.0000
2026-06-11 13:35:00,3803.103,3805.164,3794.451,3798.413,235555269,9046786048.0000
2026-06-11 13:40:00,3799.511,3808.400,3791.979,3791.979,284316426,10449387520.0000
2026-06-11 13:45:00,3792.654,3802.848,3787.155,3787.155,206992588,8087896064.0000
2026-06-11 13:50:00,3787.050,3808.626,3786.364,3808.626,213036732,7675510784.0000
2026-06-11 13:55:00,3808.937,3811.744,3801.556,3801.556,255958287,8137441280.0000
2026-06-11 14:00:00,3801.565,3802.324,3788.692,3791.869,244593159,9371844608.0000
2026-06-11 14:05:00,3792.435,3795.354,3784.553,3787.316,236404324,9283371008.0000
2026-06-11 14:10:00,3786.109,3786.109,3767.273,3767.292,277009342,10927243264.0000
2026-06-11 14:15:00,3766.577,3766.577,3755.613,3764.952,280103561,12116328448.0000
2026-06-11 14:20:00,3765.351,3772.981,3761.830,3761.830,231005156,8983347200.0000
2026-06-11 14:25:00,3761.891,3784.307,3761.420,3782.220,238756534,8281522176.0000
2026-06-11 14:30:00,3782.689,3790.887,3775.603,3776.168,254197745,8088190976.0000
2026-06-11 14:35:00,3777.559,3795.788,3777.559,3785.890,304923045,9672851456.0000
2026-06-11 14:40:00,3786.308,3791.097,3779.674,3786.832,285611509,9375318016.0000
2026-06-11 14:45:00,3788.205,3796.820,3788.205,3796.398,346573179,11108483072.0000
2026-06-11 14:50:00,3796.567,3799.923,3793.602,3795.505,407236953,12585074688.0000
2026-06-11 14:55:00,3795.766,3807.399,3794.993,3806.374,536916813,16595615744.0000
2026-06-11 15:00:00,3806.713,3811.728,3806.713,3811.246,502431331,15360065536.0000
2026-06-12 09:35:00,3921.089,3921.535,3872.669,3872.767,2606910218,96886554624.0000
2026-06-12 09:40:00,3872.013,3892.245,3868.014,3882.002,1276883433,46309801984.0000
2026-06-12 09:45:00,3884.529,3887.194,3860.952,3863.639,1132031615,39318159360.0000
2026-06-12 09:50:00,3865.641,3892.760,3865.641,3882.035,963889076,31776653312.0000
2026-06-12 09:55:00,3881.035,3885.252,3868.206,3869.507,811591562,26691158016.0000
2026-06-12 10:00:00,3869.812,3885.569,3865.128,3885.083,684885498,23737729024.0000
2026-06-12 10:05:00,3884.098,3884.123,3869.002,3876.245,819921662,24948178944.0000
2026-06-12 10:10:00,3875.722,3888.628,3875.722,3888.628,697437964,20999077888.0000
2026-06-12 10:15:00,3888.626,3894.717,3888.626,3889.297,540745979,18563006464.0000
2026-06-12 10:20:00,3890.265,3890.265,3869.950,3875.595,513777331,18336514048.0000
2026-06-12 10:25:00,3876.811,3879.304,3866.378,3872.381,430913467,15292071936.0000
2026-06-12 10:30:00,3872.183,3872.183,3860.599,3860.949,389315455,13902381056.0000
2026-06-12 10:35:00,3860.329,3881.582,3858.595,3881.452,392125147,13582139392.0000
2026-06-12 10:40:00,3880.989,3887.157,3877.046,3881.852,333889303,12439257088.0000
2026-06-12 10:45:00,3882.361,3885.083,3873.091,3884.562,301583551,10652057600.0000
2026-06-12 10:50:00,3885.175,3898.801,3884.709,3893.637,325163443,11426332672.0000
2026-06-12 10:55:00,3893.656,3893.656,3883.274,3884.207,371695986,12156010496.0000
2026-06-12 11:00:00,3883.498,3883.498,3874.493,3877.737,359822868,12521897984.0000
2026-06-12 11:05:00,3877.886,3889.291,3877.863,3887.095,374522120,11771248640.0000
2026-06-12 11:10:00,3886.730,3886.730,3875.671,3875.671,366610166,12734038016.0000
2026-06-12 11:15:00,3875.866,3880.365,3865.430,3869.346,315078318,12670271488.0000
2026-06-12 11:20:00,3871.125,3871.959,3863.781,3865.408,284624277,10201825280.0000
2026-06-12 11:25:00,3864.250,3866.210,3857.961,3861.959,282590382,10599432192.0000
2026-06-12 11:30:00,3861.658,3867.054,3859.534,3859.745,265460761,9505308672.0000
2026-06-12 13:05:00,3861.980,3879.199,3861.980,3869.869,541906037,20190789632.0000
2026-06-12 13:10:00,3869.594,3880.586,3852.539,3852.539,392713961,13995474944.0000
2026-06-12 13:15:00,3852.873,3871.603,3850.911,3865.931,342618174,12725780480.0000
2026-06-12 13:20:00,3866.420,3869.652,3861.425,3861.857,328341463,11403919360.0000
2026-06-12 13:25:00,3861.801,3883.138,3861.000,3873.693,271772563,11115757568.0000
2026-06-12 13:30:00,3873.472,3883.898,3871.783,3871.783,248383627,10096476160.0000
2026-06-12 13:35:00,3871.491,3873.037,3855.807,3855.947,327717549,11631460352.0000
2026-06-12 13:40:00,3857.220,3863.775,3853.520,3853.520,286656736,10229841920.0000
2026-06-12 13:45:00,3853.361,3866.309,3849.350,3861.514,268247403,9471131648.0000
2026-06-12 13:50:00,3861.577,3861.712,3858.194,3858.194,209388205,7573798912.0000
2026-06-12 13:55:00,3858.277,3858.593,3848.968,3848.968,265351007,8843100160.0000
2026-06-12 14:00:00,3848.519,3848.519,3837.278,3842.659,352614269,11749425152.0000
2026-06-12 14:05:00,3841.899,3847.554,3838.581,3844.815,269402438,9348972544.0000
2026-06-12 14:10:00,3844.449,3847.320,3838.384,3839.350,234685629,8693612544.0000
2026-06-12 14:15:00,3839.271,3847.226,3838.052,3847.226,254493076,9036562432.0000
2026-06-12 14:20:00,3847.660,3848.814,3838.545,3840.647,242826226,8462008320.0000
2026-06-12 14:25:00,3841.108,3850.266,3841.024,3843.244,251023666,8913551360.0000
2026-06-12 14:30:00,3843.200,3845.404,3840.319,3840.578,259681320,8910798848.0000
2026-06-12 14:35:00,3840.562,3843.311,3834.145,3835.368,321119141,11180638208.0000
2026-06-12 14:40:00,3835.395,3835.395,3830.988,3833.105,365593911,12615221248.0000
2026-06-12 14:45:00,3833.115,3833.115,3822.831,3824.321,425975483,14968029184.0000
2026-06-12 14:50:00,3824.390,3832.113,3822.422,3832.113,508044734,17100636160.0000
2026-06-12 14:55:00,3832.619,3835.265,3832.074,3832.074,563361703,17937334272.0000
2026-06-12 15:00:00,3832.317,3832.977,3830.353,3830.353,651222068,22524788736.0000
2026-06-15 09:35:00,3896.167,3896.475,3860.743,3860.743,2547212288,90932371456.0000
2026-06-15 09:40:00,3859.209,3876.781,3844.080,3876.382,1553715749,51025551360.0000
2026-06-15 09:45:00,3876.720,3896.435,3876.720,3893.276,1132304705,38593396736.0000
2026-06-15 09:50:00,3892.771,3915.754,3892.734,3915.644,884051342,32909000704.0000
2026-06-15 09:55:00,3917.234,3921.507,3909.206,3917.870,775473351,28541534208.0000
2026-06-15 10:00:00,3917.740,3918.230,3901.872,3906.436,732448129,25245630464.0000
2026-06-15 10:05:00,3908.323,3926.456,3907.993,3925.457,646183988,22841655296.0000
2026-06-15 10:10:00,3926.321,3926.611,3916.842,3926.601,599599282,20498448384.0000
2026-06-15 10:15:00,3926.690,3943.501,3923.076,3940.710,538020083,19537559552.0000
2026-06-15 10:20:00,3940.305,3942.554,3930.213,3932.630,576559477,19734953984.0000
2026-06-15 10:25:00,3933.187,3952.412,3933.187,3946.159,473395384,19460325376.0000
2026-06-15 10:30:00,3947.207,3958.694,3947.207,3958.694,402830316,16438558720.0000
2026-06-15 10:35:00,3958.129,3958.129,3949.889,3952.700,381355488,13964574720.0000
2026-06-15 10:40:00,3952.346,3968.450,3949.524,3966.718,333685291,14073102336.0000
2026-06-15 10:45:00,3966.464,3966.464,3947.203,3948.093,358327876,14429847552.0000
2026-06-15 10:50:00,3947.724,3960.051,3944.542,3944.542,346938729,12316770304.0000
2026-06-15 10:55:00,3943.971,3944.097,3934.640,3935.132,321721497,11484332032.0000
2026-06-15 11:00:00,3935.158,3951.780,3935.146,3948.510,285768548,9980936192.0000
2026-06-15 11:05:00,3948.188,3953.175,3943.029,3952.947,306499915,10682761216.0000
2026-06-15 11:10:00,3953.260,3963.216,3947.202,3963.006,263183703,10206117888.0000
2026-06-15 11:15:00,3962.876,3969.165,3957.227,3967.585,226230465,9189982208.0000
2026-06-15 11:20:00,3967.387,3976.317,3966.039,3971.355,238095589,9440296960.0000
2026-06-15 11:25:00,3970.877,3977.643,3967.361,3977.643,284538635,9788686336.0000
2026-06-15 11:30:00,3978.043,3979.367,3970.674,3970.674,220766661,8823930880.0000
2026-06-15 13:05:00,3973.464,3984.807,3973.464,3980.465,449006624,17770512384.0000
2026-06-15 13:10:00,3980.505,3982.550,3976.419,3979.073,303333340,10944151552.0000
2026-06-15 13:15:00,3979.105,3979.165,3962.958,3975.171,390183071,13142360064.0000
2026-06-15 13:20:00,3976.430,3986.950,3975.008,3982.645,297878360,11420172288.0000
2026-06-15 13:25:00,3983.158,3985.083,3980.140,3981.722,273094601,10738532352.0000
2026-06-15 13:30:00,3981.314,3986.762,3976.955,3986.762,308348352,10791944192.0000
2026-06-15 13:35:00,3986.932,3996.809,3986.307,3996.809,284652724,10854662144.0000
2026-06-15 13:40:00,3997.415,3997.422,3992.098,3993.087,255744808,9366274048.0000
2026-06-15 13:45:00,3992.159,4000.083,3991.343,4000.083,259220729,9328066560.0000
2026-06-15 13:50:00,4000.153,4006.830,3998.924,4001.463,274328148,9345695744.0000
2026-06-15 13:55:00,4001.632,4006.619,3999.510,3999.862,228552666,8024293376.0000
2026-06-15 14:00:00,3999.941,4000.478,3996.696,3999.931,205479559,7325679616.0000
2026-06-15 14:05:00,4000.018,4001.631,3992.690,3992.927,313835058,9910878208.0000
2026-06-15 14:10:00,3992.574,3994.485,3987.689,3994.008,212622223,7597588480.0000
2026-06-15 14:15:00,3994.524,4000.445,3994.524,3997.392,237355101,7893614592.0000
2026-06-15 14:20:00,3997.270,4002.430,3997.071,4001.861,216347536,7572291584.0000
2026-06-15 14:25:00,4001.951,4005.068,4001.088,4001.840,231188545,7925858304.0000
2026-06-15 14:30:00,4001.677,4004.160,4001.677,4004.131,253454686,8204910592.0000
2026-06-15 14:35:00,4004.088,4010.202,4002.195,4009.055,330050602,11126112256.0000
2026-06-15 14:40:00,4009.183,4015.025,4009.127,4014.721,309352611,11250892800.0000
2026-06-15 14:45:00,4014.931,4021.229,4014.227,4020.217,381515561,13878165504.0000
2026-06-15 14:50:00,4020.438,4027.900,4018.519,4027.900,452124857,15259598848.0000
2026-06-15 14:55:00,4027.230,4032.630,4026.346,4032.630,634482666,21228224512.0000
2026-06-15 15:00:00,4032.346,4033.535,4030.549,4033.535,595841365,19497025536.0000
2026-06-16 09:35:00,4065.271,4082.882,4054.001,4061.877,2317291395,94392025088.0000
2026-06-16 09:40:00,4062.177,4072.039,4053.878,4072.039,1345519777,49647468544.0000
2026-06-16 09:45:00,4073.466,4079.497,4068.827,4073.531,1003760000,38725042176.0000
2026-06-16 09:50:00,4073.445,4098.686,4071.732,4098.686,894956331,34286993408.0000
2026-06-16 09:55:00,4099.138,4102.667,4088.624,4088.624,774820133,29856989184.0000
2026-06-16 10:00:00,4087.568,4091.298,4078.381,4078.381,688421388,24208375808.0000
2026-06-16 10:05:00,4077.082,4077.082,4061.514,4061.514,643176624,25075974144.0000
2026-06-16 10:10:00,4061.685,4079.287,4057.843,4079.287,619887052,22497492992.0000
2026-06-16 10:15:00,4079.046,4094.682,4078.625,4094.535,561436872,20240662528.0000
2026-06-16 10:20:00,4093.582,4093.582,4074.529,4082.008,472540259,18087575552.0000
2026-06-16 10:25:00,4082.819,4090.775,4080.321,4081.202,415986039,14688944128.0000
2026-06-16 10:30:00,4081.263,4090.463,4080.459,4089.247,409829069,13996457984.0000
2026-06-16 10:35:00,4088.065,4095.892,4084.603,4093.795,425139334,14530314240.0000
2026-06-16 10:40:00,4094.046,4109.573,4093.514,4108.233,410765956,13689978880.0000
2026-06-16 10:45:00,4108.331,4118.328,4106.892,4115.030,515223465,14811725824.0000
2026-06-16 10:50:00,4115.131,4121.216,4110.713,4110.713,457561685,14338424832.0000
2026-06-16 10:55:00,4109.500,4111.907,4101.303,4105.457,389182517,12731973632.0000
2026-06-16 11:00:00,4105.703,4106.003,4096.144,4097.162,351199221,11260067840.0000
2026-06-16 11:05:00,4097.445,4107.704,4096.571,4102.952,309224884,10890903552.0000
2026-06-16 11:10:00,4102.862,4104.724,4097.868,4102.984,305203352,10533404672.0000
2026-06-16 11:15:00,4102.651,4112.232,4102.651,4112.232,246680662,8393687040.0000
2026-06-16 11:20:00,4112.467,4118.444,4109.580,4118.154,299969749,10169417728.0000
2026-06-16 11:25:00,4117.559,4118.829,4106.827,4113.847,244073037,8905752576.0000
2026-06-16 11:30:00,4114.155,4119.893,4113.863,4116.360,240833809,8968372224.0000
2026-06-16 13:05:00,4117.789,4127.248,4112.785,4126.848,549884541,20201897984.0000
2026-06-16 13:10:00,4127.189,4142.433,4127.189,4129.794,374299116,16151642112.0000
2026-06-16 13:15:00,4129.257,4129.262,4121.792,4122.918,379038353,13284737024.0000
2026-06-16 13:20:00,4123.276,4124.104,4108.477,4115.388,421138772,15282929664.0000
2026-06-16 13:25:00,4116.192,4117.461,4103.542,4110.980,314012471,11585781760.0000
2026-06-16 13:30:00,4109.764,4116.229,4103.996,4114.398,318764803,11896422400.0000
2026-06-16 13:35:00,4114.131,4117.528,4103.816,4113.796,365833704,13369344000.0000
2026-06-16 13:40:00,4114.272,4115.385,4097.294,4098.195,305811036,12449742848.0000
2026-06-16 13:45:00,4098.321,4099.253,4086.153,4096.890,342227930,13504020480.0000
2026-06-16 13:50:00,4096.892,4107.509,4096.892,4102.997,232404108,8958574592.0000
2026-06-16 13:55:00,4103.575,4109.176,4100.361,4105.375,233675662,9481224192.0000
2026-06-16 14:00:00,4105.786,4114.183,4105.716,4109.484,227859979,8890351616.0000
2026-06-16 14:05:00,4109.265,4109.265,4104.892,4108.836,244488770,9730260992.0000
2026-06-16 14:10:00,4108.825,4117.280,4108.825,4115.732,244958522,9994174464.0000
2026-06-16 14:15:00,4115.000,4120.092,4114.726,4118.312,240314366,8901951488.0000
2026-06-16 14:20:00,4118.061,4121.880,4116.974,4121.880,254815085,9195814912.0000
2026-06-16 14:25:00,4121.739,4123.693,4118.324,4118.324,309978788,10069213184.0000
2026-06-16 14:30:00,4117.384,4117.384,4110.337,4114.141,261761191,9711386624.0000
2026-06-16 14:35:00,4115.533,4117.064,4106.176,4106.176,341623872,11958550528.0000
2026-06-16 14:40:00,4106.103,4108.053,4102.299,4103.076,317377213,11781013504.0000
2026-06-16 14:45:00,4102.168,4102.168,4094.233,4095.557,388227936,14580711424.0000
2026-06-16 14:50:00,4096.063,4102.835,4095.771,4100.931,436572294,14828240896.0000
2026-06-16 14:55:00,4100.595,4104.327,4100.144,4103.009,583799364,19746586624.0000
2026-06-16 15:00:00,4102.957,4103.745,4102.206,4102.942,558960981,19333971968.0000
2026-06-17 09:35:00,4061.297,4074.743,4058.614,4066.725,2345840432,81163206656.0000
2026-06-17 09:40:00,4066.180,4091.905,4065.247,4091.905,1223259382,41548390400.0000
2026-06-17 09:45:00,4092.039,4096.067,4081.714,4086.888,1046646403,36427440128.0000
2026-06-17 09:50:00,4087.565,4097.905,4086.246,4092.059,900255737,29757145088.0000
2026-06-17 09:55:00,4093.116,4108.290,4092.182,4096.083,742158842,26081656832.0000
2026-06-17 10:00:00,4096.513,4100.702,4090.958,4096.674,693199754,25792626688.0000
2026-06-17 10:05:00,4096.396,4116.259,4096.212,4113.337,666519591,25486000128.0000
2026-06-17 10:10:00,4113.319,4125.288,4113.319,4119.864,546132059,21420851200.0000
2026-06-17 10:15:00,4119.814,4122.162,4111.902,4116.708,555376017,20536492032.0000
2026-06-17 10:20:00,4116.418,4120.066,4112.747,4113.209,495322189,18406768640.0000
2026-06-17 10:25:00,4112.508,4118.783,4109.396,4109.396,487395925,17207492608.0000
2026-06-17 10:30:00,4108.852,4124.336,4108.674,4124.336,459287516,16015360000.0000
2026-06-17 10:35:00,4124.438,4131.658,4120.391,4129.110,394120462,15549857792.0000
2026-06-17 10:40:00,4129.193,4131.142,4110.017,4117.249,462454270,15669690368.0000
2026-06-17 10:45:00,4117.874,4126.658,4111.615,4122.101,413611505,14288289792.0000
2026-06-17 10:50:00,4122.035,4126.193,4117.103,4122.533,357766326,13703806976.0000
2026-06-17 10:55:00,4123.732,4126.748,4110.961,4113.443,325821324,12889456640.0000
2026-06-17 11:00:00,4113.628,4120.900,4108.046,4118.012,301481123,10928783360.0000
2026-06-17 11:05:00,4118.077,4127.844,4117.976,4124.521,314369517,11186831360.0000
2026-06-17 11:10:00,4124.300,4124.300,4117.062,4117.670,301658269,11298963456.0000
2026-06-17 11:15:00,4117.436,4124.131,4115.605,4115.605,303089747,11298570240.0000
2026-06-17 11:20:00,4115.227,4116.212,4095.221,4101.091,393256218,15301312512.0000
2026-06-17 11:25:00,4101.108,4118.125,4094.084,4107.727,325340435,14213218304.0000
2026-06-17 11:30:00,4107.273,4116.017,4102.814,4103.012,236639924,9925558272.0000
2026-06-17 13:05:00,4106.250,4108.623,4096.207,4096.207,524853351,21729542144.0000
2026-06-17 13:10:00,4095.435,4098.705,4086.090,4093.040,375943408,16113827840.0000
2026-06-17 13:15:00,4094.528,4111.962,4091.228,4110.283,310759615,13694205952.0000
2026-06-17 13:20:00,4110.053,4122.339,4108.333,4121.005,260844388,11189288960.0000
2026-06-17 13:25:00,4121.529,4125.898,4119.425,4122.873,279821025,11607015424.0000
2026-06-17 13:30:00,4124.498,4125.271,4116.645,4120.414,266057927,11336482816.0000
2026-06-17 13:35:00,4121.438,4132.397,4120.840,4132.302,274730884,12641370112.0000
2026-06-17 13:40:00,4132.784,4139.212,4131.873,4136.046,273938232,12174819328.0000
2026-06-17 13:45:00,4136.038,4141.253,4126.282,4128.680,275880255,11515723776.0000
2026-06-17 13:50:00,4128.253,4135.667,4121.434,4135.127,287512822,11116937216.0000
2026-06-17 13:55:00,4135.775,4137.448,4123.992,4123.992,255150135,9641918464.0000
2026-06-17 14:00:00,4124.410,4132.995,4122.894,4132.773,228411278,9340452864.0000
2026-06-17 14:05:00,4133.034,4136.606,4130.159,4132.407,245413070,9231204352.0000
2026-06-17 14:10:00,4132.534,4133.052,4123.970,4129.322,256818041,9534570496.0000
2026-06-17 14:15:00,4128.372,4128.372,4119.084,4124.376,296903736,10442833920.0000
2026-06-17 14:20:00,4124.749,4131.338,4124.254,4124.831,226732179,8576237568.0000
2026-06-17 14:25:00,4124.498,4128.077,4124.498,4127.784,240620072,8970108928.0000
2026-06-17 14:30:00,4126.741,4130.950,4126.314,4129.931,245393448,9335537664.0000
2026-06-17 14:35:00,4129.503,4142.866,4129.406,4138.181,362932773,13031899136.0000
2026-06-17 14:40:00,4138.778,4145.796,4138.778,4145.207,348083581,11990466560.0000
2026-06-17 14:45:00,4144.761,4158.659,4144.755,4158.659,399763793,14609022976.0000
2026-06-17 14:50:00,4158.953,4165.995,4158.370,4165.388,466342676,18116968448.0000
2026-06-17 14:55:00,4165.241,4166.084,4163.662,4165.440,617517029,21988179968.0000
2026-06-17 15:00:00,4165.217,4168.164,4164.797,4167.048,574730125,20825899008.0000
2026-06-18 09:35:00,4153.621,4238.536,4153.621,4226.600,2407215023,93506158592.0000
2026-06-18 09:40:00,4225.523,4241.203,4223.682,4224.246,1401530690,53738127360.0000
2026-06-18 09:45:00,4224.385,4237.248,4223.718,4229.718,1060475860,40421441536.0000
2026-06-18 09:50:00,4230.551,4230.551,4210.879,4217.245,909351332,34006351872.0000
2026-06-18 09:55:00,4216.638,4231.238,4216.183,4231.238,720073907,26792886272.0000
2026-06-18 10:00:00,4230.864,4241.960,4224.656,4240.601,674886210,26137067520.0000
2026-06-18 10:05:00,4240.276,4259.328,4240.120,4259.183,782682111,28616556544.0000
2026-06-18 10:10:00,4259.044,4259.044,4237.161,4239.184,672681934,24090574848.0000
2026-06-18 10:15:00,4238.402,4244.517,4226.716,4244.017,638157194,24576196608.0000
2026-06-18 10:20:00,4243.962,4243.962,4220.679,4225.296,555101049,19569639424.0000
2026-06-18 10:25:00,4226.070,4233.786,4225.982,4233.561,497955390,17035689984.0000
2026-06-18 10:30:00,4234.781,4249.699,4234.781,4242.580,462846438,17016061952.0000
2026-06-18 10:35:00,4241.944,4246.704,4236.947,4242.508,465180932,16108912640.0000
2026-06-18 10:40:00,4242.290,4245.979,4232.278,4234.148,419869918,14975959040.0000
2026-06-18 10:45:00,4234.003,4243.864,4234.003,4243.810,374724728,13531807744.0000
2026-06-18 10:50:00,4243.840,4246.275,4233.489,4233.489,399072223,13994426368.0000
2026-06-18 10:55:00,4233.158,4243.185,4233.158,4239.970,343789188,12153356288.0000
2026-06-18 11:00:00,4239.237,4239.237,4223.580,4224.461,364595224,12895191040.0000
2026-06-18 11:05:00,4223.768,4234.634,4218.038,4227.852,384960245,13502382080.0000
2026-06-18 11:10:00,4229.212,4235.605,4226.516,4230.363,271495038,10350428160.0000
2026-06-18 11:15:00,4230.256,4230.256,4207.361,4210.557,355346044,13318520832.0000
2026-06-18 11:20:00,4210.788,4226.676,4210.788,4223.145,270882956,10357506048.0000
2026-06-18 11:25:00,4223.337,4232.290,4222.043,4230.965,245164728,9735831552.0000
2026-06-18 11:30:00,4231.240,4232.966,4220.824,4224.957,217209260,9131884544.0000
2026-06-18 13:05:00,4226.614,4228.136,4211.621,4224.982,487470927,21122318336.0000
2026-06-18 13:10:00,4224.617,4237.550,4221.780,4236.668,321444548,12296388608.0000
2026-06-18 13:15:00,4236.188,4236.188,4222.977,4225.721,325553406,12522356736.0000
2026-06-18 13:20:00,4225.348,4241.635,4224.905,4241.635,297891901,12112625664.0000
2026-06-18 13:25:00,4241.339,4246.240,4235.480,4245.098,262467730,11238178816.0000
2026-06-18 13:30:00,4244.929,4254.385,4242.528,4252.956,274816340,10888740864.0000
2026-06-18 13:35:00,4253.437,4262.510,4253.437,4255.071,277382667,11534204928.0000
2026-06-18 13:40:00,4254.697,4255.728,4242.242,4242.313,273036327,9847832576.0000
2026-06-18 13:45:00,4242.313,4253.544,4241.853,4242.530,250860093,9681436672.0000
2026-06-18 13:50:00,4242.161,4246.591,4238.341,4238.420,267420473,10005774336.0000
2026-06-18 13:55:00,4238.421,4244.523,4233.708,4242.280,259062470,9969664000.0000
2026-06-18 14:00:00,4241.803,4255.317,4240.267,4253.389,221065884,9876275200.0000
2026-06-18 14:05:00,4252.942,4259.376,4250.392,4253.092,262173756,10973151232.0000
2026-06-18 14:10:00,4252.194,4258.973,4243.024,4255.169,265685398,10906042368.0000
2026-06-18 14:15:00,4254.581,4262.929,4252.150,4262.929,233869965,9657057280.0000
2026-06-18 14:20:00,4262.292,4265.870,4259.609,4261.523,263938300,10245373952.0000
2026-06-18 14:25:00,4261.321,4267.768,4260.780,4266.556,249234772,10810949632.0000
2026-06-18 14:30:00,4266.341,4266.341,4260.393,4261.135,249260307,9958916096.0000
2026-06-18 14:35:00,4262.316,4272.008,4261.135,4264.798,317928669,12074221568.0000
2026-06-18 14:40:00,4264.127,4264.127,4232.803,4233.219,404883183,15838937088.0000
2026-06-18 14:45:00,4232.460,4258.134,4232.460,4257.343,438216911,16240541696.0000
2026-06-18 14:50:00,4257.573,4257.624,4248.443,4252.680,400561385,15283716096.0000
2026-06-18 14:55:00,4252.655,4260.922,4252.131,4255.845,577171199,21240741888.0000
2026-06-18 15:00:00,4255.589,4257.009,4252.390,4252.390,579349534,22290432000.0000
2026-06-22 09:35:00,4272.988,4278.594,4242.280,4250.964,2914051676,112158482432.0000
2026-06-22 09:40:00,4252.257,4297.994,4252.257,4297.989,1635922518,60928434176.0000
2026-06-22 09:45:00,4294.175,4298.493,4284.111,4287.217,1312237571,48974512128.0000
2026-06-22 09:50:00,4289.306,4306.623,4282.085,4304.901,1113217444,41290563584.0000
2026-06-22 09:55:00,4305.393,4325.288,4302.748,4321.296,958820436,36478222336.0000
2026-06-22 10:00:00,4321.354,4326.913,4305.742,4305.742,911375135,32157171712.0000
2026-06-22 10:05:00,4304.420,4316.184,4299.648,4305.164,909739065,32356433920.0000
2026-06-22 10:10:00,4304.737,4310.024,4293.261,4299.006,768842259,32900415488.0000
2026-06-22 10:15:00,4299.971,4316.560,4299.832,4306.741,723132162,26907508736.0000
2026-06-22 10:20:00,4307.157,4307.157,4282.269,4300.603,641466142,25614319616.0000
2026-06-22 10:25:00,4300.423,4307.931,4299.220,4300.046,521281205,22482419712.0000
2026-06-22 10:30:00,4299.434,4299.434,4261.690,4261.690,540000072,25910607872.0000
2026-06-22 10:35:00,4260.742,4277.406,4255.717,4260.710,563249244,25980010496.0000
2026-06-22 10:40:00,4261.109,4292.015,4260.921,4286.560,398918778,16993353728.0000
2026-06-22 10:45:00,4285.066,4289.439,4272.838,4282.064,402715293,16652173312.0000
2026-06-22 10:50:00,4281.283,4281.283,4249.844,4249.844,528794436,21911437312.0000
2026-06-22 10:55:00,4249.538,4260.042,4236.747,4238.299,491793011,21202534400.0000
2026-06-22 11:00:00,4238.835,4259.398,4238.337,4253.661,425597135,16384458752.0000
2026-06-22 11:05:00,4253.971,4263.495,4253.971,4260.203,336948474,13271367680.0000
2026-06-22 11:10:00,4261.006,4272.116,4229.315,4230.144,361130236,14352449536.0000
2026-06-22 11:15:00,4230.557,4248.384,4229.707,4245.489,284652037,11422728192.0000
2026-06-22 11:20:00,4244.618,4257.713,4242.773,4249.159,277248380,10353508352.0000
2026-06-22 11:25:00,4247.955,4264.800,4240.994,4264.780,245630709,10053353472.0000
2026-06-22 11:30:00,4265.596,4284.082,4265.596,4284.030,325162253,12448628736.0000
2026-06-22 13:05:00,4285.675,4296.139,4280.349,4284.521,551286237,20691025920.0000
2026-06-22 13:10:00,4284.502,4297.998,4284.502,4291.329,366523147,13955235840.0000
2026-06-22 13:15:00,4291.978,4305.181,4284.990,4305.181,423714581,14357430272.0000
2026-06-22 13:20:00,4304.473,4312.665,4302.039,4309.986,390897620,14409269248.0000
2026-06-22 13:25:00,4309.485,4318.953,4302.510,4310.848,393839042,13880066048.0000
2026-06-22 13:30:00,4310.281,4315.716,4297.735,4305.510,479119449,15693381632.0000
2026-06-22 13:35:00,4304.854,4304.854,4289.813,4296.897,372178041,12217548800.0000
2026-06-22 13:40:00,4297.139,4304.712,4297.139,4301.386,273242762,9358344192.0000
2026-06-22 13:45:00,4301.149,4301.424,4293.730,4294.313,266329135,9370075136.0000
2026-06-22 13:50:00,4294.986,4309.754,4294.725,4309.297,293624502,10907942912.0000
2026-06-22 13:55:00,4308.973,4318.878,4308.973,4311.754,380590580,12073566208.0000
2026-06-22 14:00:00,4311.266,4314.269,4307.298,4309.902,319779044,10144448512.0000
2026-06-22 14:05:00,4310.715,4331.733,4310.715,4331.086,393352200,12159156224.0000
2026-06-22 14:10:00,4330.767,4343.939,4328.325,4343.939,398977623,12874678272.0000
2026-06-22 14:15:00,4344.008,4348.143,4335.386,4348.143,388155227,12397576192.0000
2026-06-22 14:20:00,4346.464,4350.452,4342.627,4343.734,318527543,10820648960.0000
2026-06-22 14:25:00,4343.500,4348.014,4338.539,4347.812,292993594,10759110656.0000
2026-06-22 14:30:00,4347.822,4348.083,4343.194,4347.511,292083722,11123949568.0000
2026-06-22 14:35:00,4347.888,4353.618,4347.888,4352.545,360419663,12820938752.0000
2026-06-22 14:40:00,4352.464,4353.515,4350.182,4351.156,397272931,13141409792.0000
2026-06-22 14:45:00,4351.176,4356.492,4350.552,4352.535,457234347,16084697088.0000
2026-06-22 14:50:00,4351.967,4355.449,4349.428,4355.449,521055826,18019450880.0000
2026-06-22 14:55:00,4355.505,4356.873,4354.391,4356.653,680482794,22663921664.0000
2026-06-22 15:00:00,4356.789,4359.392,4355.986,4359.392,630994965,21445148672.0000
2026-06-23 09:35:00,4343.876,4350.063,4326.142,4343.620,2923973030,104584708096.0000
2026-06-23 09:40:00,4342.652,4343.235,4308.647,4314.546,1682929869,58204225536.0000
2026-06-23 09:45:00,4316.538,4326.659,4300.645,4300.727,1368851865,45087981568.0000
2026-06-23 09:50:00,4299.186,4299.186,4260.583,4263.163,1495545959,53348745216.0000
2026-06-23 09:55:00,4262.270,4287.853,4252.483,4284.845,1100994464,38211829760.0000
2026-06-23 10:00:00,4284.815,4285.700,4269.822,4275.379,765921723,26976714752.0000
2026-06-23 10:05:00,4274.022,4298.522,4273.293,4293.804,792119697,27372453888.0000
2026-06-23 10:10:00,4292.766,4292.766,4265.594,4277.462,687652329,23712727040.0000
2026-06-23 10:15:00,4277.976,4289.580,4271.833,4281.927,543157436,19506462720.0000
2026-06-23 10:20:00,4281.876,4294.962,4277.402,4294.727,517172990,18842222592.0000
2026-06-23 10:25:00,4294.917,4309.823,4294.536,4309.288,497939684,18731630592.0000
2026-06-23 10:30:00,4309.142,4319.689,4308.096,4314.239,416632146,16496787456.0000
2026-06-23 10:35:00,4315.131,4326.230,4313.241,4313.241,407955028,16131981312.0000
2026-06-23 10:40:00,4311.662,4320.278,4305.291,4310.461,379215084,15427338240.0000
2026-06-23 10:45:00,4309.653,4310.300,4291.382,4301.630,369902433,14831910912.0000
2026-06-23 10:50:00,4301.461,4306.028,4298.036,4298.099,325952360,13344374784.0000
2026-06-23 10:55:00,4296.716,4304.023,4286.386,4303.635,347827149,13477216256.0000
2026-06-23 11:00:00,4301.876,4309.986,4284.885,4288.229,299766307,11954225152.0000
2026-06-23 11:05:00,4288.444,4289.906,4271.272,4282.049,345834886,12692553728.0000
2026-06-23 11:10:00,4280.952,4284.028,4268.296,4269.844,288169286,11416502272.0000
2026-06-23 11:15:00,4268.767,4271.275,4259.330,4259.330,270346609,10483073024.0000
2026-06-23 11:20:00,4258.822,4267.301,4245.278,4245.278,336315276,13819052032.0000
2026-06-23 11:25:00,4246.005,4253.131,4245.607,4247.438,264726007,10824974336.0000
2026-06-23 11:30:00,4246.570,4262.931,4241.543,4260.490,254471088,9961537536.0000
2026-06-23 13:05:00,4259.503,4259.503,4231.311,4236.081,443473593,17868980224.0000
2026-06-23 13:10:00,4235.742,4244.446,4226.021,4226.750,324919120,12151947264.0000
2026-06-23 13:15:00,4227.183,4232.135,4221.640,4230.783,271952438,10922622976.0000
2026-06-23 13:20:00,4230.679,4232.150,4216.755,4216.755,284577635,10359209984.0000
2026-06-23 13:25:00,4216.910,4237.895,4216.812,4232.759,245823809,9741336576.0000
2026-06-23 13:30:00,4230.501,4230.501,4218.153,4219.453,237674117,8982691840.0000
2026-06-23 13:35:00,4219.676,4234.931,4218.876,4233.662,242140603,8932556800.0000
2026-06-23 13:40:00,4233.501,4234.094,4220.939,4228.363,275803249,10328276992.0000
2026-06-23 13:45:00,4228.164,4239.712,4228.164,4239.433,222520204,8333426688.0000
2026-06-23 13:50:00,4239.169,4243.656,4231.335,4235.921,230806555,8703377408.0000
2026-06-23 13:55:00,4235.546,4239.130,4219.698,4220.702,259445415,9445769216.0000
2026-06-23 14:00:00,4219.015,4223.782,4215.312,4215.898,253625791,9527033856.0000
2026-06-23 14:05:00,4215.810,4217.609,4207.007,4207.007,290897950,10250616832.0000
2026-06-23 14:10:00,4206.914,4207.078,4187.673,4193.781,327104679,13251313664.0000
2026-06-23 14:15:00,4193.641,4204.752,4190.739,4204.752,267990756,10064756736.0000
2026-06-23 14:20:00,4204.830,4204.830,4181.240,4181.240,311808524,11659182080.0000
2026-06-23 14:25:00,4181.196,4189.496,4178.711,4178.752,331550221,12156731392.0000
2026-06-23 14:30:00,4178.669,4178.669,4159.476,4160.095,390783366,16550592512.0000
2026-06-23 14:35:00,4161.305,4184.045,4161.305,4176.574,451873796,15961751552.0000
2026-06-23 14:40:00,4176.010,4183.741,4170.066,4175.783,343858592,12512264192.0000
2026-06-23 14:45:00,4175.543,4176.442,4164.269,4175.325,393035396,14296285184.0000
2026-06-23 14:50:00,4175.452,4183.777,4173.918,4182.012,424314595,15630991360.0000
2026-06-23 14:55:00,4181.984,4201.249,4181.984,4198.660,559103174,20035010560.0000
2026-06-23 15:00:00,4199.004,4199.768,4192.194,4192.194,517440410,18538102784.0000
2026-06-24 09:35:00,4181.906,4218.585,4181.906,4217.267,2192358670,79532138496.0000
2026-06-24 09:40:00,4217.339,4218.184,4196.302,4208.084,1361338381,46708875264.0000
2026-06-24 09:45:00,4209.386,4211.214,4164.524,4169.411,1239813133,42431528960.0000
2026-06-24 09:50:00,4171.217,4193.279,4170.555,4189.403,1067667476,33464483840.0000
2026-06-24 09:55:00,4188.495,4213.212,4187.873,4212.973,802384379,26964754432.0000
2026-06-24 10:00:00,4213.672,4233.703,4213.672,4228.006,640486126,24297029632.0000
2026-06-24 10:05:00,4227.576,4231.740,4213.409,4213.409,754253766,25684770816.0000
2026-06-24 10:10:00,4213.086,4219.469,4209.919,4209.919,639886271,20649148416.0000
2026-06-24 10:15:00,4209.822,4214.367,4193.934,4212.566,545396622,18919424000.0000
2026-06-24 10:20:00,4212.285,4212.591,4202.309,4209.994,494443932,16952459264.0000
2026-06-24 10:25:00,4210.371,4216.577,4205.034,4208.826,484038854,17754128384.0000
2026-06-24 10:30:00,4209.649,4231.680,4209.649,4228.952,483933331,16811982848.0000
2026-06-24 10:35:00,4228.413,4228.786,4216.210,4219.498,505966229,16948396032.0000
2026-06-24 10:40:00,4219.702,4221.883,4211.439,4215.619,429333598,15696625664.0000
2026-06-24 10:45:00,4216.020,4223.694,4202.697,4202.697,454788706,17526784000.0000
2026-06-24 10:50:00,4202.095,4203.573,4182.680,4183.076,480858295,17195859968.0000
2026-06-24 10:55:00,4180.893,4189.522,4172.871,4172.871,387382067,14675738624.0000
2026-06-24 11:00:00,4172.218,4179.473,4165.459,4175.361,373749943,14705393664.0000
2026-06-24 11:05:00,4175.284,4191.007,4164.566,4165.328,356793427,12857016320.0000
2026-06-24 11:10:00,4165.537,4181.743,4161.581,4181.743,277628421,9889579008.0000
2026-06-24 11:15:00,4181.598,4183.549,4174.108,4175.686,253469341,8430747648.0000
2026-06-24 11:20:00,4175.785,4180.102,4170.962,4175.344,244315621,7997620224.0000
2026-06-24 11:25:00,4176.562,4193.495,4176.562,4185.899,233143414,8264810496.0000
2026-06-24 11:30:00,4185.841,4209.932,4185.841,4209.901,233119157,8983904256.0000
2026-06-24 13:05:00,4214.074,4218.415,4193.947,4198.703,510598898,22651371520.0000
2026-06-24 13:10:00,4198.037,4209.963,4196.366,4209.933,342830285,14002159616.0000
2026-06-24 13:15:00,4208.997,4215.726,4203.957,4207.773,339764234,13715570688.0000
2026-06-24 13:20:00,4208.442,4232.902,4208.442,4232.108,366365390,14420017152.0000
2026-06-24 13:25:00,4231.818,4244.358,4231.818,4243.722,370088807,15601827840.0000
2026-06-24 13:30:00,4244.290,4257.250,4243.554,4252.868,332743315,14732296192.0000
2026-06-24 13:35:00,4252.477,4252.501,4236.866,4246.028,344134185,14127333376.0000
2026-06-24 13:40:00,4246.385,4251.612,4245.159,4246.380,325834867,13871415296.0000
2026-06-24 13:45:00,4245.599,4248.265,4241.074,4244.516,329558479,12967280640.0000
2026-06-24 13:50:00,4244.691,4252.493,4235.844,4235.844,320591108,13095272448.0000
2026-06-24 13:55:00,4235.752,4243.528,4228.794,4239.841,275748410,10965680128.0000
2026-06-24 14:00:00,4239.728,4240.116,4229.879,4229.879,224757608,8921022464.0000
2026-06-24 14:05:00,4229.854,4238.313,4224.247,4235.502,275074774,10597826560.0000
2026-06-24 14:10:00,4235.888,4246.071,4235.888,4236.689,272927771,9835642880.0000
2026-06-24 14:15:00,4236.570,4244.400,4236.545,4239.356,239233228,8741781504.0000
2026-06-24 14:20:00,4239.561,4248.113,4239.356,4244.875,256028644,9937682432.0000
2026-06-24 14:25:00,4245.163,4245.835,4236.848,4237.463,270459064,9977266176.0000
2026-06-24 14:30:00,4237.455,4244.226,4237.455,4242.287,249731974,9581232128.0000
2026-06-24 14:35:00,4242.198,4247.305,4235.991,4235.991,360560499,12759990272.0000
2026-06-24 14:40:00,4235.708,4240.915,4233.503,4238.664,331302580,11765153792.0000
2026-06-24 14:45:00,4237.754,4237.754,4232.554,4236.897,384172380,13345423360.0000
2026-06-24 14:50:00,4236.872,4238.036,4234.239,4237.274,453123792,15644033024.0000
2026-06-24 14:55:00,4237.138,4244.228,4236.288,4243.569,581263364,20612972544.0000
2026-06-24 15:00:00,4244.061,4252.886,4244.061,4251.424,556028005,22207463424.0000
2026-06-25 09:35:00,4278.339,4289.329,4251.515,4288.789,2582085594,101650341888.0000
2026-06-25 09:40:00,4285.382,4308.457,4283.452,4303.597,1475856685,59645550592.0000
2026-06-25 09:45:00,4303.579,4320.355,4303.579,4317.050,1074536061,44430491648.0000
2026-06-25 09:50:00,4317.885,4337.023,4317.885,4330.307,1011454534,40167571456.0000
2026-06-25 09:55:00,4330.061,4331.798,4297.846,4297.888,1016745803,36405280768.0000
2026-06-25 10:00:00,4298.635,4320.931,4297.833,4311.604,863503336,32488554496.0000
2026-06-25 10:05:00,4313.372,4314.993,4306.030,4306.238,827236718,27799846912.0000
2026-06-25 10:10:00,4307.348,4311.390,4282.451,4293.925,831129656,29323198464.0000
2026-06-25 10:15:00,4294.517,4300.136,4283.739,4294.035,673979902,23249584128.0000
2026-06-25 10:20:00,4294.011,4307.333,4293.341,4307.333,564836704,19817988096.0000
2026-06-25 10:25:00,4307.239,4308.260,4275.304,4275.799,684182638,25312231424.0000
2026-06-25 10:30:00,4277.172,4282.419,4260.753,4282.107,528631379,21619638272.0000
2026-06-25 10:35:00,4283.062,4283.195,4272.198,4272.198,479424294,17547984896.0000
2026-06-25 10:40:00,4272.434,4273.049,4256.956,4265.249,491946912,19234619392.0000
2026-06-25 10:45:00,4264.988,4264.988,4242.863,4253.073,533943047,21492236288.0000
2026-06-25 10:50:00,4252.696,4266.865,4249.244,4260.599,376335539,15784411136.0000
2026-06-25 10:55:00,4258.332,4259.425,4248.677,4259.425,356927026,14861926400.0000
2026-06-25 11:00:00,4258.104,4272.660,4255.126,4269.626,386932939,14863892480.0000
2026-06-25 11:05:00,4269.809,4286.055,4267.098,4275.450,379411462,13378060288.0000
2026-06-25 11:10:00,4276.202,4290.929,4276.202,4283.068,307345112,11114119168.0000
2026-06-25 11:15:00,4283.346,4292.107,4278.304,4286.952,277695835,10179641344.0000
2026-06-25 11:20:00,4288.271,4311.840,4288.271,4311.103,267376017,10800332800.0000
2026-06-25 11:25:00,4311.628,4332.983,4310.445,4328.985,259801270,14442758144.0000
2026-06-25 11:30:00,4328.977,4338.709,4323.294,4336.740,262203545,13760593920.0000
2026-06-25 13:05:00,4342.107,4353.487,4333.598,4333.598,502816874,23203545088.0000
2026-06-25 13:10:00,4333.010,4339.409,4321.788,4324.872,341151685,16101146624.0000
2026-06-25 13:15:00,4324.984,4324.984,4309.778,4309.778,361608306,14934016000.0000
2026-06-25 13:20:00,4309.787,4321.948,4309.506,4319.431,349809596,13864402944.0000
2026-06-25 13:25:00,4319.626,4321.046,4314.089,4315.620,296507779,11867652096.0000
2026-06-25 13:30:00,4315.526,4338.507,4313.381,4335.508,285350855,12356157440.0000
2026-06-25 13:35:00,4336.065,4346.360,4335.771,4337.064,302804462,13570408448.0000
2026-06-25 13:40:00,4338.037,4349.150,4338.037,4341.704,278603307,12755992576.0000
2026-06-25 13:45:00,4341.150,4349.058,4340.163,4341.874,277769565,11950686208.0000
2026-06-25 13:50:00,4341.819,4351.906,4334.326,4350.208,281835299,11941249024.0000
2026-06-25 13:55:00,4349.376,4363.438,4348.705,4351.368,245307381,12697403392.0000
2026-06-25 14:00:00,4351.093,4351.093,4329.558,4330.302,330290961,12793479168.0000
2026-06-25 14:05:00,4330.759,4345.840,4330.759,4345.840,278806758,10483597312.0000
2026-06-25 14:10:00,4345.725,4364.495,4345.725,4364.226,282857205,11046027264.0000
2026-06-25 14:15:00,4364.395,4370.541,4363.635,4369.792,256448004,11713249280.0000
2026-06-25 14:20:00,4369.809,4377.999,4369.802,4370.820,259751063,11914903552.0000
2026-06-25 14:25:00,4370.521,4374.817,4362.326,4362.326,270292817,10825105408.0000
2026-06-25 14:30:00,4363.019,4377.759,4362.153,4373.881,257265682,11199971328.0000
2026-06-25 14:35:00,4373.765,4375.067,4365.957,4367.907,314427851,12562595840.0000
2026-06-25 14:40:00,4368.321,4373.477,4362.744,4362.891,347354463,13150322688.0000
2026-06-25 14:45:00,4362.658,4367.999,4361.094,4367.231,396600739,14988738560.0000
2026-06-25 14:50:00,4366.787,4374.036,4366.787,4374.011,442200616,17264476160.0000
2026-06-25 14:55:00,4374.271,4380.412,4374.271,4379.418,613129746,22820159488.0000
2026-06-25 15:00:00,4379.451,4379.906,4371.989,4371.989,565775114,21120483328.0000
2026-06-26 09:35:00,4319.409,4319.409,4303.783,4311.306,2514140792,97709137920.0000
2026-06-26 09:40:00,4309.829,4328.699,4309.018,4315.527,1486834874,54273417216.0000
2026-06-26 09:45:00,4315.591,4321.658,4304.420,4320.209,1251821859,46488846336.0000
2026-06-26 09:50:00,4319.797,4322.481,4273.327,4274.138,1077255989,44459507712.0000
2026-06-26 09:55:00,4275.749,4286.415,4260.039,4270.027,949649969,39510179840.0000
2026-06-26 10:00:00,4271.499,4296.074,4268.308,4296.074,728423107,26347962368.0000
2026-06-26 10:05:00,4296.196,4306.094,4287.500,4287.500,799623530,27793424384.0000
2026-06-26 10:10:00,4289.237,4292.958,4277.326,4285.953,614490362,23180083200.0000
2026-06-26 10:15:00,4287.111,4287.111,4267.935,4275.179,582914002,20564672512.0000
2026-06-26 10:20:00,4275.666,4279.959,4264.121,4265.447,633667400,20616314880.0000
2026-06-26 10:25:00,4265.706,4270.638,4260.486,4267.551,643611806,20695842816.0000
2026-06-26 10:30:00,4267.563,4267.563,4237.093,4237.147,476498790,19644645376.0000
2026-06-26 10:35:00,4237.081,4241.378,4227.531,4233.232,449451541,20249903104.0000
2026-06-26 10:40:00,4234.598,4241.526,4225.921,4236.958,402618050,16432824320.0000
2026-06-26 10:45:00,4235.916,4242.374,4228.546,4241.890,346789762,13443727360.0000
2026-06-26 10:50:00,4239.582,4242.241,4219.800,4219.905,366341513,14399275008.0000
2026-06-26 10:55:00,4219.761,4219.761,4202.097,4202.339,431804011,18110119936.0000
2026-06-26 11:00:00,4202.122,4205.244,4175.377,4202.233,560052005,24460918784.0000
2026-06-26 11:05:00,4201.662,4214.239,4193.413,4201.959,388651957,16548233216.0000
2026-06-26 11:10:00,4201.352,4205.777,4190.427,4195.350,345885213,14709358592.0000
2026-06-26 11:15:00,4195.024,4199.118,4178.347,4190.462,407705952,15812853760.0000
2026-06-26 11:20:00,4190.355,4212.505,4186.477,4210.767,270521746,11493900288.0000
2026-06-26 11:25:00,4211.124,4212.674,4180.567,4181.009,289662777,11866931200.0000
2026-06-26 11:30:00,4180.197,4213.075,4178.801,4209.294,241279855,9681567744.0000
2026-06-26 13:05:00,4211.786,4213.045,4189.492,4212.106,424224805,17315725312.0000
2026-06-26 13:10:00,4212.030,4212.030,4195.812,4204.521,295125112,11625431040.0000
2026-06-26 13:15:00,4204.747,4216.613,4203.247,4214.607,274537814,11241127936.0000
2026-06-26 13:20:00,4214.194,4226.730,4213.967,4222.286,295814608,12126126080.0000
2026-06-26 13:25:00,4222.421,4241.270,4222.421,4228.653,275553070,12288327680.0000
2026-06-26 13:30:00,4227.500,4240.467,4217.879,4219.353,307120211,12782534656.0000
2026-06-26 13:35:00,4220.353,4240.730,4219.896,4240.550,274340788,11014963200.0000
2026-06-26 13:40:00,4240.184,4249.651,4234.440,4244.091,282957783,11630280704.0000
2026-06-26 13:45:00,4243.344,4245.202,4234.591,4245.090,271321124,10949951488.0000
2026-06-26 13:50:00,4245.027,4245.550,4231.421,4245.550,258914888,11059462144.0000
2026-06-26 13:55:00,4245.781,4258.732,4245.639,4258.449,260956481,11177033728.0000
2026-06-26 14:00:00,4259.121,4262.409,4249.260,4249.260,239353214,10385424384.0000
2026-06-26 14:05:00,4247.488,4247.488,4233.174,4235.851,293371724,10997202944.0000
2026-06-26 14:10:00,4235.261,4235.261,4216.515,4220.696,315075655,11113398272.0000
2026-06-26 14:15:00,4220.515,4220.515,4205.163,4206.386,292439422,10379460608.0000
2026-06-26 14:20:00,4207.818,4214.745,4205.377,4208.061,282954549,10326376448.0000
2026-06-26 14:25:00,4207.855,4217.828,4207.855,4211.412,252939785,9327804416.0000
2026-06-26 14:30:00,4212.321,4220.963,4209.068,4210.591,243794997,9492365312.0000
2026-06-26 14:35:00,4210.736,4211.645,4199.622,4199.622,339653653,12396462080.0000
2026-06-26 14:40:00,4199.021,4224.573,4198.950,4222.784,348544576,12678922240.0000
2026-06-26 14:45:00,4222.161,4223.763,4209.984,4219.791,345226603,13626245120.0000
2026-06-26 14:50:00,4219.486,4221.323,4215.394,4215.572,417350460,16054943744.0000
2026-06-26 14:55:00,4215.754,4218.015,4196.529,4196.658,642447406,22934257664.0000
2026-06-26 15:00:00,4196.544,4198.225,4194.209,4194.209,599431743,21065433088.0000
2026-06-29 09:40:00,4209.048,4236.225,4209.048,4229.899,1415549893,53922275328.0000
2026-06-29 09:45:00,4229.725,4261.177,4229.725,4256.024,1082481633,42289856512.0000
2026-06-29 09:50:00,4257.694,4265.463,4238.318,4238.318,1179456671,41350807552.0000
2026-06-29 09:55:00,4237.842,4237.842,4211.577,4219.256,1088881118,37561794560.0000
2026-06-29 10:00:00,4219.718,4219.856,4198.360,4210.488,992511902,35759702016.0000
2026-06-29 10:05:00,4211.007,4218.233,4180.714,4181.273,1045329239,36328865792.0000
2026-06-29 10:10:00,4179.649,4196.584,4150.200,4150.200,857635991,32884948992.0000
2026-06-29 10:15:00,4149.994,4159.150,4121.771,4124.265,813009621,34210119680.0000
2026-06-29 10:20:00,4123.604,4147.225,4116.316,4116.547,792362803,31697993728.0000
2026-06-29 10:25:00,4116.810,4152.847,4114.440,4152.847,661205347,24125931520.0000
2026-06-29 10:30:00,4153.754,4166.177,4153.754,4165.339,580739123,21756837888.0000
2026-06-29 10:35:00,4165.246,4165.246,4112.662,4112.662,591223044,23068540928.0000
2026-06-29 10:40:00,4112.538,4129.125,4103.633,4129.125,563857088,23831379968.0000
2026-06-29 10:45:00,4129.067,4138.891,4112.534,4138.891,406608737,16912220160.0000
2026-06-29 10:50:00,4139.770,4151.690,4135.228,4151.690,372311531,14813691904.0000
2026-06-29 10:55:00,4153.349,4161.654,4142.629,4152.580,340051168,12349079552.0000
2026-06-29 11:00:00,4151.318,4169.291,4149.668,4158.115,294168273,11419254784.0000
2026-06-29 11:05:00,4158.988,4171.305,4155.668,4157.943,312903518,11668815872.0000
2026-06-29 11:10:00,4158.182,4179.572,4158.182,4179.120,240624470,10022289408.0000
2026-06-29 11:15:00,4177.069,4177.069,4148.963,4172.918,283167690,10492182528.0000
2026-06-29 11:20:00,4172.519,4176.588,4163.924,4168.800,202934367,8009416704.0000
2026-06-29 11:25:00,4169.103,4170.034,4141.251,4143.448,219180878,8156741632.0000
2026-06-29 11:30:00,4143.301,4143.774,4131.010,4140.645,233240542,8403353600.0000
2026-06-29 13:05:00,4142.234,4142.234,4125.331,4126.538,440417761,14394458112.0000
2026-06-29 13:10:00,4126.380,4126.816,4117.873,4121.159,275053470,9650307072.0000
2026-06-29 13:15:00,4120.362,4120.635,4109.751,4115.823,276697978,9808773120.0000
2026-06-29 13:20:00,4115.792,4128.050,4113.753,4120.674,259169811,9110355968.0000
2026-06-29 13:25:00,4121.024,4142.095,4121.024,4141.912,244499695,8462729216.0000
2026-06-29 13:30:00,4142.091,4155.932,4141.766,4153.736,251957300,9268690944.0000
2026-06-29 13:35:00,4153.403,4160.744,4143.798,4160.716,330545201,10818420736.0000
2026-06-29 13:40:00,4161.223,4168.188,4154.552,4166.676,275438350,10146217984.0000
2026-06-29 13:45:00,4166.887,4181.821,4166.887,4181.564,273799656,10526588928.0000
2026-06-29 13:50:00,4181.590,4181.590,4172.849,4177.817,238194156,9548201984.0000
2026-06-29 13:55:00,4178.019,4209.279,4176.404,4209.279,247427215,10957160448.0000
2026-06-29 14:00:00,4208.018,4218.783,4202.843,4202.843,269002360,11593777152.0000
2026-06-29 14:05:00,4202.314,4214.198,4193.586,4193.586,285623442,10897719296.0000
2026-06-29 14:10:00,4193.360,4193.410,4177.103,4185.055,256691119,9308078080.0000
2026-06-29 14:15:00,4186.019,4190.075,4176.879,4180.184,241251219,8696168448.0000
2026-06-29 14:20:00,4181.122,4194.764,4181.122,4188.816,234596631,8710651904.0000
2026-06-29 14:25:00,4189.201,4195.033,4181.016,4181.016,221870957,8308457472.0000
2026-06-29 14:30:00,4180.888,4185.027,4176.791,4185.027,254005187,8921612288.0000
2026-06-29 14:35:00,4185.581,4204.433,4185.581,4196.146,306116836,10574692352.0000
2026-06-29 14:40:00,4196.034,4212.564,4196.034,4212.049,301873683,11604721664.0000
2026-06-29 14:45:00,4211.935,4212.172,4201.902,4205.615,356376551,13834125312.0000
2026-06-29 14:50:00,4205.853,4217.951,4205.853,4216.140,407426978,15538716672.0000
2026-06-29 14:55:00,4216.167,4220.680,4214.262,4220.515,558968548,19565510656.0000
2026-06-29 15:00:00,4220.307,4220.307,4216.698,4216.698,531882318,18286641152.0000
2026-06-30 09:35:00,4217.633,4231.167,4217.633,4220.016,2355672882,88140038144.0000
2026-06-30 09:40:00,4219.122,4244.092,4218.553,4235.287,1442763500,54636298240.0000
2026-06-30 09:45:00,4234.888,4245.207,4205.742,4245.207,1200116160,43754012672.0000
2026-06-30 09:50:00,4245.897,4262.421,4242.145,4250.687,915893332,35668918272.0000
2026-06-30 09:55:00,4250.832,4264.613,4250.832,4259.424,752553482,29543940096.0000
2026-06-30 10:00:00,4258.762,4264.382,4250.625,4264.382,672080896,25569427456.0000
2026-06-30 10:05:00,4264.264,4266.820,4255.841,4265.452,661082440,23066148864.0000
2026-06-30 10:10:00,4267.101,4276.639,4267.101,4274.153,563290378,20433305600.0000
2026-06-30 10:15:00,4274.700,4281.709,4263.661,4273.297,478869116,18558615552.0000
2026-06-30 10:20:00,4273.885,4275.285,4255.824,4261.733,448548323,17211162624.0000
2026-06-30 10:25:00,4260.480,4270.565,4259.873,4263.886,432517011,16228679680.0000
2026-06-30 10:30:00,4263.460,4278.506,4258.570,4277.812,382759846,14574551040.0000
2026-06-30 10:35:00,4277.049,4289.784,4276.388,4289.340,471397060,16986701824.0000
2026-06-30 10:40:00,4289.442,4294.276,4286.035,4290.879,387761199,14801698816.0000
2026-06-30 10:45:00,4291.005,4301.505,4291.005,4300.888,325857768,13757349888.0000
2026-06-30 10:50:00,4299.530,4309.322,4293.408,4306.204,323732694,13736509440.0000
2026-06-30 10:55:00,4306.325,4309.793,4303.618,4304.200,305488861,11959828480.0000
2026-06-30 11:00:00,4303.625,4304.517,4286.697,4286.697,278578191,11270848512.0000
2026-06-30 11:05:00,4286.390,4298.915,4286.390,4293.333,275096179,10444046336.0000
2026-06-30 11:10:00,4293.100,4304.712,4292.539,4304.215,257501554,10221944832.0000
2026-06-30 11:15:00,4304.137,4314.365,4301.664,4314.122,236451070,10834804736.0000
2026-06-30 11:20:00,4313.794,4328.728,4311.724,4327.877,254534921,12222234624.0000
2026-06-30 11:25:00,4328.001,4344.313,4327.912,4343.930,275987101,13990920192.0000
2026-06-30 11:30:00,4343.360,4350.414,4341.502,4345.837,257728546,11860901888.0000
2026-06-30 13:05:00,4348.613,4350.431,4338.530,4341.695,600905012,25271009280.0000
2026-06-30 13:10:00,4341.650,4342.384,4327.661,4329.803,390740825,15931277312.0000
2026-06-30 13:15:00,4329.443,4332.025,4320.298,4326.822,392198582,14938013696.0000
2026-06-30 13:20:00,4326.593,4335.948,4323.600,4323.600,311699883,11869356032.0000
2026-06-30 13:25:00,4323.176,4332.149,4322.204,4332.149,319142331,11201478656.0000
2026-06-30 13:30:00,4332.031,4332.666,4324.595,4331.549,286592518,11778523136.0000
2026-06-30 13:35:00,4331.236,4343.476,4330.316,4332.475,302524672,12857507840.0000
2026-06-30 13:40:00,4332.148,4333.577,4319.025,4319.327,296416723,12236685312.0000
2026-06-30 13:45:00,4320.618,4330.565,4314.750,4317.862,362200904,14074118144.0000
2026-06-30 13:50:00,4318.459,4336.255,4318.459,4336.174,264952203,11516379136.0000
2026-06-30 13:55:00,4335.936,4341.363,4334.049,4338.970,266799375,10859446272.0000
2026-06-30 14:00:00,4339.095,4339.932,4333.059,4335.894,272520799,10022879232.0000
2026-06-30 14:05:00,4336.864,4345.012,4334.906,4336.913,267414251,10169548800.0000
2026-06-30 14:10:00,4336.528,4340.177,4336.528,4339.443,238278708,9124446208.0000
2026-06-30 14:15:00,4339.345,4339.345,4329.435,4335.004,270703988,10195238912.0000
2026-06-30 14:20:00,4335.006,4335.725,4328.680,4334.507,276978439,9622126592.0000
2026-06-30 14:25:00,4334.424,4335.623,4329.247,4329.487,260885838,9609805824.0000
2026-06-30 14:30:00,4328.966,4332.727,4326.559,4331.918,297378131,10761601024.0000
2026-06-30 14:35:00,4331.724,4344.885,4331.724,4344.885,343667563,12610699264.0000
2026-06-30 14:40:00,4345.198,4345.375,4334.643,4338.852,337778984,12731219968.0000
2026-06-30 14:45:00,4337.825,4343.936,4337.667,4342.205,378060750,14258864128.0000
2026-06-30 14:50:00,4342.103,4346.929,4341.200,4346.929,448536686,16212361216.0000
2026-06-30 14:55:00,4346.506,4353.105,4346.424,4351.345,596849588,21480865792.0000
2026-06-30 15:00:00,4351.089,4351.259,4342.712,4342.712,579103937,21019688960.0000
2026-07-01 09:35:00,4336.161,4352.561,4333.073,4349.375,2443845613,96798277632.0000
2026-07-01 09:40:00,4348.356,4350.850,4324.784,4324.784,1458117556,57001033728.0000
2026-07-01 09:45:00,4324.146,4351.651,4310.633,4349.076,1187755251,44994887680.0000
2026-07-01 09:50:00,4349.205,4359.365,4340.222,4347.120,986299762,39986839552.0000
2026-07-01 09:55:00,4346.817,4357.635,4332.913,4339.584,834195605,33025884160.0000
2026-07-01 10:00:00,4338.579,4339.324,4313.562,4318.788,824196838,33356972032.0000
2026-07-01 10:05:00,4318.936,4346.252,4317.459,4329.623,750395800,28525166592.0000
2026-07-01 10:10:00,4330.100,4330.100,4307.662,4313.687,752462871,28252733440.0000
2026-07-01 10:15:00,4312.598,4328.947,4299.095,4299.340,760544724,27647868928.0000
2026-07-01 10:20:00,4299.252,4330.649,4298.264,4330.649,761622244,27090976768.0000
2026-07-01 10:25:00,4330.705,4342.602,4324.715,4339.377,526320429,20435140608.0000
2026-07-01 10:30:00,4339.342,4339.399,4318.097,4336.060,556688095,21187067904.0000
2026-07-01 10:35:00,4334.895,4340.023,4326.473,4326.798,653094367,23075094528.0000
2026-07-01 10:40:00,4328.487,4331.155,4311.651,4323.924,689748972,25544458240.0000
2026-07-01 10:45:00,4323.706,4328.616,4310.545,4328.098,687622965,24977604608.0000
2026-07-01 10:50:00,4328.543,4346.602,4320.784,4346.602,530282294,17613160448.0000
2026-07-01 10:55:00,4346.814,4361.714,4343.162,4345.357,426686747,14362312704.0000
2026-07-01 11:00:00,4345.772,4361.825,4342.541,4342.587,377566268,13408337920.0000
2026-07-01 11:05:00,4342.383,4354.547,4335.019,4336.805,377727024,12874874880.0000
2026-07-01 11:10:00,4335.764,4344.498,4330.149,4342.668,370467160,12238979072.0000
2026-07-01 11:15:00,4341.592,4341.592,4328.664,4335.707,432151362,13222346752.0000
2026-07-01 11:20:00,4335.140,4340.108,4327.858,4328.105,386079903,12461146112.0000
2026-07-01 11:25:00,4327.978,4327.978,4308.693,4320.250,367077767,13235257344.0000
2026-07-01 11:30:00,4320.840,4326.904,4319.446,4325.674,282213123,10716774400.0000
2026-07-01 13:05:00,4326.044,4326.443,4309.173,4309.173,732681071,23789830144.0000
2026-07-01 13:10:00,4308.361,4314.928,4297.862,4297.862,462687870,16441933824.0000
2026-07-01 13:15:00,4298.095,4303.679,4287.065,4287.065,447242272,16515596288.0000
2026-07-01 13:20:00,4286.877,4315.291,4283.466,4314.811,414230752,15338897408.0000
2026-07-01 13:25:00,4314.990,4325.593,4311.225,4316.671,339296736,12781092864.0000
2026-07-01 13:30:00,4315.936,4315.936,4294.743,4294.743,357156286,12759924736.0000
2026-07-01 13:35:00,4294.734,4304.804,4291.559,4295.311,321147213,11856707584.0000
2026-07-01 13:40:00,4295.411,4298.449,4286.154,4289.279,312353602,10945495040.0000
2026-07-01 13:45:00,4288.943,4288.943,4264.839,4265.015,343328578,13505003520.0000
2026-07-01 13:50:00,4265.218,4275.601,4264.203,4264.203,310600764,11690508288.0000
2026-07-01 13:55:00,4264.071,4264.071,4244.272,4245.076,453208724,16000876544.0000
2026-07-01 14:00:00,4245.515,4267.476,4243.542,4266.832,347374359,12446793728.0000
2026-07-01 14:05:00,4265.602,4278.230,4261.097,4276.924,296206090,11185881088.0000
2026-07-01 14:10:00,4275.912,4282.270,4269.239,4269.239,273375673,10054598656.0000
2026-07-01 14:15:00,4267.872,4272.471,4263.177,4263.177,255913052,9837346816.0000
2026-07-01 14:20:00,4263.196,4263.414,4243.006,4243.200,250550118,10125049856.0000
2026-07-01 14:25:00,4243.059,4258.170,4243.059,4243.968,268491091,9446162432.0000
2026-07-01 14:30:00,4243.965,4244.726,4237.930,4242.225,248893947,10029236224.0000
2026-07-01 14:35:00,4242.694,4251.302,4233.555,4233.555,309183770,11658330112.0000
2026-07-01 14:40:00,4233.026,4234.562,4222.223,4225.341,432307281,16281436160.0000
2026-07-01 14:45:00,4226.317,4244.158,4226.317,4243.786,374294309,13820624896.0000
2026-07-01 14:50:00,4243.886,4253.605,4243.886,4252.509,401733824,15069020160.0000
2026-07-01 14:55:00,4252.055,4263.343,4250.512,4263.091,564041074,19651756032.0000
2026-07-01 15:00:00,4262.757,4262.757,4259.191,4260.721,550638793,18255839232.0000
2026-07-02 09:35:00,4135.342,4136.162,4083.497,4100.222,3284153825,119685627904.0000
2026-07-02 09:40:00,4100.373,4120.971,4092.536,4119.321,1603657724,55257219072.0000
2026-07-02 09:45:00,4119.553,4122.293,4084.644,4084.644,1276859628,43377704960.0000
2026-07-02 09:50:00,4084.052,4119.300,4070.958,4098.604,1140544682,40351531008.0000
2026-07-02 09:55:00,4100.667,4132.120,4100.125,4132.120,851930468,28863610880.0000
2026-07-02 10:00:00,4131.173,4141.108,4114.833,4122.697,723514825,25714982912.0000
2026-07-02 10:05:00,4122.810,4154.346,4121.809,4151.731,731034551,25267929088.0000
2026-07-02 10:10:00,4151.064,4155.527,4135.217,4154.126,617440393,21274165248.0000
2026-07-02 10:15:00,4154.052,4154.052,4137.323,4149.806,548923313,19580190720.0000
2026-07-02 10:20:00,4149.326,4150.582,4125.208,4131.844,567346874,19800326144.0000
2026-07-02 10:25:00,4132.191,4143.702,4125.961,4139.289,505854995,16472440832.0000
2026-07-02 10:30:00,4139.356,4147.795,4134.792,4140.687,432997534,14656012288.0000
2026-07-02 10:35:00,4139.728,4157.795,4139.423,4157.795,412560855,14252343296.0000
2026-07-02 10:40:00,4157.885,4168.873,4153.967,4166.536,449282948,15163523072.0000
2026-07-02 10:45:00,4166.459,4166.459,4155.885,4156.348,439727868,14661091328.0000
2026-07-02 10:50:00,4156.103,4159.836,4149.025,4149.025,412506980,13927448576.0000
2026-07-02 10:55:00,4149.332,4149.809,4128.589,4132.652,389011604,13569392640.0000
2026-07-02 11:00:00,4132.501,4132.926,4120.010,4120.010,286518523,10514235392.0000
2026-07-02 11:05:00,4119.255,4120.338,4109.674,4115.180,295620293,11202723840.0000
2026-07-02 11:10:00,4114.464,4125.856,4109.568,4125.856,246248242,9295101952.0000
2026-07-02 11:15:00,4125.690,4140.257,4118.930,4140.257,247513218,8735457280.0000
2026-07-02 11:20:00,4139.595,4148.875,4127.925,4127.925,290221959,9731571712.0000
2026-07-02 11:25:00,4127.890,4132.842,4114.772,4119.107,230646691,8025210880.0000
2026-07-02 11:30:00,4117.115,4117.183,4107.744,4112.972,215192836,7849967616.0000
2026-07-02 13:05:00,4115.133,4115.133,4102.068,4113.270,437237147,16434135040.0000
2026-07-02 13:10:00,4113.453,4117.550,4104.006,4104.052,317902026,10709368832.0000
2026-07-02 13:15:00,4103.799,4103.799,4092.578,4097.423,295976845,11620646912.0000
2026-07-02 13:20:00,4097.181,4097.709,4074.754,4074.754,287011902,11662917632.0000
2026-07-02 13:25:00,4075.248,4081.266,4069.197,4072.359,301394658,12679184384.0000
2026-07-02 13:30:00,4071.745,4080.554,4063.166,4063.858,277368198,11868438528.0000
2026-07-02 13:35:00,4063.462,4066.057,4052.255,4052.335,316393040,12540379136.0000
2026-07-02 13:40:00,4052.595,4055.825,4045.608,4054.206,299047211,12478119936.0000
2026-07-02 13:45:00,4054.080,4056.845,4043.864,4043.864,304144368,12005343232.0000
2026-07-02 13:50:00,4044.331,4046.986,4031.861,4037.836,358052911,14317125632.0000
2026-07-02 13:55:00,4039.723,4048.748,4035.235,4046.683,340681375,12613779456.0000
2026-07-02 14:00:00,4047.594,4061.274,4045.736,4045.736,311887945,10767564800.0000
2026-07-02 14:05:00,4045.674,4054.785,4038.352,4038.352,326272061,10958340096.0000
2026-07-02 14:10:00,4038.048,4065.923,4036.791,4065.923,333342710,11805589504.0000
2026-07-02 14:15:00,4065.560,4072.806,4053.919,4056.612,284881073,10361372672.0000
2026-07-02 14:20:00,4056.215,4056.260,4041.759,4041.759,303999518,10404888576.0000
2026-07-02 14:25:00,4041.348,4046.250,4038.748,4038.748,284304719,10324082688.0000
2026-07-02 14:30:00,4037.954,4040.251,4031.727,4032.092,301932221,10883039232.0000
2026-07-02 14:35:00,4031.417,4043.529,4029.047,4029.047,386151719,13162446848.0000
2026-07-02 14:40:00,4029.004,4035.503,4023.006,4023.006,338466963,13014204416.0000
2026-07-02 14:45:00,4022.239,4022.239,4011.250,4015.501,551222698,19922485248.0000
2026-07-02 14:50:00,4015.401,4016.310,4006.324,4006.895,555086443,19577176064.0000
2026-07-02 14:55:00,4006.605,4009.750,3999.567,4009.565,685399106,23873388544.0000
2026-07-02 15:00:00,4010.211,4017.273,4010.211,4017.273,557989131,19159384064.0000
2026-07-03 09:35:00,4010.819,4029.622,3985.363,3992.697,2347654060,86818054144.0000
2026-07-03 09:40:00,3997.146,4047.021,3997.146,4046.104,1317946431,47160008704.0000
2026-07-03 09:45:00,4045.695,4053.272,4036.085,4036.085,1054409515,38146719744.0000
2026-07-03 09:50:00,4036.535,4039.766,4009.863,4009.870,1009663459,32916324352.0000
2026-07-03 09:55:00,4010.623,4024.682,4002.045,4023.738,980581173,34089828352.0000
2026-07-03 10:00:00,4025.189,4034.392,4015.523,4034.392,648947856,22413180928.0000
2026-07-03 10:05:00,4035.853,4054.594,4032.997,4048.338,658773696,22843981824.0000
2026-07-03 10:10:00,4045.886,4069.296,4045.886,4063.893,555852372,21482799104.0000
2026-07-03 10:15:00,4064.285,4064.823,4033.534,4033.534,552026007,19471761408.0000
2026-07-03 10:20:00,4033.265,4059.678,4031.746,4040.056,497086248,17247436800.0000
2026-07-03 10:25:00,4039.576,4052.809,4028.066,4046.789,481770115,16433086464.0000
2026-07-03 10:30:00,4047.386,4056.617,4047.386,4053.682,416657141,13080985600.0000
2026-07-03 10:35:00,4054.260,4070.542,4050.538,4070.474,392316799,13664681984.0000
2026-07-03 10:40:00,4070.730,4072.985,4061.514,4070.703,398632703,13405880320.0000
2026-07-03 10:45:00,4071.141,4080.599,4064.811,4080.599,394675908,13979680768.0000
2026-07-03 10:50:00,4080.441,4100.418,4080.441,4100.418,381927081,15335817216.0000
2026-07-03 10:55:00,4100.899,4114.848,4089.851,4102.278,382534317,15737159680.0000
2026-07-03 11:00:00,4102.606,4109.873,4098.738,4103.596,305977217,13071712256.0000
2026-07-03 11:05:00,4104.820,4110.132,4094.127,4101.279,302399428,11759190016.0000
2026-07-03 11:10:00,4101.271,4104.856,4092.926,4097.391,287934056,11286773760.0000
2026-07-03 11:15:00,4095.829,4095.829,4078.567,4088.055,301851218,11176017920.0000
2026-07-03 11:20:00,4088.550,4095.185,4080.090,4080.090,241388495,8891858944.0000
2026-07-03 11:25:00,4079.324,4079.762,4066.405,4066.405,272773693,9688154112.0000
2026-07-03 11:30:00,4066.701,4081.344,4066.368,4080.571,266812660,8666939392.0000
2026-07-03 13:05:00,4091.569,4115.629,4091.569,4113.749,502616491,20068302848.0000
2026-07-03 13:10:00,4113.227,4113.717,4097.074,4097.074,393902255,14250344448.0000
2026-07-03 13:15:00,4096.814,4101.481,4083.148,4084.718,413189796,14177206272.0000
2026-07-03 13:20:00,4083.723,4093.789,4077.023,4078.338,457808422,14389346304.0000
2026-07-03 13:25:00,4077.863,4077.863,4060.523,4064.853,389257590,13378650112.0000
2026-07-03 13:30:00,4065.247,4070.833,4060.323,4065.883,307471502,10984685568.0000
2026-07-03 13:35:00,4065.020,4081.983,4063.421,4079.950,273163959,9735503872.0000
2026-07-03 13:40:00,4078.826,4081.299,4070.078,4070.078,226642546,8273592320.0000
2026-07-03 13:45:00,4070.433,4084.419,4070.433,4081.426,218774995,7819427840.0000
2026-07-03 13:50:00,4080.899,4082.543,4066.064,4069.810,239746473,8114733056.0000
2026-07-03 13:55:00,4070.503,4081.040,4069.837,4078.670,228748166,7319191552.0000
2026-07-03 14:00:00,4078.155,4079.221,4074.654,4075.669,261803815,7864451072.0000
2026-07-03 14:05:00,4073.608,4076.250,4069.798,4075.769,290790792,9041477632.0000
2026-07-03 14:10:00,4076.089,4084.064,4068.205,4069.336,309637315,9207087104.0000
2026-07-03 14:15:00,4068.841,4068.841,4053.649,4053.649,272569216,9673834496.0000
2026-07-03 14:20:00,4053.549,4059.506,4052.775,4058.029,243212433,8430223360.0000
2026-07-03 14:25:00,4057.551,4058.102,4043.465,4043.844,331789655,10393878528.0000
2026-07-03 14:30:00,4043.780,4044.038,4036.627,4039.714,299720188,10836967424.0000
2026-07-03 14:35:00,4039.856,4044.529,4020.557,4020.557,385675950,13600948224.0000
2026-07-03 14:40:00,4020.016,4036.305,4019.670,4036.118,353113339,13146849280.0000
2026-07-03 14:45:00,4035.957,4037.519,4032.175,4036.449,353095000,11718950912.0000
2026-07-03 14:50:00,4036.688,4038.787,4028.661,4028.683,450257279,14315749376.0000
2026-07-03 14:55:00,4028.443,4028.787,4018.847,4018.847,611957665,20151205888.0000
2026-07-03 15:00:00,4019.231,4021.573,4019.231,4019.934,579783050,18147377152.0000
2026-07-06 09:35:00,4050.876,4050.910,4002.824,4002.824,2377650950,91298996224.0000
2026-07-06 09:40:00,4000.957,4012.572,3986.725,4009.563,1452292580,50910257152.0000
2026-07-06 09:45:00,4009.926,4032.620,3996.808,4032.240,1074745407,38121914368.0000
2026-07-06 09:50:00,4032.453,4063.282,4030.953,4058.536,908147710,33237319680.0000
2026-07-06 09:55:00,4058.678,4063.631,4041.950,4061.684,781243413,27724726272.0000
2026-07-06 10:00:00,4061.763,4061.763,4026.331,4027.145,707007097,24794120192.0000
2026-07-06 10:05:00,4027.333,4027.333,4000.692,4009.678,774097912,26396196864.0000
2026-07-06 10:10:00,4008.757,4024.516,4004.626,4023.445,558999440,18737954816.0000
2026-07-06 10:15:00,4023.319,4024.003,3995.791,3996.400,553761874,18042355712.0000
2026-07-06 10:20:00,3996.307,3998.855,3974.742,3974.742,609458267,20680769536.0000
2026-07-06 10:25:00,3975.520,3978.745,3958.065,3960.752,567913625,21578973184.0000
2026-07-06 10:30:00,3959.769,3969.766,3945.800,3945.807,582933050,20216643584.0000
2026-07-06 10:35:00,3945.177,3950.200,3923.960,3923.960,577614194,21625602048.0000
2026-07-06 10:40:00,3923.854,3954.163,3921.760,3948.765,547084648,19910524928.0000
2026-07-06 10:45:00,3948.913,3949.192,3918.652,3918.652,463831184,15649800192.0000
2026-07-06 10:50:00,3918.345,3924.990,3903.478,3907.100,425070143,15180169216.0000
2026-07-06 10:55:00,3906.431,3924.591,3904.538,3915.399,417649963,14787575808.0000
2026-07-06 11:00:00,3914.689,3937.816,3903.789,3937.249,345142800,12341772288.0000
2026-07-06 11:05:00,3936.628,3949.322,3931.171,3946.908,313597813,11352932352.0000
2026-07-06 11:10:00,3947.719,3967.165,3947.719,3967.165,321489371,11378524160.0000
2026-07-06 11:15:00,3968.260,3981.147,3966.033,3979.895,273881375,10475208704.0000
2026-07-06 11:20:00,3980.493,3982.120,3965.204,3978.067,223356626,8766947328.0000
2026-07-06 11:25:00,3978.056,3990.515,3978.056,3989.717,233583973,8781627392.0000
2026-07-06 11:30:00,3989.378,4001.058,3977.573,3999.277,209951727,8448704512.0000
2026-07-06 13:05:00,4002.958,4006.453,3991.910,4002.065,357567029,14218559488.0000
2026-07-06 13:10:00,4001.956,4005.107,3980.847,3980.847,255535316,9835053056.0000
2026-07-06 13:15:00,3979.692,3995.793,3975.003,3977.690,230026393,8276148224.0000
2026-07-06 13:20:00,3978.041,3987.991,3970.357,3970.357,211383356,7322075136.0000
2026-07-06 13:25:00,3969.791,3975.455,3965.301,3968.053,222327160,7273185280.0000
2026-07-06 13:30:00,3969.241,3992.211,3969.241,3983.714,189690045,7010516992.0000
2026-07-06 13:35:00,3981.023,3981.023,3961.404,3963.277,223807208,7168720896.0000
2026-07-06 13:40:00,3963.537,3975.691,3963.459,3975.307,188563469,6286934016.0000
2026-07-06 13:45:00,3975.739,3993.668,3975.739,3993.668,188196151,6609567744.0000
2026-07-06 13:50:00,3994.168,3995.400,3983.527,3988.881,204578763,7024672768.0000
2026-07-06 13:55:00,3989.805,3994.652,3988.230,3990.393,187455024,6436093952.0000
2026-07-06 14:00:00,3990.418,3996.177,3988.362,3989.144,200178513,7141261312.0000
2026-07-06 14:05:00,3988.321,3988.321,3972.637,3973.036,254406408,7631011840.0000
2026-07-06 14:10:00,3975.289,3982.289,3963.753,3963.976,223237963,7292715008.0000
2026-07-06 14:15:00,3964.304,3971.784,3961.362,3963.140,219069535,7275085824.0000
2026-07-06 14:20:00,3963.039,3963.039,3955.039,3959.398,224279028,7304314880.0000
2026-07-06 14:25:00,3959.229,3962.668,3951.059,3952.961,268143375,8316583936.0000
2026-07-06 14:30:00,3953.823,3953.823,3946.454,3953.366,258166101,8489205760.0000
2026-07-06 14:35:00,3953.503,3964.127,3950.134,3953.844,300824932,9324265472.0000
2026-07-06 14:40:00,3953.750,3960.729,3943.693,3943.693,273129297,9386917888.0000
2026-07-06 14:45:00,3943.635,3944.073,3937.206,3937.985,321152468,11291328512.0000
2026-07-06 14:50:00,3938.425,3946.827,3938.425,3944.539,376298910,12465537024.0000
2026-07-06 14:55:00,3944.785,3947.362,3944.526,3944.526,497335546,15493955584.0000
2026-07-06 15:00:00,3944.372,3948.860,3944.089,3948.860,481820013,14703067136.0000
2026-07-07 09:35:00,3931.439,3948.475,3915.832,3935.178,1907082728,62582943744.0000
2026-07-07 09:40:00,3933.539,3961.058,3925.854,3961.058,1121518001,35431288832.0000
2026-07-07 09:45:00,3962.906,3976.114,3961.463,3967.919,839636769,29707083776.0000
2026-07-07 09:50:00,3967.574,3974.854,3955.731,3955.731,785963482,24962686976.0000
2026-07-07 09:55:00,3955.980,3960.773,3944.062,3954.128,760291900,22966059008.0000
2026-07-07 10:00:00,3954.856,3954.856,3937.792,3947.338,591152856,17740857344.0000
2026-07-07 10:05:00,3946.522,3956.238,3939.864,3945.988,605521982,18468438016.0000
2026-07-07 10:10:00,3946.259,3955.789,3936.111,3938.552,497280637,15599681536.0000
2026-07-07 10:15:00,3937.925,3946.291,3925.361,3938.642,483186719,16048226304.0000
2026-07-07 10:20:00,3937.950,3943.263,3930.318,3933.290,400883886,12483330048.0000
2026-07-07 10:25:00,3930.618,3934.366,3917.726,3917.726,370841636,11465572352.0000
2026-07-07 10:30:00,3917.299,3927.138,3907.210,3922.095,378921692,13078446080.0000
2026-07-07 10:35:00,3918.483,3927.537,3911.580,3927.537,378190446,11534532608.0000
2026-07-07 10:40:00,3927.588,3940.247,3927.588,3939.826,327417236,11436064768.0000
2026-07-07 10:45:00,3939.481,3946.428,3934.867,3943.197,297444473,10631806976.0000
2026-07-07 10:50:00,3943.045,3943.045,3922.112,3929.493,260702172,8893956096.0000
2026-07-07 10:55:00,3928.604,3934.278,3919.830,3933.561,237258688,7896203264.0000
2026-07-07 11:00:00,3933.954,3935.398,3921.292,3921.292,265128117,7701692416.0000
2026-07-07 11:05:00,3921.460,3931.373,3917.428,3927.294,286140857,8948318208.0000
2026-07-07 11:10:00,3930.050,3936.051,3923.602,3931.173,235457265,8263663616.0000
2026-07-07 11:15:00,3934.038,3936.600,3917.132,3921.234,223595754,7837810688.0000
2026-07-07 11:20:00,3921.173,3923.338,3911.703,3917.729,208549724,7363919872.0000
2026-07-07 11:25:00,3917.249,3917.249,3908.240,3908.922,198406208,7285538816.0000
2026-07-07 11:30:00,3908.460,3921.664,3906.671,3918.222,207272632,7355662336.0000
2026-07-07 13:05:00,3913.915,3913.915,3886.079,3888.677,410912309,15296462848.0000
2026-07-07 13:10:00,3889.536,3892.523,3867.822,3870.102,316848772,11913330688.0000
2026-07-07 13:15:00,3870.207,3881.188,3863.416,3863.663,319831536,11835703296.0000
2026-07-07 13:20:00,3862.690,3877.127,3859.426,3872.769,307542513,11314561024.0000
2026-07-07 13:25:00,3873.087,3875.720,3861.870,3875.720,296166822,10513121280.0000
2026-07-07 13:30:00,3876.014,3911.428,3876.014,3909.540,238113634,9860710400.0000
2026-07-07 13:35:00,3910.279,3925.217,3910.279,3921.025,259810196,11503796224.0000
2026-07-07 13:40:00,3919.290,3929.936,3912.391,3919.192,228115577,9539715072.0000
2026-07-07 13:45:00,3918.319,3933.074,3917.664,3933.074,191168470,8155922432.0000
2026-07-07 13:50:00,3933.541,3940.151,3924.033,3927.180,274016134,11101437952.0000
2026-07-07 13:55:00,3927.209,3936.313,3921.483,3930.510,199960211,7845249024.0000
2026-07-07 14:00:00,3930.944,3933.447,3916.448,3916.471,189612227,6999146496.0000
2026-07-07 14:05:00,3916.253,3923.792,3909.423,3909.507,228725526,7508656128.0000
2026-07-07 14:10:00,3909.420,3909.420,3895.744,3895.932,245401506,7681179648.0000
2026-07-07 14:15:00,3895.630,3898.905,3887.870,3895.073,250942059,7940505600.0000
2026-07-07 14:20:00,3894.915,3903.033,3889.190,3896.619,232315034,7492435968.0000
2026-07-07 14:25:00,3896.912,3897.233,3888.829,3889.302,197542696,6584172544.0000
2026-07-07 14:30:00,3889.762,3899.978,3886.943,3899.978,237884966,7352418304.0000
2026-07-07 14:35:00,3899.979,3908.583,3895.590,3901.055,284208757,8818982912.0000
2026-07-07 14:40:00,3900.676,3921.201,3900.676,3919.961,249359198,8447066112.0000
2026-07-07 14:45:00,3920.187,3920.692,3911.864,3913.968,282274539,9182380032.0000
2026-07-07 14:50:00,3913.083,3916.511,3904.841,3916.173,365169582,11534860288.0000
2026-07-07 14:55:00,3916.073,3916.642,3906.944,3908.750,457257649,14188871680.0000
2026-07-07 15:00:00,3908.736,3912.069,3908.736,3911.907,449672595,13735690240.0000
2026-07-08 09:35:00,3932.420,3942.443,3909.597,3910.850,1796885268,60069683200.0000
2026-07-08 09:40:00,3912.333,3912.333,3893.951,3898.301,1192836618,35545112576.0000
2026-07-08 09:45:00,3898.210,3902.699,3878.025,3880.501,1170824065,33995415552.0000
2026-07-08 09:50:00,3881.157,3911.574,3878.201,3886.547,988135554,31319973888.0000
2026-07-08 09:55:00,3887.154,3888.499,3855.949,3879.614,978325611,30931517440.0000
2026-07-08 10:00:00,3879.488,3879.488,3845.070,3855.753,812786275,26318372864.0000
2026-07-08 10:05:00,3853.729,3855.106,3824.773,3824.773,786002017,27292794880.0000
2026-07-08 10:10:00,3824.329,3860.056,3824.329,3859.613,606010590,19486883840.0000
2026-07-08 10:15:00,3858.449,3858.526,3837.445,3847.999,502711436,15750594560.0000
2026-07-08 10:20:00,3848.343,3888.093,3848.343,3888.093,436328955,15192915968.0000
2026-07-08 10:25:00,3889.121,3894.660,3876.219,3878.074,355446899,13876690944.0000
2026-07-08 10:30:00,3878.246,3906.716,3870.561,3906.716,322318198,10786701312.0000
2026-07-08 10:35:00,3907.366,3920.610,3902.012,3915.240,351693196,13562150912.0000
2026-07-08 10:40:00,3917.204,3924.290,3914.981,3924.290,273921119,11430461440.0000
2026-07-08 10:45:00,3923.995,3927.461,3914.807,3924.824,263239816,10147266560.0000
2026-07-08 10:50:00,3923.810,3928.164,3904.649,3907.108,276096723,10452467712.0000
2026-07-08 10:55:00,3907.459,3917.723,3900.081,3906.102,211642127,8309145600.0000
2026-07-08 11:00:00,3906.175,3906.175,3892.033,3895.352,179678034,7153778688.0000
2026-07-08 11:05:00,3895.161,3910.604,3895.100,3903.146,207643140,7570653184.0000
2026-07-08 11:10:00,3904.077,3920.838,3896.710,3920.838,189285078,7149223936.0000
2026-07-08 11:15:00,3919.559,3937.577,3919.559,3935.606,202646597,8815083520.0000
2026-07-08 11:20:00,3934.930,3938.535,3928.619,3938.167,196418429,8193703936.0000
2026-07-08 11:25:00,3938.327,3953.717,3937.683,3953.717,216015243,9224290304.0000
2026-07-08 11:30:00,3953.815,3965.388,3947.751,3949.044,263318462,10940252160.0000
2026-07-08 13:05:00,3925.501,3925.501,3890.952,3921.575,540151216,21327511552.0000
2026-07-08 13:10:00,3922.260,3933.128,3912.550,3916.614,256332247,9937944576.0000
2026-07-08 13:15:00,3916.605,3920.851,3910.290,3917.908,247894684,8080621568.0000
2026-07-08 13:20:00,3917.435,3917.435,3910.871,3915.340,228016544,7494467584.0000
2026-07-08 13:25:00,3914.449,3914.812,3905.781,3907.404,193715575,6758072320.0000
2026-07-08 13:30:00,3907.411,3907.411,3895.564,3897.043,216743476,7354286080.0000
2026-07-08 13:35:00,3896.954,3897.177,3883.000,3893.425,261529249,8468463616.0000
2026-07-08 13:40:00,3893.432,3895.583,3884.446,3889.636,202746555,6867451904.0000
2026-07-08 13:45:00,3889.561,3889.561,3880.120,3882.743,211738071,7080935424.0000
2026-07-08 13:50:00,3882.985,3885.686,3873.919,3874.193,212396960,7121895424.0000
2026-07-08 13:55:00,3874.348,3897.208,3874.348,3897.208,212643377,6819020800.0000
2026-07-08 14:00:00,3897.254,3904.666,3896.214,3897.332,203662486,6159794176.0000
2026-07-08 14:05:00,3896.296,3898.425,3886.863,3892.845,191347182,6428950528.0000
2026-07-08 14:10:00,3892.246,3893.069,3885.784,3885.784,166754315,5442338816.0000
2026-07-08 14:15:00,3885.476,3885.476,3873.671,3877.907,203506317,7175897088.0000
2026-07-08 14:20:00,3878.241,3883.948,3876.917,3883.948,220521083,6630998016.0000
2026-07-08 14:25:00,3884.046,3886.587,3878.039,3885.293,213261276,6606487552.0000
2026-07-08 14:30:00,3884.932,3884.932,3869.822,3872.261,202614986,7134511104.0000
2026-07-08 14:35:00,3874.890,3879.625,3867.497,3869.038,235403002,8290500608.0000
2026-07-08 14:40:00,3868.854,3876.007,3868.438,3868.438,252216277,8174829568.0000
2026-07-08 14:45:00,3867.938,3867.969,3859.978,3860.736,335987519,11962220544.0000
2026-07-08 14:50:00,3861.065,3863.253,3847.535,3849.669,437744643,14392426496.0000
2026-07-08 14:55:00,3849.881,3854.146,3845.688,3845.688,526600861,16814243840.0000
2026-07-08 15:00:00,3845.447,3846.036,3844.198,3845.351,503467571,15734538240.0000
2026-07-09 09:35:00,3892.123,3902.961,3888.845,3890.573,1985922161,67055910912.0000
2026-07-09 09:40:00,3889.239,3915.756,3885.812,3910.876,1010122658,33858740224.0000
2026-07-09 09:45:00,3910.610,3913.598,3891.338,3891.706,871218722,27994767360.0000
2026-07-09 09:50:00,3892.719,3895.506,3866.660,3866.660,820450727,27726979072.0000
2026-07-09 09:55:00,3865.127,3881.244,3860.986,3874.943,829366331,25907937280.0000
2026-07-09 10:00:00,3874.679,3874.679,3853.575,3856.092,771144726,23383326720.0000
2026-07-09 10:05:00,3855.392,3860.876,3843.304,3856.727,646316050,19765493760.0000
2026-07-09 10:10:00,3855.695,3873.201,3848.177,3870.635,485723520,14982135808.0000
2026-07-09 10:15:00,3869.837,3880.705,3867.940,3872.652,391274577,13456408576.0000
2026-07-09 10:20:00,3869.147,3877.551,3864.389,3876.526,365289479,11456086016.0000
2026-07-09 10:25:00,3876.203,3882.727,3862.188,3865.717,361142888,11230674944.0000
2026-07-09 10:30:00,3866.204,3869.611,3853.904,3855.879,382874301,10575937536.0000
2026-07-09 10:35:00,3856.117,3857.871,3844.823,3845.688,443075218,11311316992.0000
2026-07-09 10:40:00,3845.425,3845.425,3835.199,3840.987,408769526,12624887808.0000
2026-07-09 10:45:00,3841.110,3851.827,3834.861,3843.190,380412717,10828775424.0000
2026-07-09 10:50:00,3843.101,3843.101,3827.006,3827.006,369086628,10843783168.0000
2026-07-09 10:55:00,3826.635,3839.173,3822.683,3839.173,354564440,11289559040.0000
2026-07-09 11:00:00,3838.234,3841.883,3826.069,3827.166,320423305,8232894464.0000
2026-07-09 11:05:00,3827.139,3833.845,3822.696,3828.518,341060652,9306963968.0000
2026-07-09 11:10:00,3828.806,3836.965,3818.009,3836.965,295954238,9223077888.0000
2026-07-09 11:15:00,3837.441,3838.377,3814.505,3818.831,292543024,8897265664.0000
2026-07-09 11:20:00,3820.334,3825.704,3812.655,3816.263,270435029,8381825024.0000
2026-07-09 11:25:00,3815.626,3840.998,3812.938,3840.648,252359352,8137801728.0000
2026-07-09 11:30:00,3840.663,3856.859,3840.132,3850.208,204743200,8477409280.0000
2026-07-09 13:05:00,3853.104,3869.731,3853.104,3867.013,333306612,13820362752.0000
2026-07-09 13:10:00,3865.413,3892.901,3864.051,3892.839,256201758,11819646976.0000
2026-07-09 13:15:00,3893.637,3907.317,3893.637,3903.734,294833327,13757546496.0000
2026-07-09 13:20:00,3902.690,3903.446,3885.339,3890.760,284700417,11970281472.0000
2026-07-09 13:25:00,3891.265,3896.535,3886.948,3896.512,221022795,9574055936.0000
2026-07-09 13:30:00,3896.639,3918.299,3894.691,3910.414,264073083,12519997440.0000
2026-07-09 13:35:00,3910.506,3911.000,3891.895,3904.344,229994281,10933174272.0000
2026-07-09 13:40:00,3906.372,3927.901,3906.232,3927.901,251437522,10823761920.0000
2026-07-09 13:45:00,3928.015,3947.043,3928.015,3947.043,300737781,14826176512.0000
2026-07-09 13:50:00,3947.436,3961.844,3947.436,3961.339,324299416,14754807808.0000
2026-07-09 13:55:00,3961.793,3979.836,3961.715,3975.594,344468450,15645933568.0000
2026-07-09 14:00:00,3973.985,3990.353,3973.985,3990.353,325639621,13367115776.0000
2026-07-09 14:05:00,3990.909,3994.570,3978.581,3987.414,382652284,14205321216.0000
2026-07-09 14:10:00,3987.796,3999.012,3985.885,3999.012,306427371,12129730560.0000
2026-07-09 14:15:00,3999.457,4005.854,3995.509,4005.854,330994616,12708544512.0000
2026-07-09 14:20:00,4005.975,4008.898,3983.874,3983.936,352901559,13939048448.0000
2026-07-09 14:25:00,3984.916,3994.795,3984.875,3993.555,273290917,11063984128.0000
2026-07-09 14:30:00,3993.602,4002.702,3993.602,4001.899,251215122,9479847936.0000
2026-07-09 14:35:00,4003.451,4004.482,4000.066,4004.381,314411654,10854793216.0000
2026-07-09 14:40:00,4004.626,4013.749,4004.626,4013.749,342867580,12003049472.0000
2026-07-09 14:45:00,4013.793,4022.741,4012.275,4022.741,404625931,13886554112.0000
2026-07-09 14:50:00,4023.010,4025.316,4022.104,4024.888,472832814,15975645184.0000
2026-07-09 14:55:00,4024.630,4024.630,4014.671,4018.153,611847473,19945684992.0000
2026-07-09 15:00:00,4018.450,4020.852,4017.839,4018.174,508757699,17094672384.0000
2026-07-10 09:35:00,4041.859,4048.405,4026.657,4027.842,2203613971,87677689856.0000
2026-07-10 09:40:00,4026.521,4046.645,4016.379,4045.949,1206070245,46932582400.0000
2026-07-10 09:45:00,4047.249,4055.438,4036.299,4048.323,1035936590,41531703296.0000
2026-07-10 09:50:00,4047.805,4053.604,4029.621,4046.925,972050561,34770501632.0000
2026-07-10 09:55:00,4046.747,4060.533,4044.406,4054.989,820901986,29941563392.0000
2026-07-10 10:00:00,4055.164,4055.164,4016.921,4017.015,878584039,31314198528.0000
2026-07-10 10:05:00,4018.553,4026.780,4005.804,4008.103,1081054247,35013771264.0000
2026-07-10 10:10:00,4008.102,4024.812,4008.102,4017.765,1019075070,28642050048.0000
2026-07-10 10:15:00,4018.887,4020.126,3998.375,4016.085,969091424,27264024576.0000
2026-07-10 10:20:00,4016.548,4027.237,4015.857,4022.130,758805635,20038746112.0000
2026-07-10 10:25:00,4023.135,4023.135,4011.077,4013.541,558717019,15857909760.0000
2026-07-10 10:30:00,4013.524,4028.724,4010.706,4018.233,480054219,15076327424.0000
2026-07-10 10:35:00,4017.102,4020.247,3987.992,3995.499,518952334,17528324096.0000
2026-07-10 10:40:00,3995.987,3996.874,3983.314,3994.796,445388680,14438432768.0000
2026-07-10 10:45:00,3995.320,4001.095,3990.813,3991.826,399855597,12881887232.0000
2026-07-10 10:50:00,3991.586,3991.586,3980.691,3989.460,378259040,13040779264.0000
2026-07-10 10:55:00,3989.873,3999.814,3988.224,3992.479,318531355,9725509632.0000
2026-07-10 11:00:00,3992.594,4011.863,3985.364,4003.891,306629237,10238656512.0000
2026-07-10 11:05:00,4004.776,4004.776,3986.525,3986.707,276765398,8910077952.0000
2026-07-10 11:10:00,3987.464,3999.017,3985.098,3998.848,247739503,8133509120.0000
2026-07-10 11:15:00,3998.765,4004.263,3991.760,3992.067,268697588,8084258816.0000
2026-07-10 11:20:00,3992.606,4000.912,3992.606,3996.512,207053533,6689751040.0000
2026-07-10 11:25:00,3995.975,3998.609,3985.840,3985.840,251780640,7587889152.0000
2026-07-10 11:30:00,3985.389,3991.981,3978.028,3991.976,253177403,9472507904.0000
2026-07-10 13:05:00,3991.828,3991.828,3967.578,3967.578,791037077,26363822080.0000
2026-07-10 13:10:00,3967.653,3979.993,3965.623,3978.807,393804462,13793165312.0000
2026-07-10 13:15:00,3979.026,3991.927,3979.026,3985.065,357111122,11147083776.0000
2026-07-10 13:20:00,3984.391,3994.263,3982.641,3990.820,350628268,11213406208.0000
2026-07-10 13:25:00,3990.860,3992.074,3983.262,3987.508,372897374,11693850624.0000
2026-07-10 13:30:00,3987.071,3987.344,3980.166,3986.646,347642833,11881611264.0000
2026-07-10 13:35:00,3986.299,3986.570,3969.639,3969.639,343895792,11046289408.0000
2026-07-10 13:40:00,3969.194,3970.315,3953.158,3953.158,400725540,12749766656.0000
2026-07-10 13:45:00,3952.048,3959.255,3944.646,3945.147,356190260,11443568640.0000
2026-07-10 13:50:00,3944.830,3944.830,3933.681,3937.251,389830331,13330284544.0000
2026-07-10 13:55:00,3937.352,3946.554,3934.861,3942.997,258202570,9237037056.0000
2026-07-10 14:00:00,3943.277,3943.277,3921.128,3921.128,280544171,9958653952.0000
2026-07-10 14:05:00,3920.624,3921.875,3909.108,3919.055,344888617,12550471680.0000
2026-07-10 14:10:00,3919.379,3919.379,3892.166,3894.476,327001295,12857704448.0000
2026-07-10 14:15:00,3893.973,3906.272,3891.298,3894.707,283203362,11157700608.0000
2026-07-10 14:20:00,3895.620,3915.554,3895.620,3915.554,251486414,9536012288.0000
2026-07-10 14:25:00,3915.424,3915.424,3896.456,3898.675,217813742,8599306240.0000
2026-07-10 14:30:00,3898.305,3898.305,3882.764,3882.764,237777057,9872670720.0000
2026-07-10 14:35:00,3881.893,3886.380,3870.909,3879.658,360729467,13611499520.0000
2026-07-10 14:40:00,3880.367,3881.235,3868.529,3872.405,296094562,11554390016.0000
2026-07-10 14:45:00,3871.233,3871.233,3855.364,3855.828,425536524,15802564608.0000
2026-07-10 14:50:00,3855.654,3870.618,3851.164,3851.532,453940886,15918039040.0000
2026-07-10 14:55:00,3851.561,3854.097,3846.568,3846.568,570366106,19574685696.0000
2026-07-10 15:00:00,3846.236,3846.236,3842.347,3842.731,557284452,18257084416.0000
2026-07-13 09:35:00,3809.858,3855.753,3809.781,3854.943,2576966024,82437226496.0000
2026-07-13 09:40:00,3853.595,3853.923,3821.928,3826.768,1482223136,47264129024.0000
2026-07-13 09:45:00,3825.452,3842.586,3811.536,3842.586,1157332791,34253299712.0000
2026-07-13 09:50:00,3843.163,3846.053,3803.491,3805.759,928407841,28627730432.0000
2026-07-13 09:55:00,3805.610,3814.141,3793.278,3795.861,863329194,26467598336.0000
2026-07-13 10:00:00,3795.935,3796.987,3777.361,3777.361,770169784,23328423936.0000
2026-07-13 10:05:00,3776.346,3797.179,3764.205,3793.268,839311644,24974295040.0000
2026-07-13 10:10:00,3793.470,3801.171,3776.468,3792.870,575129812,17170432000.0000
2026-07-13 10:15:00,3791.819,3817.382,3791.727,3816.586,459073501,14618329088.0000
2026-07-13 10:20:00,3816.912,3818.879,3799.214,3799.322,447097974,13384613888.0000
2026-07-13 10:25:00,3798.847,3816.055,3795.032,3816.055,412608006,12640649216.0000
2026-07-13 10:30:00,3816.516,3826.271,3804.858,3824.648,350874464,10836475904.0000
2026-07-13 10:35:00,3823.921,3832.561,3814.269,3815.223,397408503,11350540288.0000
2026-07-13 10:40:00,3816.122,3823.301,3794.321,3794.321,414871648,11765710848.0000
2026-07-13 10:45:00,3793.894,3798.265,3783.911,3784.778,357883140,11052449792.0000
2026-07-13 10:50:00,3783.805,3796.243,3783.498,3785.528,304916146,9412509696.0000
2026-07-13 10:55:00,3785.183,3792.310,3780.902,3789.674,258189194,7939424256.0000
2026-07-13 11:00:00,3790.888,3793.561,3780.005,3783.038,238054390,7104233472.0000
2026-07-13 11:05:00,3783.257,3783.879,3764.406,3764.676,276220921,8885305344.0000
2026-07-13 11:10:00,3764.240,3766.047,3754.932,3755.907,295943434,11125587968.0000
2026-07-13 11:15:00,3756.029,3757.462,3743.624,3748.444,303400289,11788779520.0000
2026-07-13 11:20:00,3747.000,3767.967,3747.000,3759.849,254440830,8681029632.0000
2026-07-13 11:25:00,3759.099,3763.979,3748.366,3757.483,232581816,7954497536.0000
2026-07-13 11:30:00,3758.232,3760.282,3748.786,3751.329,206444577,7240712192.0000
2026-07-13 13:05:00,3747.661,3750.231,3726.369,3749.448,421400878,15720710144.0000
2026-07-13 13:10:00,3748.397,3757.270,3737.979,3745.278,265659906,9172779008.0000
2026-07-13 13:15:00,3744.870,3754.130,3737.248,3737.410,245275943,8153825280.0000
2026-07-13 13:20:00,3737.344,3740.380,3722.563,3728.511,381443985,11743199232.0000
2026-07-13 13:25:00,3728.653,3729.372,3708.939,3710.532,324388437,11513823232.0000
2026-07-13 13:30:00,3710.554,3722.785,3709.957,3717.948,313289037,10335617024.0000
2026-07-13 13:35:00,3719.245,3769.992,3719.245,3769.490,352473181,11541479424.0000
2026-07-13 13:40:00,3769.759,3780.903,3756.942,3774.845,313224261,11024334848.0000
2026-07-13 13:45:00,3773.181,3781.350,3758.708,3763.604,255799414,8282669056.0000
2026-07-13 13:50:00,3763.470,3764.336,3740.477,3743.645,256973999,7281442816.0000
2026-07-13 13:55:00,3745.077,3772.298,3745.077,3759.030,210643783,7172390912.0000
2026-07-13 14:00:00,3759.155,3761.286,3745.891,3752.541,218556311,6732447744.0000
2026-07-13 14:05:00,3751.702,3753.601,3745.140,3750.852,217039916,6512705536.0000
2026-07-13 14:10:00,3750.956,3751.438,3727.106,3728.570,279829181,8170307584.0000
2026-07-13 14:15:00,3728.960,3734.438,3720.155,3720.668,250289374,7998144512.0000
2026-07-13 14:20:00,3720.362,3729.658,3719.937,3721.876,258972993,8234598400.0000
2026-07-13 14:25:00,3721.374,3722.591,3708.501,3709.518,242460176,8025538560.0000
2026-07-13 14:30:00,3709.745,3718.783,3708.289,3713.480,269746392,8868265984.0000
2026-07-13 14:35:00,3712.444,3712.444,3691.389,3702.159,403853054,12630949888.0000
2026-07-13 14:40:00,3702.406,3723.783,3702.406,3710.377,328466435,10324213760.0000
2026-07-13 14:45:00,3709.517,3716.376,3698.931,3715.414,363268773,11340873728.0000
2026-07-13 14:50:00,3715.137,3740.855,3715.137,3736.912,421667208,13330350080.0000
2026-07-13 14:55:00,3736.405,3736.405,3714.031,3714.047,503791983,14576910336.0000
2026-07-13 15:00:00,3714.026,3723.517,3714.026,3723.517,488123936,13979025408.0000
2026-07-14 09:35:00,3729.613,3751.942,3704.936,3704.936,1870258998,55695384576.0000
2026-07-14 09:40:00,3707.891,3738.560,3707.891,3708.780,1178188334,32331948032.0000
2026-07-14 09:45:00,3704.949,3719.381,3690.955,3716.971,1108766529,29706969088.0000
2026-07-14 09:50:00,3717.677,3719.626,3696.141,3716.686,816508553,23287455744.0000
2026-07-14 09:55:00,3717.111,3761.932,3716.351,3759.978,718049093,23131045888.0000
2026-07-14 10:00:00,3760.276,3760.777,3741.436,3746.391,497918313,17230282752.0000
2026-07-14 10:05:00,3744.930,3756.967,3740.467,3756.541,443470909,15068282880.0000
2026-07-14 10:10:00,3756.153,3759.007,3743.190,3744.760,453532908,14840201216.0000
2026-07-14 10:15:00,3743.864,3762.978,3738.842,3762.978,417047406,14252212224.0000
2026-07-14 10:20:00,3763.738,3784.839,3759.261,3784.772,386529052,14483849216.0000
2026-07-14 10:25:00,3785.651,3796.454,3771.320,3774.254,395123333,15394635776.0000
2026-07-14 10:30:00,3774.383,3774.383,3756.681,3764.647,338555686,12057395200.0000
2026-07-14 10:35:00,3764.587,3780.650,3755.738,3755.738,271614229,9747709952.0000
2026-07-14 10:40:00,3754.709,3754.709,3739.903,3748.795,302775515,10599530496.0000
2026-07-14 10:45:00,3749.013,3757.601,3742.059,3742.334,259117654,8342110208.0000
2026-07-14 10:50:00,3743.533,3746.590,3719.635,3719.663,367402302,11968970752.0000
2026-07-14 10:55:00,3719.127,3736.579,3715.911,3725.961,326642765,10784243712.0000
2026-07-14 11:00:00,3724.965,3731.587,3710.427,3712.597,254706296,9422831616.0000
2026-07-14 11:05:00,3713.323,3724.337,3710.587,3712.094,245972101,8008073216.0000
2026-07-14 11:10:00,3712.329,3716.252,3694.971,3698.172,268680841,10203136000.0000
2026-07-14 11:15:00,3698.856,3699.050,3678.445,3691.685,348099112,11630182400.0000
2026-07-14 11:20:00,3691.588,3704.652,3686.371,3690.769,248539791,8604385280.0000
2026-07-14 11:25:00,3690.763,3690.763,3673.959,3681.486,255965486,8470233088.0000
2026-07-14 11:30:00,3681.245,3713.287,3680.120,3712.742,222449452,7367786496.0000
2026-07-14 13:05:00,3737.954,3800.429,3737.954,3800.033,617960027,25895665664.0000
2026-07-14 13:10:00,3800.543,3824.133,3799.417,3823.622,486875418,18747588608.0000
2026-07-14 13:15:00,3824.269,3838.237,3814.658,3821.731,435395030,17920983040.0000
2026-07-14 13:20:00,3821.939,3830.145,3798.180,3799.204,315769380,12553486336.0000
2026-07-14 13:25:00,3801.236,3828.150,3801.236,3826.557,265701433,10709303296.0000
2026-07-14 13:30:00,3826.773,3835.288,3817.677,3835.032,331019409,12406259712.0000
2026-07-14 13:35:00,3834.945,3855.035,3834.945,3840.395,422694278,16266297344.0000
2026-07-14 13:40:00,3840.492,3847.214,3834.641,3840.695,279330005,11545214976.0000
2026-07-14 13:45:00,3839.927,3840.049,3817.977,3833.150,254096306,10084450304.0000
2026-07-14 13:50:00,3831.701,3831.701,3808.094,3815.518,230974758,8607268864.0000
2026-07-14 13:55:00,3814.889,3815.222,3793.340,3805.413,243111623,8379990016.0000
2026-07-14 14:00:00,3804.814,3818.048,3804.259,3809.661,192382810,7116226560.0000
2026-07-14 14:05:00,3809.557,3819.678,3808.550,3817.894,215093268,6713966592.0000
2026-07-14 14:10:00,3818.422,3828.865,3816.413,3817.920,196114477,6508937216.0000
2026-07-14 14:15:00,3817.419,3832.428,3817.419,3832.428,200096787,5999034368.0000
2026-07-14 14:20:00,3830.948,3830.948,3819.757,3819.757,216795013,6723338240.0000
2026-07-14 14:25:00,3818.179,3818.179,3808.524,3812.995,225253501,6642204672.0000
2026-07-14 14:30:00,3813.352,3820.659,3812.525,3820.659,231009018,6517489664.0000
2026-07-14 14:35:00,3820.576,3841.911,3820.112,3839.997,303005253,9467396096.0000
2026-07-14 14:40:00,3839.521,3847.710,3837.680,3847.440,279805388,9535881216.0000
2026-07-14 14:45:00,3848.118,3848.421,3839.162,3841.933,339009715,10874388480.0000
2026-07-14 14:50:00,3842.067,3849.645,3841.895,3848.896,365951812,11949572096.0000
2026-07-14 14:55:00,3848.338,3848.338,3844.101,3847.226,479189555,14643101696.0000
2026-07-14 15:00:00,3847.297,3851.137,3847.063,3851.137,492102825,14832631808.0000
2026-07-15 09:35:00,3879.766,3879.766,3851.692,3852.367,2099595384,71373570048.0000
2026-07-15 09:40:00,3853.102,3854.089,3837.680,3843.106,1354072379,42200023040.0000
2026-07-15 09:45:00,3841.956,3860.570,3815.936,3859.209,1097270752,34095398912.0000
2026-07-15 09:50:00,3856.694,3882.908,3855.821,3873.260,907677534,26633109504.0000
2026-07-15 09:55:00,3875.135,3878.879,3851.628,3855.244,772285546,21171929088.0000
2026-07-15 10:00:00,3854.935,3871.168,3848.058,3864.217,632839038,17333780480.0000
2026-07-15 10:05:00,3862.619,3882.701,3860.734,3877.130,597918275,16270229504.0000
2026-07-15 10:10:00,3875.430,3875.430,3853.205,3853.205,513121310,15035744256.0000
2026-07-15 10:15:00,3852.689,3858.760,3842.535,3858.760,528449307,14259273728.0000
2026-07-15 10:20:00,3858.205,3874.718,3857.992,3865.829,385132176,11619188736.0000
2026-07-15 10:25:00,3866.408,3890.682,3866.408,3890.682,373160258,12178997248.0000
2026-07-15 10:30:00,3890.910,3897.593,3878.052,3896.170,323199654,10893033472.0000
2026-07-15 10:35:00,3896.096,3905.311,3878.546,3887.370,352334078,11828068352.0000
2026-07-15 10:40:00,3886.532,3886.615,3870.500,3871.492,351228355,10457841664.0000
2026-07-15 10:45:00,3871.494,3877.244,3861.483,3866.738,321909925,9465888768.0000
2026-07-15 10:50:00,3867.601,3877.709,3860.467,3860.467,284701153,8326250496.0000
2026-07-15 10:55:00,3860.025,3860.025,3845.640,3847.566,302956716,9596370944.0000
2026-07-15 11:00:00,3847.848,3854.562,3845.577,3846.889,243305716,6939049984.0000
2026-07-15 11:05:00,3846.440,3846.440,3837.958,3839.948,284674075,8265596928.0000
2026-07-15 11:10:00,3840.266,3848.981,3833.804,3848.981,262283204,7751925760.0000
2026-07-15 11:15:00,3848.108,3855.801,3841.657,3855.385,229107646,6407290880.0000
2026-07-15 11:20:00,3855.421,3857.089,3830.305,3831.487,229947734,7020642304.0000
2026-07-15 11:25:00,3830.896,3830.995,3821.383,3823.013,234852469,7921172480.0000
2026-07-15 11:30:00,3823.416,3837.534,3821.453,3837.234,224562191,6536462336.0000
2026-07-15 13:05:00,3839.011,3841.971,3823.859,3824.270,445553634,12393480192.0000
2026-07-15 13:10:00,3823.566,3825.273,3810.071,3816.573,321192546,9385246720.0000
2026-07-15 13:15:00,3816.043,3817.994,3804.401,3812.125,334731045,9796550656.0000
2026-07-15 13:20:00,3812.206,3842.056,3812.206,3840.638,268483015,8146616320.0000
2026-07-15 13:25:00,3840.324,3844.623,3826.897,3841.699,216780670,6736838656.0000
2026-07-15 13:30:00,3842.286,3862.007,3842.286,3855.868,258434866,8425308160.0000
2026-07-15 13:35:00,3856.043,3862.477,3844.193,3844.193,228020870,7221837824.0000
2026-07-15 13:40:00,3844.675,3851.736,3837.365,3845.780,246346692,6667141120.0000
2026-07-15 13:45:00,3847.345,3862.390,3847.345,3856.573,251789304,7480082432.0000
2026-07-15 13:50:00,3857.161,3857.161,3831.927,3832.894,278709161,7967342592.0000
2026-07-15 13:55:00,3832.926,3842.202,3832.334,3840.565,226219889,6108250112.0000
2026-07-15 14:00:00,3839.193,3839.193,3824.115,3826.633,195050371,5605687296.0000
2026-07-15 14:05:00,3826.837,3827.081,3817.802,3820.468,242411557,6796279808.0000
2026-07-15 14:10:00,3821.071,3821.459,3814.929,3814.929,206098249,5729681408.0000
2026-07-15 14:15:00,3814.927,3822.938,3810.360,3820.056,213631697,6337658880.0000
2026-07-15 14:20:00,3818.507,3825.283,3813.807,3813.883,194077002,5559091200.0000
2026-07-15 14:25:00,3814.072,3814.102,3806.537,3807.763,225999585,6994690048.0000
2026-07-15 14:30:00,3808.440,3818.418,3808.440,3809.733,245112268,6955433984.0000
2026-07-15 14:35:00,3809.468,3810.997,3795.733,3797.301,299196105,9749987328.0000
2026-07-15 14:40:00,3796.864,3804.267,3794.344,3798.484,257431231,8841199616.0000
2026-07-15 14:45:00,3797.295,3811.800,3795.595,3811.800,326864789,9955475456.0000
2026-07-15 14:50:00,3812.130,3816.761,3798.942,3801.867,380217481,10865803264.0000
2026-07-15 14:55:00,3802.058,3811.638,3800.919,3804.853,483251325,13189906432.0000
2026-07-15 15:00:00,3804.687,3806.323,3803.013,3804.704,473088097,12353339392.0000
2026-07-16 09:35:00,3710.507,3717.666,3671.638,3674.610,2279078270,69923069952.0000
2026-07-16 09:40:00,3677.023,3728.240,3677.023,3721.876,1291125522,37346189312.0000
2026-07-16 09:45:00,3719.616,3740.128,3718.865,3738.886,1005449202,27407392768.0000
2026-07-16 09:50:00,3738.242,3763.767,3738.242,3760.952,700985890,20027285504.0000
2026-07-16 09:55:00,3759.873,3763.821,3742.188,3754.016,597107941,16342581248.0000
2026-07-16 10:00:00,3754.751,3785.839,3754.751,3777.926,584229731,16369975296.0000
2026-07-16 10:05:00,3777.332,3777.332,3759.428,3759.869,517793295,14352859136.0000
2026-07-16 10:10:00,3759.493,3789.502,3758.361,3789.502,439817101,12246745088.0000
2026-07-16 10:15:00,3788.943,3790.774,3773.419,3776.033,401060611,10951294976.0000
2026-07-16 10:20:00,3778.454,3796.346,3778.454,3785.971,361457013,10884956160.0000
2026-07-16 10:25:00,3785.172,3788.708,3766.835,3771.798,403137975,10869784576.0000
2026-07-16 10:30:00,3772.572,3780.089,3764.538,3774.859,478364463,11694505984.0000
2026-07-16 10:35:00,3774.309,3774.406,3758.826,3766.657,439738553,12279922688.0000
2026-07-16 10:40:00,3767.446,3768.593,3754.633,3754.633,388570546,10893574144.0000
2026-07-16 10:45:00,3754.600,3781.113,3750.571,3780.805,373231415,10535960576.0000
2026-07-16 10:50:00,3781.694,3785.116,3770.738,3778.799,311410365,8659468288.0000
2026-07-16 10:55:00,3779.834,3786.824,3772.000,3774.268,257296024,7326040064.0000
2026-07-16 11:00:00,3773.529,3777.313,3767.181,3770.483,205082098,5614632960.0000
2026-07-16 11:05:00,3769.810,3774.478,3755.762,3755.822,204564630,5979865088.0000
2026-07-16 11:10:00,3755.667,3765.720,3752.581,3757.732,206053323,6193840128.0000
2026-07-16 11:15:00,3758.860,3759.843,3741.994,3742.057,189376716,6249578496.0000
2026-07-16 11:20:00,3741.650,3746.395,3726.718,3727.104,213606717,7105314816.0000
2026-07-16 11:25:00,3727.009,3729.396,3713.780,3713.907,208577759,8448114688.0000
2026-07-16 11:30:00,3716.474,3739.993,3716.474,3738.958,169351327,5735186432.0000
2026-07-16 13:05:00,3744.853,3746.977,3730.010,3746.977,340747653,9747922944.0000
2026-07-16 13:10:00,3746.849,3750.102,3732.508,3732.508,253471378,6800703488.0000
2026-07-16 13:15:00,3731.858,3743.814,3726.067,3743.025,263080929,7333380096.0000
2026-07-16 13:20:00,3743.086,3757.378,3735.050,3755.653,240322737,7245004800.0000
2026-07-16 13:25:00,3755.440,3764.003,3737.580,3737.580,234481378,6476726272.0000
2026-07-16 13:30:00,3736.916,3736.916,3723.395,3723.395,282231697,7755431936.0000
2026-07-16 13:35:00,3722.399,3725.461,3714.185,3724.537,321775055,9502883840.0000
2026-07-16 13:40:00,3722.938,3722.938,3706.438,3715.495,325959801,9194602496.0000
2026-07-16 13:45:00,3714.684,3719.357,3708.609,3716.502,303301334,8303869952.0000
2026-07-16 13:50:00,3716.302,3716.947,3702.672,3703.566,307141079,8827994112.0000
2026-07-16 13:55:00,3703.329,3718.341,3703.323,3704.669,301451360,8556118016.0000
2026-07-16 14:00:00,3704.571,3708.071,3702.340,3705.400,223183567,6855557120.0000
2026-07-16 14:05:00,3705.465,3713.057,3701.052,3706.925,281257394,7799767040.0000
2026-07-16 14:10:00,3708.088,3723.587,3704.897,3704.897,229226629,7173636096.0000
2026-07-16 14:15:00,3704.631,3708.802,3696.048,3696.048,233477654,7135428608.0000
2026-07-16 14:20:00,3696.177,3696.333,3689.781,3689.868,238214970,8062828544.0000
2026-07-16 14:25:00,3689.623,3698.295,3686.109,3690.906,282871347,9337864192.0000
2026-07-16 14:30:00,3690.867,3694.951,3685.267,3688.187,241877473,7817396224.0000
2026-07-16 14:35:00,3686.866,3691.345,3678.320,3678.337,378209153,10320379904.0000
2026-07-16 14:40:00,3677.448,3680.133,3665.794,3673.904,393829482,12760317952.0000
2026-07-16 14:45:00,3674.441,3681.794,3669.360,3672.008,407602923,12446236672.0000
2026-07-16 14:50:00,3671.695,3672.885,3659.132,3659.132,454072680,14160560128.0000
2026-07-16 14:55:00,3658.745,3679.805,3658.068,3679.656,579280013,17070456832.0000
2026-07-16 15:00:00,3680.316,3692.457,3680.316,3692.457,502122118,13296009216.0000
2026-07-17 09:35:00,3642.057,3642.057,3532.049,3539.866,2227405899,71989493760.0000
2026-07-17 09:40:00,3541.373,3590.972,3540.880,3585.119,1461449298,46294048768.0000
2026-07-17 09:45:00,3581.856,3593.712,3572.587,3572.587,1084291061,29139984384.0000
2026-07-17 09:50:00,3570.383,3581.360,3546.891,3581.029,1068315433,28110946304.0000
2026-07-17 09:55:00,3578.232,3599.892,3568.356,3595.293,780773846,21405450240.0000
2026-07-17 10:00:00,3591.507,3602.969,3583.997,3585.936,609253487,16720134144.0000
2026-07-17 10:05:00,3585.824,3592.320,3566.186,3591.483,630318586,16291168256.0000
2026-07-17 10:10:00,3590.900,3590.900,3562.484,3562.484,492060907,12212453376.0000
2026-07-17 10:15:00,3562.293,3565.670,3548.830,3560.200,500825771,12667092992.0000
2026-07-17 10:20:00,3559.081,3572.776,3551.820,3557.288,366933411,9770663936.0000
2026-07-17 10:25:00,3556.992,3556.992,3543.183,3554.963,349338003,9588260864.0000
2026-07-17 10:30:00,3554.010,3554.095,3531.669,3536.484,357363404,10192863232.0000
2026-07-17 10:35:00,3536.134,3537.132,3528.736,3532.564,486404738,12397084672.0000
2026-07-17 10:40:00,3532.365,3532.436,3517.000,3528.791,463000746,13864665088.0000
2026-07-17 10:45:00,3528.712,3535.040,3505.274,3505.274,381313604,11744804864.0000
2026-07-17 10:50:00,3505.163,3517.607,3488.740,3491.462,447087110,13418004480.0000
2026-07-17 10:55:00,3494.675,3502.726,3487.991,3492.708,326977051,10921639936.0000
2026-07-17 11:00:00,3496.841,3531.674,3496.841,3526.896,276658700,9195094016.0000
2026-07-17 11:05:00,3527.593,3558.224,3526.939,3558.224,315747654,10280140800.0000
2026-07-17 11:10:00,3558.237,3559.535,3536.643,3537.032,267201180,8444280832.0000
2026-07-17 11:15:00,3536.418,3537.576,3520.489,3535.659,235299184,7092404224.0000
2026-07-17 11:20:00,3535.881,3542.140,3517.861,3519.213,239837759,7657521152.0000
2026-07-17 11:25:00,3519.494,3523.621,3513.111,3517.006,225784140,6863552512.0000
2026-07-17 11:30:00,3518.294,3527.634,3516.175,3518.645,211394024,6629556224.0000
2026-07-17 13:05:00,3512.571,3512.571,3491.960,3493.405,457716616,13450870784.0000
2026-07-17 13:10:00,3494.356,3495.558,3477.302,3489.117,352487173,11287953408.0000
2026-07-17 13:15:00,3491.054,3499.857,3471.103,3472.644,368112394,11574542336.0000
2026-07-17 13:20:00,3473.252,3477.723,3460.273,3460.273,341222663,11112218624.0000
2026-07-17 13:25:00,3460.351,3462.061,3451.873,3454.182,410260301,12396691456.0000
2026-07-17 13:30:00,3453.990,3485.578,3449.548,3469.565,379090241,10883891200.0000
2026-07-17 13:35:00,3469.810,3472.297,3439.303,3439.614,328844988,10605821952.0000
2026-07-17 13:40:00,3438.467,3438.467,3412.283,3412.473,499636506,14509735936.0000
2026-07-17 13:45:00,3412.351,3420.593,3392.820,3392.827,504978477,15553200128.0000
2026-07-17 13:50:00,3392.762,3436.866,3387.259,3436.866,527431393,16324427776.0000
2026-07-17 13:55:00,3436.906,3443.572,3420.088,3429.822,364090312,10465673216.0000
2026-07-17 14:00:00,3428.805,3480.001,3424.849,3480.001,356066497,10396794880.0000
2026-07-17 14:05:00,3480.304,3523.538,3480.304,3506.815,474636702,14430633984.0000
2026-07-17 14:10:00,3505.742,3520.673,3489.696,3517.693,319863310,9716760576.0000
2026-07-17 14:15:00,3517.721,3551.680,3517.548,3548.347,337200743,11304632320.0000
2026-07-17 14:20:00,3547.508,3548.196,3511.760,3511.760,271745856,8769110016.0000
2026-07-17 14:25:00,3510.942,3532.022,3506.717,3520.410,228460438,7340425216.0000
2026-07-17 14:30:00,3521.366,3534.254,3511.054,3511.054,217970236,7010123776.0000
2026-07-17 14:35:00,3512.101,3518.184,3506.387,3516.822,249687637,7917404160.0000
2026-07-17 14:40:00,3515.853,3515.853,3480.550,3481.191,293311300,8982298624.0000
2026-07-17 14:45:00,3480.810,3482.526,3468.343,3470.358,357584212,10709434368.0000
2026-07-17 14:50:00,3469.711,3469.711,3452.665,3453.454,441080919,12695306240.0000
2026-07-17 14:55:00,3451.428,3452.362,3426.698,3428.084,600942145,17099456512.0000
2026-07-17 15:00:00,3428.108,3440.255,3428.108,3428.630,534668250,15174991872.0000
2026-07-20 09:35:00,3504.116,3534.650,3496.192,3534.650,2596881900,79688138752.0000
2026-07-20 09:40:00,3534.242,3550.594,3531.502,3539.334,1273927006,37697921024.0000
2026-07-20 09:45:00,3538.489,3547.560,3513.656,3523.988,1067903840,31612542976.0000
2026-07-20 09:50:00,3523.434,3523.434,3489.561,3490.478,812123511,23609229312.0000
2026-07-20 09:55:00,3489.664,3490.465,3463.176,3463.176,813952483,25131532288.0000
2026-07-20 10:00:00,3464.235,3510.413,3464.235,3503.944,674737235,19458310144.0000
2026-07-20 10:05:00,3503.922,3527.497,3496.174,3526.855,570747530,15427796992.0000
2026-07-20 10:10:00,3524.490,3524.490,3491.566,3493.832,480486228,14225752064.0000
2026-07-20 10:15:00,3494.606,3494.606,3470.181,3470.898,481345873,16203350016.0000
2026-07-20 10:20:00,3470.630,3470.824,3450.315,3466.721,530663863,16729522176.0000
2026-07-20 10:25:00,3467.940,3469.649,3441.288,3449.034,502878563,14512848896.0000
2026-07-20 10:30:00,3449.730,3458.812,3433.136,3433.136,389400613,11127914496.0000
2026-07-20 10:35:00,3431.298,3442.617,3421.039,3424.265,556537697,15955132416.0000
2026-07-20 10:40:00,3423.904,3446.975,3414.874,3442.388,471189154,13912178688.0000
2026-07-20 10:45:00,3441.952,3462.096,3440.727,3461.869,289393623,8902770688.0000
2026-07-20 10:50:00,3462.727,3483.672,3462.407,3483.430,339894750,9781706752.0000
2026-07-20 10:55:00,3483.578,3485.159,3468.918,3468.918,260238589,7375781888.0000
2026-07-20 11:00:00,3468.832,3498.814,3468.832,3498.660,213238848,6759972864.0000
2026-07-20 11:05:00,3499.133,3518.732,3498.793,3518.732,283627548,9293692928.0000
2026-07-20 11:10:00,3519.675,3519.675,3500.781,3503.384,215016918,7672659968.0000
2026-07-20 11:15:00,3503.708,3513.176,3496.376,3496.914,172166289,5975900160.0000
2026-07-20 11:20:00,3497.044,3501.634,3478.326,3478.326,188622797,5244157952.0000
2026-07-20 11:25:00,3477.678,3479.137,3464.568,3473.804,178757696,5238161408.0000
2026-07-20 11:30:00,3474.113,3478.903,3465.976,3467.323,176934318,4915527680.0000
2026-07-20 13:05:00,3470.745,3477.507,3450.174,3462.996,420136627,10604904448.0000
2026-07-20 13:10:00,3462.893,3462.893,3450.796,3457.472,287378429,7271219200.0000
2026-07-20 13:15:00,3458.604,3461.431,3443.505,3443.508,307962767,7805861888.0000
2026-07-20 13:20:00,3442.719,3448.275,3430.480,3444.686,366123536,9118908416.0000
2026-07-20 13:25:00,3442.561,3443.400,3429.326,3429.473,317362087,7707721728.0000
2026-07-20 13:30:00,3429.241,3433.089,3418.439,3418.558,358372362,9839837184.0000
2026-07-20 13:35:00,3418.484,3424.860,3408.031,3409.893,464690824,12743737344.0000
2026-07-20 13:40:00,3410.571,3418.025,3392.913,3392.913,553675647,13352435712.0000
2026-07-20 13:45:00,3393.002,3414.771,3388.756,3388.862,508936960,12235538432.0000
2026-07-20 13:50:00,3388.250,3412.373,3378.126,3402.406,598283016,14388494336.0000
2026-07-20 13:55:00,3403.817,3415.857,3379.018,3380.061,353381863,9274130432.0000
2026-07-20 14:00:00,3379.584,3388.603,3375.597,3385.814,414565361,9993715712.0000
2026-07-20 14:05:00,3386.216,3430.868,3382.252,3430.369,405856626,10887659520.0000
2026-07-20 14:10:00,3429.109,3433.793,3395.594,3395.594,323108072,8556773376.0000
2026-07-20 14:15:00,3394.924,3407.278,3389.325,3395.064,288885542,8080850944.0000
2026-07-20 14:20:00,3393.992,3397.142,3383.593,3387.755,262144409,6893207552.0000
2026-07-20 14:25:00,3388.496,3396.543,3367.038,3367.038,342630887,8602517504.0000
2026-07-20 14:30:00,3366.623,3389.247,3366.305,3368.680,396770502,10713563136.0000
2026-07-20 14:35:00,3368.173,3370.711,3338.213,3348.665,550580625,15120007168.0000
2026-07-20 14:40:00,3348.714,3358.798,3343.072,3354.777,528233926,14441775104.0000
2026-07-20 14:45:00,3353.649,3418.179,3353.395,3409.324,544770393,15414001664.0000
2026-07-20 14:50:00,3411.656,3428.570,3408.769,3428.570,500004286,13827112960.0000
2026-07-20 14:55:00,3429.163,3454.197,3429.163,3445.008,598400114,16438788096.0000
2026-07-20 15:00:00,3446.251,3447.172,3440.786,3443.101,484488196,11439570944.0000
2026-07-21 09:35:00,3469.223,3478.759,3451.431,3473.057,2317398100,60256088064.0000
2026-07-21 09:40:00,3475.175,3507.982,3466.301,3497.000,1399469212,35750621184.0000
2026-07-21 09:45:00,3495.961,3503.330,3484.892,3486.033,1193527578,29696819200.0000
2026-07-21 09:50:00,3485.391,3492.020,3467.856,3469.172,1027662238,25623502848.0000
2026-07-21 09:55:00,3467.856,3467.856,3442.816,3444.749,999788119,25882886144.0000
2026-07-21 10:00:00,3445.072,3451.364,3421.960,3431.028,1067850914,25566838784.0000
2026-07-21 10:05:00,3430.184,3430.184,3398.377,3399.542,1088893423,26792656896.0000
2026-07-21 10:10:00,3399.301,3417.667,3376.210,3376.210,982746300,23957848064.0000
2026-07-21 10:15:00,3375.246,3407.120,3373.040,3407.120,890355669,22983671808.0000
2026-07-21 10:20:00,3408.369,3418.793,3393.921,3396.922,515946136,13631062016.0000
2026-07-21 10:25:00,3396.835,3453.721,3396.835,3451.744,565252502,15555428352.0000
2026-07-21 10:30:00,3452.656,3464.305,3442.430,3459.649,461691246,13231489024.0000
2026-07-21 10:35:00,3460.197,3486.113,3460.197,3477.901,519101933,14992113664.0000
2026-07-21 10:40:00,3476.899,3501.714,3473.598,3501.714,491410116,15582756864.0000
2026-07-21 10:45:00,3502.765,3502.765,3473.954,3478.122,410635084,12243959808.0000
2026-07-21 10:50:00,3479.594,3526.750,3479.594,3526.380,424392881,13120438272.0000
2026-07-21 10:55:00,3526.126,3535.939,3513.150,3535.939,402213958,14808023040.0000
2026-07-21 11:00:00,3536.587,3553.759,3535.714,3547.903,458918408,15682404352.0000
2026-07-21 11:05:00,3547.512,3581.751,3545.459,3580.687,541608355,17559748608.0000
2026-07-21 11:10:00,3580.075,3608.541,3580.075,3595.833,653441918,22070919168.0000
2026-07-21 11:15:00,3595.450,3595.570,3569.415,3575.014,473806837,15618932736.0000
2026-07-21 11:20:00,3576.606,3595.918,3574.163,3577.197,340622764,10602610688.0000
2026-07-21 11:25:00,3577.632,3599.956,3570.192,3599.804,285067864,8791556096.0000
2026-07-21 11:30:00,3598.172,3623.418,3597.865,3622.268,318810613,12098174976.0000
2026-07-21 13:05:00,3626.814,3655.786,3626.814,3647.181,721961844,25998491648.0000
2026-07-21 13:10:00,3649.749,3651.432,3624.908,3631.773,494495659,15390801920.0000
2026-07-21 13:15:00,3632.958,3642.160,3620.630,3621.271,374779645,12206505984.0000
2026-07-21 13:20:00,3621.584,3621.584,3601.736,3604.788,425825655,13085343744.0000
2026-07-21 13:25:00,3603.596,3604.454,3588.980,3601.846,312566801,9921167360.0000
2026-07-21 13:30:00,3600.954,3620.852,3600.171,3618.373,229172953,7641497600.0000
2026-07-21 13:35:00,3618.001,3630.475,3605.369,3606.177,288447080,8144289792.0000
2026-07-21 13:40:00,3605.432,3622.527,3605.370,3622.527,222752525,6754009088.0000
2026-07-21 13:45:00,3622.639,3630.957,3620.734,3627.568,199897520,6655049728.0000
2026-07-21 13:50:00,3627.420,3638.701,3624.564,3638.701,210611722,6839992320.0000
2026-07-21 13:55:00,3640.128,3651.713,3636.871,3651.713,222811026,8394964992.0000
2026-07-21 14:00:00,3651.241,3656.375,3631.577,3631.908,243108870,8175747072.0000
2026-07-21 14:05:00,3632.399,3657.701,3632.399,3657.511,257279532,7980777472.0000
2026-07-21 14:10:00,3657.534,3663.964,3653.289,3661.917,248551214,8431140864.0000
2026-07-21 14:15:00,3662.103,3665.362,3650.840,3664.509,251659165,8121155584.0000
2026-07-21 14:20:00,3664.435,3673.832,3664.239,3670.738,246806072,8655142912.0000
2026-07-21 14:25:00,3670.855,3670.860,3663.892,3667.632,265206761,8273395712.0000
2026-07-21 14:30:00,3667.664,3669.253,3650.058,3657.452,302920883,8706195456.0000
2026-07-21 14:35:00,3657.317,3669.556,3657.317,3669.483,328115779,9190768640.0000
2026-07-21 14:40:00,3670.000,3673.487,3669.425,3673.487,329730176,9672327168.0000
2026-07-21 14:45:00,3673.625,3684.881,3673.349,3684.772,372581319,10917773312.0000
2026-07-21 14:50:00,3684.459,3684.561,3674.242,3677.850,432888614,12121276416.0000
2026-07-21 14:55:00,3677.877,3684.501,3677.796,3684.331,531555051,14149222400.0000
2026-07-21 15:00:00,3684.311,3687.147,3684.311,3685.968,547902531,14047903744.0000
2026-07-22 09:35:00,3644.976,3685.504,3643.513,3685.504,2304013272,76363096064.0000
2026-07-22 09:40:00,3684.744,3694.900,3664.327,3667.584,1343368999,43152785408.0000
2026-07-22 09:45:00,3667.375,3673.642,3651.173,3672.991,1193943518,35810926592.0000
2026-07-22 09:50:00,3673.935,3684.215,3668.942,3668.942,772544367,24975720448.0000
2026-07-22 09:55:00,3670.064,3680.913,3643.670,3643.670,825567773,25548242944.0000
2026-07-22 10:00:00,3643.651,3675.362,3641.543,3675.362,685467654,21934571520.0000
2026-07-22 10:05:00,3675.966,3676.803,3654.588,3667.103,562979644,16694673408.0000
2026-07-22 10:10:00,3665.165,3670.883,3654.292,3663.208,525388621,15906570240.0000
2026-07-22 10:15:00,3663.259,3670.668,3659.122,3659.122,526277630,14199668736.0000
2026-07-22 10:20:00,3659.472,3676.995,3659.472,3675.608,490384090,14935605248.0000
2026-07-22 10:25:00,3675.766,3682.073,3664.888,3670.163,454829889,15126364160.0000
2026-07-22 10:30:00,3670.804,3679.841,3669.002,3678.553,333179320,10739548160.0000
2026-07-22 10:35:00,3679.167,3679.167,3655.488,3655.852,413000422,14977499136.0000
2026-07-22 10:40:00,3656.269,3658.068,3641.010,3648.413,381199056,13261307904.0000
2026-07-22 10:45:00,3648.300,3651.728,3632.338,3644.850,478395642,13718913024.0000
2026-07-22 10:50:00,3645.589,3653.664,3638.855,3653.664,292030500,9279766528.0000
2026-07-22 10:55:00,3653.611,3671.957,3651.201,3670.072,256438619,8469577728.0000
2026-07-22 11:00:00,3669.318,3669.318,3652.535,3657.509,241491472,7112785920.0000
2026-07-22 11:05:00,3657.141,3657.141,3639.237,3642.361,400993283,9342648320.0000
2026-07-22 11:10:00,3642.147,3648.928,3634.847,3648.135,314950427,8652718080.0000
2026-07-22 11:15:00,3647.954,3659.747,3646.710,3656.630,251337480,7281311744.0000
2026-07-22 11:20:00,3657.222,3664.623,3651.530,3660.375,232236722,6972080128.0000
2026-07-22 11:25:00,3660.629,3671.661,3659.451,3667.898,251740851,7206862848.0000
2026-07-22 11:30:00,3667.902,3682.448,3667.610,3681.195,232472542,7617085440.0000
2026-07-22 13:05:00,3679.119,3679.119,3646.089,3646.089,442494901,13636927488.0000
2026-07-22 13:10:00,3645.139,3654.606,3642.441,3644.885,239547199,7208206336.0000
2026-07-22 13:15:00,3644.316,3644.647,3632.755,3640.226,217256380,7321419776.0000
2026-07-22 13:20:00,3639.973,3639.973,3620.705,3633.722,267243175,9022898176.0000
2026-07-22 13:25:00,3632.328,3632.328,3616.381,3618.807,264858141,8978366464.0000
2026-07-22 13:30:00,3619.603,3620.322,3605.346,3608.178,306320649,11177230336.0000
2026-07-22 13:35:00,3607.098,3612.630,3597.170,3612.450,314161598,10670768128.0000
2026-07-22 13:40:00,3613.229,3623.445,3605.401,3607.668,261396494,8015904768.0000
2026-07-22 13:45:00,3607.074,3617.724,3604.915,3616.053,205261325,6342541312.0000
2026-07-22 13:50:00,3615.640,3623.950,3613.122,3615.326,179662665,5676662784.0000
2026-07-22 13:55:00,3614.484,3614.484,3600.210,3600.210,198102345,5880053760.0000
2026-07-22 14:00:00,3599.884,3599.884,3583.828,3587.713,273527136,9064710144.0000
2026-07-22 14:05:00,3588.313,3595.261,3578.388,3578.388,261455505,8488910848.0000
2026-07-22 14:10:00,3577.741,3577.741,3566.768,3567.511,343482877,10216407040.0000
2026-07-22 14:15:00,3566.482,3566.482,3553.367,3561.475,280308527,10564730880.0000
2026-07-22 14:20:00,3561.757,3586.389,3559.648,3578.787,236027181,8205762560.0000
2026-07-22 14:25:00,3579.114,3598.640,3578.641,3593.400,238999829,7356153856.0000
2026-07-22 14:30:00,3593.184,3593.184,3572.139,3572.139,211300521,5728370688.0000
2026-07-22 14:35:00,3571.153,3589.206,3568.771,3577.208,304597388,7667646464.0000
2026-07-22 14:40:00,3577.940,3578.032,3564.569,3568.257,232315818,6751846400.0000
2026-07-22 14:45:00,3568.294,3577.327,3564.922,3570.841,285987633,8127184896.0000
2026-07-22 14:50:00,3570.247,3570.286,3562.744,3562.780,338544280,9778888704.0000
2026-07-22 14:55:00,3562.444,3571.214,3562.444,3566.011,464252605,12508266496.0000
2026-07-22 15:00:00,3565.726,3567.008,3564.556,3566.732,452055889,12123439104.0000
2026-07-23 09:35:00,3596.735,3607.241,3572.309,3595.680,1756601252,55656030208.0000
2026-07-23 09:40:00,3596.883,3611.238,3587.071,3587.071,1075347810,32342360064.0000
2026-07-23 09:45:00,3584.221,3593.642,3562.867,3591.513,779501371,25111355392.0000
2026-07-23 09:50:00,3593.301,3599.757,3584.471,3597.709,764675746,21267316736.0000
2026-07-23 09:55:00,3597.320,3619.410,3588.824,3619.406,671364509,20394295296.0000
2026-07-23 10:00:00,3617.982,3621.728,3594.038,3594.038,553825218,17016733696.0000
2026-07-23 10:05:00,3592.556,3592.934,3569.135,3579.158,616649980,17943904256.0000
2026-07-23 10:10:00,3579.570,3589.459,3573.202,3583.293,504545363,14290223104.0000
2026-07-23 10:15:00,3582.795,3593.140,3579.520,3580.461,366129674,11569807360.0000
2026-07-23 10:20:00,3580.421,3583.747,3568.042,3574.556,428207260,12282642432.0000
2026-07-23 10:25:00,3574.590,3588.356,3567.695,3569.776,385033295,11038359552.0000
2026-07-23 10:30:00,3569.292,3569.292,3553.137,3562.843,397711420,12672483328.0000
2026-07-23 10:35:00,3563.103,3575.863,3561.617,3562.571,271477356,8243200000.0000
2026-07-23 10:40:00,3562.059,3577.525,3561.097,3565.708,248686717,7547863040.0000
2026-07-23 10:45:00,3566.006,3580.665,3565.768,3567.649,257761400,7652327424.0000
2026-07-23 10:50:00,3566.865,3573.487,3559.113,3561.795,280266099,9243918336.0000
2026-07-23 10:55:00,3561.538,3574.636,3560.509,3562.857,259210086,7951581184.0000
2026-07-23 11:00:00,3562.524,3567.646,3556.024,3563.945,232189786,8048377856.0000
2026-07-23 11:05:00,3563.186,3567.186,3548.250,3549.822,295077898,8297447424.0000
2026-07-23 11:10:00,3549.782,3550.214,3538.106,3542.645,282547430,8507654144.0000
2026-07-23 11:15:00,3543.020,3571.195,3538.403,3571.195,240438800,7089291264.0000
2026-07-23 11:20:00,3572.264,3572.264,3557.801,3562.245,180862555,5724209152.0000
2026-07-23 11:25:00,3560.962,3566.402,3548.161,3549.265,163880258,4792123392.0000
2026-07-23 11:30:00,3550.026,3555.188,3540.860,3555.088,185421349,5305499648.0000
2026-07-23 13:05:00,3559.593,3576.003,3559.593,3561.136,360094531,10249961472.0000
2026-07-23 13:10:00,3560.525,3589.128,3557.897,3589.128,317217820,8329363456.0000
2026-07-23 13:15:00,3586.957,3586.957,3566.789,3568.510,293738407,7656833024.0000
2026-07-23 13:20:00,3566.669,3572.226,3555.658,3556.700,265547109,7158136832.0000
2026-07-23 13:25:00,3557.532,3572.085,3557.532,3564.598,188040998,5170692096.0000
2026-07-23 13:30:00,3564.708,3585.567,3564.708,3577.823,318765828,6851788800.0000
2026-07-23 13:35:00,3576.785,3594.398,3573.435,3594.201,389784295,8358428672.0000
2026-07-23 13:40:00,3594.410,3598.977,3584.559,3592.162,360193240,8780742656.0000
2026-07-23 13:45:00,3591.649,3592.863,3577.991,3580.874,280782088,7334690816.0000
2026-07-23 13:50:00,3580.144,3583.371,3571.472,3572.667,204204252,5624496128.0000
2026-07-23 13:55:00,3572.514,3575.892,3568.347,3568.400,174914802,4937940992.0000
2026-07-23 14:00:00,3568.229,3574.060,3566.366,3567.701,185060646,4898816000.0000
2026-07-23 14:05:00,3567.611,3569.726,3562.560,3566.673,233172854,6086557696.0000
2026-07-23 14:10:00,3566.537,3570.448,3563.934,3566.502,169927353,4428857344.0000
2026-07-23 14:15:00,3566.390,3567.499,3559.253,3560.070,184175262,4778229760.0000
2026-07-23 14:20:00,3560.063,3565.411,3557.521,3559.129,205350403,5529960448.0000
2026-07-23 14:25:00,3559.225,3559.423,3556.159,3556.224,169981547,4988993536.0000
2026-07-23 14:30:00,3555.907,3564.490,3552.885,3564.490,216527867,6443958272.0000
2026-07-23 14:35:00,3564.460,3572.380,3560.574,3562.835,375807481,8386478080.0000
2026-07-23 14:40:00,3563.825,3576.642,3563.825,3576.642,311014084,7727972352.0000
2026-07-23 14:45:00,3577.074,3580.226,3572.158,3577.316,351388047,8819802112.0000
2026-07-23 14:50:00,3577.158,3577.158,3568.753,3572.495,394303620,9782394880.0000
2026-07-23 14:55:00,3572.281,3575.274,3572.281,3573.512,525903810,12071469056.0000
2026-07-23 15:00:00,3573.342,3575.520,3573.017,3575.520,503324378,11947442176.0000
2026-07-24 09:35:00,3515.504,3534.744,3499.913,3534.075,2051913425,53921763328.0000
2026-07-24 09:40:00,3535.120,3540.548,3521.137,3528.866,1004933378,26198298624.0000
2026-07-24 09:45:00,3532.487,3556.422,3525.249,3556.126,784371393,20839251968.0000
2026-07-24 09:50:00,3557.220,3558.578,3536.501,3540.640,633146038,16873103360.0000
2026-07-24 09:55:00,3541.548,3549.703,3537.142,3549.703,644012083,16045555712.0000
2026-07-24 10:00:00,3549.317,3551.844,3536.224,3546.427,518051341,12565086208.0000
2026-07-24 10:05:00,3546.571,3549.686,3536.405,3537.371,517439066,12711444480.0000
2026-07-24 10:10:00,3537.596,3560.525,3534.367,3555.966,391143582,11160141824.0000
2026-07-24 10:15:00,3557.506,3561.350,3547.386,3547.439,341542124,9740304384.0000
2026-07-24 10:20:00,3546.076,3551.390,3532.929,3540.238,412537076,10674765824.0000
2026-07-24 10:25:00,3539.628,3544.841,3529.715,3542.429,385521016,9347776512.0000
2026-07-24 10:30:00,3541.387,3554.010,3541.387,3544.395,290553069,7473938432.0000
2026-07-24 10:35:00,3545.738,3545.915,3526.421,3534.122,442827127,9921708032.0000
2026-07-24 10:40:00,3533.976,3535.088,3515.088,3515.088,324200294,8836808704.0000
2026-07-24 10:45:00,3515.164,3522.268,3512.671,3519.880,258748995,7273807872.0000
2026-07-24 10:50:00,3519.808,3527.858,3516.874,3521.290,238687366,6361677824.0000
2026-07-24 10:55:00,3520.733,3531.576,3515.661,3529.966,274425252,6837174272.0000
2026-07-24 11:00:00,3530.149,3532.345,3508.896,3510.702,233214645,6343442432.0000
2026-07-24 11:05:00,3510.456,3514.469,3502.322,3512.428,273995343,7022018560.0000
2026-07-24 11:10:00,3508.759,3514.563,3502.825,3502.983,151356298,4268703744.0000
2026-07-24 11:15:00,3502.212,3507.844,3498.729,3502.266,158419944,4499570688.0000
2026-07-24 11:20:00,3501.989,3502.540,3495.635,3497.674,220731541,5844385792.0000
2026-07-24 11:25:00,3497.095,3498.788,3488.093,3491.396,241465209,6381142016.0000
2026-07-24 11:30:00,3491.257,3513.340,3489.160,3511.753,176650561,5450694656.0000
2026-07-24 13:05:00,3513.208,3527.295,3513.208,3518.851,294347865,9118515200.0000
2026-07-24 13:10:00,3518.770,3548.428,3515.728,3538.101,279365907,8550416384.0000
2026-07-24 13:15:00,3539.228,3553.164,3535.538,3535.538,305742363,9467723776.0000
2026-07-24 13:20:00,3535.883,3539.292,3525.942,3536.031,199255733,6444515328.0000
2026-07-24 13:25:00,3536.259,3537.037,3521.867,3521.867,186085671,5437390848.0000
2026-07-24 13:30:00,3521.434,3542.621,3521.404,3533.245,205574625,5881987072.0000
2026-07-24 13:35:00,3533.591,3533.591,3520.030,3520.488,193435642,5272338432.0000
2026-07-24 13:40:00,3519.681,3520.303,3509.264,3509.264,176440066,4776132608.0000
2026-07-24 13:45:00,3509.067,3514.463,3509.022,3509.044,196356698,4989419520.0000
2026-07-24 13:50:00,3508.732,3517.737,3508.117,3510.817,182323691,4745428992.0000
2026-07-24 13:55:00,3511.008,3511.008,3502.001,3502.571,155703720,4428398592.0000
2026-07-24 14:00:00,3502.985,3506.761,3501.663,3504.625,185473097,4428431360.0000
2026-07-24 14:05:00,3504.365,3506.108,3500.133,3500.133,188238956,5056757760.0000
2026-07-24 14:10:00,3499.369,3504.327,3491.873,3504.253,193014872,5548277760.0000
2026-07-24 14:15:00,3504.622,3512.102,3498.294,3512.102,160124416,4468637696.0000
2026-07-24 14:20:00,3512.405,3514.966,3504.770,3506.630,175431141,4450025472.0000
2026-07-24 14:25:00,3507.068,3520.953,3507.068,3511.077,177869416,5209882624.0000
2026-07-24 14:30:00,3510.644,3517.624,3508.970,3516.816,158032945,4560584704.0000
2026-07-24 14:35:00,3517.452,3522.026,3499.329,3508.217,305897958,7332495360.0000
2026-07-24 14:40:00,3508.461,3509.465,3498.930,3501.171,239702773,6100516864.0000
2026-07-24 14:45:00,3500.438,3501.046,3496.061,3496.254,331653477,8150941696.0000
2026-07-24 14:50:00,3495.556,3495.556,3487.724,3491.020,445890144,11394383872.0000
2026-07-24 14:55:00,3491.556,3496.483,3485.856,3486.296,491180731,12239536128.0000
2026-07-24 15:00:00,3485.767,3485.819,3480.870,3480.870,482332592,12287967232.0000
2026-07-27 09:35:00,3482.045,3508.570,3476.750,3476.750,1775276554,49354211328.0000
2026-07-27 09:40:00,3476.231,3482.427,3449.205,3481.694,1131540043,33095524352.0000
2026-07-27 09:45:00,3481.639,3517.076,3481.585,3499.839,904254151,25329041408.0000
2026-07-27 09:50:00,3497.596,3509.942,3495.023,3500.321,679659593,18534014976.0000
2026-07-27 09:55:00,3496.416,3535.116,3494.875,3533.095,659505974,18575032320.0000
2026-07-27 10:00:00,3533.121,3563.792,3532.787,3553.764,732710715,22639329280.0000
2026-07-27 10:05:00,3552.812,3554.985,3538.491,3542.900,625719328,17630248960.0000
2026-07-27 10:10:00,3542.412,3556.551,3538.347,3556.025,427532514,11967889408.0000
2026-07-27 10:15:00,3554.804,3554.804,3536.942,3538.726,376165096,10742759424.0000
2026-07-27 10:20:00,3537.635,3539.916,3529.129,3534.165,402692657,10747494400.0000
2026-07-27 10:25:00,3531.699,3545.841,3527.981,3531.443,393956024,9631383552.0000
2026-07-27 10:30:00,3532.627,3550.199,3531.746,3548.350,331881255,8536342528.0000
2026-07-27 10:35:00,3547.111,3547.111,3529.559,3531.519,376913521,9230729216.0000
2026-07-27 10:40:00,3531.719,3531.719,3520.422,3524.020,349835672,10422927360.0000
2026-07-27 10:45:00,3524.343,3532.659,3522.891,3529.289,258020809,6893142016.0000
2026-07-27 10:50:00,3528.986,3539.462,3526.609,3529.709,266437668,6296551424.0000
2026-07-27 10:55:00,3528.649,3535.490,3526.346,3532.696,209954918,5816107008.0000
2026-07-27 11:00:00,3531.951,3536.422,3527.661,3527.661,193290933,4820041728.0000
2026-07-27 11:05:00,3527.276,3533.142,3524.590,3533.142,179519968,4749656064.0000
2026-07-27 11:10:00,3533.406,3544.152,3530.879,3538.286,171039312,4671111168.0000
2026-07-27 11:15:00,3537.995,3547.930,3536.088,3541.541,164699724,4609703936.0000
2026-07-27 11:20:00,3541.536,3541.651,3529.737,3535.627,141847549,3860922368.0000
2026-07-27 11:25:00,3535.301,3544.372,3533.512,3541.446,129712101,3638263808.0000
2026-07-27 11:30:00,3541.470,3543.230,3534.813,3534.829,129070738,3372253184.0000
2026-07-27 13:05:00,3536.730,3542.912,3528.898,3531.480,319332643,9236119552.0000
2026-07-27 13:10:00,3531.204,3534.403,3522.966,3526.105,246682092,6110609408.0000
2026-07-27 13:15:00,3525.999,3527.135,3513.890,3518.142,300305578,7268106240.0000
2026-07-27 13:20:00,3517.775,3519.727,3510.173,3514.199,211450198,5539594240.0000
2026-07-27 13:25:00,3514.335,3515.796,3507.857,3510.676,175750923,4790419456.0000
2026-07-27 13:30:00,3510.517,3510.517,3503.036,3508.140,238224476,5958402048.0000
2026-07-27 13:35:00,3507.205,3507.205,3488.422,3498.428,282323531,7464189952.0000
2026-07-27 13:40:00,3496.731,3503.681,3494.026,3497.925,166938670,4541513728.0000
2026-07-27 13:45:00,3497.874,3508.884,3497.874,3503.812,174385317,4442062848.0000
2026-07-27 13:50:00,3503.820,3517.270,3497.296,3517.075,204885806,5002199040.0000
2026-07-27 13:55:00,3516.936,3518.922,3508.970,3510.630,162425087,4750704640.0000
2026-07-27 14:00:00,3511.482,3516.384,3510.082,3513.808,155968300,3775692800.0000
2026-07-27 14:05:00,3513.242,3517.330,3509.839,3516.714,221451608,4956815360.0000
2026-07-27 14:10:00,3516.693,3524.365,3516.693,3523.131,238854312,5175115776.0000
2026-07-27 14:15:00,3523.095,3525.964,3517.028,3520.401,184723780,4486004736.0000
2026-07-27 14:20:00,3520.642,3531.268,3516.607,3531.268,210346613,5338759168.0000
2026-07-27 14:25:00,3531.025,3542.643,3530.133,3538.803,244387851,6999736320.0000
2026-07-27 14:30:00,3538.585,3545.658,3533.856,3545.658,207575974,5676957696.0000
2026-07-27 14:35:00,3546.067,3566.647,3546.067,3565.953,376675113,10895425536.0000
2026-07-27 14:40:00,3566.421,3578.008,3561.283,3576.586,344534190,10938449920.0000
2026-07-27 14:45:00,3576.634,3585.987,3576.634,3584.286,390628565,12471369728.0000
2026-07-27 14:50:00,3583.577,3588.486,3580.676,3587.230,415284208,12335513600.0000
2026-07-27 14:55:00,3586.813,3592.100,3582.509,3590.445,548579114,14780989440.0000
2026-07-27 15:00:00,3590.394,3590.787,3588.574,3590.787,489788636,12677218304.0000
2026-07-28 09:35:00,3478.864,3509.088,3472.455,3509.088,2132256609,60852584448.0000
2026-07-28 09:40:00,3508.478,3511.700,3483.020,3483.020,1073295622,30056013824.0000
2026-07-28 09:45:00,3482.339,3493.544,3475.955,3481.116,878285764,23832354816.0000
2026-07-28 09:50:00,3481.196,3483.171,3462.345,3464.820,876827967,24238833664.0000
2026-07-28 09:55:00,3464.474,3477.513,3452.026,3475.872,732991523,21513797632.0000
2026-07-28 10:00:00,3477.416,3479.576,3453.371,3456.839,472535432,14097235968.0000
2026-07-28 10:05:00,3454.848,3473.183,3452.915,3455.398,457145749,13068959744.0000
2026-07-28 10:10:00,3458.816,3463.661,3450.889,3451.382,389256088,10584686592.0000
2026-07-28 10:15:00,3450.762,3450.878,3439.692,3443.710,442313792,12721782784.0000
2026-07-28 10:20:00,3442.717,3448.677,3437.204,3440.670,330562397,9631907840.0000
2026-07-28 10:25:00,3440.694,3447.919,3428.744,3430.029,305054343,9604546560.0000
2026-07-28 10:30:00,3429.438,3430.538,3417.981,3423.140,313724452,10783686656.0000
2026-07-28 10:35:00,3423.119,3424.377,3414.456,3417.036,366728019,10286743552.0000
2026-07-28 10:40:00,3416.648,3416.744,3398.517,3402.713,340752703,11378180096.0000
2026-07-28 10:45:00,3401.790,3402.821,3395.101,3395.238,273730071,9198305280.0000
2026-07-28 10:50:00,3395.142,3400.025,3383.378,3391.632,356643645,11558682624.0000
2026-07-28 10:55:00,3391.162,3413.582,3385.380,3407.641,269977509,9176023040.0000
2026-07-28 11:00:00,3408.028,3413.172,3390.218,3390.288,194288829,6052151296.0000
2026-07-28 11:05:00,3390.399,3391.252,3380.427,3381.248,234009521,7345078272.0000
2026-07-28 11:10:00,3380.992,3382.743,3374.968,3378.209,239472903,6911655936.0000
2026-07-28 11:15:00,3377.342,3397.324,3372.777,3395.318,220438803,6908542976.0000
2026-07-28 11:20:00,3394.131,3408.955,3387.078,3395.344,216202368,6486818816.0000
2026-07-28 11:25:00,3393.032,3410.373,3389.357,3405.178,198188937,5810782208.0000
2026-07-28 11:30:00,3405.653,3417.333,3393.445,3397.967,178336183,5251170304.0000
2026-07-28 13:05:00,3394.934,3394.934,3379.646,3379.646,344504162,9864839168.0000
2026-07-28 13:10:00,3379.047,3384.859,3372.110,3384.473,249005219,6938624000.0000
2026-07-28 13:15:00,3385.369,3396.321,3378.440,3387.540,234600716,6125879296.0000
2026-07-28 13:20:00,3387.501,3390.941,3373.570,3373.570,192451785,5674205184.0000
2026-07-28 13:25:00,3373.360,3377.145,3367.934,3368.516,175301562,6147932160.0000
2026-07-28 13:30:00,3368.257,3369.910,3364.414,3364.625,180583702,5743280128.0000
2026-07-28 13:35:00,3364.529,3366.192,3353.558,3353.558,229593734,7582416896.0000
2026-07-28 13:40:00,3354.093,3371.415,3353.921,3370.417,245522643,7668301824.0000
2026-07-28 13:45:00,3370.839,3388.970,3369.653,3377.983,212706077,6193545216.0000
2026-07-28 13:50:00,3378.424,3382.570,3355.490,3356.614,173930653,5550440448.0000
2026-07-28 13:55:00,3356.031,3359.583,3352.414,3352.414,173959998,5898403840.0000
2026-07-28 14:00:00,3352.138,3361.411,3352.138,3357.746,166944717,5080219648.0000
2026-07-28 14:05:00,3357.604,3362.965,3356.262,3360.721,212691368,5717131264.0000
2026-07-28 14:10:00,3359.980,3360.163,3352.465,3352.465,173897960,5488050176.0000
2026-07-28 14:15:00,3352.150,3355.255,3344.855,3346.066,209933362,6514049024.0000
2026-07-28 14:20:00,3345.970,3347.480,3336.222,3346.169,265832728,8970895360.0000
2026-07-28 14:25:00,3345.523,3352.393,3339.425,3343.553,197277926,6247022592.0000
2026-07-28 14:30:00,3343.611,3344.119,3337.349,3344.119,154696563,5163581440.0000
2026-07-28 14:35:00,3343.969,3344.046,3328.684,3329.689,253589307,8194424832.0000
2026-07-28 14:40:00,3329.929,3330.178,3316.889,3329.094,341203125,11838521344.0000
2026-07-28 14:45:00,3329.363,3334.251,3312.305,3312.589,325096981,10334633984.0000
2026-07-28 14:50:00,3312.831,3322.955,3312.831,3320.122,400192774,11736645632.0000
2026-07-28 14:55:00,3320.896,3339.381,3320.896,3325.139,455234001,12691439616.0000
2026-07-28 15:00:00,3324.949,3328.881,3324.949,3327.030,409033870,11364761600.0000
2026-07-29 09:35:00,3333.481,3347.516,3319.825,3337.508,1918312600,53175341056.0000
2026-07-29 09:40:00,3334.929,3363.088,3334.929,3355.825,1059970254,30538346496.0000
2026-07-29 09:45:00,3355.526,3355.747,3304.091,3305.177,978932314,28889702400.0000
2026-07-29 09:50:00,3307.353,3309.061,3283.605,3283.605,931772765,28077596672.0000
2026-07-29 09:55:00,3282.238,3295.044,3277.171,3287.015,776391106,23247552512.0000
2026-07-29 10:00:00,3284.673,3292.296,3266.410,3277.079,611356725,17893703680.0000
2026-07-29 10:05:00,3275.018,3275.018,3257.751,3262.551,604278914,18337038336.0000
2026-07-29 10:10:00,3262.548,3271.326,3249.647,3270.398,571945175,18514051072.0000
2026-07-29 10:15:00,3270.491,3309.747,3270.491,3297.596,491704390,14959869952.0000
2026-07-29 10:20:00,3296.542,3304.721,3285.886,3288.055,378954168,10473177088.0000
2026-07-29 10:25:00,3286.506,3306.862,3276.484,3306.862,393935967,10687512576.0000
2026-07-29 10:30:00,3309.624,3357.024,3309.624,3351.220,596556962,17676451840.0000
2026-07-29 10:35:00,3351.131,3359.682,3337.345,3337.345,589853908,15995633664.0000
2026-07-29 10:40:00,3336.859,3347.073,3329.769,3332.323,400578663,10293477376.0000
2026-07-29 10:45:00,3334.788,3350.344,3332.965,3332.966,306172006,8443756544.0000
2026-07-29 10:50:00,3332.827,3335.709,3313.936,3313.936,311972734,8132820992.0000
2026-07-29 10:55:00,3313.625,3316.151,3305.896,3305.896,300311138,7392788480.0000
2026-07-29 11:00:00,3305.564,3312.433,3303.513,3309.494,264480177,7361495040.0000
2026-07-29 11:05:00,3309.619,3320.353,3305.673,3318.226,274189054,6998523904.0000
2026-07-29 11:10:00,3318.218,3330.525,3301.151,3330.525,339278680,9082470400.0000
2026-07-29 11:15:00,3330.974,3345.986,3324.021,3324.432,287036489,8556969984.0000
2026-07-29 11:20:00,3324.435,3332.237,3313.767,3314.477,166972264,4876566528.0000
2026-07-29 11:25:00,3314.623,3317.915,3307.407,3310.174,144535413,4530634752.0000
2026-07-29 11:30:00,3310.634,3315.007,3306.495,3311.319,156849120,4817059840.0000
2026-07-29 13:05:00,3300.554,3340.557,3288.089,3340.184,424875868,12583960576.0000
2026-07-29 13:10:00,3338.888,3358.097,3331.316,3358.097,314597644,9208922112.0000
2026-07-29 13:15:00,3358.240,3381.339,3352.645,3379.639,466271904,14073331712.0000
2026-07-29 13:20:00,3378.279,3379.449,3350.269,3352.964,328928364,10033528832.0000
2026-07-29 13:25:00,3352.211,3372.111,3347.742,3362.904,284970177,7499546624.0000
2026-07-29 13:30:00,3363.940,3377.938,3363.608,3375.393,297941473,8750628864.0000
2026-07-29 13:35:00,3375.197,3391.332,3361.754,3391.332,341059593,9315418112.0000
2026-07-29 13:40:00,3391.987,3401.481,3388.534,3401.024,344686567,10818453504.0000
2026-07-29 13:45:00,3400.957,3411.032,3398.564,3398.564,373761642,11352702976.0000
2026-07-29 13:50:00,3398.432,3403.385,3375.654,3375.692,282773977,7782203392.0000
2026-07-29 13:55:00,3375.856,3380.105,3363.592,3364.717,232316435,6354370560.0000
2026-07-29 14:00:00,3364.688,3375.474,3364.688,3372.801,194440304,5204738048.0000
2026-07-29 14:05:00,3372.266,3384.690,3364.637,3364.637,254614691,6096060416.0000
2026-07-29 14:10:00,3364.193,3364.193,3353.786,3358.540,209253697,5525012480.0000
2026-07-29 14:15:00,3359.569,3368.926,3356.866,3368.332,202970829,5039357952.0000
2026-07-29 14:20:00,3369.016,3382.047,3365.562,3378.936,190691011,5289345024.0000
2026-07-29 14:25:00,3378.886,3380.391,3363.315,3364.618,170988025,4848910336.0000
2026-07-29 14:30:00,3364.353,3377.048,3363.057,3371.937,185324313,5021794304.0000
2026-07-29 14:35:00,3371.857,3379.453,3370.001,3371.952,265467008,6148390912.0000
2026-07-29 14:40:00,3371.805,3372.070,3363.295,3363.435,250992661,6114377728.0000
2026-07-29 14:45:00,3363.821,3374.180,3363.821,3373.878,266701846,6973325312.0000
2026-07-29 14:50:00,3373.703,3388.507,3373.409,3388.507,386036673,9515499520.0000
2026-07-29 14:55:00,3388.029,3388.029,3379.144,3379.612,505162511,12030377984.0000
2026-07-29 15:00:00,3379.668,3382.172,3378.696,3378.696,473303836,11399987200.0000
2026-07-30 09:35:00,3331.321,3353.810,3331.321,3349.544,2002216969,54432018432.0000
2026-07-30 09:40:00,3347.475,3353.069,3323.643,3335.761,1199128468,31068467200.0000
2026-07-30 09:45:00,3335.300,3335.300,3311.271,3319.883,976315175,26920976384.0000
2026-07-30 09:50:00,3319.016,3319.016,3282.159,3298.888,878816661,26551476224.0000
2026-07-30 09:55:00,3298.404,3321.540,3296.915,3321.540,661749461,17833017344.0000
2026-07-30 10:00:00,3323.088,3324.672,3296.382,3301.995,578567375,16644505600.0000
2026-07-30 10:05:00,3300.026,3306.371,3290.011,3291.675,617861825,17369726976.0000
2026-07-30 10:10:00,3291.283,3291.283,3266.830,3273.321,565482489,18340478976.0000
2026-07-30 10:15:00,3272.958,3273.234,3246.785,3247.360,494599831,16310829056.0000
2026-07-30 10:20:00,3246.576,3269.632,3246.231,3267.622,444081352,14618705920.0000
2026-07-30 10:25:00,3267.616,3267.616,3244.682,3245.906,408519068,11287314432.0000
2026-07-30 10:30:00,3245.705,3259.376,3241.759,3246.995,379622095,11071553536.0000
2026-07-30 10:35:00,3248.182,3256.617,3229.121,3229.121,451764142,11507744768.0000
2026-07-30 10:40:00,3229.094,3231.106,3217.434,3218.053,374239332,12011683840.0000
2026-07-30 10:45:00,3218.497,3233.368,3214.819,3217.910,324863099,9954721792.0000
2026-07-30 10:50:00,3218.450,3232.914,3215.613,3224.497,279410579,8236761088.0000
2026-07-30 10:55:00,3223.407,3223.581,3208.205,3208.205,237546987,7077265408.0000
2026-07-30 11:00:00,3208.331,3208.611,3198.105,3204.733,260490389,8893202432.0000
2026-07-30 11:05:00,3202.812,3205.855,3193.478,3203.788,283271128,8574402560.0000
2026-07-30 11:10:00,3204.251,3223.151,3201.305,3201.980,288747277,8387428352.0000
2026-07-30 11:15:00,3202.309,3204.470,3190.567,3190.675,305876443,8321859584.0000
2026-07-30 11:20:00,3190.739,3198.611,3183.665,3186.977,265512005,7603290112.0000
2026-07-30 11:25:00,3187.880,3198.633,3180.791,3191.092,306347521,8488583168.0000
2026-07-30 11:30:00,3191.824,3192.437,3175.780,3179.580,242407639,7292223488.0000
2026-07-30 13:05:00,3176.691,3178.744,3158.139,3167.994,496588279,15332868096.0000
2026-07-30 13:10:00,3168.221,3230.999,3168.221,3224.475,397553707,12974882816.0000
2026-07-30 13:15:00,3223.488,3223.488,3199.924,3217.436,335522641,9596764160.0000
2026-07-30 13:20:00,3217.211,3223.029,3196.461,3213.995,406946685,9624748032.0000
2026-07-30 13:25:00,3212.580,3261.855,3209.907,3259.704,355233099,12450693120.0000
2026-07-30 13:30:00,3260.428,3271.327,3254.371,3265.904,361006170,13247545344.0000
2026-07-30 13:35:00,3263.476,3263.476,3237.253,3244.853,264826847,8405254144.0000
2026-07-30 13:40:00,3244.274,3248.648,3220.345,3223.603,274802373,7118979072.0000
2026-07-30 13:45:00,3224.991,3248.348,3224.558,3244.529,208627408,6523486208.0000
2026-07-30 13:50:00,3247.632,3272.908,3247.632,3255.497,239333023,7895121920.0000
2026-07-30 13:55:00,3254.441,3268.659,3243.397,3266.659,191680609,6059327488.0000
2026-07-30 14:00:00,3267.280,3282.452,3257.947,3270.748,200805347,7198638080.0000
2026-07-30 14:05:00,3269.043,3283.676,3260.441,3283.676,234784540,7225344000.0000
2026-07-30 14:10:00,3285.030,3296.889,3285.030,3293.687,225608857,8690827264.0000
2026-07-30 14:15:00,3293.109,3299.547,3281.022,3286.961,196385494,7370735616.0000
2026-07-30 14:20:00,3286.302,3322.284,3286.302,3322.284,252306321,8637382656.0000
2026-07-30 14:25:00,3323.090,3333.776,3316.117,3323.607,342854061,11958026240.0000
2026-07-30 14:30:00,3323.865,3323.865,3298.782,3310.632,223159798,7212072960.0000
2026-07-30 14:35:00,3311.286,3318.752,3284.597,3293.683,336853290,8949039104.0000
2026-07-30 14:40:00,3292.589,3292.717,3268.227,3270.416,314579004,8365309952.0000
2026-07-30 14:45:00,3270.684,3272.473,3262.624,3265.687,339647725,9338159104.0000
2026-07-30 14:50:00,3265.615,3267.115,3252.444,3252.444,403927719,11030036480.0000
2026-07-30 14:55:00,3252.427,3267.370,3251.375,3251.521,484221066,12605718528.0000
2026-07-30 15:00:00,3252.179,3252.887,3244.618,3244.618,468950471,11865620480.0000
2026-07-31 09:35:00,3411.612,3428.802,3405.710,3406.128,3178801981,114939125760.0000
2026-07-31 09:40:00,3405.891,3424.374,3385.882,3424.273,1468111021,46528897024.0000
2026-07-31 09:45:00,3425.386,3437.098,3424.981,3426.422,1227521054,36986208256.0000
2026-07-31 09:50:00,3426.270,3456.128,3426.270,3454.210,987579710,30948982784.0000
2026-07-31 09:55:00,3454.602,3463.308,3453.712,3457.082,809759623,24712790016.0000
2026-07-31 10:00:00,3458.597,3464.897,3456.545,3458.545,735496911,20815642624.0000
2026-07-31 10:05:00,3458.331,3459.345,3432.485,3433.707,821091452,22583148544.0000
2026-07-31 10:10:00,3433.739,3445.664,3431.792,3435.160,675126303,18933121024.0000
2026-07-31 10:15:00,3436.397,3444.734,3425.918,3425.918,627282099,16505470976.0000
2026-07-31 10:20:00,3424.904,3424.904,3409.102,3422.292,647175280,17903812608.0000
2026-07-31 10:25:00,3420.918,3429.409,3405.299,3405.338,556291582,15342436352.0000
2026-07-31 10:30:00,3405.633,3421.385,3405.633,3412.742,540709185,13682245632.0000
2026-07-31 10:35:00,3411.811,3412.271,3402.753,3408.103,499317484,12409765888.0000
2026-07-31 10:40:00,3407.543,3417.625,3392.425,3392.856,475642983,11373248512.0000
2026-07-31 10:45:00,3392.529,3417.093,3392.529,3413.624,431825754,9986932736.0000
2026-07-31 10:50:00,3413.378,3418.891,3400.194,3400.686,385661579,8875737088.0000
2026-07-31 10:55:00,3400.432,3410.592,3397.433,3409.840,330707093,8097988608.0000
2026-07-31 11:00:00,3409.820,3422.046,3409.440,3409.684,371811594,9145319424.0000
2026-07-31 11:05:00,3410.190,3410.190,3394.908,3394.908,452215942,10434707456.0000
2026-07-31 11:10:00,3394.701,3399.093,3386.309,3386.640,334649966,8231878656.0000
2026-07-31 11:15:00,3386.540,3389.391,3376.616,3379.382,339184703,8651538432.0000
2026-07-31 11:20:00,3379.528,3399.531,3379.105,3399.531,242366360,6949142528.0000
2026-07-31 11:25:00,3400.434,3409.844,3389.789,3390.035,227229328,6510936064.0000
2026-07-31 11:30:00,3389.500,3409.632,3389.500,3408.149,200874338,5442404352.0000
2026-07-31 13:05:00,3414.486,3423.987,3398.922,3408.446,456685625,12229115904.0000
2026-07-31 13:10:00,3409.427,3414.237,3396.550,3396.894,273733008,7504330752.0000
2026-07-31 13:15:00,3396.979,3405.827,3392.355,3405.827,246978867,6475743232.0000
2026-07-31 13:20:00,3405.787,3422.765,3404.914,3420.816,281999350,8249245696.0000
2026-07-31 13:25:00,3421.651,3428.525,3414.496,3414.496,285279818,8215855104.0000
2026-07-31 13:30:00,3414.290,3414.290,3403.782,3408.265,210536025,5693833216.0000
2026-07-31 13:35:00,3406.974,3406.974,3400.003,3401.040,219621070,5855707136.0000
2026-07-31 13:40:00,3400.215,3402.516,3396.038,3398.518,243037075,6058606592.0000
2026-07-31 13:45:00,3398.113,3400.789,3395.765,3395.919,181599107,5002199040.0000
2026-07-31 13:50:00,3395.973,3396.863,3391.592,3396.863,203965562,5512495104.0000
2026-07-31 13:55:00,3396.303,3397.561,3389.594,3390.552,170392161,4876795904.0000
2026-07-31 14:00:00,3389.938,3393.288,3384.999,3391.841,214709396,5533335552.0000
2026-07-31 14:05:00,3391.581,3395.564,3387.331,3388.557,224623097,5479530496.0000
2026-07-31 14:10:00,3388.419,3388.419,3381.003,3381.032,192388061,5044502528.0000
2026-07-31 14:15:00,3380.900,3380.900,3375.134,3379.364,235196720,6487998464.0000
2026-07-31 14:20:00,3378.925,3379.063,3372.435,3374.898,226368763,5963710464.0000
2026-07-31 14:25:00,3374.765,3387.451,3373.835,3387.451,246721175,6523191296.0000
2026-07-31 14:30:00,3387.295,3393.180,3382.520,3391.646,252666166,6509297664.0000
2026-07-31 14:35:00,3391.322,3391.322,3375.896,3379.188,298944100,7038828544.0000
2026-07-31 14:40:00,3379.285,3381.632,3376.170,3376.691,278344762,7101612032.0000
2026-07-31 14:45:00,3376.179,3376.179,3359.983,3360.746,466466056,12451250176.0000
2026-07-31 14:50:00,3360.462,3360.462,3349.607,3350.443,489846627,12788367360.0000
2026-07-31 14:55:00,3350.428,3350.692,3347.575,3347.739,567190904,14226358272.0000
2026-07-31 15:00:00,3347.526,3349.489,3343.964,3343.964,583367688,14413463552.0000
2026-08-03 09:35:00,3320.093,3337.043,3300.293,3329.771,2422621234,62753320960.0000
2026-08-03 09:40:00,3330.386,3339.443,3308.468,3308.468,1329383793,33967247360.0000
2026-08-03 09:45:00,3307.389,3313.655,3288.337,3288.406,1103497925,29398949888.0000
2026-08-03 09:50:00,3287.115,3312.172,3280.843,3312.122,919378827,24552513536.0000
2026-08-03 09:55:00,3311.466,3319.807,3296.827,3311.265,706831062,17815355392.0000
2026-08-03 10:00:00,3310.458,3320.849,3305.244,3314.671,566726605,14623899648.0000
2026-08-03 10:05:00,3314.972,3325.083,3310.010,3316.157,561043727,14588919808.0000
2026-08-03 10:10:00,3317.258,3325.188,3311.005,3313.492,539535718,13382090752.0000
2026-08-03 10:15:00,3313.452,3321.889,3310.611,3320.638,567001492,13757218816.0000
2026-08-03 10:20:00,3320.655,3320.842,3304.157,3305.474,443308575,10810982400.0000
2026-08-03 10:25:00,3305.550,3320.869,3305.143,3305.944,383788653,10265821184.0000
2026-08-03 10:30:00,3305.680,3307.082,3293.339,3293.339,313727570,8523677696.0000
2026-08-03 10:35:00,3293.345,3306.016,3291.670,3306.016,329674320,8482422784.0000
2026-08-03 10:40:00,3305.628,3321.047,3301.975,3310.503,334341725,9015443456.0000
2026-08-03 10:45:00,3310.523,3325.269,3305.496,3317.623,266390923,6712524800.0000
2026-08-03 10:50:00,3316.782,3320.883,3303.782,3305.379,281509724,6965624832.0000
2026-08-03 10:55:00,3305.563,3315.424,3301.407,3312.995,248483345,6490324992.0000
2026-08-03 11:00:00,3313.599,3332.028,3306.024,3329.407,237260029,7548043264.0000
2026-08-03 11:05:00,3329.349,3342.173,3326.814,3326.814,274374881,9131261952.0000
2026-08-03 11:10:00,3326.604,3326.604,3310.315,3311.983,212595165,6370754560.0000
2026-08-03 11:15:00,3312.119,3316.967,3308.275,3311.890,192206368,5292097536.0000
2026-08-03 11:20:00,3312.194,3323.440,3310.608,3323.440,186473143,5265915904.0000
2026-08-03 11:25:00,3325.131,3332.194,3312.871,3330.466,182865997,5371396096.0000
2026-08-03 11:30:00,3330.161,3337.369,3322.939,3329.126,167238341,5287149568.0000
2026-08-03 13:05:00,3332.590,3342.112,3332.047,3334.384,293849412,9230090240.0000
2026-08-03 13:10:00,3334.833,3335.908,3320.682,3324.919,226110173,6803095552.0000
2026-08-03 13:15:00,3324.032,3330.681,3320.211,3322.499,174246766,4853301248.0000
2026-08-03 13:20:00,3322.488,3327.533,3318.241,3318.580,179715783,4708368384.0000
2026-08-03 13:25:00,3318.930,3321.437,3314.939,3318.028,161944489,4586635264.0000
2026-08-03 13:30:00,3317.951,3320.879,3314.112,3316.603,156331305,4459626496.0000
2026-08-03 13:35:00,3316.564,3317.577,3308.991,3312.233,192021900,5027823616.0000
2026-08-03 13:40:00,3312.205,3316.047,3306.296,3309.871,179108753,4694409216.0000
2026-08-03 13:45:00,3309.439,3315.688,3307.685,3310.637,185825268,4495474688.0000
2026-08-03 13:50:00,3310.300,3310.971,3305.468,3305.468,185026688,4319281152.0000
2026-08-03 13:55:00,3305.525,3309.566,3304.451,3305.579,188159357,4579491840.0000
2026-08-03 14:00:00,3305.938,3305.938,3298.057,3298.057,192272253,5393776640.0000
2026-08-03 14:05:00,3298.072,3298.795,3294.130,3294.130,217446397,5786632192.0000
2026-08-03 14:10:00,3294.215,3296.579,3287.988,3289.353,232755103,6682640384.0000
2026-08-03 14:15:00,3290.484,3306.299,3290.484,3306.299,231176261,6084820992.0000
2026-08-03 14:20:00,3307.261,3307.261,3296.756,3297.731,187618898,4769710080.0000
2026-08-03 14:25:00,3297.857,3313.006,3296.230,3312.647,245286843,5684330496.0000
2026-08-03 14:30:00,3313.054,3315.771,3305.956,3305.956,225366405,5563121664.0000
2026-08-03 14:35:00,3305.897,3308.459,3297.858,3300.224,270860376,6008471552.0000
2026-08-03 14:40:00,3301.264,3303.674,3297.020,3297.195,253765824,6064340992.0000
2026-08-03 14:45:00,3298.052,3299.914,3297.219,3299.337,307432236,7234813952.0000
2026-08-03 14:50:00,3299.276,3302.898,3298.848,3302.432,410250023,9327968256.0000
2026-08-03 14:55:00,3302.130,3304.838,3299.514,3299.843,565567953,12181700608.0000
2026-08-03 15:00:00,3300.475,3302.553,3299.497,3302.553,539699572,11591450624.0000
2026-08-04 09:35:00,3353.512,3361.742,3342.407,3351.130,2162126406,61962522624.0000
2026-08-04 09:40:00,3350.998,3382.316,3350.998,3381.936,1141696895,33568485376.0000
2026-08-04 09:45:00,3382.997,3393.019,3373.309,3390.627,965061231,29097795584.0000
2026-08-04 09:50:00,3391.873,3406.056,3384.669,3404.875,826946234,25721430016.0000
2026-08-04 09:55:00,3405.488,3421.791,3405.488,3421.429,763160205,23792517120.0000
2026-08-04 10:00:00,3421.893,3432.207,3417.596,3417.596,775330011,23623532544.0000
2026-08-04 10:05:00,3417.146,3417.146,3400.071,3403.863,744899115,21951348736.0000
2026-08-04 10:10:00,3404.114,3421.959,3400.368,3416.541,610863637,16906272768.0000
2026-08-04 10:15:00,3415.279,3415.279,3401.278,3410.171,628211149,15716057088.0000
2026-08-04 10:20:00,3410.150,3419.863,3404.987,3419.863,419733040,10811883520.0000
2026-08-04 10:25:00,3420.136,3422.011,3407.800,3407.800,360128395,9622110208.0000
2026-08-04 10:30:00,3407.181,3421.700,3405.988,3419.302,302306036,8611872768.0000
2026-08-04 10:35:00,3419.050,3429.066,3416.693,3419.491,362647315,9791307776.0000
2026-08-04 10:40:00,3419.360,3431.946,3419.360,3431.946,317916735,9187655680.0000
2026-08-04 10:45:00,3432.019,3437.288,3422.559,3431.921,305757099,9441280000.0000
2026-08-04 10:50:00,3432.694,3437.965,3430.670,3431.088,273568776,8000569344.0000
2026-08-04 10:55:00,3430.265,3430.265,3420.995,3420.995,273104868,6971359232.0000
2026-08-04 11:00:00,3421.727,3430.899,3419.437,3419.452,215583009,5944705024.0000
2026-08-04 11:05:00,3418.937,3419.981,3411.117,3414.662,236436397,6157369344.0000
2026-08-04 11:10:00,3414.899,3432.828,3414.052,3432.828,206278307,5511380992.0000
2026-08-04 11:15:00,3432.843,3439.658,3430.252,3439.658,221868348,7038140416.0000
2026-08-04 11:20:00,3439.820,3443.385,3433.827,3443.205,230308588,6788808704.0000
2026-08-04 11:25:00,3443.057,3445.913,3440.362,3444.323,215691953,7596802048.0000
2026-08-04 11:30:00,3444.922,3462.126,3444.922,3462.049,258727617,9714728960.0000
2026-08-04 13:05:00,3463.552,3479.457,3461.684,3478.418,502687582,18858016768.0000
2026-08-04 13:10:00,3478.273,3478.273,3464.376,3464.376,327586688,10847485952.0000
2026-08-04 13:15:00,3464.028,3467.802,3459.070,3466.180,297364715,8700821504.0000
2026-08-04 13:20:00,3466.849,3467.872,3453.074,3454.895,279259102,7941324800.0000
2026-08-04 13:25:00,3454.986,3471.143,3454.204,3467.987,252175815,7535034368.0000
2026-08-04 13:30:00,3468.374,3481.294,3468.374,3481.294,285857396,8475115520.0000
2026-08-04 13:35:00,3481.223,3485.547,3478.886,3481.598,325113388,9457303552.0000
2026-08-04 13:40:00,3481.934,3489.737,3481.125,3486.568,310959845,9433776128.0000
2026-08-04 13:45:00,3486.915,3491.907,3483.873,3488.716,298028923,8346828800.0000
2026-08-04 13:50:00,3488.992,3496.343,3488.992,3492.741,343465073,8580890624.0000
2026-08-04 13:55:00,3492.638,3493.346,3486.895,3490.608,296600757,7294418944.0000
2026-08-04 14:00:00,3490.083,3497.268,3488.845,3497.268,237708826,7028178944.0000
2026-08-04 14:05:00,3497.414,3502.704,3497.391,3501.967,319419698,8987148288.0000
2026-08-04 14:10:00,3501.913,3505.001,3497.509,3504.943,312770253,7297564672.0000
2026-08-04 14:15:00,3504.883,3510.512,3496.109,3496.109,315427128,8436482048.0000
2026-08-04 14:20:00,3494.704,3494.704,3483.226,3484.194,426615496,10987274240.0000
2026-08-04 14:25:00,3484.632,3488.886,3482.057,3486.997,277685536,7375093760.0000
2026-08-04 14:30:00,3487.158,3493.866,3487.158,3493.529,228204007,6532857856.0000
2026-08-04 14:35:00,3493.230,3495.579,3478.898,3478.898,377623718,9538764800.0000
2026-08-04 14:40:00,3478.945,3484.554,3477.647,3481.167,317555840,8352792576.0000
2026-08-04 14:45:00,3480.873,3481.275,3477.374,3477.792,359213275,8958377984.0000
2026-08-04 14:50:00,3477.741,3482.038,3477.741,3481.158,414371994,10408558592.0000
2026-08-04 14:55:00,3481.109,3486.182,3481.005,3485.951,594055112,14175633408.0000
2026-08-04 15:00:00,3485.899,3491.183,3485.899,3488.966,592560734,14533525504.0000
2026-08-05 09:35:00,3372.082,3445.617,3372.042,3434.909,2219638826,87709556736.0000
2026-08-05 09:40:00,3437.977,3463.045,3437.977,3450.419,1202615995,42819117056.0000
2026-08-05 09:45:00,3453.519,3476.774,3453.519,3472.590,947235619,31717539840.0000
2026-08-05 09:50:00,3472.491,3500.373,3472.480,3484.611,912398454,29966893056.0000
2026-08-05 09:55:00,3484.931,3500.036,3479.035,3491.108,823140456,24630591488.0000
2026-08-05 10:00:00,3491.520,3498.311,3477.145,3477.309,720051602,22137077760.0000
2026-08-05 10:05:00,3479.103,3482.661,3471.418,3472.334,664218425,20531707904.0000
2026-08-05 10:10:00,3472.241,3474.099,3454.427,3460.874,558645896,19906707456.0000
2026-08-05 10:15:00,3461.335,3461.402,3433.873,3446.636,688365893,22440017920.0000
2026-08-05 10:20:00,3446.662,3448.034,3428.147,3444.676,620994446,19928121344.0000
2026-08-05 10:25:00,3445.545,3462.294,3439.593,3459.484,480559651,14791999488.0000
2026-08-05 10:30:00,3459.884,3460.194,3451.099,3454.599,359158472,10580393984.0000
2026-08-05 10:35:00,3454.657,3458.964,3443.133,3458.844,409122410,11715117056.0000
2026-08-05 10:40:00,3457.411,3472.787,3455.309,3466.049,319366461,9756016640.0000
2026-08-05 10:45:00,3466.500,3478.610,3466.500,3477.721,302305700,9319350272.0000
2026-08-05 10:50:00,3477.846,3491.334,3477.501,3490.996,328604402,10096279552.0000
2026-08-05 10:55:00,3490.604,3491.148,3483.595,3491.148,306058504,9560227840.0000
2026-08-05 11:00:00,3491.447,3494.745,3485.225,3486.025,255125379,7921074176.0000
2026-08-05 11:05:00,3486.866,3496.205,3486.866,3492.280,278470533,9070116864.0000
2026-08-05 11:10:00,3491.621,3495.645,3485.207,3495.123,283008111,8238104576.0000
2026-08-05 11:15:00,3495.623,3506.405,3494.569,3506.405,266337585,8410628096.0000
2026-08-05 11:20:00,3506.622,3519.538,3506.622,3510.017,309963439,10927702016.0000
2026-08-05 11:25:00,3509.906,3522.304,3506.155,3521.675,250870377,8315731968.0000
2026-08-05 11:30:00,3521.194,3526.008,3518.681,3519.862,259940747,8630075392.0000
2026-08-05 13:05:00,3523.692,3549.455,3523.692,3549.455,525734854,19065470976.0000
2026-08-05 13:10:00,3549.649,3549.663,3531.708,3536.994,383546916,12619251712.0000
2026-08-05 13:15:00,3534.942,3557.007,3533.424,3549.794,335505109,11972444160.0000
2026-08-05 13:20:00,3548.838,3562.662,3544.463,3559.236,336744598,11262197760.0000
2026-08-05 13:25:00,3559.696,3576.187,3558.415,3576.187,331452504,11795464192.0000
2026-08-05 13:30:00,3576.298,3584.062,3568.501,3568.576,360209199,12259950592.0000
2026-08-05 13:35:00,3568.480,3573.759,3566.317,3570.510,291760724,9446260736.0000
2026-08-05 13:40:00,3570.416,3570.461,3549.981,3556.168,417081058,11751030784.0000
2026-08-05 13:45:00,3556.777,3570.866,3553.791,3570.622,327182736,9562882048.0000
2026-08-05 13:50:00,3571.326,3577.514,3564.347,3566.452,268095104,8692957184.0000
2026-08-05 13:55:00,3567.550,3575.416,3564.037,3566.848,235751263,7077298176.0000
2026-08-05 14:00:00,3566.451,3566.607,3555.599,3560.979,236730665,7381647360.0000
2026-08-05 14:05:00,3560.726,3560.726,3545.615,3547.096,449618661,10960961536.0000
2026-08-05 14:10:00,3547.276,3547.276,3529.934,3542.582,467314590,12474974208.0000
2026-08-05 14:15:00,3542.865,3545.387,3527.012,3528.846,276595815,8047886336.0000
2026-08-05 14:20:00,3529.350,3530.545,3512.568,3515.861,376477435,11249451008.0000
2026-08-05 14:25:00,3516.099,3523.882,3512.791,3523.882,319976170,9331474432.0000
2026-08-05 14:30:00,3524.331,3535.447,3524.331,3533.904,264805328,7267221504.0000
2026-08-05 14:35:00,3533.657,3533.943,3528.354,3532.275,333926712,8112570368.0000
2026-08-05 14:40:00,3532.234,3532.660,3523.499,3523.759,332153327,8842706944.0000
2026-08-05 14:45:00,3523.449,3526.882,3522.561,3526.702,361794723,9395896320.0000
2026-08-05 14:50:00,3526.493,3532.022,3526.493,3531.875,428298326,11153244160.0000
2026-08-05 14:55:00,3531.533,3534.261,3530.381,3534.257,599924050,15595077632.0000
2026-08-05 15:00:00,3534.221,3537.883,3534.221,3535.143,622658075,16107700224.0000
2026-08-06 09:35:00,3472.146,3477.697,3444.358,3453.086,2239182407,73740681216.0000
2026-08-06 09:40:00,3453.718,3484.314,3453.718,3484.306,1237369394,38092906496.0000
2026-08-06 09:45:00,3484.368,3491.558,3472.823,3489.811,970105725,29454999552.0000
2026-08-06 09:50:00,3489.919,3498.939,3488.773,3489.444,820308053,24633458688.0000
2026-08-06 09:55:00,3490.097,3490.097,3478.664,3486.527,866935199,24207278080.0000
2026-08-06 10:00:00,3485.843,3507.654,3485.843,3507.654,686623182,20666728448.0000
2026-08-06 10:05:00,3507.860,3510.158,3499.286,3500.887,607313175,19115704320.0000
2026-08-06 10:10:00,3499.625,3513.602,3498.118,3513.602,474497947,15024472064.0000
2026-08-06 10:15:00,3514.027,3517.394,3502.664,3516.611,465652392,14821654528.0000
2026-08-06 10:20:00,3516.843,3530.473,3509.693,3528.442,478439757,16230629376.0000
2026-08-06 10:25:00,3528.159,3534.413,3522.453,3532.226,458939478,16374235136.0000
2026-08-06 10:30:00,3532.208,3553.857,3531.752,3552.691,479127452,16449536000.0000
2026-08-06 10:35:00,3552.090,3556.924,3544.730,3546.743,465968431,16315842560.0000
2026-08-06 10:40:00,3547.001,3547.383,3531.755,3533.656,461680343,15269920768.0000
2026-08-06 10:45:00,3533.861,3565.951,3533.861,3565.951,383208457,13859028992.0000
2026-08-06 10:50:00,3566.384,3569.208,3553.125,3568.216,427869736,13761478656.0000
2026-08-06 10:55:00,3568.931,3574.406,3565.113,3565.669,372972505,11910512640.0000
2026-08-06 11:00:00,3564.315,3564.315,3553.288,3554.488,339227002,10592354304.0000
2026-08-06 11:05:00,3553.611,3553.611,3540.781,3544.234,389967453,12091457536.0000
2026-08-06 11:10:00,3547.850,3550.123,3526.253,3526.253,434246506,13597605888.0000
2026-08-06 11:15:00,3525.810,3535.078,3520.103,3520.103,307346265,9679372288.0000
2026-08-06 11:20:00,3519.575,3524.340,3508.352,3508.352,429621119,12941688832.0000
2026-08-06 11:25:00,3507.776,3516.956,3500.990,3501.034,366586925,10850926592.0000
2026-08-06 11:30:00,3500.870,3511.842,3494.712,3511.467,373756027,10256056320.0000
2026-08-06 13:05:00,3513.798,3523.287,3506.341,3511.613,374677668,10665295872.0000
2026-08-06 13:10:00,3511.720,3524.503,3504.833,3505.990,262920301,8052572160.0000
2026-08-06 13:15:00,3505.801,3505.998,3491.336,3503.122,323520093,9247850496.0000
2026-08-06 13:20:00,3502.274,3511.683,3497.360,3497.360,282530351,7782203392.0000
2026-08-06 13:25:00,3498.874,3505.667,3496.067,3497.051,257958212,7111573504.0000
2026-08-06 13:30:00,3496.889,3497.836,3487.956,3489.370,320093939,8324579328.0000
2026-08-06 13:35:00,3489.925,3505.230,3489.925,3497.932,301658874,8122925056.0000
2026-08-06 13:40:00,3498.295,3498.726,3485.744,3485.744,301481568,8422752256.0000
2026-08-06 13:45:00,3485.606,3499.118,3482.187,3499.118,345762244,8789917696.0000
2026-08-06 13:50:00,3499.277,3504.747,3488.964,3490.002,252768733,6964936704.0000
2026-08-06 13:55:00,3489.942,3498.050,3489.942,3495.581,227542741,5749637120.0000
2026-08-06 14:00:00,3495.580,3495.580,3486.367,3494.684,183162479,4894130176.0000
2026-08-06 14:05:00,3495.949,3499.693,3483.532,3483.532,249702437,6345195520.0000
2026-08-06 14:10:00,3485.367,3487.625,3476.464,3476.464,227922616,6260064256.0000
2026-08-06 14:15:00,3477.906,3488.937,3476.109,3488.937,234934926,5967642624.0000
2026-08-06 14:20:00,3488.805,3488.868,3480.522,3486.344,212796423,5364514816.0000
2026-08-06 14:25:00,3486.382,3502.751,3486.382,3501.323,241129230,6372261888.0000
2026-08-06 14:30:00,3501.025,3504.889,3497.438,3504.889,228343708,6298402816.0000
2026-08-06 14:35:00,3505.677,3515.975,3505.677,3515.975,297909383,8276934656.0000
2026-08-06 14:40:00,3516.709,3519.809,3503.520,3503.520,317311906,9023455232.0000
2026-08-06 14:45:00,3503.279,3510.694,3502.982,3507.077,339524495,9036234752.0000
2026-08-06 14:50:00,3506.961,3508.412,3505.230,3508.412,392790737,10218373120.0000
2026-08-06 14:55:00,3508.715,3518.103,3508.362,3517.768,593473191,15454765056.0000
2026-08-06 15:00:00,3518.425,3518.802,3515.560,3515.560,573863479,15223554048.0000
