day,open,high,low,close,volume,amount
2026-06-09 14:50:00,1662.277,1666.480,1661.860,1664.313,23566700,2313699328.0000
2026-06-09 14:55:00,1664.046,1664.626,1662.518,1662.518,28878800,2582626304.0000
2026-06-09 15:00:00,1662.589,1664.065,1661.938,1663.109,25789900,2259533824.0000
2026-06-10 09:35:00,1662.845,1684.302,1662.845,1684.302,156370000,15255355392.0000
2026-06-10 09:40:00,1684.885,1697.574,1684.885,1695.978,116291900,12210677760.0000
2026-06-10 09:45:00,1695.706,1706.291,1693.181,1705.080,71034800,8382326784.0000
2026-06-10 09:50:00,1706.055,1722.334,1705.379,1722.261,78241800,7973236736.0000
2026-06-10 09:55:00,1721.574,1721.969,1712.652,1714.240,57899300,6326812672.0000
2026-06-10 10:00:00,1714.296,1714.297,1693.401,1697.261,53571100,5140287488.0000
2026-06-10 10:05:00,1696.705,1702.373,1685.276,1685.870,53212500,5429829632.0000
2026-06-10 10:10:00,1686.168,1690.026,1676.060,1676.394,45128200,4239388672.0000
2026-06-10 10:15:00,1676.712,1680.927,1672.524,1672.524,39192000,3900022784.0000
2026-06-10 10:20:00,1672.515,1681.751,1672.299,1678.750,30968200,2559754240.0000
2026-06-10 10:25:00,1678.971,1682.432,1672.766,1672.937,26701500,2565144576.0000
2026-06-10 10:30:00,1673.063,1674.291,1665.441,1665.715,31853700,2634334208.0000
2026-06-10 10:35:00,1665.561,1669.587,1665.561,1667.518,30962700,2560999424.0000
2026-06-10 10:40:00,1667.468,1668.612,1660.372,1660.372,23509600,1906384896.0000
2026-06-10 10:45:00,1660.397,1674.486,1660.361,1670.999,24246300,2356527104.0000
2026-06-10 10:50:00,1670.937,1674.099,1664.984,1670.286,21446600,1962180608.0000
2026-06-10 10:55:00,1670.353,1673.369,1663.252,1663.252,22985900,1544011776.0000
2026-06-10 11:00:00,1663.072,1663.122,1658.030,1660.874,16478600,1488322560.0000
2026-06-10 11:05:00,1660.779,1670.578,1659.503,1664.006,20364200,1397481472.0000
2026-06-10 11:10:00,1665.998,1667.210,1662.648,1663.320,15542800,1263222784.0000
2026-06-10 11:15:00,1663.189,1667.547,1658.791,1667.547,14845300,1242005504.0000
2026-06-10 11:20:00,1667.658,1673.845,1665.439,1665.531,15388000,1515880448.0000
2026-06-10 11:25:00,1665.274,1665.297,1656.024,1659.479,15933100,1416888320.0000
2026-06-10 11:30:00,1659.669,1667.191,1659.669,1662.810,14122100,1150656512.0000
2026-06-10 13:05:00,1661.307,1661.307,1647.975,1652.488,39418000,3201777664.0000
2026-06-10 13:10:00,1652.273,1657.114,1649.367,1650.058,18731000,1495556096.0000
2026-06-10 13:15:00,1650.173,1651.348,1644.615,1647.483,24550700,2104025088.0000
2026-06-10 13:20:00,1647.698,1649.484,1646.263,1647.188,16380900,1584316416.0000
2026-06-10 13:25:00,1647.453,1648.798,1643.235,1646.904,19758500,1806073856.0000
2026-06-10 13:30:00,1646.725,1647.200,1643.517,1646.609,14024500,1569939456.0000
2026-06-10 13:35:00,1646.438,1646.438,1638.934,1638.986,17615400,1768259584.0000
2026-06-10 13:40:00,1638.923,1641.294,1637.738,1639.110,17580700,1527758848.0000
2026-06-10 13:45:00,1639.631,1645.658,1639.631,1641.128,21030800,1560010752.0000
2026-06-10 13:50:00,1641.338,1643.943,1633.975,1634.030,24544600,1747255296.0000
2026-06-10 13:55:00,1633.891,1640.261,1632.326,1640.010,21031200,1708204032.0000
2026-06-10 14:00:00,1640.151,1655.053,1640.151,1655.053,18279900,1623736320.0000
2026-06-10 14:05:00,1655.069,1659.110,1650.920,1650.920,19328000,1743560704.0000
2026-06-10 14:10:00,1650.932,1653.218,1646.863,1649.923,12839700,1092657152.0000
2026-06-10 14:15:00,1649.969,1652.931,1645.866,1645.866,14110500,1162870784.0000
2026-06-10 14:20:00,1645.760,1652.006,1644.558,1651.899,14230000,1256103936.0000
2026-06-10 14:25:00,1651.778,1657.643,1650.202,1650.830,21866300,1687683072.0000
2026-06-10 14:30:00,1650.935,1652.806,1649.888,1651.166,12164100,1077968896.0000
2026-06-10 14:35:00,1651.214,1656.744,1651.214,1652.530,21392000,1675829248.0000
2026-06-10 14:40:00,1652.521,1652.994,1648.398,1648.398,19072300,1606172672.0000
2026-06-10 14:45:00,1648.284,1650.515,1646.061,1650.345,36809300,2271297536.0000
2026-06-10 14:50:00,1649.599,1653.996,1649.242,1653.996,52935000,2321252352.0000
2026-06-10 14:55:00,1653.739,1656.490,1653.739,1654.429,73939700,2877956096.0000
2026-06-10 15:00:00,1654.438,1654.438,1652.224,1652.224,43249200,2196840448.0000
2026-06-11 09:35:00,1644.603,1662.910,1634.558,1639.219,135050600,10519651328.0000
2026-06-11 09:40:00,1640.925,1651.535,1640.925,1651.535,84560200,6017827840.0000
2026-06-11 09:45:00,1653.037,1669.796,1652.836,1667.064,64108400,5587720192.0000
2026-06-11 09:50:00,1667.867,1672.544,1664.619,1667.368,57314200,4793786368.0000
2026-06-11 09:55:00,1667.680,1675.674,1665.482,1667.265,48775100,4474671104.0000
2026-06-11 10:00:00,1668.033,1676.531,1659.444,1663.344,46913000,4263219200.0000
2026-06-11 10:05:00,1663.044,1663.044,1648.091,1649.546,44689300,3551580160.0000
2026-06-11 10:10:00,1649.508,1651.891,1643.664,1651.227,32607300,2887872512.0000
2026-06-11 10:15:00,1649.907,1654.184,1645.849,1649.632,24983400,2069012480.0000
2026-06-11 10:20:00,1649.498,1649.498,1640.101,1641.545,29074300,2332188672.0000
2026-06-11 10:25:00,1641.728,1645.091,1637.908,1644.380,25931100,2199687168.0000
2026-06-11 10:30:00,1644.155,1649.695,1641.727,1642.479,23385800,1927086080.0000
2026-06-11 10:35:00,1642.640,1651.642,1642.260,1642.260,26077100,1971826688.0000
2026-06-11 10:40:00,1642.911,1648.615,1642.911,1643.794,18545800,1504882688.0000
2026-06-11 10:45:00,1644.095,1649.424,1644.095,1645.981,23071200,1681559552.0000
2026-06-11 10:50:00,1646.096,1657.259,1642.522,1657.259,25492200,1830887424.0000
2026-06-11 10:55:00,1657.468,1661.085,1648.451,1648.451,24014900,2367881216.0000
2026-06-11 11:00:00,1648.888,1659.198,1648.605,1657.044,19548200,1725100032.0000
2026-06-11 11:05:00,1657.090,1657.090,1647.936,1651.180,17082500,1490014208.0000
2026-06-11 11:10:00,1651.161,1652.113,1641.655,1642.577,21970500,1626869760.0000
2026-06-11 11:15:00,1642.221,1642.221,1635.773,1640.265,25828600,2018701312.0000
2026-06-11 11:20:00,1640.327,1641.509,1634.520,1634.704,21265000,1643876352.0000
2026-06-11 11:25:00,1634.013,1637.544,1631.936,1635.027,20745700,1686302720.0000
2026-06-11 11:30:00,1635.434,1638.923,1633.063,1634.926,16210800,1098539008.0000
2026-06-11 13:05:00,1636.298,1654.862,1636.298,1647.041,36267800,2950250496.0000
2026-06-11 13:10:00,1646.950,1651.533,1641.812,1647.249,23777800,1730183168.0000
2026-06-11 13:15:00,1647.284,1658.168,1645.793,1653.734,24469000,2142216192.0000
2026-06-11 13:20:00,1653.552,1659.909,1653.436,1659.909,20923500,1922482176.0000
2026-06-11 13:25:00,1660.254,1661.549,1650.943,1650.971,24361600,2033524736.0000
2026-06-11 13:30:00,1650.962,1653.707,1647.897,1649.688,15308200,1328513024.0000
2026-06-11 13:35:00,1649.747,1657.440,1648.052,1652.959,20787400,1484685312.0000
2026-06-11 13:40:00,1652.820,1656.596,1650.964,1650.964,19852500,1436483584.0000
2026-06-11 13:45:00,1650.989,1653.712,1646.468,1646.468,16131100,1458470912.0000
2026-06-11 13:50:00,1646.543,1657.438,1644.882,1657.120,16812100,1504280576.0000
2026-06-11 13:55:00,1657.149,1660.640,1656.347,1658.953,18341900,1690968064.0000
2026-06-11 14:00:00,1659.097,1660.483,1653.466,1655.033,22015600,1722564608.0000
2026-06-11 14:05:00,1655.038,1657.462,1650.924,1653.628,18934100,1498284032.0000
2026-06-11 14:10:00,1653.351,1653.351,1644.474,1645.033,21946000,1675952128.0000
2026-06-11 14:15:00,1644.727,1644.727,1640.201,1642.086,21477700,2006499328.0000
2026-06-11 14:20:00,1642.279,1644.120,1638.784,1638.784,18541100,1790173184.0000
2026-06-11 14:25:00,1638.618,1644.546,1638.591,1643.821,14148400,1390739456.0000
2026-06-11 14:30:00,1644.006,1647.528,1640.989,1640.989,18096500,1397964800.0000
2026-06-11 14:35:00,1641.347,1649.067,1641.347,1645.572,18768400,1539817472.0000
2026-06-11 14:40:00,1645.738,1648.443,1644.095,1647.048,20510300,1862918144.0000
2026-06-11 14:45:00,1647.153,1652.866,1647.153,1652.391,28139100,2631303168.0000
2026-06-11 14:50:00,1652.742,1657.895,1652.742,1657.384,30073200,2874548224.0000
2026-06-11 14:55:00,1657.213,1662.003,1657.178,1661.950,38133600,2904858624.0000
2026-06-11 15:00:00,1661.895,1662.869,1661.357,1662.436,37007300,2907152384.0000
2026-06-12 09:35:00,1726.005,1730.893,1717.423,1717.423,267369600,19965018112.0000
2026-06-12 09:40:00,1717.909,1727.240,1713.924,1718.965,163829700,10705655808.0000
2026-06-12 09:45:00,1719.004,1721.639,1707.005,1708.769,109140100,9062590464.0000
2026-06-12 09:50:00,1709.301,1725.125,1709.301,1723.147,82604500,7174406144.0000
2026-06-12 09:55:00,1723.896,1727.848,1719.899,1720.834,70644800,6042411008.0000
2026-06-12 10:00:00,1721.248,1721.248,1714.104,1718.775,56639400,4621283328.0000
2026-06-12 10:05:00,1717.916,1717.916,1709.294,1713.810,57719600,4859301888.0000
2026-06-12 10:10:00,1713.774,1721.368,1712.950,1717.154,49737100,3917488128.0000
2026-06-12 10:15:00,1717.760,1722.109,1715.309,1715.731,41268900,3330154496.0000
2026-06-12 10:20:00,1715.810,1715.810,1701.041,1705.521,49592800,4330651648.0000
2026-06-12 10:25:00,1705.542,1706.581,1697.654,1704.750,40812900,3536306176.0000
2026-06-12 10:30:00,1704.729,1704.729,1689.844,1689.844,36473800,3088031744.0000
2026-06-12 10:35:00,1689.714,1698.017,1688.267,1698.017,44853200,3388604416.0000
2026-06-12 10:40:00,1697.740,1701.301,1693.086,1696.525,32668700,2683412480.0000
2026-06-12 10:45:00,1696.841,1698.513,1690.003,1697.510,31710600,2628403200.0000
2026-06-12 10:50:00,1697.590,1703.856,1697.316,1702.449,29777200,2284208128.0000
2026-06-12 10:55:00,1702.562,1702.748,1695.483,1697.028,31139500,2325184512.0000
2026-06-12 11:00:00,1697.167,1698.161,1690.383,1692.272,27990900,2410323968.0000
2026-06-12 11:05:00,1692.202,1699.984,1692.004,1696.602,29558700,2123259904.0000
2026-06-12 11:10:00,1696.265,1696.265,1683.228,1683.363,35415500,2915164160.0000
2026-06-12 11:15:00,1683.420,1685.316,1681.477,1683.758,30277800,2743345152.0000
2026-06-12 11:20:00,1684.199,1693.613,1684.199,1689.298,21214100,1928421376.0000
2026-06-12 11:25:00,1688.453,1689.395,1685.045,1686.764,21964600,1816354816.0000
2026-06-12 11:30:00,1686.658,1687.485,1681.277,1681.583,22632800,1961017344.0000
2026-06-12 13:05:00,1681.360,1683.647,1677.411,1677.784,45970300,4242366464.0000
2026-06-12 13:10:00,1677.854,1681.282,1673.560,1673.625,33034200,3054002176.0000
2026-06-12 13:15:00,1673.701,1681.804,1673.489,1677.860,28800200,2961309696.0000
2026-06-12 13:20:00,1677.898,1679.432,1674.724,1676.367,28681900,2487263232.0000
2026-06-12 13:25:00,1676.361,1686.910,1676.361,1685.433,26708100,2792644608.0000
2026-06-12 13:30:00,1685.144,1689.648,1685.088,1686.403,26067800,2687533056.0000
2026-06-12 13:35:00,1686.357,1688.514,1679.046,1679.164,26064200,2432712704.0000
2026-06-12 13:40:00,1679.059,1684.251,1678.806,1679.511,21462600,2033631232.0000
2026-06-12 13:45:00,1679.370,1684.927,1677.238,1683.936,21643800,1991778304.0000
2026-06-12 13:50:00,1683.765,1686.279,1681.525,1684.978,19924400,1944698880.0000
2026-06-12 13:55:00,1684.948,1685.526,1680.679,1680.679,22978900,2110849024.0000
2026-06-12 14:00:00,1680.561,1680.561,1674.907,1679.005,30378800,2348498944.0000
2026-06-12 14:05:00,1679.109,1681.114,1675.537,1679.538,23400700,2097676288.0000
2026-06-12 14:10:00,1679.524,1680.711,1674.945,1675.659,24598800,2248327168.0000
2026-06-12 14:15:00,1675.482,1678.486,1674.591,1678.071,25707700,2173124608.0000
2026-06-12 14:20:00,1678.127,1678.612,1673.350,1675.258,24742000,1974173696.0000
2026-06-12 14:25:00,1675.479,1681.459,1675.479,1676.289,25859800,2157953024.0000
2026-06-12 14:30:00,1676.158,1676.496,1672.512,1672.863,24630700,2160623616.0000
2026-06-12 14:35:00,1672.680,1673.745,1666.439,1666.588,34825600,2813837312.0000
2026-06-12 14:40:00,1666.765,1667.628,1664.464,1666.862,34490100,3085107200.0000
2026-06-12 14:45:00,1666.884,1666.919,1659.202,1660.076,37543000,3577331712.0000
2026-06-12 14:50:00,1660.075,1661.646,1656.845,1661.646,38925800,3743170560.0000
2026-06-12 14:55:00,1661.791,1664.072,1660.201,1660.672,38428600,3519053824.0000
2026-06-12 15:00:00,1660.480,1663.851,1660.480,1663.221,51951900,5341577216.0000
2026-06-15 09:35:00,1687.670,1693.826,1670.643,1670.893,153812500,13951784960.0000
2026-06-15 09:40:00,1670.389,1679.147,1658.324,1679.147,97956400,8270370816.0000
2026-06-15 09:45:00,1679.527,1693.632,1679.445,1693.632,78864100,7324538880.0000
2026-06-15 09:50:00,1693.543,1706.704,1693.543,1705.979,67013900,6932998144.0000
2026-06-15 09:55:00,1706.475,1710.105,1704.890,1707.329,63150500,6764654592.0000
2026-06-15 10:00:00,1707.401,1710.101,1701.035,1707.485,57265900,5165383680.0000
2026-06-15 10:05:00,1707.930,1722.941,1707.532,1722.791,59908600,6539665408.0000
2026-06-15 10:10:00,1723.109,1723.363,1717.440,1718.301,46411500,5271261184.0000
2026-06-15 10:15:00,1718.093,1726.409,1717.253,1725.936,44080200,4718206976.0000
2026-06-15 10:20:00,1725.401,1725.639,1719.801,1721.734,46811300,4221161472.0000
2026-06-15 10:25:00,1722.306,1727.200,1722.306,1723.630,35523400,4385079296.0000
2026-06-15 10:30:00,1722.869,1732.173,1722.584,1730.435,34000000,3901628416.0000
2026-06-15 10:35:00,1730.621,1730.621,1723.849,1729.472,29338100,3337322496.0000
2026-06-15 10:40:00,1729.243,1731.932,1728.126,1729.609,27644900,3125805056.0000
2026-06-15 10:45:00,1729.882,1729.882,1716.354,1716.354,29273300,3200827392.0000
2026-06-15 10:50:00,1716.242,1723.091,1715.247,1715.247,25469900,2512838656.0000
2026-06-15 10:55:00,1715.007,1718.408,1714.695,1716.357,25252900,2247131136.0000
2026-06-15 11:00:00,1716.413,1722.754,1716.250,1721.709,18735400,2015772672.0000
2026-06-15 11:05:00,1721.954,1721.954,1715.359,1716.029,20178200,1900945408.0000
2026-06-15 11:10:00,1715.742,1721.993,1713.573,1721.339,19817100,2193121280.0000
2026-06-15 11:15:00,1721.443,1721.776,1718.152,1720.988,16783200,1842249728.0000
2026-06-15 11:20:00,1721.312,1724.207,1720.707,1720.860,17869900,1935548416.0000
2026-06-15 11:25:00,1720.392,1721.541,1718.937,1721.541,16943200,1777500160.0000
2026-06-15 11:30:00,1721.702,1725.460,1721.702,1723.472,16872700,1766514688.0000
2026-06-15 13:05:00,1724.043,1732.605,1724.043,1732.528,39878700,3742556160.0000
2026-06-15 13:10:00,1732.837,1734.072,1730.484,1733.118,37063500,2465685504.0000
2026-06-15 13:15:00,1733.059,1733.245,1722.964,1724.473,46718500,2739306496.0000
2026-06-15 13:20:00,1724.550,1731.014,1724.405,1725.992,24816700,2129068032.0000
2026-06-15 13:25:00,1726.125,1726.899,1724.145,1724.145,20819700,1937096704.0000
2026-06-15 13:30:00,1724.078,1725.483,1720.049,1725.483,19925700,1907933184.0000
2026-06-15 13:35:00,1726.097,1730.920,1725.510,1730.269,19163300,2029625344.0000
2026-06-15 13:40:00,1730.201,1730.584,1726.867,1726.867,16898500,1920483328.0000
2026-06-15 13:45:00,1727.267,1730.389,1726.343,1730.150,17006600,1585913856.0000
2026-06-15 13:50:00,1730.400,1732.522,1729.977,1731.124,18497000,1700061184.0000
2026-06-15 13:55:00,1731.199,1732.688,1730.439,1731.254,15887300,1724252160.0000
2026-06-15 14:00:00,1731.360,1731.824,1729.350,1730.398,12989900,1340022784.0000
2026-06-15 14:05:00,1730.301,1731.170,1725.605,1727.546,20076400,1766170624.0000
2026-06-15 14:10:00,1727.531,1729.043,1725.435,1729.007,17252200,1565310976.0000
2026-06-15 14:15:00,1729.211,1732.918,1729.211,1731.339,15216100,1773068288.0000
2026-06-15 14:20:00,1731.083,1731.860,1730.547,1731.167,14997200,1477632000.0000
2026-06-15 14:25:00,1731.487,1733.687,1731.015,1733.687,17208400,1758388224.0000
2026-06-15 14:30:00,1733.675,1735.906,1733.226,1735.838,17303800,1953447936.0000
2026-06-15 14:35:00,1735.791,1739.205,1734.368,1739.205,20009800,2481831936.0000
2026-06-15 14:40:00,1739.289,1741.077,1738.389,1741.075,21121300,2151432192.0000
2026-06-15 14:45:00,1741.044,1743.902,1740.888,1743.814,24948700,2630369280.0000
2026-06-15 14:50:00,1743.749,1746.761,1742.781,1746.480,30940700,2964013056.0000
2026-06-15 14:55:00,1746.805,1747.629,1746.218,1747.497,38551400,3979427840.0000
2026-06-15 15:00:00,1747.435,1748.512,1747.327,1748.326,37825300,3452076032.0000
2026-06-16 09:35:00,1751.705,1752.193,1741.646,1742.094,133331700,12952237056.0000
2026-06-16 09:40:00,1741.785,1743.854,1734.087,1743.630,83034600,8301050880.0000
2026-06-16 09:45:00,1744.425,1749.094,1741.597,1744.352,70056500,6893182976.0000
2026-06-16 09:50:00,1743.892,1747.882,1741.677,1747.308,63055300,6253027328.0000
2026-06-16 09:55:00,1748.014,1750.170,1746.112,1749.815,52454500,4923957248.0000
2026-06-16 10:00:00,1749.985,1751.184,1738.988,1738.988,48647400,4288172032.0000
2026-06-16 10:05:00,1738.714,1738.714,1731.186,1731.202,49450700,5459726336.0000
2026-06-16 10:10:00,1731.167,1741.823,1729.037,1741.823,34507700,3700187136.0000
2026-06-16 10:15:00,1742.554,1748.325,1742.458,1743.859,33956300,3572301824.0000
2026-06-16 10:20:00,1744.042,1744.042,1736.247,1741.763,33744300,2784382976.0000
2026-06-16 10:25:00,1741.896,1746.803,1741.832,1743.805,25301100,2138370048.0000
2026-06-16 10:30:00,1743.689,1747.855,1743.689,1744.220,23402800,1957683200.0000
2026-06-16 10:35:00,1743.713,1747.533,1740.551,1747.251,31866900,2131795968.0000
2026-06-16 10:40:00,1747.520,1751.839,1747.288,1749.056,30715300,1896284160.0000
2026-06-16 10:45:00,1749.070,1752.866,1748.792,1751.958,21347700,2156539904.0000
2026-06-16 10:50:00,1751.897,1754.286,1749.750,1749.750,23551500,2085625856.0000
2026-06-16 10:55:00,1749.272,1749.272,1744.569,1746.983,22890500,2025488384.0000
2026-06-16 11:00:00,1746.636,1748.362,1743.347,1744.394,21213500,1696006144.0000
2026-06-16 11:05:00,1744.597,1747.178,1743.154,1743.640,20548200,1716953088.0000
2026-06-16 11:10:00,1743.380,1744.754,1740.597,1744.441,26508600,1710923776.0000
2026-06-16 11:15:00,1744.352,1750.171,1744.305,1750.171,14247200,1601429504.0000
2026-06-16 11:20:00,1750.303,1750.699,1746.515,1750.254,16603500,1893908480.0000
2026-06-16 11:25:00,1750.546,1751.023,1747.811,1750.711,16449200,1664221184.0000
2026-06-16 11:30:00,1750.572,1757.028,1750.572,1756.896,21420800,2234859520.0000
2026-06-16 13:05:00,1757.172,1760.195,1752.868,1759.884,53784600,4281450496.0000
2026-06-16 13:10:00,1759.803,1764.738,1759.491,1763.367,23333800,2911395840.0000
2026-06-16 13:15:00,1763.362,1763.442,1754.565,1757.640,26989100,2502967296.0000
2026-06-16 13:20:00,1757.616,1757.682,1745.961,1750.135,37750000,3232694272.0000
2026-06-16 13:25:00,1750.861,1751.263,1746.507,1748.370,22030400,2206556160.0000
2026-06-16 13:30:00,1748.263,1748.263,1743.495,1746.456,24346000,2529976320.0000
2026-06-16 13:35:00,1746.415,1746.968,1742.231,1746.902,25438600,2358820864.0000
2026-06-16 13:40:00,1746.983,1747.347,1738.109,1738.729,19883700,2299920384.0000
2026-06-16 13:45:00,1738.712,1740.848,1734.959,1739.966,24354200,2527928320.0000
2026-06-16 13:50:00,1739.805,1746.346,1739.805,1746.346,15199300,1736605696.0000
2026-06-16 13:55:00,1746.402,1748.396,1745.313,1747.456,16793100,1698316288.0000
2026-06-16 14:00:00,1747.602,1751.523,1747.254,1750.855,15100100,1633607680.0000
2026-06-16 14:05:00,1751.064,1751.343,1749.245,1750.985,17711700,1635393536.0000
2026-06-16 14:10:00,1750.954,1762.786,1750.954,1761.433,29026100,3106643968.0000
2026-06-16 14:15:00,1761.499,1763.449,1759.458,1762.770,24450500,2289541120.0000
2026-06-16 14:20:00,1762.081,1766.127,1759.404,1766.042,21176600,1913610240.0000
2026-06-16 14:25:00,1766.138,1766.138,1763.150,1763.190,24619900,1803157504.0000
2026-06-16 14:30:00,1762.806,1762.806,1759.331,1761.101,19531500,1722228736.0000
2026-06-16 14:35:00,1761.555,1764.280,1757.680,1757.680,21331600,2061312000.0000
2026-06-16 14:40:00,1757.685,1759.054,1755.764,1757.344,19396700,2014560256.0000
2026-06-16 14:45:00,1757.192,1757.581,1752.878,1753.585,22685600,2308571136.0000
2026-06-16 14:50:00,1753.665,1756.253,1753.141,1755.592,23640300,2431819776.0000
2026-06-16 14:55:00,1755.587,1758.270,1755.093,1757.705,27867300,2794127360.0000
2026-06-16 15:00:00,1757.664,1758.535,1757.233,1758.424,27075300,2603581440.0000
2026-06-17 09:35:00,1729.228,1733.872,1725.901,1733.194,130175700,11169169408.0000
2026-06-17 09:40:00,1733.815,1743.436,1732.703,1743.436,81547400,6026479616.0000
2026-06-17 09:45:00,1743.619,1745.865,1735.830,1741.122,65722200,5209360384.0000
2026-06-17 09:50:00,1741.192,1747.273,1738.515,1743.190,48832000,4448577536.0000
2026-06-17 09:55:00,1742.884,1749.686,1741.716,1746.679,48250000,4258154496.0000
2026-06-17 10:00:00,1746.302,1748.962,1740.398,1741.344,44600500,3908472832.0000
2026-06-17 10:05:00,1740.847,1754.882,1740.409,1752.460,39679300,3867344896.0000
2026-06-17 10:10:00,1752.042,1758.496,1752.042,1758.036,34175300,3610697728.0000
2026-06-17 10:15:00,1758.089,1764.072,1757.575,1764.072,41850000,3975680000.0000
2026-06-17 10:20:00,1764.372,1769.075,1764.277,1768.766,41698800,4104048640.0000
2026-06-17 10:25:00,1769.023,1769.683,1761.229,1761.229,35125000,3767521280.0000
2026-06-17 10:30:00,1760.976,1770.109,1760.941,1768.521,34542000,3402280960.0000
2026-06-17 10:35:00,1767.955,1780.549,1767.955,1780.017,36445000,3885289472.0000
2026-06-17 10:40:00,1780.469,1783.553,1769.421,1772.920,33903000,4040994816.0000
2026-06-17 10:45:00,1773.240,1777.364,1766.890,1771.219,31936400,3002245120.0000
2026-06-17 10:50:00,1770.815,1773.325,1767.660,1773.201,51372400,3065614336.0000
2026-06-17 10:55:00,1773.588,1776.930,1772.204,1773.099,65209500,2963382272.0000
2026-06-17 11:00:00,1773.327,1779.473,1772.844,1778.403,44317400,2753413120.0000
2026-06-17 11:05:00,1778.205,1788.591,1777.402,1788.320,30363300,3115900928.0000
2026-06-17 11:10:00,1787.726,1790.185,1782.556,1782.855,29954500,3054379008.0000
2026-06-17 11:15:00,1782.878,1790.165,1781.931,1789.916,27972000,2820349952.0000
2026-06-17 11:20:00,1789.947,1789.947,1772.194,1773.168,29253900,3029721088.0000
2026-06-17 11:25:00,1772.850,1780.262,1766.948,1776.341,25604700,2566111232.0000
2026-06-17 11:30:00,1776.099,1780.393,1774.784,1776.257,28697700,2185977856.0000
2026-06-17 13:05:00,1776.282,1787.010,1776.138,1783.064,38298300,4080205824.0000
2026-06-17 13:10:00,1782.790,1789.611,1782.790,1788.779,36587200,4267196416.0000
2026-06-17 13:15:00,1789.131,1797.858,1786.451,1796.501,32854800,3894870016.0000
2026-06-17 13:20:00,1796.294,1799.366,1792.218,1797.110,27697400,3087097856.0000
2026-06-17 13:25:00,1797.262,1802.686,1795.750,1802.006,39149400,2902024192.0000
2026-06-17 13:30:00,1803.001,1813.664,1802.814,1813.664,38761300,4791025664.0000
2026-06-17 13:35:00,1813.701,1821.199,1811.945,1821.199,40357200,5325889536.0000
2026-06-17 13:40:00,1821.940,1833.960,1820.749,1833.678,35248100,5310078976.0000
2026-06-17 13:45:00,1833.415,1835.553,1821.784,1825.712,34125300,4930633728.0000
2026-06-17 13:50:00,1825.470,1825.470,1818.393,1823.874,25841200,3199492096.0000
2026-06-17 13:55:00,1824.060,1828.132,1818.516,1819.042,24342300,2850889728.0000
2026-06-17 14:00:00,1818.922,1826.885,1816.630,1825.670,22512800,2702262272.0000
2026-06-17 14:05:00,1825.806,1828.048,1824.366,1826.733,19854400,2286436352.0000
2026-06-17 14:10:00,1826.854,1827.128,1820.953,1825.919,24991700,2530590720.0000
2026-06-17 14:15:00,1825.603,1825.603,1816.660,1819.618,23458400,2484764672.0000
2026-06-17 14:20:00,1819.792,1824.061,1818.171,1818.171,18780000,2056732672.0000
2026-06-17 14:25:00,1818.373,1820.621,1816.957,1817.915,14662000,1812168704.0000
2026-06-17 14:30:00,1818.039,1820.048,1817.890,1819.054,16432600,1945010176.0000
2026-06-17 14:35:00,1818.646,1826.239,1818.646,1824.616,28179600,2983985152.0000
2026-06-17 14:40:00,1825.146,1831.107,1824.923,1830.852,25941800,3158966272.0000
2026-06-17 14:45:00,1830.974,1835.409,1829.687,1835.338,29718300,3397271552.0000
2026-06-17 14:50:00,1835.401,1841.222,1835.401,1840.413,35627000,4266491904.0000
2026-06-17 14:55:00,1839.905,1840.711,1837.983,1840.711,41621100,4313464832.0000
2026-06-17 15:00:00,1840.781,1841.365,1840.098,1840.821,45561100,4112973824.0000
2026-06-18 09:35:00,1837.070,1861.923,1836.038,1844.895,149796500,17101021184.0000
2026-06-18 09:40:00,1845.492,1853.847,1844.407,1849.030,98246200,10742073344.0000
2026-06-18 09:45:00,1848.825,1855.022,1844.867,1855.022,77676700,7145793536.0000
2026-06-18 09:50:00,1855.322,1857.124,1848.884,1857.124,63606400,6759665664.0000
2026-06-18 09:55:00,1856.971,1871.560,1856.971,1871.560,49975100,7772475392.0000
2026-06-18 10:00:00,1872.000,1886.569,1872.000,1886.569,61006600,9277558784.0000
2026-06-18 10:05:00,1886.235,1892.016,1884.709,1888.229,55943700,7977607168.0000
2026-06-18 10:10:00,1888.201,1888.201,1871.794,1872.173,55875400,6494011392.0000
2026-06-18 10:15:00,1872.671,1877.022,1868.337,1876.861,42893800,5225840640.0000
2026-06-18 10:20:00,1875.885,1878.347,1868.706,1869.675,40019800,5088854016.0000
2026-06-18 10:25:00,1869.099,1882.554,1869.099,1882.554,29658800,3922468864.0000
2026-06-18 10:30:00,1883.109,1895.798,1883.109,1893.898,37224700,6113681408.0000
2026-06-18 10:35:00,1892.695,1903.416,1892.695,1903.416,36844900,5763235840.0000
2026-06-18 10:40:00,1902.991,1906.534,1893.777,1896.394,46997900,5461762048.0000
2026-06-18 10:45:00,1897.697,1903.460,1896.267,1903.460,25664700,3074138112.0000
2026-06-18 10:50:00,1903.830,1912.321,1902.406,1909.648,31675600,4557504512.0000
2026-06-18 10:55:00,1909.166,1914.017,1907.892,1912.076,26102300,3445301248.0000
2026-06-18 11:00:00,1912.081,1912.957,1903.215,1903.456,35221900,3851968512.0000
2026-06-18 11:05:00,1902.625,1908.246,1897.964,1903.701,30310400,3369721856.0000
2026-06-18 11:10:00,1904.401,1909.532,1904.375,1909.532,19169300,2361974784.0000
2026-06-18 11:15:00,1909.364,1909.844,1892.369,1895.670,31338800,2977996800.0000
2026-06-18 11:20:00,1895.618,1904.913,1895.618,1903.192,24024800,2827075584.0000
2026-06-18 11:25:00,1903.355,1909.172,1902.969,1909.106,18945400,2080309248.0000
2026-06-18 11:30:00,1908.716,1909.351,1903.323,1907.109,17207400,1815052288.0000
2026-06-18 13:05:00,1908.402,1914.140,1907.948,1913.239,49421900,5641568256.0000
2026-06-18 13:10:00,1913.188,1924.538,1909.904,1924.090,32316000,3887349760.0000
2026-06-18 13:15:00,1924.072,1924.712,1919.203,1920.725,31439500,4130979840.0000
2026-06-18 13:20:00,1920.066,1926.005,1918.807,1925.858,30009700,3539320832.0000
2026-06-18 13:25:00,1926.105,1931.843,1923.299,1931.808,33913000,3813785600.0000
2026-06-18 13:30:00,1932.171,1937.301,1930.635,1931.941,31830700,4113367040.0000
2026-06-18 13:35:00,1932.028,1937.009,1928.450,1929.483,25370200,3470737408.0000
2026-06-18 13:40:00,1928.971,1930.309,1921.718,1921.718,24587500,2641854464.0000
2026-06-18 13:45:00,1922.024,1930.003,1922.024,1926.011,23103400,2595897344.0000
2026-06-18 13:50:00,1925.705,1925.924,1921.959,1922.441,22698400,2342387712.0000
2026-06-18 13:55:00,1922.248,1926.332,1917.201,1923.361,24329300,2475982848.0000
2026-06-18 14:00:00,1923.191,1927.076,1920.570,1926.342,16566400,1700446208.0000
2026-06-18 14:05:00,1926.501,1930.523,1926.192,1928.449,22634600,2186690560.0000
2026-06-18 14:10:00,1927.978,1930.476,1920.553,1924.210,20478100,2219982848.0000
2026-06-18 14:15:00,1924.148,1926.768,1923.353,1924.374,14140300,1735983104.0000
2026-06-18 14:20:00,1924.303,1928.045,1924.270,1925.666,15897900,1722073088.0000
2026-06-18 14:25:00,1925.696,1927.247,1923.793,1924.541,16561700,1626079232.0000
2026-06-18 14:30:00,1924.153,1924.181,1921.335,1921.817,16382000,1775075328.0000
2026-06-18 14:35:00,1921.826,1929.138,1921.764,1926.832,24885000,2396160000.0000
2026-06-18 14:40:00,1926.321,1926.321,1902.976,1902.976,37404700,4075077632.0000
2026-06-18 14:45:00,1903.095,1915.090,1903.022,1914.953,39101900,4162584576.0000
2026-06-18 14:50:00,1915.602,1916.107,1909.318,1914.719,30805400,3150856192.0000
2026-06-18 14:55:00,1914.884,1918.915,1914.243,1917.066,36238600,3975561216.0000
2026-06-18 15:00:00,1916.914,1917.413,1911.513,1911.513,45556600,4947951616.0000
2026-06-22 09:35:00,1922.474,1931.151,1920.520,1923.647,170369500,19397650432.0000
2026-06-22 09:40:00,1923.453,1943.824,1920.757,1938.277,106870300,11858388992.0000
2026-06-22 09:45:00,1937.928,1943.916,1932.581,1936.130,85384700,9948381184.0000
2026-06-22 09:50:00,1935.581,1949.350,1934.302,1948.911,66399200,7905599488.0000
2026-06-22 09:55:00,1948.751,1963.327,1946.010,1961.508,79239400,8049102848.0000
2026-06-22 10:00:00,1961.382,1962.183,1948.306,1948.306,71135100,6887456768.0000
2026-06-22 10:05:00,1948.061,1954.037,1945.502,1945.784,68248900,6078644224.0000
2026-06-22 10:10:00,1945.153,1948.180,1928.024,1931.065,53089700,6263881728.0000
2026-06-22 10:15:00,1932.060,1941.861,1931.604,1938.190,43071200,4648443904.0000
2026-06-22 10:20:00,1937.951,1938.980,1926.824,1936.661,48530200,4952702976.0000
2026-06-22 10:25:00,1936.724,1939.316,1928.131,1928.131,39299100,4016381952.0000
2026-06-22 10:30:00,1927.532,1927.532,1905.758,1905.953,47372800,5988712448.0000
2026-06-22 10:35:00,1905.473,1910.181,1900.045,1900.755,53570100,6363734016.0000
2026-06-22 10:40:00,1901.043,1919.806,1901.043,1919.402,29775300,3772768256.0000
2026-06-22 10:45:00,1919.712,1919.712,1909.149,1909.149,26602800,2992381952.0000
2026-06-22 10:50:00,1908.907,1908.907,1889.981,1889.981,41660800,4338900992.0000
2026-06-22 10:55:00,1889.465,1892.803,1880.447,1880.795,41482600,4737056768.0000
2026-06-22 11:00:00,1880.553,1891.818,1880.153,1888.535,31412400,3497607168.0000
2026-06-22 11:05:00,1888.731,1895.565,1888.731,1892.620,24189000,2713018368.0000
2026-06-22 11:10:00,1892.259,1900.190,1879.590,1879.951,26978200,3233775616.0000
2026-06-22 11:15:00,1880.503,1888.356,1880.503,1887.982,25613200,2547122176.0000
2026-06-22 11:20:00,1887.978,1897.324,1887.467,1892.761,21265500,2013306880.0000
2026-06-22 11:25:00,1892.394,1894.857,1884.876,1894.857,17089400,1857576960.0000
2026-06-22 11:30:00,1894.900,1912.115,1894.900,1911.912,22917600,2582675456.0000
2026-06-22 13:05:00,1913.350,1917.744,1909.822,1911.579,37433200,3732807680.0000
2026-06-22 13:10:00,1911.343,1923.136,1911.343,1921.560,29151200,3044294656.0000
2026-06-22 13:15:00,1921.656,1924.132,1914.579,1924.132,27392500,2490679296.0000
2026-06-22 13:20:00,1923.947,1926.191,1918.623,1918.623,27208900,3100606464.0000
2026-06-22 13:25:00,1918.871,1919.739,1912.475,1912.475,25371200,2616770560.0000
2026-06-22 13:30:00,1912.216,1915.148,1898.877,1905.738,34695300,3004547072.0000
2026-06-22 13:35:00,1905.131,1911.233,1903.852,1911.049,22295400,2185003008.0000
2026-06-22 13:40:00,1911.767,1919.453,1911.767,1919.334,28892500,2201862144.0000
2026-06-22 13:45:00,1919.242,1920.491,1914.592,1914.592,23302500,1836531712.0000
2026-06-22 13:50:00,1914.775,1927.665,1914.680,1927.665,23446700,2488123392.0000
2026-06-22 13:55:00,1927.245,1930.169,1925.127,1925.657,25193100,2345877504.0000
2026-06-22 14:00:00,1925.593,1926.411,1922.240,1924.986,20265200,1644134400.0000
2026-06-22 14:05:00,1925.246,1941.238,1925.246,1940.945,33474900,3088269312.0000
2026-06-22 14:10:00,1940.559,1944.852,1938.526,1944.421,30385700,2870329344.0000
2026-06-22 14:15:00,1944.364,1944.811,1938.449,1944.524,30150400,2391703552.0000
2026-06-22 14:20:00,1943.999,1943.999,1938.206,1938.206,23569300,1954283520.0000
2026-06-22 14:25:00,1938.268,1942.838,1935.983,1942.838,26731400,2071887872.0000
2026-06-22 14:30:00,1942.623,1942.623,1938.019,1941.931,25476200,2327117824.0000
2026-06-22 14:35:00,1942.331,1944.225,1941.106,1943.601,27241900,2441936896.0000
2026-06-22 14:40:00,1943.702,1947.437,1941.537,1947.358,26563700,2715467776.0000
2026-06-22 14:45:00,1947.285,1951.609,1946.772,1949.315,26192500,3111944192.0000
2026-06-22 14:50:00,1948.818,1949.393,1945.680,1949.393,29180700,3220586496.0000
2026-06-22 14:55:00,1948.995,1951.989,1948.995,1951.048,38422600,3743137792.0000
2026-06-22 15:00:00,1951.378,1951.786,1948.928,1948.928,35529400,3583033344.0000
2026-06-23 09:35:00,1929.266,1946.648,1921.171,1944.179,113774700,12254174208.0000
2026-06-23 09:40:00,1943.637,1947.021,1933.644,1937.587,77996400,8445553664.0000
2026-06-23 09:45:00,1938.093,1952.893,1929.144,1929.144,98259700,9568681984.0000
2026-06-23 09:50:00,1927.707,1927.707,1898.817,1898.817,91932900,10327279616.0000
2026-06-23 09:55:00,1898.750,1928.851,1896.791,1928.851,73905800,7571431424.0000
2026-06-23 10:00:00,1928.319,1928.319,1914.177,1914.419,49402500,4800671744.0000
2026-06-23 10:05:00,1914.441,1936.512,1914.441,1933.459,54525900,4663230464.0000
2026-06-23 10:10:00,1933.453,1933.453,1918.502,1929.696,46424200,4017725440.0000
2026-06-23 10:15:00,1929.711,1936.459,1925.671,1935.340,32449600,3690967040.0000
2026-06-23 10:20:00,1934.847,1953.570,1933.543,1953.570,66273400,4705636352.0000
2026-06-23 10:25:00,1953.416,1968.515,1953.416,1968.333,55619800,6332006400.0000
2026-06-23 10:30:00,1969.066,1982.906,1969.005,1975.490,60605800,6546882560.0000
2026-06-23 10:35:00,1975.170,1982.781,1973.401,1976.187,43464600,4940447744.0000
2026-06-23 10:40:00,1975.411,1978.424,1969.220,1975.677,47159500,4343848960.0000
2026-06-23 10:45:00,1974.967,1974.967,1962.274,1972.117,40144300,3936559104.0000
2026-06-23 10:50:00,1972.064,1972.879,1963.716,1963.933,29862200,3357196288.0000
2026-06-23 10:55:00,1963.443,1966.479,1955.300,1966.479,32380400,3163176960.0000
2026-06-23 11:00:00,1966.633,1970.394,1956.797,1960.118,22568600,2462326784.0000
2026-06-23 11:05:00,1961.014,1963.410,1949.938,1954.951,24491000,2439192576.0000
2026-06-23 11:10:00,1954.946,1957.964,1945.829,1945.829,22508100,2188304384.0000
2026-06-23 11:15:00,1946.003,1948.220,1940.542,1940.542,17611800,2113847296.0000
2026-06-23 11:20:00,1939.977,1945.138,1932.173,1932.557,23499800,2708406272.0000
2026-06-23 11:25:00,1932.548,1939.549,1932.548,1933.679,19513300,2136629248.0000
2026-06-23 11:30:00,1934.253,1941.726,1931.621,1940.654,19601800,2041110528.0000
2026-06-23 13:05:00,1939.704,1940.218,1923.726,1929.253,40046200,4177117184.0000
2026-06-23 13:10:00,1928.916,1931.953,1922.059,1924.417,25680300,2777858048.0000
2026-06-23 13:15:00,1924.242,1927.365,1920.983,1925.111,25126600,2736365568.0000
2026-06-23 13:20:00,1925.404,1927.868,1921.894,1922.000,21667400,2203074560.0000
2026-06-23 13:25:00,1922.197,1936.734,1922.197,1934.096,20967000,2094964736.0000
2026-06-23 13:30:00,1933.320,1933.320,1921.718,1922.581,19875200,2193367040.0000
2026-06-23 13:35:00,1922.731,1933.805,1922.255,1931.789,21461100,2002231296.0000
2026-06-23 13:40:00,1931.650,1931.719,1919.970,1924.876,21640800,2022645760.0000
2026-06-23 13:45:00,1925.338,1929.412,1925.057,1929.409,12813300,1452097536.0000
2026-06-23 13:50:00,1929.518,1936.017,1928.441,1932.554,17552200,1887748096.0000
2026-06-23 13:55:00,1932.921,1935.610,1924.004,1924.004,24279800,2039709696.0000
2026-06-23 14:00:00,1924.051,1925.139,1918.700,1918.965,19397200,2474098688.0000
2026-06-23 14:05:00,1918.857,1921.909,1916.882,1916.882,23801700,2709504000.0000
2026-06-23 14:10:00,1917.121,1917.121,1906.702,1907.894,27511600,3301752832.0000
2026-06-23 14:15:00,1907.816,1915.712,1907.816,1915.037,20465300,2493825024.0000
2026-06-23 14:20:00,1914.999,1915.141,1901.690,1901.690,28881000,3021733888.0000
2026-06-23 14:25:00,1901.665,1905.881,1897.869,1898.318,34227000,3172352000.0000
2026-06-23 14:30:00,1897.875,1898.506,1890.163,1890.610,39917800,4134076416.0000
2026-06-23 14:35:00,1890.389,1909.274,1890.389,1905.179,37738700,3726065664.0000
2026-06-23 14:40:00,1904.821,1911.731,1901.012,1906.679,28374700,3027910656.0000
2026-06-23 14:45:00,1906.874,1907.148,1900.318,1903.565,30764500,3191160832.0000
2026-06-23 14:50:00,1903.531,1908.758,1902.747,1904.890,30973900,3457728512.0000
2026-06-23 14:55:00,1905.472,1919.681,1905.472,1919.681,41616200,4541267968.0000
2026-06-23 15:00:00,1919.391,1920.650,1916.212,1916.212,34973900,3238051840.0000
2026-06-24 09:35:00,1896.341,1923.675,1896.341,1923.308,130420600,12973687808.0000
2026-06-24 09:40:00,1923.241,1928.827,1913.617,1919.494,83071000,7866672128.0000
2026-06-24 09:45:00,1920.485,1922.056,1886.741,1893.026,87186400,8645068800.0000
2026-06-24 09:50:00,1893.419,1914.036,1893.419,1912.130,66282700,5780119552.0000
2026-06-24 09:55:00,1912.287,1933.404,1912.191,1931.319,64268900,5964292096.0000
2026-06-24 10:00:00,1930.638,1951.276,1930.638,1950.582,65394600,6772670464.0000
2026-06-24 10:05:00,1950.765,1955.160,1942.226,1942.785,55807300,6155005952.0000
2026-06-24 10:10:00,1942.393,1948.515,1938.738,1940.148,42996200,4280082432.0000
2026-06-24 10:15:00,1940.227,1955.732,1936.586,1954.475,54251800,5425451008.0000
2026-06-24 10:20:00,1954.141,1963.197,1951.566,1962.888,45086200,5421338624.0000
2026-06-24 10:25:00,1963.626,1968.376,1959.891,1964.819,48285300,5788934144.0000
2026-06-24 10:30:00,1965.863,1974.407,1965.236,1974.286,42863000,4763590656.0000
2026-06-24 10:35:00,1973.884,1975.246,1963.388,1965.078,33090700,3989831680.0000
2026-06-24 10:40:00,1966.166,1967.423,1959.468,1963.816,32918700,3246301184.0000
2026-06-24 10:45:00,1963.725,1968.714,1953.255,1953.255,32154100,3744595968.0000
2026-06-24 10:50:00,1952.497,1952.497,1939.286,1939.286,43137600,4370145280.0000
2026-06-24 10:55:00,1938.972,1942.031,1929.889,1929.889,32196100,3797909504.0000
2026-06-24 11:00:00,1929.578,1932.450,1924.220,1928.620,29512300,3386974208.0000
2026-06-24 11:05:00,1928.774,1936.286,1923.352,1923.352,25714800,2730295296.0000
2026-06-24 11:10:00,1924.000,1939.632,1922.294,1939.632,21148900,1871798272.0000
2026-06-24 11:15:00,1940.156,1941.887,1936.065,1938.444,17712400,1602887680.0000
2026-06-24 11:20:00,1938.578,1939.328,1931.089,1933.297,14520700,1443520512.0000
2026-06-24 11:25:00,1934.506,1947.618,1934.386,1944.219,16825400,2055503872.0000
2026-06-24 11:30:00,1944.999,1963.944,1944.239,1963.819,24239500,3013615616.0000
2026-06-24 13:05:00,1964.628,1973.632,1963.199,1973.089,58097200,5759000576.0000
2026-06-24 13:10:00,1972.709,1977.872,1971.011,1976.108,35891400,4013498368.0000
2026-06-24 13:15:00,1975.155,1975.155,1967.377,1970.123,35544400,3356909568.0000
2026-06-24 13:20:00,1970.542,1980.907,1969.126,1979.892,33216300,3662569472.0000
2026-06-24 13:25:00,1979.683,1985.382,1979.290,1985.318,48866400,3628023808.0000
2026-06-24 13:30:00,1985.495,1996.780,1985.495,1993.380,38130500,4632330240.0000
2026-06-24 13:35:00,1993.145,1996.763,1987.152,1994.172,34231800,4025532416.0000
2026-06-24 13:40:00,1994.463,1996.228,1989.160,1989.199,27556700,2746482688.0000
2026-06-24 13:45:00,1988.590,1989.427,1983.185,1988.080,24853000,2791014400.0000
2026-06-24 13:50:00,1987.597,1987.597,1975.257,1975.257,24081700,2634121216.0000
2026-06-24 13:55:00,1975.069,1980.343,1969.794,1977.475,23941000,2400632832.0000
2026-06-24 14:00:00,1977.610,1977.805,1972.035,1972.620,18355700,1908981760.0000
2026-06-24 14:05:00,1972.560,1981.348,1969.726,1978.250,24450100,2394226688.0000
2026-06-24 14:10:00,1978.292,1981.941,1973.414,1973.414,19291300,1976811520.0000
2026-06-24 14:15:00,1973.499,1987.739,1973.428,1983.801,21554800,3128967168.0000
2026-06-24 14:20:00,1983.827,1992.839,1983.637,1990.089,20254800,3408855040.0000
2026-06-24 14:25:00,1990.386,1992.955,1987.840,1989.458,20581000,2749464576.0000
2026-06-24 14:30:00,1988.793,1996.618,1988.793,1994.176,24882500,3362193408.0000
2026-06-24 14:35:00,1994.184,1997.905,1987.499,1987.499,26801600,2960769024.0000
2026-06-24 14:40:00,1987.274,1990.028,1985.482,1986.552,24617100,2592817152.0000
2026-06-24 14:45:00,1986.778,1986.778,1982.236,1985.191,25442300,2818932736.0000
2026-06-24 14:50:00,1985.373,1988.559,1984.665,1986.315,37863300,3315990528.0000
2026-06-24 14:55:00,1986.768,1990.747,1986.140,1990.747,58610200,4979048448.0000
2026-06-24 15:00:00,1990.735,1991.279,1989.426,1989.426,37052500,4237770752.0000
2026-06-25 09:35:00,2007.356,2016.582,2001.112,2010.744,125102000,21792260096.0000
2026-06-25 09:40:00,2010.126,2026.440,2010.125,2024.851,79986300,11812405248.0000
2026-06-25 09:45:00,2023.987,2046.891,2020.819,2046.460,105916600,11113598976.0000
2026-06-25 09:50:00,2046.465,2056.711,2046.465,2055.961,85644100,9803599872.0000
2026-06-25 09:55:00,2056.006,2062.083,2040.712,2041.754,68619200,8907558912.0000
2026-06-25 10:00:00,2041.715,2049.946,2037.154,2040.019,61441200,6964064256.0000
2026-06-25 10:05:00,2040.848,2053.318,2036.218,2045.407,46043100,5831933952.0000
2026-06-25 10:10:00,2045.451,2047.126,2026.295,2033.595,53661400,6270664704.0000
2026-06-25 10:15:00,2034.212,2038.153,2029.336,2035.556,38843500,4572561408.0000
2026-06-25 10:20:00,2035.415,2050.621,2035.396,2050.246,34239200,4593623040.0000
2026-06-25 10:25:00,2050.786,2051.051,2027.442,2027.691,57280900,5557944320.0000
2026-06-25 10:30:00,2027.814,2034.673,2015.473,2034.673,46710700,5409316864.0000
2026-06-25 10:35:00,2034.567,2037.632,2031.594,2031.594,31339300,3693150208.0000
2026-06-25 10:40:00,2032.075,2032.075,2015.200,2017.016,34756000,4149133312.0000
2026-06-25 10:45:00,2016.666,2016.962,2000.801,2008.837,48403700,5635227648.0000
2026-06-25 10:50:00,2008.789,2022.613,2006.043,2019.615,32384000,3498262528.0000
2026-06-25 10:55:00,2017.844,2024.102,2010.900,2024.102,28073000,3181387776.0000
2026-06-25 11:00:00,2024.195,2035.077,2023.182,2031.046,42370800,3669377024.0000
2026-06-25 11:05:00,2030.612,2039.279,2029.377,2037.584,27017300,3175661568.0000
2026-06-25 11:10:00,2037.258,2058.001,2037.258,2053.570,30886100,6071631872.0000
2026-06-25 11:15:00,2053.155,2057.830,2046.555,2057.830,22527500,3383771136.0000
2026-06-25 11:20:00,2058.672,2069.486,2057.748,2069.361,26336200,4593221632.0000
2026-06-25 11:25:00,2069.055,2075.409,2067.031,2075.132,25781400,4473700352.0000
2026-06-25 11:30:00,2074.791,2076.882,2068.861,2072.501,21638200,3262169088.0000
2026-06-25 13:05:00,2072.845,2075.291,2059.179,2059.179,39357800,5341380608.0000
2026-06-25 13:10:00,2058.620,2065.182,2057.179,2061.794,25396200,3460939776.0000
2026-06-25 13:15:00,2061.880,2062.174,2052.635,2053.976,39215000,2993160192.0000
2026-06-25 13:20:00,2053.081,2061.588,2051.693,2061.588,36469300,2667167744.0000
2026-06-25 13:25:00,2061.696,2064.016,2055.374,2056.216,22126800,2544975872.0000
2026-06-25 13:30:00,2056.232,2063.749,2055.029,2063.749,21862000,2654109696.0000
2026-06-25 13:35:00,2063.506,2071.497,2063.352,2064.126,23453200,3063726080.0000
2026-06-25 13:40:00,2064.601,2072.110,2064.601,2067.215,21404000,2847457280.0000
2026-06-25 13:45:00,2067.182,2069.989,2064.291,2064.673,17076500,2137686016.0000
2026-06-25 13:50:00,2064.360,2067.174,2060.707,2065.784,17326000,2411626496.0000
2026-06-25 13:55:00,2065.865,2067.480,2061.956,2062.005,16434200,2038857728.0000
2026-06-25 14:00:00,2061.434,2061.434,2049.302,2049.892,25872100,3075325952.0000
2026-06-25 14:05:00,2049.973,2059.024,2049.973,2055.012,17977300,2241298432.0000
2026-06-25 14:10:00,2055.109,2064.851,2054.883,2064.851,21298400,2119794688.0000
2026-06-25 14:15:00,2064.832,2067.605,2064.269,2066.017,17123300,2198601728.0000
2026-06-25 14:20:00,2066.007,2069.615,2064.647,2065.254,19589600,2110832640.0000
2026-06-25 14:25:00,2065.332,2068.169,2061.690,2061.690,19456300,2170191872.0000
2026-06-25 14:30:00,2061.829,2068.666,2061.516,2067.307,21483500,2104164352.0000
2026-06-25 14:35:00,2067.839,2070.521,2061.936,2063.199,27270300,2837626880.0000
2026-06-25 14:40:00,2063.004,2065.297,2059.481,2059.601,27532800,2738421760.0000
2026-06-25 14:45:00,2059.735,2063.538,2055.870,2063.196,23490300,3012886528.0000
2026-06-25 14:50:00,2063.173,2067.543,2062.942,2066.160,30924600,3784228864.0000
2026-06-25 14:55:00,2066.096,2068.251,2065.327,2067.455,40628800,4635426816.0000
2026-06-25 15:00:00,2067.889,2068.460,2066.331,2066.331,34511000,3897638912.0000
2026-06-26 09:35:00,2034.433,2050.718,2029.007,2046.989,156516400,15713835008.0000
2026-06-26 09:40:00,2046.352,2071.169,2045.341,2060.771,112807000,10475606016.0000
2026-06-26 09:45:00,2061.658,2076.465,2060.705,2071.221,143175000,9898510336.0000
2026-06-26 09:50:00,2071.097,2074.932,2044.986,2044.986,88344800,8218423296.0000
2026-06-26 09:55:00,2044.841,2047.862,2021.980,2031.448,83348900,9138790400.0000
2026-06-26 10:00:00,2031.615,2055.193,2031.033,2052.303,58436900,5792649216.0000
2026-06-26 10:05:00,2052.593,2057.512,2040.137,2040.137,55649100,5346910208.0000
2026-06-26 10:10:00,2039.665,2052.448,2039.566,2050.503,39384500,4168077312.0000
2026-06-26 10:15:00,2050.839,2050.839,2041.765,2046.280,40723100,4060700672.0000
2026-06-26 10:20:00,2045.959,2050.495,2038.552,2042.895,60615000,3554222080.0000
2026-06-26 10:25:00,2043.315,2045.808,2037.454,2037.454,36797000,3128000512.0000
2026-06-26 10:30:00,2037.054,2037.054,2016.295,2016.445,44137700,5171838976.0000
2026-06-26 10:35:00,2016.666,2025.065,2014.636,2025.032,41979800,5081726976.0000
2026-06-26 10:40:00,2025.674,2026.984,2018.031,2022.935,30588700,3464970240.0000
2026-06-26 10:45:00,2022.966,2022.966,2013.559,2018.823,32408200,3523821568.0000
2026-06-26 10:50:00,2018.943,2020.196,2006.962,2006.962,34031100,3556679680.0000
2026-06-26 10:55:00,2006.634,2006.634,1992.058,1992.058,44541000,5281652736.0000
2026-06-26 11:00:00,1991.907,1996.164,1976.923,1995.936,53422600,6101499904.0000
2026-06-26 11:05:00,1993.788,2004.371,1993.788,1999.956,38517700,4144168960.0000
2026-06-26 11:10:00,2000.530,2003.302,1993.470,1997.533,24778500,3032276992.0000
2026-06-26 11:15:00,1997.023,2001.221,1987.372,1991.980,29632100,3231989760.0000
2026-06-26 11:20:00,1992.348,2009.978,1989.574,2009.978,23435300,2878554112.0000
2026-06-26 11:25:00,2009.675,2011.200,1992.968,1993.582,26671100,2966167552.0000
2026-06-26 11:30:00,1992.182,2013.017,1991.665,2012.534,20246500,2541453312.0000
2026-06-26 13:05:00,2012.643,2013.198,2003.063,2011.187,42009100,4146544640.0000
2026-06-26 13:10:00,2011.391,2018.053,2007.289,2016.999,29913300,3275161600.0000
2026-06-26 13:15:00,2016.645,2029.945,2016.645,2025.943,32023800,3427581952.0000
2026-06-26 13:20:00,2026.776,2040.501,2026.776,2039.446,37713600,3988357120.0000
2026-06-26 13:25:00,2040.584,2054.756,2040.584,2046.818,35004100,4155260928.0000
2026-06-26 13:30:00,2045.818,2049.220,2033.465,2035.694,26332800,2952347648.0000
2026-06-26 13:35:00,2035.838,2054.068,2035.764,2050.788,23655500,2809462784.0000
2026-06-26 13:40:00,2050.560,2050.930,2044.447,2045.451,20540200,2434285568.0000
2026-06-26 13:45:00,2045.696,2051.954,2041.575,2051.954,20168900,2203041792.0000
2026-06-26 13:50:00,2051.920,2055.012,2043.759,2054.310,20945700,2702065664.0000
2026-06-26 13:55:00,2054.995,2061.426,2054.982,2061.025,20828600,2801008640.0000
2026-06-26 14:00:00,2061.368,2064.234,2055.014,2055.014,21558500,2727231488.0000
2026-06-26 14:05:00,2054.753,2056.438,2048.157,2053.380,23158700,2417606656.0000
2026-06-26 14:10:00,2052.686,2053.030,2041.572,2045.630,22654200,2241986560.0000
2026-06-26 14:15:00,2045.918,2046.612,2036.052,2036.502,19758000,1967898624.0000
2026-06-26 14:20:00,2037.960,2042.459,2034.278,2036.987,22413600,2101379072.0000
2026-06-26 14:25:00,2037.578,2046.257,2037.093,2041.401,20439900,2096201728.0000
2026-06-26 14:30:00,2041.738,2046.529,2036.686,2038.628,18530400,2128052224.0000
2026-06-26 14:35:00,2038.651,2039.507,2031.219,2031.694,23081600,2469560320.0000
2026-06-26 14:40:00,2031.600,2047.112,2031.007,2046.342,25722300,2559901696.0000
2026-06-26 14:45:00,2046.477,2048.029,2041.514,2045.192,23672600,2871656448.0000
2026-06-26 14:50:00,2045.359,2047.352,2043.255,2044.353,32035000,3723821056.0000
2026-06-26 14:55:00,2044.867,2046.986,2033.914,2035.432,44691200,4643946496.0000
2026-06-26 15:00:00,2035.359,2035.492,2031.438,2032.284,42477400,4410621952.0000
2026-06-29 09:40:00,2072.068,2088.227,2072.068,2080.655,79868500,13652743168.0000
2026-06-29 09:45:00,2079.940,2105.922,2079.940,2102.971,103754400,11067774976.0000
2026-06-29 09:50:00,2103.789,2115.700,2103.429,2111.321,99618700,11909947392.0000
2026-06-29 09:55:00,2110.808,2116.833,2107.870,2110.261,85585000,11312062464.0000
2026-06-29 10:00:00,2110.250,2112.129,2095.253,2110.079,73222800,8608497664.0000
2026-06-29 10:05:00,2111.846,2113.205,2084.501,2086.757,77667500,9879584768.0000
2026-06-29 10:10:00,2086.352,2094.712,2064.267,2064.267,80580200,8898813952.0000
2026-06-29 10:15:00,2064.191,2067.566,2045.984,2046.708,75091100,9465905152.0000
2026-06-29 10:20:00,2046.696,2063.096,2043.895,2043.895,72010900,7930830848.0000
2026-06-29 10:25:00,2043.841,2063.915,2039.755,2063.915,61524200,6126927872.0000
2026-06-29 10:30:00,2063.149,2067.702,2055.960,2057.115,42578900,4630093824.0000
2026-06-29 10:35:00,2057.871,2057.871,2020.842,2020.901,55884100,5726912512.0000
2026-06-29 10:40:00,2019.987,2033.339,2013.512,2033.339,50288400,6432866304.0000
2026-06-29 10:45:00,2032.070,2046.035,2031.504,2046.035,30919300,3428630528.0000
2026-06-29 10:50:00,2046.773,2060.485,2046.773,2060.485,35448000,3591323648.0000
2026-06-29 10:55:00,2060.895,2068.137,2053.908,2059.972,30879800,3152445440.0000
2026-06-29 11:00:00,2060.757,2071.485,2059.195,2068.621,25820500,2818555904.0000
2026-06-29 11:05:00,2069.608,2080.847,2069.608,2074.521,27717900,3422945280.0000
2026-06-29 11:10:00,2074.714,2081.269,2070.470,2074.781,29935600,2680782848.0000
2026-06-29 11:15:00,2074.666,2075.252,2057.617,2075.252,23590100,2242953216.0000
2026-06-29 11:20:00,2075.782,2084.202,2074.888,2083.236,20009500,2518663168.0000
2026-06-29 11:25:00,2083.148,2083.524,2063.333,2065.909,19125200,1838432256.0000
2026-06-29 11:30:00,2065.584,2065.592,2055.343,2063.941,14771300,1788035072.0000
2026-06-29 13:05:00,2063.836,2064.418,2047.092,2047.092,33725200,2981576704.0000
2026-06-29 13:10:00,2047.119,2049.386,2042.136,2046.871,21777500,2055323648.0000
2026-06-29 13:15:00,2047.453,2049.404,2043.448,2049.018,25829300,2014494720.0000
2026-06-29 13:20:00,2048.610,2059.022,2047.675,2055.375,19386600,2161721344.0000
2026-06-29 13:25:00,2055.868,2071.294,2055.516,2071.294,24513300,2209366016.0000
2026-06-29 13:30:00,2071.296,2081.575,2071.296,2081.575,24122600,2657157120.0000
2026-06-29 13:35:00,2081.166,2089.851,2077.629,2088.220,31078300,2814017536.0000
2026-06-29 13:40:00,2088.508,2095.985,2087.914,2094.839,26271500,2875654144.0000
2026-06-29 13:45:00,2095.060,2107.711,2094.329,2107.711,25983900,3198369792.0000
2026-06-29 13:50:00,2107.589,2107.589,2098.829,2098.829,20051800,2613772288.0000
2026-06-29 13:55:00,2098.083,2107.613,2096.820,2106.975,23761000,2895904768.0000
2026-06-29 14:00:00,2106.615,2110.075,2104.409,2105.377,22670900,2743779328.0000
2026-06-29 14:05:00,2105.171,2113.054,2103.316,2103.316,26813400,3050061824.0000
2026-06-29 14:10:00,2102.578,2102.749,2090.381,2096.109,19493000,2314731520.0000
2026-06-29 14:15:00,2096.073,2098.264,2090.748,2091.509,18727200,2072199168.0000
2026-06-29 14:20:00,2091.650,2105.572,2091.650,2101.705,18352800,2357444608.0000
2026-06-29 14:25:00,2101.754,2103.546,2096.126,2096.186,17520800,2021195776.0000
2026-06-29 14:30:00,2096.104,2096.139,2092.326,2095.635,20926100,2081554432.0000
2026-06-29 14:35:00,2096.246,2106.361,2096.246,2101.160,26274000,2897723392.0000
2026-06-29 14:40:00,2101.460,2112.112,2101.150,2112.112,29440300,3582787584.0000
2026-06-29 14:45:00,2111.818,2112.506,2104.854,2106.055,29020300,3582509056.0000
2026-06-29 14:50:00,2106.563,2118.401,2106.563,2118.258,38212400,4498751488.0000
2026-06-29 14:55:00,2118.479,2127.801,2117.749,2126.904,48631500,5712183296.0000
2026-06-29 15:00:00,2126.613,2127.526,2125.123,2126.010,41414500,4540006400.0000
2026-06-30 09:35:00,2132.882,2148.195,2132.044,2147.622,181539800,19261464576.0000
2026-06-30 09:40:00,2147.379,2161.354,2138.139,2138.896,203729500,14457997312.0000
2026-06-30 09:45:00,2139.671,2144.900,2113.950,2144.755,117087000,10860627968.0000
2026-06-30 09:50:00,2145.487,2170.749,2145.487,2167.882,76219700,10467569664.0000
2026-06-30 09:55:00,2168.307,2179.052,2164.500,2176.631,65227100,8526086144.0000
2026-06-30 10:00:00,2175.753,2175.753,2157.797,2171.419,57129200,6577463296.0000
2026-06-30 10:05:00,2172.001,2180.726,2166.985,2179.536,54187800,6912843776.0000
2026-06-30 10:10:00,2179.266,2185.724,2179.266,2182.564,42726400,6007431168.0000
2026-06-30 10:15:00,2182.664,2185.958,2170.865,2178.657,47649100,5212807168.0000
2026-06-30 10:20:00,2178.930,2179.970,2162.104,2162.104,48285000,5419769856.0000
2026-06-30 10:25:00,2161.433,2166.024,2155.231,2156.291,50725300,5128167424.0000
2026-06-30 10:30:00,2156.032,2168.804,2153.144,2167.530,32374400,4145373184.0000
2026-06-30 10:35:00,2167.667,2170.054,2163.492,2169.538,25024200,3508051968.0000
2026-06-30 10:40:00,2169.774,2172.300,2163.991,2172.300,34037300,3130335232.0000
2026-06-30 10:45:00,2172.496,2179.103,2171.264,2173.675,25052200,3569131520.0000
2026-06-30 10:50:00,2173.179,2179.024,2165.636,2176.249,28288700,3541811200.0000
2026-06-30 10:55:00,2176.928,2183.245,2176.501,2179.459,35854500,3915628544.0000
2026-06-30 11:00:00,2179.863,2187.849,2179.863,2182.258,34282100,5301764096.0000
2026-06-30 11:05:00,2182.271,2185.801,2179.055,2185.274,29956100,5140168704.0000
2026-06-30 11:10:00,2185.414,2194.639,2183.295,2192.612,27564100,3815325696.0000
2026-06-30 11:15:00,2192.816,2196.771,2190.323,2196.234,26347500,3609272320.0000
2026-06-30 11:20:00,2195.496,2195.496,2188.633,2195.233,25370200,2859974656.0000
2026-06-30 11:25:00,2195.322,2201.242,2192.492,2199.873,22502200,3280158720.0000
2026-06-30 11:30:00,2199.333,2201.121,2195.878,2200.528,19695100,3098787840.0000
2026-06-30 13:05:00,2202.096,2208.364,2190.743,2191.019,47957200,5962579968.0000
2026-06-30 13:10:00,2190.808,2201.945,2184.801,2194.955,27770000,3650633728.0000
2026-06-30 13:15:00,2193.127,2195.287,2180.402,2185.670,31437100,3980902400.0000
2026-06-30 13:20:00,2186.573,2193.110,2186.573,2191.038,21750000,2613608448.0000
2026-06-30 13:25:00,2190.986,2200.294,2189.037,2199.764,19710700,2599305216.0000
2026-06-30 13:30:00,2199.329,2205.060,2196.330,2204.358,19855100,2298626048.0000
2026-06-30 13:35:00,2204.711,2211.080,2202.989,2206.242,30426900,2828664832.0000
2026-06-30 13:40:00,2206.427,2207.581,2199.734,2199.734,28769400,2581102592.0000
2026-06-30 13:45:00,2200.738,2206.290,2191.347,2191.871,30111700,3224879104.0000
2026-06-30 13:50:00,2191.713,2202.017,2191.249,2200.355,16782000,2183741440.0000
2026-06-30 13:55:00,2200.973,2204.632,2198.180,2198.180,24051000,2205843456.0000
2026-06-30 14:00:00,2198.609,2203.827,2198.044,2203.827,20164800,1794359296.0000
2026-06-30 14:05:00,2204.299,2210.867,2203.624,2207.367,26508000,2301607936.0000
2026-06-30 14:10:00,2207.134,2211.276,2206.687,2209.888,24973800,2033238016.0000
2026-06-30 14:15:00,2210.438,2210.438,2200.611,2202.748,19920100,2242674688.0000
2026-06-30 14:20:00,2203.709,2203.709,2193.644,2197.956,22596400,2686255104.0000
2026-06-30 14:25:00,2197.683,2199.347,2193.734,2193.734,20678200,2162507776.0000
2026-06-30 14:30:00,2194.073,2196.120,2190.592,2192.986,20879900,2565505024.0000
2026-06-30 14:35:00,2192.977,2203.099,2192.838,2202.159,28699100,2643017728.0000
2026-06-30 14:40:00,2201.828,2205.478,2197.067,2199.372,25351800,2679914496.0000
2026-06-30 14:45:00,2199.401,2204.419,2199.173,2203.283,26255500,2996224000.0000
2026-06-30 14:50:00,2203.495,2208.692,2203.348,2208.646,31378300,3666427904.0000
2026-06-30 14:55:00,2208.434,2214.613,2207.800,2213.869,47871600,5116542976.0000
2026-06-30 15:00:00,2213.700,2213.700,2207.865,2207.865,37033000,4584308736.0000
2026-07-01 09:35:00,2205.655,2222.971,2202.203,2220.801,210487600,17947664384.0000
2026-07-01 09:40:00,2221.057,2221.111,2208.789,2208.891,131321000,12812148736.0000
2026-07-01 09:45:00,2209.543,2232.066,2199.830,2232.066,93853600,10336489472.0000
2026-07-01 09:50:00,2232.239,2239.509,2225.066,2230.625,80537700,8230436864.0000
2026-07-01 09:55:00,2230.691,2241.742,2230.691,2238.506,71879700,6523609088.0000
2026-07-01 10:00:00,2239.189,2239.821,2225.694,2227.297,69367700,6680432640.0000
2026-07-01 10:05:00,2227.689,2249.871,2223.350,2245.566,69937800,7081279488.0000
2026-07-01 10:10:00,2246.079,2247.537,2229.835,2231.734,54701900,5841854464.0000
2026-07-01 10:15:00,2231.610,2247.032,2222.196,2222.298,51586200,5965430784.0000
2026-07-01 10:20:00,2221.861,2244.624,2216.227,2244.624,56093900,6792945664.0000
2026-07-01 10:25:00,2245.845,2254.560,2243.578,2254.373,37368800,4895252480.0000
2026-07-01 10:30:00,2254.056,2255.248,2227.346,2237.899,41011500,4532305920.0000
2026-07-01 10:35:00,2238.461,2238.815,2219.183,2219.450,50802200,5331099648.0000
2026-07-01 10:40:00,2218.762,2220.255,2200.664,2206.755,63365700,7426760704.0000
2026-07-01 10:45:00,2206.474,2207.061,2186.206,2201.262,70226500,7382663168.0000
2026-07-01 10:50:00,2200.997,2215.089,2198.646,2215.089,42327800,4002258944.0000
2026-07-01 10:55:00,2215.583,2224.055,2214.849,2217.669,35964400,3251257344.0000
2026-07-01 11:00:00,2218.339,2228.065,2215.803,2215.803,47923300,3064127488.0000
2026-07-01 11:05:00,2215.847,2226.627,2214.575,2214.575,34887900,2405064704.0000
2026-07-01 11:10:00,2214.274,2223.760,2210.468,2219.524,40258300,2485002240.0000
2026-07-01 11:15:00,2219.319,2219.319,2206.207,2209.487,30799100,3012214784.0000
2026-07-01 11:20:00,2209.614,2215.773,2203.169,2203.583,30659500,3219152896.0000
2026-07-01 11:25:00,2202.365,2202.521,2189.507,2197.041,33119400,3826139136.0000
2026-07-01 11:30:00,2197.648,2205.155,2197.323,2201.010,22685000,2429878272.0000
2026-07-01 13:05:00,2199.751,2200.299,2176.305,2176.305,63779600,5577261056.0000
2026-07-01 13:10:00,2176.430,2182.457,2167.698,2167.751,39081700,4939628544.0000
2026-07-01 13:15:00,2167.552,2172.057,2153.504,2153.504,43299500,5200478208.0000
2026-07-01 13:20:00,2153.214,2181.063,2153.214,2180.975,40922900,4940070912.0000
2026-07-01 13:25:00,2180.698,2188.175,2179.032,2180.404,28459000,3003891712.0000
2026-07-01 13:30:00,2180.118,2180.118,2157.076,2157.919,31500500,3432153088.0000
2026-07-01 13:35:00,2158.079,2168.603,2157.076,2162.052,33820600,3089678336.0000
2026-07-01 13:40:00,2162.047,2164.892,2154.662,2156.063,27863300,2773843968.0000
2026-07-01 13:45:00,2155.597,2156.188,2143.287,2143.953,34591500,4001366016.0000
2026-07-01 13:50:00,2144.773,2153.717,2143.815,2143.824,33006100,3442163712.0000
2026-07-01 13:55:00,2143.488,2143.517,2132.882,2132.882,41256800,5056970752.0000
2026-07-01 14:00:00,2133.410,2157.185,2132.735,2157.040,29846900,3515138048.0000
2026-07-01 14:05:00,2157.322,2163.317,2152.544,2161.942,25375900,2887565312.0000
2026-07-01 14:10:00,2162.293,2163.054,2156.404,2156.404,21652700,2384429056.0000
2026-07-01 14:15:00,2155.696,2155.998,2149.005,2149.005,17676200,2017411072.0000
2026-07-01 14:20:00,2148.928,2149.153,2136.609,2136.609,21956900,2442428416.0000
2026-07-01 14:25:00,2136.581,2146.592,2135.190,2135.451,23529000,2605449216.0000
2026-07-01 14:30:00,2135.072,2137.844,2129.702,2131.665,25585900,3088203776.0000
2026-07-01 14:35:00,2131.665,2137.033,2131.196,2131.197,26402400,2853502976.0000
2026-07-01 14:40:00,2131.087,2131.142,2120.363,2124.367,42977100,4523507712.0000
2026-07-01 14:45:00,2123.989,2149.861,2123.989,2148.384,35992500,3784343552.0000
2026-07-01 14:50:00,2147.648,2150.108,2141.846,2142.415,29287900,3260432384.0000
2026-07-01 14:55:00,2142.339,2155.229,2141.531,2155.033,35715700,4116922368.0000
2026-07-01 15:00:00,2154.882,2154.882,2152.113,2153.043,33348300,3915956224.0000
2026-07-02 09:35:00,2059.898,2064.439,2022.645,2042.606,266876800,25944983552.0000
2026-07-02 09:40:00,2043.913,2066.920,2042.941,2064.399,119680000,11924559872.0000
2026-07-02 09:45:00,2063.055,2065.543,2040.758,2041.022,103425100,10374819840.0000
2026-07-02 09:50:00,2040.878,2073.097,2032.346,2059.906,97529200,9413902336.0000
2026-07-02 09:55:00,2063.576,2087.834,2063.576,2087.834,73045400,7624278016.0000
2026-07-02 10:00:00,2088.014,2091.629,2076.088,2077.333,58583200,5749436416.0000
2026-07-02 10:05:00,2079.367,2105.291,2078.092,2100.108,54059800,5851430912.0000
2026-07-02 10:10:00,2100.377,2104.607,2086.453,2096.819,45418100,4796841984.0000
2026-07-02 10:15:00,2096.320,2100.489,2088.845,2093.781,36188400,3711123456.0000
2026-07-02 10:20:00,2093.132,2093.132,2067.669,2072.739,42688700,4364083200.0000
2026-07-02 10:25:00,2071.938,2080.378,2064.745,2075.341,33892400,3695206400.0000
2026-07-02 10:30:00,2075.440,2076.859,2068.654,2072.877,31734700,2947301376.0000
2026-07-02 10:35:00,2070.986,2088.786,2070.962,2085.740,32029300,2984280064.0000
2026-07-02 10:40:00,2085.819,2094.051,2083.262,2092.858,30340000,2686468096.0000
2026-07-02 10:45:00,2092.367,2093.495,2083.507,2083.507,31729200,2631860224.0000
2026-07-02 10:50:00,2084.081,2087.324,2080.519,2081.720,28233400,2336538624.0000
2026-07-02 10:55:00,2081.575,2081.954,2065.404,2067.896,27828100,2903449600.0000
2026-07-02 11:00:00,2067.724,2069.117,2063.247,2064.845,23961400,2265767936.0000
2026-07-02 11:05:00,2064.000,2066.429,2062.340,2063.805,23469900,2328576000.0000
2026-07-02 11:10:00,2062.987,2070.564,2057.969,2070.169,22806800,2741977088.0000
2026-07-02 11:15:00,2070.204,2075.194,2066.468,2075.194,19891600,1879777280.0000
2026-07-02 11:20:00,2074.630,2080.561,2068.959,2068.959,24863600,2147721216.0000
2026-07-02 11:25:00,2069.360,2072.255,2058.642,2060.467,23261700,2200698880.0000
2026-07-02 11:30:00,2059.880,2059.880,2050.418,2053.688,22455400,2585329664.0000
2026-07-02 13:05:00,2053.244,2053.287,2042.091,2052.779,50452500,4465238016.0000
2026-07-02 13:10:00,2053.713,2054.606,2046.441,2046.655,24595400,2599149568.0000
2026-07-02 13:15:00,2046.470,2047.281,2040.810,2046.741,25337300,3099205632.0000
2026-07-02 13:20:00,2046.047,2046.053,2034.651,2034.651,21276300,2935005184.0000
2026-07-02 13:25:00,2034.933,2037.086,2026.296,2029.613,33105700,4881874944.0000
2026-07-02 13:30:00,2029.604,2032.212,2023.314,2023.314,30939000,4061249536.0000
2026-07-02 13:35:00,2023.098,2025.080,2018.083,2018.275,29459900,3956326400.0000
2026-07-02 13:40:00,2017.265,2022.042,2014.011,2018.618,35097800,3808149504.0000
2026-07-02 13:45:00,2018.199,2022.824,2012.529,2012.529,28952300,3396960256.0000
2026-07-02 13:50:00,2012.373,2014.851,2004.061,2008.221,41035000,4530978816.0000
2026-07-02 13:55:00,2009.185,2017.463,2009.185,2013.799,29229600,3390029824.0000
2026-07-02 14:00:00,2013.677,2022.914,2013.677,2014.770,27061900,2954280960.0000
2026-07-02 14:05:00,2014.925,2020.468,2006.431,2006.431,27072900,2757033984.0000
2026-07-02 14:10:00,2006.561,2021.046,2005.587,2021.046,26782900,3111436288.0000
2026-07-02 14:15:00,2021.202,2025.731,2012.413,2012.413,22522000,2304196608.0000
2026-07-02 14:20:00,2012.366,2013.948,2003.947,2004.504,23143000,2391375872.0000
2026-07-02 14:25:00,2004.377,2008.211,2002.327,2002.327,22534800,2486550528.0000
2026-07-02 14:30:00,2002.207,2006.664,2000.344,2002.149,32264000,3095822336.0000
2026-07-02 14:35:00,2002.283,2011.489,2001.674,2002.172,33253900,3178610688.0000
2026-07-02 14:40:00,2001.579,2005.885,1992.799,1992.909,38960400,3727261696.0000
2026-07-02 14:45:00,1992.802,1992.802,1984.253,1987.436,60715200,5999296512.0000
2026-07-02 14:50:00,1987.445,1989.591,1981.991,1982.411,49186300,5103714304.0000
2026-07-02 14:55:00,1981.862,1985.733,1978.320,1985.678,61688200,5945278464.0000
2026-07-02 15:00:00,1985.701,1990.523,1985.701,1987.291,42677800,4683071488.0000
2026-07-03 09:35:00,1978.755,1993.850,1953.926,1956.823,171083700,18786031616.0000
2026-07-03 09:40:00,1956.378,1985.754,1955.831,1985.326,103479200,9305845760.0000
2026-07-03 09:45:00,1985.697,1994.631,1975.762,1990.294,72524900,7788091392.0000
2026-07-03 09:50:00,1989.709,1991.551,1964.217,1964.217,83636600,6838530048.0000
2026-07-03 09:55:00,1964.023,1968.538,1948.172,1967.420,92301200,7218978816.0000
2026-07-03 10:00:00,1966.898,1977.684,1962.336,1976.756,51687700,4627017728.0000
2026-07-03 10:05:00,1977.336,1988.011,1971.524,1977.656,51516600,4744261632.0000
2026-07-03 10:10:00,1975.993,1992.967,1975.062,1990.130,36219200,4184084480.0000
2026-07-03 10:15:00,1988.669,1988.669,1964.762,1964.762,37024300,3988566016.0000
2026-07-03 10:20:00,1964.388,1980.983,1962.035,1965.528,43493800,3434704896.0000
2026-07-03 10:25:00,1965.708,1973.464,1959.298,1969.374,38757100,3355303936.0000
2026-07-03 10:30:00,1969.788,1979.593,1969.304,1976.085,25823000,2501615616.0000
2026-07-03 10:35:00,1977.376,1984.053,1974.746,1984.025,26684600,2617221120.0000
2026-07-03 10:40:00,1984.138,1989.055,1982.477,1989.055,27040600,2913206272.0000
2026-07-03 10:45:00,1989.363,1998.094,1985.417,1998.094,27099400,3524665344.0000
2026-07-03 10:50:00,1998.269,2006.671,1998.269,2004.280,29828900,3637370880.0000
2026-07-03 10:55:00,2004.426,2010.385,1998.061,2008.365,32749300,3503235072.0000
2026-07-03 11:00:00,2008.436,2017.193,2007.890,2016.216,29784300,3852025856.0000
2026-07-03 11:05:00,2015.681,2025.669,2015.681,2024.105,32650000,3996983296.0000
2026-07-03 11:10:00,2023.423,2028.373,2019.665,2021.920,31037600,3425378304.0000
2026-07-03 11:15:00,2021.692,2021.692,2004.502,2014.510,25367700,2699337728.0000
2026-07-03 11:20:00,2014.559,2019.886,2008.930,2009.664,21519200,2101190656.0000
2026-07-03 11:25:00,2009.276,2009.276,1998.640,1999.399,24398200,2252693504.0000
2026-07-03 11:30:00,1999.205,2009.377,1998.851,2008.071,14584300,1612750848.0000
2026-07-03 13:05:00,2012.150,2039.306,2012.150,2034.904,48162400,5686714368.0000
2026-07-03 13:10:00,2035.248,2036.435,2025.798,2026.561,30658900,3822641152.0000
2026-07-03 13:15:00,2026.108,2027.391,2014.216,2014.490,27915400,3083354112.0000
2026-07-03 13:20:00,2014.633,2018.806,2007.052,2007.898,28373300,2844860416.0000
2026-07-03 13:25:00,2008.106,2008.106,1996.848,1999.420,29326400,2670133248.0000
2026-07-03 13:30:00,1999.058,2004.327,1998.807,2001.822,23190700,2178539520.0000
2026-07-03 13:35:00,2001.436,2014.593,2001.327,2013.809,23770100,2221785088.0000
2026-07-03 13:40:00,2013.730,2013.771,2010.132,2010.570,17252300,1804107776.0000
2026-07-03 13:45:00,2010.709,2018.907,2010.709,2014.360,16136000,1892204544.0000
2026-07-03 13:50:00,2014.667,2016.894,2005.030,2005.376,15683800,1757347840.0000
2026-07-03 13:55:00,2005.107,2011.696,2004.013,2009.258,16555500,1513881600.0000
2026-07-03 14:00:00,2008.657,2013.644,2007.660,2009.589,19475800,1550876672.0000
2026-07-03 14:05:00,2009.399,2014.412,2008.332,2011.640,15999700,1794277376.0000
2026-07-03 14:10:00,2011.457,2018.210,2009.525,2010.098,17827500,1808859136.0000
2026-07-03 14:15:00,2009.656,2009.656,1999.739,1999.739,20618400,2132410368.0000
2026-07-03 14:20:00,1999.414,2002.708,1998.790,2001.635,17267200,1818279936.0000
2026-07-03 14:25:00,2001.389,2001.774,1992.658,1993.117,25020700,2344730624.0000
2026-07-03 14:30:00,1993.410,1993.410,1987.804,1988.639,26504100,2404433920.0000
2026-07-03 14:35:00,1988.491,1994.009,1982.290,1982.370,29088800,2898395136.0000
2026-07-03 14:40:00,1982.644,1990.355,1981.506,1989.883,33573200,3037134848.0000
2026-07-03 14:45:00,1989.950,1990.216,1985.203,1986.759,28766400,2702131200.0000
2026-07-03 14:50:00,1986.860,1989.990,1983.922,1984.023,31417700,2843508736.0000
2026-07-03 14:55:00,1983.777,1984.547,1977.249,1977.593,46626800,3896623104.0000
2026-07-03 15:00:00,1977.321,1978.531,1975.600,1975.600,38878300,3230433280.0000
2026-07-06 09:35:00,2015.181,2015.181,1992.719,1992.719,134444000,16466727936.0000
2026-07-06 09:40:00,1992.223,1992.223,1973.203,1986.458,94783500,9752464384.0000
2026-07-06 09:45:00,1985.602,1997.339,1977.226,1997.023,72037500,7095021568.0000
2026-07-06 09:50:00,1996.522,2009.016,1996.228,2007.158,52246000,5884149760.0000
2026-07-06 09:55:00,2007.636,2016.721,1998.419,2016.721,51435500,5548634112.0000
2026-07-06 10:00:00,2017.130,2017.130,1990.514,1990.595,43311200,5085945856.0000
2026-07-06 10:05:00,1990.535,1991.268,1975.748,1982.923,51704700,4839395328.0000
2026-07-06 10:10:00,1981.978,1991.078,1980.317,1990.384,31272400,3447537664.0000
2026-07-06 10:15:00,1990.492,1991.118,1969.619,1969.619,36663600,3711991808.0000
2026-07-06 10:20:00,1969.420,1971.824,1956.497,1956.497,51026900,4668862464.0000
2026-07-06 10:25:00,1956.666,1959.377,1946.646,1948.255,48677000,4782473216.0000
2026-07-06 10:30:00,1947.918,1949.390,1934.888,1936.676,53170300,5177098240.0000
2026-07-06 10:35:00,1936.456,1939.652,1926.103,1926.103,43562100,4938604544.0000
2026-07-06 10:40:00,1925.801,1937.639,1920.834,1933.932,47651900,5092147200.0000
2026-07-06 10:45:00,1933.925,1934.535,1921.625,1921.625,51451200,3939934208.0000
2026-07-06 10:50:00,1921.445,1926.048,1913.822,1915.713,38533900,3366584320.0000
2026-07-06 10:55:00,1915.629,1927.424,1914.599,1924.290,34206300,3411640320.0000
2026-07-06 11:00:00,1924.425,1941.151,1919.091,1940.972,33038300,2911166464.0000
2026-07-06 11:05:00,1940.282,1956.492,1938.402,1953.195,28626000,3120652288.0000
2026-07-06 11:10:00,1953.913,1967.423,1953.913,1967.423,30888500,3317039104.0000
2026-07-06 11:15:00,1967.510,1986.989,1967.510,1985.439,34540000,3807461376.0000
2026-07-06 11:20:00,1986.047,1989.226,1975.376,1989.226,26635700,3107241984.0000
2026-07-06 11:25:00,1988.857,2002.599,1988.857,2002.599,36037200,3961831424.0000
2026-07-06 11:30:00,2002.919,2014.854,2002.194,2014.385,32950000,3888349184.0000
2026-07-06 13:05:00,2015.815,2017.138,1997.751,2012.159,39998600,4712800256.0000
2026-07-06 13:10:00,2012.235,2015.940,1999.745,1999.745,23803800,3152134144.0000
2026-07-06 13:15:00,1998.771,2005.039,1993.280,1994.185,22020700,2224881664.0000
2026-07-06 13:20:00,1994.047,1999.958,1985.725,1985.725,16755100,1759076352.0000
2026-07-06 13:25:00,1985.203,1989.208,1980.574,1981.374,13661000,1569832960.0000
2026-07-06 13:30:00,1982.432,1998.533,1982.432,1995.683,15216700,1795817472.0000
2026-07-06 13:35:00,1993.135,1993.191,1983.720,1984.522,15611700,1459118080.0000
2026-07-06 13:40:00,1984.956,1999.557,1984.831,1998.788,15205500,1559445504.0000
2026-07-06 13:45:00,1999.440,2018.445,1999.440,2018.445,25899400,3042279424.0000
2026-07-06 13:50:00,2019.009,2019.296,2008.990,2009.975,20115800,2618032128.0000
2026-07-06 13:55:00,2010.636,2021.841,2010.636,2018.134,19890900,2699460608.0000
2026-07-06 14:00:00,2017.930,2022.910,2016.063,2016.063,17543300,2511814656.0000
2026-07-06 14:05:00,2015.533,2015.533,2004.971,2005.338,18669100,2051899392.0000
2026-07-06 14:10:00,2005.235,2011.603,2002.595,2002.595,14514100,1672544256.0000
2026-07-06 14:15:00,2002.378,2006.305,1998.965,2000.012,15203100,1640906752.0000
2026-07-06 14:20:00,1999.998,2000.210,1995.922,1998.610,15364700,1518469120.0000
2026-07-06 14:25:00,1998.388,1998.644,1990.349,1991.588,15416900,1569521664.0000
2026-07-06 14:30:00,1991.579,1995.394,1987.528,1994.883,15490600,1613381632.0000
2026-07-06 14:35:00,1994.918,2001.020,1994.286,1999.341,20037000,1889370112.0000
2026-07-06 14:40:00,1999.508,2004.509,1996.198,1996.307,20256800,1760903168.0000
2026-07-06 14:45:00,1996.255,1996.255,1992.603,1993.322,26171100,2067628032.0000
2026-07-06 14:50:00,1993.537,1999.810,1993.537,1996.714,29456600,2340077568.0000
2026-07-06 14:55:00,1996.564,1999.709,1996.564,1997.559,29744500,2576646144.0000
2026-07-06 15:00:00,1997.570,1997.570,1995.103,1996.103,26259000,2408382464.0000
2026-07-07 09:35:00,1965.795,1977.061,1950.979,1966.763,98872400,11601772544.0000
2026-07-07 09:40:00,1966.710,1995.430,1959.880,1995.430,69797000,8037814272.0000
2026-07-07 09:45:00,1996.549,2016.135,1996.549,2016.135,71598700,8807165952.0000
2026-07-07 09:50:00,2017.510,2027.475,2016.183,2018.870,69121400,8570265600.0000
2026-07-07 09:55:00,2019.368,2026.984,2009.670,2026.984,52576800,6265688064.0000
2026-07-07 10:00:00,2027.757,2029.959,2017.998,2026.905,62176400,5412986880.0000
2026-07-07 10:05:00,2026.433,2034.921,2019.802,2029.245,64685200,5468205056.0000
2026-07-07 10:10:00,2029.432,2036.354,2022.626,2023.177,46457200,4976627712.0000
2026-07-07 10:15:00,2023.535,2027.839,2011.313,2022.759,37123800,4160688128.0000
2026-07-07 10:20:00,2022.116,2025.674,2015.886,2020.686,25970800,3136020480.0000
2026-07-07 10:25:00,2018.897,2023.653,2014.540,2014.540,26851400,3670671360.0000
2026-07-07 10:30:00,2013.951,2022.764,2009.947,2020.338,27686700,3236691968.0000
2026-07-07 10:35:00,2020.174,2028.044,2015.028,2027.641,27017500,3099983872.0000
2026-07-07 10:40:00,2028.304,2039.598,2028.304,2039.393,27402400,3918888960.0000
2026-07-07 10:45:00,2038.749,2038.749,2031.095,2036.414,21795100,3129917440.0000
2026-07-07 10:50:00,2035.280,2035.280,2021.024,2027.808,19377000,2338373632.0000
2026-07-07 10:55:00,2027.489,2032.711,2021.737,2027.948,17839800,1904852992.0000
2026-07-07 11:00:00,2028.312,2031.633,2022.032,2022.032,16674200,1691107328.0000
2026-07-07 11:05:00,2022.008,2027.733,2018.357,2020.974,20329100,2095333376.0000
2026-07-07 11:10:00,2020.557,2024.982,2015.839,2019.765,16927100,1895088128.0000
2026-07-07 11:15:00,2020.024,2023.124,2006.939,2010.559,22185600,2232320000.0000
2026-07-07 11:20:00,2010.834,2010.834,2002.283,2006.661,18216000,2499485696.0000
2026-07-07 11:25:00,2006.776,2007.119,2002.202,2002.202,13295400,1649205248.0000
2026-07-07 11:30:00,2001.886,2010.324,1999.345,2009.235,17329400,2030567424.0000
2026-07-07 13:05:00,2007.236,2007.236,1986.511,1988.563,37077000,4439769088.0000
2026-07-07 13:10:00,1988.863,1991.530,1978.069,1979.199,25661400,3236790272.0000
2026-07-07 13:15:00,1979.186,1986.313,1975.401,1975.533,25312400,2913230848.0000
2026-07-07 13:20:00,1975.740,1987.250,1972.788,1984.490,28025800,3048988672.0000
2026-07-07 13:25:00,1984.531,1986.656,1978.455,1985.934,23100600,2406326272.0000
2026-07-07 13:30:00,1986.427,2003.820,1986.427,2001.893,18855600,2625609728.0000
2026-07-07 13:35:00,2002.137,2016.522,2002.137,2013.185,25172400,3505111040.0000
2026-07-07 13:40:00,2012.788,2014.681,2006.117,2011.436,20594300,2368651264.0000
2026-07-07 13:45:00,2010.611,2020.085,2009.929,2020.085,19929800,2444902400.0000
2026-07-07 13:50:00,2019.968,2023.646,2012.176,2013.285,26243800,2763620352.0000
2026-07-07 13:55:00,2013.317,2020.091,2013.317,2018.206,15330000,1993506816.0000
2026-07-07 14:00:00,2018.484,2022.584,2012.463,2012.463,14015900,2035793920.0000
2026-07-07 14:05:00,2011.943,2015.041,2005.857,2006.003,14212000,1774477312.0000
2026-07-07 14:10:00,2006.000,2006.000,1996.888,1996.888,16382300,1718575104.0000
2026-07-07 14:15:00,1996.643,1999.665,1992.598,1997.936,16441200,2057830400.0000
2026-07-07 14:20:00,1997.832,2002.492,1993.802,2000.864,17531300,1742192640.0000
2026-07-07 14:25:00,2000.897,2001.244,1994.106,1994.106,13395500,1350680576.0000
2026-07-07 14:30:00,1994.281,2001.097,1992.639,2001.097,14445400,1602142208.0000
2026-07-07 14:35:00,2001.216,2002.731,1996.710,1999.654,18859300,1763180544.0000
2026-07-07 14:40:00,1999.773,2009.330,1999.480,2008.914,18820000,1715109888.0000
2026-07-07 14:45:00,2009.104,2009.452,2002.824,2003.245,18911500,1931542528.0000
2026-07-07 14:50:00,2003.445,2003.445,1997.797,2002.980,23461000,2450407424.0000
2026-07-07 14:55:00,2002.725,2003.620,1999.191,1999.509,28365900,2992111616.0000
2026-07-07 15:00:00,1999.278,2001.586,1999.278,2001.586,25874200,2849243136.0000
2026-07-08 09:35:00,2022.451,2039.095,2022.451,2026.228,129110200,15979320320.0000
2026-07-08 09:40:00,2025.822,2031.121,2011.302,2025.094,79649500,8406346752.0000
2026-07-08 09:45:00,2026.098,2027.720,2011.618,2014.025,67928400,6638082048.0000
2026-07-08 09:50:00,2015.130,2028.610,2008.475,2010.678,81340900,7571388416.0000
2026-07-08 09:55:00,2010.255,2011.378,1986.009,2006.008,74323300,7604756480.0000
2026-07-08 10:00:00,2006.010,2006.039,1973.922,1983.431,69960500,6673539072.0000
2026-07-08 10:05:00,1982.970,1982.970,1962.616,1963.312,63308900,6391345152.0000
2026-07-08 10:10:00,1963.221,2003.411,1961.638,2002.537,50797200,5593296896.0000
2026-07-08 10:15:00,2003.254,2003.254,1986.358,1995.347,34788800,3599036416.0000
2026-07-08 10:20:00,1995.947,2005.723,1992.792,2005.723,29335600,3001131008.0000
2026-07-08 10:25:00,2006.431,2009.247,1996.717,1996.717,29664600,3059597312.0000
2026-07-08 10:30:00,1995.907,2010.933,1992.740,2010.933,20968200,2442461184.0000
2026-07-08 10:35:00,2011.333,2020.118,2004.440,2010.495,25232500,2581168128.0000
2026-07-08 10:40:00,2010.767,2019.981,2010.767,2019.981,25247100,2406948864.0000
2026-07-08 10:45:00,2019.986,2020.941,2011.600,2020.903,21178500,2381463552.0000
2026-07-08 10:50:00,2020.718,2024.002,2009.625,2010.030,19601900,2406277120.0000
2026-07-08 10:55:00,2010.122,2019.662,2007.348,2015.885,15135700,1936056320.0000
2026-07-08 11:00:00,2015.807,2018.722,2008.311,2010.879,18219700,1692295168.0000
2026-07-08 11:05:00,2010.684,2022.267,2010.147,2016.696,17798900,1888714752.0000
2026-07-08 11:10:00,2017.293,2028.668,2011.040,2028.668,21741500,2255626240.0000
2026-07-08 11:15:00,2028.431,2042.532,2028.431,2042.353,26782600,3729842176.0000
2026-07-08 11:20:00,2041.524,2061.679,2040.582,2060.983,36601800,4857831424.0000
2026-07-08 11:25:00,2061.745,2072.635,2058.186,2072.635,53373100,5026619392.0000
2026-07-08 11:30:00,2072.735,2078.642,2063.824,2064.203,41600500,4655726592.0000
2026-07-08 13:05:00,2056.795,2056.795,2031.157,2048.281,48467400,5949734912.0000
2026-07-08 13:10:00,2048.790,2062.865,2047.251,2050.444,31581300,3773693952.0000
2026-07-08 13:15:00,2050.186,2053.908,2043.443,2049.825,23168100,2853691392.0000
2026-07-08 13:20:00,2048.984,2055.092,2045.380,2051.026,19116600,2261221376.0000
2026-07-08 13:25:00,2051.036,2058.587,2047.082,2052.952,19561400,2163990528.0000
2026-07-08 13:30:00,2052.879,2052.940,2041.874,2043.176,16320900,1850630144.0000
2026-07-08 13:35:00,2043.135,2043.695,2032.964,2043.439,21597900,2153742336.0000
2026-07-08 13:40:00,2043.667,2045.240,2036.179,2038.802,16104200,1499037696.0000
2026-07-08 13:45:00,2039.405,2039.687,2034.218,2035.022,14600700,1517469696.0000
2026-07-08 13:50:00,2035.891,2037.120,2030.084,2031.221,18789200,1653088256.0000
2026-07-08 13:55:00,2031.003,2045.789,2030.969,2045.789,19076800,1799389184.0000
2026-07-08 14:00:00,2045.516,2052.738,2044.997,2047.148,15098800,1717616640.0000
2026-07-08 14:05:00,2047.385,2049.564,2041.403,2046.088,12486300,1548353536.0000
2026-07-08 14:10:00,2045.584,2047.099,2042.890,2043.091,10746500,1155596288.0000
2026-07-08 14:15:00,2043.074,2043.074,2034.213,2038.567,14774700,1556594688.0000
2026-07-08 14:20:00,2038.895,2046.119,2038.021,2046.050,14115400,1525874688.0000
2026-07-08 14:25:00,2045.825,2046.043,2040.131,2044.138,16689900,1571291136.0000
2026-07-08 14:30:00,2043.415,2043.626,2035.416,2038.304,14939200,1638891520.0000
2026-07-08 14:35:00,2038.416,2041.872,2031.285,2032.228,20470900,2319990784.0000
2026-07-08 14:40:00,2032.098,2038.976,2031.946,2031.946,19185100,2299297792.0000
2026-07-08 14:45:00,2031.764,2031.764,2025.021,2025.108,24827600,2849914880.0000
2026-07-08 14:50:00,2025.185,2026.408,2012.579,2013.031,37359300,3891281920.0000
2026-07-08 14:55:00,2013.702,2018.553,2013.665,2015.912,38773400,3789848576.0000
2026-07-08 15:00:00,2015.828,2017.519,2015.485,2016.233,30517300,3231203328.0000
2026-07-09 09:35:00,2047.238,2056.450,2033.339,2036.847,123898500,16061081600.0000
2026-07-09 09:40:00,2037.805,2056.636,2024.671,2054.067,80376400,9672108032.0000
2026-07-09 09:45:00,2053.603,2058.209,2035.118,2057.113,61353000,7642347520.0000
2026-07-09 09:50:00,2057.319,2061.436,2043.235,2043.235,59931800,7106615296.0000
2026-07-09 09:55:00,2042.240,2061.866,2041.276,2057.923,52398100,6061318144.0000
2026-07-09 10:00:00,2057.941,2057.941,2030.676,2030.676,49809000,5738807296.0000
2026-07-09 10:05:00,2030.789,2046.503,2023.544,2041.889,41372900,5503983616.0000
2026-07-09 10:10:00,2042.190,2057.843,2032.853,2057.482,32747700,4062531584.0000
2026-07-09 10:15:00,2056.235,2068.212,2052.996,2067.106,50423300,5471444992.0000
2026-07-09 10:20:00,2066.910,2073.078,2060.548,2072.658,44471100,5629571072.0000
2026-07-09 10:25:00,2072.291,2079.096,2071.615,2077.786,44180800,6436118528.0000
2026-07-09 10:30:00,2078.120,2083.522,2076.789,2079.563,39991000,5846777856.0000
2026-07-09 10:35:00,2079.627,2086.373,2079.169,2083.262,44047600,6137692160.0000
2026-07-09 10:40:00,2082.887,2083.323,2072.177,2077.987,36722300,4331888640.0000
2026-07-09 10:45:00,2078.344,2090.282,2074.768,2085.603,32490700,4227661824.0000
2026-07-09 10:50:00,2084.595,2084.595,2066.837,2066.837,31792400,3707084800.0000
2026-07-09 10:55:00,2066.261,2072.747,2063.345,2072.747,28708500,3490086912.0000
2026-07-09 11:00:00,2072.593,2074.544,2065.327,2066.566,19104200,2472329216.0000
2026-07-09 11:05:00,2067.086,2069.693,2062.412,2067.693,22439400,2685771776.0000
2026-07-09 11:10:00,2067.086,2074.963,2061.352,2074.963,24120000,2632523776.0000
2026-07-09 11:15:00,2075.339,2076.006,2059.469,2062.587,22504500,2511339520.0000
2026-07-09 11:20:00,2063.120,2064.380,2056.184,2059.138,19539500,2345238528.0000
2026-07-09 11:25:00,2059.425,2079.568,2059.359,2079.568,20044200,2659794944.0000
2026-07-09 11:30:00,2079.461,2084.796,2078.251,2080.501,19051800,2969968640.0000
2026-07-09 13:05:00,2080.070,2084.272,2077.411,2082.303,40480800,5293621248.0000
2026-07-09 13:10:00,2082.314,2098.148,2080.970,2097.953,36289200,4195123200.0000
2026-07-09 13:15:00,2098.711,2113.827,2098.711,2113.569,41499100,5556240384.0000
2026-07-09 13:20:00,2113.079,2113.858,2098.780,2103.683,29207500,4170235904.0000
2026-07-09 13:25:00,2103.650,2104.404,2097.588,2100.624,21807100,2930180096.0000
2026-07-09 13:30:00,2100.784,2112.717,2098.221,2108.427,31578800,3893657600.0000
2026-07-09 13:35:00,2107.923,2108.145,2096.949,2106.311,24760700,3406708736.0000
2026-07-09 13:40:00,2106.403,2116.809,2106.403,2116.779,28947900,3497951232.0000
2026-07-09 13:45:00,2116.813,2121.339,2116.524,2119.026,38023800,4009345024.0000
2026-07-09 13:50:00,2119.755,2132.802,2119.755,2132.505,34265900,4140220416.0000
2026-07-09 13:55:00,2131.979,2143.675,2131.979,2137.268,53936600,4984815616.0000
2026-07-09 14:00:00,2136.795,2146.869,2134.165,2146.869,45278800,4039966720.0000
2026-07-09 14:05:00,2147.214,2148.833,2139.862,2144.920,41347100,3903553536.0000
2026-07-09 14:10:00,2145.363,2153.919,2144.372,2153.919,32428400,3782918144.0000
2026-07-09 14:15:00,2154.075,2165.038,2154.075,2164.055,34149200,4642521088.0000
2026-07-09 14:20:00,2164.569,2169.260,2151.291,2151.415,34885600,3995336704.0000
2026-07-09 14:25:00,2151.421,2155.589,2150.798,2154.846,28678900,3262742528.0000
2026-07-09 14:30:00,2154.501,2163.624,2154.388,2163.624,24252200,2776252416.0000
2026-07-09 14:35:00,2164.145,2167.886,2162.601,2166.907,27832900,3404251136.0000
2026-07-09 14:40:00,2167.153,2172.590,2165.354,2169.816,30543300,3683975168.0000
2026-07-09 14:45:00,2169.241,2182.638,2168.740,2182.638,40371500,4303192064.0000
2026-07-09 14:50:00,2182.936,2188.982,2181.639,2188.274,49032000,5255839744.0000
2026-07-09 14:55:00,2187.665,2187.665,2179.363,2184.232,48171600,5294374912.0000
2026-07-09 15:00:00,2183.984,2186.546,2182.940,2185.825,38772900,4684414976.0000
2026-07-10 09:35:00,2190.178,2207.663,2186.267,2201.457,174004600,22430552064.0000
2026-07-10 09:40:00,2201.684,2222.809,2191.449,2222.209,155654600,14463672320.0000
2026-07-10 09:45:00,2222.811,2231.286,2216.082,2229.728,160303400,12518522880.0000
2026-07-10 09:50:00,2229.559,2229.559,2204.968,2216.951,119318300,10496696320.0000
2026-07-10 09:55:00,2216.206,2233.538,2214.942,2229.657,84002600,8905216000.0000
2026-07-10 10:00:00,2229.967,2229.981,2201.203,2201.203,90011100,8726093824.0000
2026-07-10 10:05:00,2201.219,2209.802,2175.321,2175.321,105687500,9747980288.0000
2026-07-10 10:10:00,2174.577,2191.080,2174.078,2182.622,80751500,8047640576.0000
2026-07-10 10:15:00,2182.393,2188.737,2169.854,2188.183,73187300,6705446912.0000
2026-07-10 10:20:00,2187.577,2203.768,2187.577,2197.121,54770700,5438095360.0000
2026-07-10 10:25:00,2198.966,2203.187,2189.136,2203.187,40902200,4355170304.0000
2026-07-10 10:30:00,2204.231,2216.631,2201.318,2210.570,45282200,4977491968.0000
2026-07-10 10:35:00,2211.029,2211.134,2188.204,2196.144,38577900,4019281920.0000
2026-07-10 10:40:00,2195.120,2197.969,2181.440,2189.558,42971500,4089331712.0000
2026-07-10 10:45:00,2189.331,2190.414,2184.122,2186.668,27560500,2849177600.0000
2026-07-10 10:50:00,2186.879,2186.879,2174.363,2178.647,29216200,3109273600.0000
2026-07-10 10:55:00,2178.894,2187.170,2175.866,2176.856,28394800,2791931904.0000
2026-07-10 11:00:00,2176.967,2193.146,2172.986,2189.202,21849000,2401779712.0000
2026-07-10 11:05:00,2188.957,2189.373,2175.565,2176.816,21443800,2006704128.0000
2026-07-10 11:10:00,2177.762,2183.276,2175.533,2180.510,23873700,2491236352.0000
2026-07-10 11:15:00,2179.976,2185.144,2174.867,2174.867,22056400,2000257024.0000
2026-07-10 11:20:00,2175.076,2182.780,2175.076,2179.742,16059300,1587527680.0000
2026-07-10 11:25:00,2179.201,2185.097,2176.775,2176.775,21050300,1901019136.0000
2026-07-10 11:30:00,2175.928,2177.572,2167.866,2176.825,24222600,2686402560.0000
2026-07-10 13:05:00,2176.543,2177.706,2163.139,2163.630,59032200,4665835520.0000
2026-07-10 13:10:00,2163.430,2180.099,2161.524,2180.003,30166600,3083370496.0000
2026-07-10 13:15:00,2180.463,2188.212,2180.463,2181.521,24817200,2447917056.0000
2026-07-10 13:20:00,2180.676,2184.612,2173.948,2174.578,25134300,2369257472.0000
2026-07-10 13:25:00,2174.888,2178.616,2172.685,2173.106,23687300,2024374272.0000
2026-07-10 13:30:00,2173.627,2173.627,2167.108,2169.867,24536900,2511355904.0000
2026-07-10 13:35:00,2170.514,2173.950,2160.527,2160.527,23244300,2585149440.0000
2026-07-10 13:40:00,2160.033,2161.695,2149.259,2149.259,35002600,3923607552.0000
2026-07-10 13:45:00,2148.843,2156.070,2144.452,2144.597,31997500,3188588544.0000
2026-07-10 13:50:00,2144.366,2145.979,2136.043,2141.885,39395600,4026695680.0000
2026-07-10 13:55:00,2141.812,2148.874,2140.721,2146.558,25172200,2526461952.0000
2026-07-10 14:00:00,2147.140,2147.140,2136.141,2136.141,27378400,2514354176.0000
2026-07-10 14:05:00,2135.864,2136.587,2126.468,2133.078,33273900,3731095552.0000
2026-07-10 14:10:00,2133.754,2134.427,2115.278,2115.278,32733000,3928653824.0000
2026-07-10 14:15:00,2115.709,2123.391,2110.807,2113.172,29945900,3792814080.0000
2026-07-10 14:20:00,2114.115,2142.109,2114.115,2142.109,25960300,3288629248.0000
2026-07-10 14:25:00,2142.114,2142.791,2126.387,2127.580,25885800,2994257920.0000
2026-07-10 14:30:00,2127.243,2127.243,2115.202,2115.511,26874700,2869837824.0000
2026-07-10 14:35:00,2115.406,2115.608,2103.796,2107.421,34638700,4261298176.0000
2026-07-10 14:40:00,2107.672,2109.926,2099.797,2099.797,33320300,4098375680.0000
2026-07-10 14:45:00,2099.279,2099.279,2085.105,2085.662,46531300,5508448256.0000
2026-07-10 14:50:00,2085.139,2094.885,2078.912,2079.163,45865100,5648023552.0000
2026-07-10 14:55:00,2078.838,2084.315,2072.199,2072.199,51392000,5386125312.0000
2026-07-10 15:00:00,2071.448,2072.183,2064.976,2064.976,50204800,4974837760.0000
2026-07-13 09:35:00,2038.362,2086.664,2038.362,2067.730,174015300,21024522240.0000
2026-07-13 09:40:00,2067.902,2091.036,2063.808,2082.570,106746100,13539758080.0000
2026-07-13 09:45:00,2083.546,2102.166,2074.011,2101.963,92575100,11389554688.0000
2026-07-13 09:50:00,2102.242,2110.179,2077.661,2079.430,77523000,9225564160.0000
2026-07-13 09:55:00,2080.586,2092.809,2074.211,2078.910,60785700,6998323200.0000
2026-07-13 10:00:00,2079.392,2079.392,2057.494,2062.086,61416600,7189921792.0000
2026-07-13 10:05:00,2060.930,2069.530,2046.371,2069.530,58454000,6543613952.0000
2026-07-13 10:10:00,2068.824,2072.203,2054.720,2066.242,39546100,4710932480.0000
2026-07-13 10:15:00,2066.047,2080.365,2059.999,2079.935,36601500,4470292480.0000
2026-07-13 10:20:00,2079.811,2085.732,2070.048,2070.076,34625100,4337344512.0000
2026-07-13 10:25:00,2069.535,2083.995,2068.143,2083.097,26540000,3796361216.0000
2026-07-13 10:30:00,2083.675,2097.566,2078.270,2096.715,27956500,4471767040.0000
2026-07-13 10:35:00,2096.656,2099.806,2086.666,2087.831,33751100,4308893696.0000
2026-07-13 10:40:00,2087.676,2094.331,2073.316,2073.316,31177000,3524493312.0000
2026-07-13 10:45:00,2073.766,2078.557,2067.565,2067.565,33384600,3003359232.0000
2026-07-13 10:50:00,2067.356,2075.448,2062.001,2062.359,25746000,2938306560.0000
2026-07-13 10:55:00,2061.276,2064.987,2055.336,2063.555,25676000,3154362368.0000
2026-07-13 11:00:00,2064.539,2068.070,2059.439,2062.149,18472000,2423316480.0000
2026-07-13 11:05:00,2062.055,2062.252,2047.509,2047.509,30030300,3081936896.0000
2026-07-13 11:10:00,2048.006,2048.885,2038.941,2039.393,30985500,4140261376.0000
2026-07-13 11:15:00,2040.253,2040.682,2031.649,2033.064,26934800,3958792192.0000
2026-07-13 11:20:00,2033.310,2050.815,2033.310,2043.675,25344500,3174170624.0000
2026-07-13 11:25:00,2043.667,2043.932,2030.121,2032.856,27996800,2790907904.0000
2026-07-13 11:30:00,2034.580,2036.563,2026.204,2026.964,21436400,2421374976.0000
2026-07-13 13:05:00,2025.860,2025.860,2008.561,2025.517,46479100,5440815104.0000
2026-07-13 13:10:00,2024.830,2030.062,2016.503,2019.508,23977500,2992848896.0000
2026-07-13 13:15:00,2019.551,2025.861,2010.477,2010.477,20975500,2888122368.0000
2026-07-13 13:20:00,2011.768,2012.967,1996.216,1999.998,38806600,4518428672.0000
2026-07-13 13:25:00,2000.578,2000.689,1983.264,1985.784,39464000,4750557184.0000
2026-07-13 13:30:00,1985.197,1994.841,1981.810,1989.139,29301400,3713499136.0000
2026-07-13 13:35:00,1990.229,2031.267,1990.229,2031.064,34643400,3906633728.0000
2026-07-13 13:40:00,2031.207,2034.828,2017.567,2031.094,28033300,3552886784.0000
2026-07-13 13:45:00,2030.448,2037.202,2023.294,2027.305,28145900,3040460800.0000
2026-07-13 13:50:00,2027.447,2027.992,2007.927,2008.351,20995600,2337177600.0000
2026-07-13 13:55:00,2009.407,2031.274,2009.407,2021.224,20741300,2379399168.0000
2026-07-13 14:00:00,2021.363,2022.110,2010.026,2013.256,18203700,2086813696.0000
2026-07-13 14:05:00,2014.057,2014.902,2005.943,2011.214,17914900,1953185792.0000
2026-07-13 14:10:00,2011.221,2011.893,1992.451,1994.403,24712300,2476179456.0000
2026-07-13 14:15:00,1994.610,1997.876,1990.139,1990.223,22936600,2487140352.0000
2026-07-13 14:20:00,1990.796,2000.759,1989.761,1994.151,24192800,2887073792.0000
2026-07-13 14:25:00,1993.355,1993.994,1981.848,1982.439,24963700,2922954752.0000
2026-07-13 14:30:00,1982.696,1989.181,1980.992,1987.829,25203000,2960883712.0000
2026-07-13 14:35:00,1988.217,1989.159,1974.055,1980.402,36386900,3672064000.0000
2026-07-13 14:40:00,1981.248,1997.387,1981.248,1986.838,34282600,3318743040.0000
2026-07-13 14:45:00,1987.134,1988.008,1978.118,1984.185,30299300,3240689664.0000
2026-07-13 14:50:00,1984.003,2009.969,1983.999,2004.935,37286300,3941662720.0000
2026-07-13 14:55:00,2005.547,2005.547,1990.001,1990.001,42055600,3590979584.0000
2026-07-13 15:00:00,1989.973,1994.378,1989.252,1994.319,36072400,3174121472.0000
2026-07-14 09:35:00,1994.440,2007.800,1976.546,1976.546,117255100,14731481088.0000
2026-07-14 09:40:00,1976.905,2005.094,1975.991,1978.131,81521100,10346596352.0000
2026-07-14 09:45:00,1975.780,1991.259,1964.584,1982.008,74088300,8341293056.0000
2026-07-14 09:50:00,1981.737,1983.432,1959.826,1971.002,62572800,7686340608.0000
2026-07-14 09:55:00,1971.005,2006.243,1970.905,2005.379,48456900,6029860864.0000
2026-07-14 10:00:00,2003.997,2004.757,1982.258,1982.258,35664200,5001211904.0000
2026-07-14 10:05:00,1981.205,1984.585,1970.055,1979.419,31010600,4013944832.0000
2026-07-14 10:10:00,1979.592,1982.159,1962.512,1962.512,34992100,4479516672.0000
2026-07-14 10:15:00,1962.271,1978.996,1960.204,1978.767,33947400,4044550144.0000
2026-07-14 10:20:00,1979.293,2000.981,1975.120,2000.799,29922700,3831951360.0000
2026-07-14 10:25:00,2001.572,2005.681,1986.035,1988.301,31174200,4584849408.0000
2026-07-14 10:30:00,1988.620,1988.620,1970.221,1976.898,36207700,3269402624.0000
2026-07-14 10:35:00,1977.012,1986.804,1966.485,1966.485,23749500,2570592256.0000
2026-07-14 10:40:00,1965.954,1967.577,1959.176,1964.362,29526100,3238821888.0000
2026-07-14 10:45:00,1964.660,1969.508,1959.082,1959.214,20736100,2489368576.0000
2026-07-14 10:50:00,1958.781,1962.031,1941.616,1942.597,34028400,4377034752.0000
2026-07-14 10:55:00,1942.609,1945.898,1936.151,1937.611,41357700,4140343296.0000
2026-07-14 11:00:00,1937.148,1938.437,1920.906,1921.200,40847800,5296300032.0000
2026-07-14 11:05:00,1921.069,1931.497,1921.069,1924.209,28760300,3588472832.0000
2026-07-14 11:10:00,1923.506,1923.656,1904.667,1907.870,37762900,4824260608.0000
2026-07-14 11:15:00,1907.784,1908.633,1897.326,1902.515,43339700,4684292096.0000
2026-07-14 11:20:00,1903.303,1918.464,1902.919,1908.471,30671300,3527827456.0000
2026-07-14 11:25:00,1908.854,1908.854,1895.555,1898.712,31326700,3491536896.0000
2026-07-14 11:30:00,1898.877,1925.435,1898.531,1925.435,21398000,2933129216.0000
2026-07-14 13:05:00,1932.858,1989.919,1932.858,1989.431,56765100,7912906752.0000
2026-07-14 13:10:00,1989.292,2003.712,1984.162,2003.712,37607400,5579644928.0000
2026-07-14 13:15:00,2003.696,2007.684,1990.445,1994.882,35839800,5144985600.0000
2026-07-14 13:20:00,1994.670,2000.014,1980.382,1981.336,25627700,3409805312.0000
2026-07-14 13:25:00,1981.683,2001.280,1981.683,2001.075,21022800,3044343808.0000
2026-07-14 13:30:00,2001.073,2011.811,1999.250,2011.784,29888600,4187635712.0000
2026-07-14 13:35:00,2012.461,2026.471,2011.463,2012.979,37242800,5080907776.0000
2026-07-14 13:40:00,2013.148,2015.515,2003.358,2005.106,23079600,2960162816.0000
2026-07-14 13:45:00,2005.690,2005.690,1985.330,1996.533,25357800,2999943168.0000
2026-07-14 13:50:00,1995.856,1996.365,1978.340,1983.760,19450200,2435383296.0000
2026-07-14 13:55:00,1982.979,1982.979,1967.395,1974.392,19882400,2334654464.0000
2026-07-14 14:00:00,1973.034,1982.382,1971.291,1976.502,15093800,1947566080.0000
2026-07-14 14:05:00,1975.910,1978.738,1971.657,1977.351,14060900,1747075072.0000
2026-07-14 14:10:00,1978.228,1983.747,1976.338,1977.151,13266100,1728774144.0000
2026-07-14 14:15:00,1976.944,1988.110,1976.944,1988.110,13286800,1880375296.0000
2026-07-14 14:20:00,1988.020,1988.020,1982.050,1982.216,15124800,1963458560.0000
2026-07-14 14:25:00,1982.499,1982.499,1972.877,1977.178,17203300,2085781504.0000
2026-07-14 14:30:00,1977.380,1984.658,1977.316,1984.322,13828600,1781989376.0000
2026-07-14 14:35:00,1984.482,2004.951,1983.572,2004.188,24710200,2999615488.0000
2026-07-14 14:40:00,2003.613,2011.913,2000.100,2011.609,23096300,3016704000.0000
2026-07-14 14:45:00,2012.144,2012.892,2004.865,2009.565,25882300,3502047232.0000
2026-07-14 14:50:00,2009.602,2018.347,2008.404,2018.269,26527700,3756523520.0000
2026-07-14 14:55:00,2017.480,2020.765,2014.974,2017.339,36068000,4604461056.0000
2026-07-14 15:00:00,2017.754,2017.931,2009.330,2009.730,31164400,4432117760.0000
2026-07-15 09:35:00,2021.578,2028.652,2006.724,2006.724,120218600,16575636480.0000
2026-07-15 09:40:00,2005.768,2005.768,1967.747,1967.747,95592200,11656786944.0000
2026-07-15 09:45:00,1968.420,1975.068,1944.295,1974.752,89874300,10611025920.0000
2026-07-15 09:50:00,1972.206,1996.803,1969.388,1983.276,57832500,7510204416.0000
2026-07-15 09:55:00,1984.767,1986.415,1960.664,1962.264,49841900,6083854336.0000
2026-07-15 10:00:00,1963.467,1973.311,1958.098,1969.065,43315900,5388455936.0000
2026-07-15 10:05:00,1969.372,1985.052,1966.247,1976.269,31176100,4085272576.0000
2026-07-15 10:10:00,1975.896,1975.896,1954.547,1954.547,37112100,5057073152.0000
2026-07-15 10:15:00,1954.284,1960.502,1947.434,1959.796,40528400,4785164288.0000
2026-07-15 10:20:00,1959.705,1973.154,1959.496,1960.371,26441300,3109732352.0000
2026-07-15 10:25:00,1960.476,1979.675,1959.094,1979.675,24932100,3280805888.0000
2026-07-15 10:30:00,1980.064,1982.409,1970.624,1980.492,21136600,2902458368.0000
2026-07-15 10:35:00,1981.179,1987.366,1959.524,1964.730,25902500,3414597632.0000
2026-07-15 10:40:00,1964.367,1964.367,1949.514,1949.514,26597400,3266584576.0000
2026-07-15 10:45:00,1949.620,1955.155,1945.265,1947.764,23278600,3020677120.0000
2026-07-15 10:50:00,1948.305,1956.802,1942.161,1942.161,21290500,2643099648.0000
2026-07-15 10:55:00,1942.565,1944.588,1936.961,1939.540,22807800,3168706560.0000
2026-07-15 11:00:00,1939.796,1944.213,1938.543,1939.279,18123700,2087403520.0000
2026-07-15 11:05:00,1938.943,1938.943,1932.778,1934.167,20045400,2336251904.0000
2026-07-15 11:10:00,1933.835,1939.592,1928.815,1939.592,23667800,2780250112.0000
2026-07-15 11:15:00,1939.131,1945.796,1935.035,1945.059,15782100,1896980480.0000
2026-07-15 11:20:00,1945.412,1945.412,1928.319,1929.703,25046200,2223857664.0000
2026-07-15 11:25:00,1929.431,1929.431,1920.712,1924.540,22614700,2834292736.0000
2026-07-15 11:30:00,1924.111,1937.286,1924.111,1936.057,17398200,2177957888.0000
2026-07-15 13:05:00,1937.403,1938.326,1919.667,1919.667,34906500,3438772224.0000
2026-07-15 13:10:00,1919.739,1920.557,1911.127,1915.281,26542200,3075694592.0000
2026-07-15 13:15:00,1915.020,1918.051,1908.178,1912.379,33577800,3059204096.0000
2026-07-15 13:20:00,1912.491,1933.491,1911.942,1932.894,23675400,2329591808.0000
2026-07-15 13:25:00,1932.716,1940.398,1924.753,1939.682,16675200,2043592704.0000
2026-07-15 13:30:00,1939.848,1959.046,1939.820,1957.316,26146700,3009060864.0000
2026-07-15 13:35:00,1957.926,1962.074,1948.980,1950.275,22135600,2874736640.0000
2026-07-15 13:40:00,1949.420,1952.184,1944.124,1945.984,16080300,1882914816.0000
2026-07-15 13:45:00,1946.070,1963.117,1946.070,1957.497,15452100,1943150592.0000
2026-07-15 13:50:00,1957.470,1957.470,1939.710,1939.710,15996200,1926455296.0000
2026-07-15 13:55:00,1940.337,1947.614,1939.388,1946.533,14076000,1326104576.0000
2026-07-15 14:00:00,1946.109,1946.109,1934.222,1935.982,12878000,1374633984.0000
2026-07-15 14:05:00,1936.344,1936.344,1929.075,1931.720,18648400,1706131456.0000
2026-07-15 14:10:00,1932.747,1933.507,1930.396,1930.453,19999900,1487503360.0000
2026-07-15 14:15:00,1930.254,1934.774,1928.108,1933.693,18031800,1760575488.0000
2026-07-15 14:20:00,1933.736,1935.723,1927.545,1927.574,17173700,1706885120.0000
2026-07-15 14:25:00,1927.714,1928.811,1922.618,1923.454,15738200,1854816256.0000
2026-07-15 14:30:00,1923.398,1931.990,1923.398,1927.616,17972700,1881718784.0000
2026-07-15 14:35:00,1927.261,1929.280,1917.496,1919.139,25256000,2721890304.0000
2026-07-15 14:40:00,1918.821,1922.200,1917.469,1919.098,22157400,2731704320.0000
2026-07-15 14:45:00,1919.627,1929.959,1918.291,1929.894,25320400,3078520832.0000
2026-07-15 14:50:00,1930.161,1934.332,1921.552,1924.594,27858100,3133620224.0000
2026-07-15 14:55:00,1924.520,1930.668,1922.880,1925.254,33272300,3392995328.0000
2026-07-15 15:00:00,1925.073,1926.457,1923.039,1924.274,28065500,3007217664.0000
2026-07-16 09:35:00,1869.936,1878.186,1842.485,1842.671,147394000,19475724288.0000
2026-07-16 09:40:00,1843.018,1894.876,1843.018,1894.123,89182900,11280672768.0000
2026-07-16 09:45:00,1893.306,1902.711,1890.986,1902.711,62984400,8715841536.0000
2026-07-16 09:50:00,1902.083,1915.896,1901.857,1914.701,49194000,6236667904.0000
2026-07-16 09:55:00,1913.204,1913.204,1896.301,1904.739,40762600,5198159872.0000
2026-07-16 10:00:00,1904.660,1938.580,1904.660,1935.406,42649100,5370966016.0000
2026-07-16 10:05:00,1934.659,1934.659,1915.336,1915.336,38464000,4121587712.0000
2026-07-16 10:10:00,1915.159,1933.635,1910.646,1933.635,26772400,3283529728.0000
2026-07-16 10:15:00,1933.465,1939.394,1929.113,1932.069,27207500,3635511296.0000
2026-07-16 10:20:00,1932.311,1947.229,1932.311,1941.736,28890000,3718717440.0000
2026-07-16 10:25:00,1941.004,1947.247,1929.558,1930.423,26871400,3544834048.0000
2026-07-16 10:30:00,1931.395,1938.408,1922.911,1927.216,25909800,3078995968.0000
2026-07-16 10:35:00,1927.012,1927.012,1910.352,1912.799,28162900,3018907648.0000
2026-07-16 10:40:00,1913.125,1913.882,1901.462,1901.848,23565900,2538700800.0000
2026-07-16 10:45:00,1901.178,1924.383,1898.417,1924.383,24200700,2815385600.0000
2026-07-16 10:50:00,1925.285,1932.770,1918.216,1932.213,20844000,2896035840.0000
2026-07-16 10:55:00,1932.263,1935.999,1925.123,1930.865,15723300,2474876928.0000
2026-07-16 11:00:00,1930.452,1934.719,1921.615,1931.678,13150700,1968308224.0000
2026-07-16 11:05:00,1931.517,1931.714,1918.863,1919.261,16298000,1698349056.0000
2026-07-16 11:10:00,1919.546,1921.501,1912.682,1914.591,12762200,1564508160.0000
2026-07-16 11:15:00,1914.038,1915.081,1906.529,1906.988,12639100,1774403584.0000
2026-07-16 11:20:00,1906.963,1909.216,1901.326,1901.326,14168700,1718829056.0000
2026-07-16 11:25:00,1901.344,1902.506,1895.295,1895.412,17296100,1868464128.0000
2026-07-16 11:30:00,1895.626,1906.721,1895.626,1905.869,12063300,1540988928.0000
2026-07-16 13:05:00,1905.523,1905.523,1890.006,1899.949,32624000,4745912320.0000
2026-07-16 13:10:00,1899.774,1906.393,1890.854,1890.854,21020700,2410389504.0000
2026-07-16 13:15:00,1890.512,1891.765,1885.022,1890.751,21549000,2433015808.0000
2026-07-16 13:20:00,1890.371,1897.812,1880.759,1896.647,18125800,2385969152.0000
2026-07-16 13:25:00,1896.403,1900.137,1884.111,1884.111,14638500,1839562752.0000
2026-07-16 13:30:00,1883.285,1883.285,1876.124,1877.336,20857600,2190712832.0000
2026-07-16 13:35:00,1877.554,1877.554,1869.549,1873.143,31040800,3337601024.0000
2026-07-16 13:40:00,1873.211,1873.211,1863.346,1866.503,23465500,2930606080.0000
2026-07-16 13:45:00,1866.100,1871.230,1863.729,1865.561,20216000,2503106560.0000
2026-07-16 13:50:00,1865.821,1867.554,1856.337,1856.810,25002700,3310215168.0000
2026-07-16 13:55:00,1856.821,1870.361,1856.344,1859.645,20202800,2432466944.0000
2026-07-16 14:00:00,1859.964,1861.690,1856.343,1861.090,19162700,2587967488.0000
2026-07-16 14:05:00,1860.987,1864.699,1855.368,1861.344,20665700,2576908288.0000
2026-07-16 14:10:00,1861.310,1875.481,1861.310,1861.554,18950600,2289401856.0000
2026-07-16 14:15:00,1862.142,1864.971,1853.098,1853.314,19717400,2179465216.0000
2026-07-16 14:20:00,1853.763,1853.984,1850.423,1850.886,21023400,2342649856.0000
2026-07-16 14:25:00,1850.703,1856.506,1848.139,1852.859,21884200,2658484224.0000
2026-07-16 14:30:00,1852.200,1854.627,1847.742,1848.547,21311700,2497249280.0000
2026-07-16 14:35:00,1848.537,1849.391,1840.801,1840.801,31503000,3095150592.0000
2026-07-16 14:40:00,1840.131,1843.380,1834.661,1839.134,39479300,4554702848.0000
2026-07-16 14:45:00,1839.595,1848.848,1834.141,1835.636,35214200,3805134848.0000
2026-07-16 14:50:00,1835.520,1836.888,1829.267,1829.541,36431100,4393041920.0000
2026-07-16 14:55:00,1830.020,1842.523,1828.573,1841.303,45629700,4584685568.0000
2026-07-16 15:00:00,1842.092,1846.877,1841.169,1846.877,25804800,3197190144.0000
2026-07-17 09:35:00,1829.981,1838.781,1770.073,1772.081,141479200,18841731072.0000
2026-07-17 09:40:00,1772.344,1796.906,1772.344,1795.015,99505400,12622698496.0000
2026-07-17 09:45:00,1793.502,1813.494,1791.764,1805.606,64812400,8510449664.0000
2026-07-17 09:50:00,1805.311,1811.745,1787.469,1811.745,57670300,6372552704.0000
2026-07-17 09:55:00,1811.465,1840.055,1803.740,1839.573,52330300,6805270528.0000
2026-07-17 10:00:00,1838.130,1844.379,1835.327,1837.037,49278900,6493143040.0000
2026-07-17 10:05:00,1837.485,1837.485,1817.122,1832.034,39085700,4623265792.0000
2026-07-17 10:10:00,1831.186,1831.186,1809.239,1809.239,31776100,3777564672.0000
2026-07-17 10:15:00,1809.180,1813.889,1801.746,1811.552,30817500,3579363328.0000
2026-07-17 10:20:00,1811.195,1817.272,1802.176,1806.509,23561500,2840985600.0000
2026-07-17 10:25:00,1806.855,1806.855,1788.057,1794.561,29955300,3341836288.0000
2026-07-17 10:30:00,1795.004,1795.204,1784.250,1788.668,23238200,2746212352.0000
2026-07-17 10:35:00,1788.433,1788.664,1780.465,1781.169,26996600,2744819712.0000
2026-07-17 10:40:00,1781.624,1783.540,1771.248,1783.413,28397100,3467894784.0000
2026-07-17 10:45:00,1783.995,1788.639,1771.143,1771.143,23333800,2869387264.0000
2026-07-17 10:50:00,1770.808,1777.638,1762.611,1765.120,31902400,3958431744.0000
2026-07-17 10:55:00,1764.498,1771.872,1764.121,1766.130,25125700,3179913216.0000
2026-07-17 11:00:00,1765.734,1788.376,1765.734,1780.896,21515900,2712207360.0000
2026-07-17 11:05:00,1781.074,1806.442,1780.634,1805.079,25977100,3008405504.0000
2026-07-17 11:10:00,1804.542,1805.148,1784.084,1784.084,20737900,2533269504.0000
2026-07-17 11:15:00,1784.611,1784.611,1774.543,1782.057,16558000,1995366400.0000
2026-07-17 11:20:00,1782.439,1785.572,1765.048,1768.040,22252600,1974222848.0000
2026-07-17 11:25:00,1768.588,1769.733,1762.467,1762.513,16593600,2080432128.0000
2026-07-17 11:30:00,1762.588,1768.069,1761.833,1763.222,14561300,1648697344.0000
2026-07-17 13:05:00,1762.718,1763.695,1752.236,1752.615,34885100,3366027264.0000
2026-07-17 13:10:00,1753.479,1755.017,1746.023,1750.382,27248000,2835406848.0000
2026-07-17 13:15:00,1751.751,1756.106,1737.219,1738.752,31653400,3165896704.0000
2026-07-17 13:20:00,1738.722,1739.211,1728.100,1728.100,34323600,3519709184.0000
2026-07-17 13:25:00,1727.821,1733.564,1722.888,1727.956,40145100,3872514048.0000
2026-07-17 13:30:00,1727.882,1750.542,1727.187,1745.532,32092800,2890334208.0000
2026-07-17 13:35:00,1746.651,1749.970,1729.243,1730.340,23283200,2440314880.0000
2026-07-17 13:40:00,1730.400,1730.400,1714.986,1715.517,35476700,3376848896.0000
2026-07-17 13:45:00,1715.934,1719.473,1702.390,1702.390,37055900,3860774912.0000
2026-07-17 13:50:00,1702.623,1719.838,1698.323,1717.602,42040500,4096835584.0000
2026-07-17 13:55:00,1718.306,1724.590,1707.448,1715.985,28262400,2572877824.0000
2026-07-17 14:00:00,1716.241,1741.922,1710.652,1739.741,24941300,2743549952.0000
2026-07-17 14:05:00,1740.355,1765.164,1740.253,1759.238,35304900,3789570048.0000
2026-07-17 14:10:00,1758.855,1769.195,1749.130,1768.479,26108400,2834481152.0000
2026-07-17 14:15:00,1768.363,1792.094,1764.679,1791.934,35290200,4211867648.0000
2026-07-17 14:20:00,1792.269,1793.403,1763.469,1763.469,27447400,3742253056.0000
2026-07-17 14:25:00,1763.064,1772.942,1759.830,1763.537,20846900,2331328512.0000
2026-07-17 14:30:00,1763.379,1767.337,1753.822,1754.141,17108600,2044035072.0000
2026-07-17 14:35:00,1753.931,1761.150,1752.956,1758.380,19141600,2245378048.0000
2026-07-17 14:40:00,1757.830,1757.830,1738.068,1738.068,23217800,2582544384.0000
2026-07-17 14:45:00,1738.363,1738.642,1728.177,1729.075,32505600,3021275136.0000
2026-07-17 14:50:00,1728.545,1728.545,1720.164,1720.917,34781300,3636215808.0000
2026-07-17 14:55:00,1720.819,1721.410,1707.870,1709.640,44205700,4988207104.0000
2026-07-17 15:00:00,1710.218,1715.699,1709.002,1715.404,38073200,4577165312.0000
2026-07-20 09:35:00,1764.593,1769.839,1739.396,1762.933,148169500,18528374784.0000
2026-07-20 09:40:00,1762.961,1775.784,1759.754,1771.007,85574000,10947305472.0000
2026-07-20 09:45:00,1770.686,1776.073,1749.993,1759.730,68535600,8715276288.0000
2026-07-20 09:50:00,1759.581,1759.581,1731.736,1731.736,57751700,6938021888.0000
2026-07-20 09:55:00,1732.417,1736.982,1713.223,1713.341,56139100,7095742464.0000
2026-07-20 10:00:00,1715.370,1745.944,1715.370,1741.989,55132100,5744713728.0000
2026-07-20 10:05:00,1742.082,1757.125,1731.640,1756.708,37167800,4687634432.0000
2026-07-20 10:10:00,1757.103,1757.103,1723.409,1726.685,37953000,3901435904.0000
2026-07-20 10:15:00,1727.537,1727.537,1710.839,1712.044,36060200,4165070848.0000
2026-07-20 10:20:00,1712.741,1714.763,1701.671,1710.596,39197800,4437483520.0000
2026-07-20 10:25:00,1711.100,1712.529,1696.806,1698.999,33007800,3158728704.0000
2026-07-20 10:30:00,1699.228,1707.392,1692.900,1692.900,25761600,3255664640.0000
2026-07-20 10:35:00,1692.064,1692.546,1678.985,1678.985,38826900,4344487936.0000
2026-07-20 10:40:00,1678.602,1701.018,1675.411,1696.958,37662100,3732037632.0000
2026-07-20 10:45:00,1697.383,1712.289,1694.955,1712.289,22573000,2808135680.0000
2026-07-20 10:50:00,1712.359,1725.074,1711.349,1725.074,25526000,2620293120.0000
2026-07-20 10:55:00,1725.241,1725.892,1712.241,1712.286,17871900,1872060416.0000
2026-07-20 11:00:00,1711.674,1736.108,1711.674,1734.776,17442100,2031362048.0000
2026-07-20 11:05:00,1735.070,1751.915,1735.070,1751.915,26269200,3305308160.0000
2026-07-20 11:10:00,1752.489,1753.248,1737.464,1743.407,21092000,2271494144.0000
2026-07-20 11:15:00,1743.762,1745.388,1732.492,1732.527,14843700,1920958464.0000
2026-07-20 11:20:00,1732.724,1735.035,1720.852,1720.852,14202100,1599889408.0000
2026-07-20 11:25:00,1720.680,1720.906,1710.151,1716.970,20718300,1674592256.0000
2026-07-20 11:30:00,1717.139,1721.816,1710.256,1712.123,13513800,1256923136.0000
2026-07-20 13:05:00,1712.303,1719.648,1701.590,1707.302,25040900,2379816960.0000
2026-07-20 13:10:00,1706.982,1707.314,1694.845,1702.822,17921600,1963884544.0000
2026-07-20 13:15:00,1702.837,1705.979,1692.780,1694.465,19457200,1839546368.0000
2026-07-20 13:20:00,1694.065,1699.996,1687.035,1698.608,22554800,1754243072.0000
2026-07-20 13:25:00,1698.103,1698.103,1689.226,1690.809,16626900,1571749888.0000
2026-07-20 13:30:00,1691.026,1693.871,1682.348,1682.348,23092600,1981251584.0000
2026-07-20 13:35:00,1682.004,1687.525,1673.157,1675.838,29490300,2626297856.0000
2026-07-20 13:40:00,1675.693,1681.060,1669.998,1669.998,32132700,2757124096.0000
2026-07-20 13:45:00,1670.513,1681.859,1664.845,1664.845,31211700,2500608000.0000
2026-07-20 13:50:00,1663.972,1679.210,1656.478,1672.583,40517200,3381936128.0000
2026-07-20 13:55:00,1672.728,1680.258,1659.770,1660.696,21940900,2036039680.0000
2026-07-20 14:00:00,1660.314,1664.753,1657.148,1661.496,25909000,2427199488.0000
2026-07-20 14:05:00,1663.021,1698.118,1657.973,1697.176,41816800,3200040960.0000
2026-07-20 14:10:00,1696.816,1697.984,1672.062,1672.062,29559100,2384691200.0000
2026-07-20 14:15:00,1671.930,1683.544,1671.150,1678.213,21417900,2033106944.0000
2026-07-20 14:20:00,1677.540,1677.540,1669.107,1670.543,22256800,2016313344.0000
2026-07-20 14:25:00,1670.028,1674.000,1657.879,1657.879,22800200,2280144896.0000
2026-07-20 14:30:00,1657.810,1682.923,1657.171,1662.847,45640500,3374284800.0000
2026-07-20 14:35:00,1662.489,1664.097,1646.387,1654.155,42315000,3761684480.0000
2026-07-20 14:40:00,1656.081,1673.263,1653.753,1663.272,59973500,4645273600.0000
2026-07-20 14:45:00,1664.566,1695.901,1663.920,1695.060,64138300,5425299456.0000
2026-07-20 14:50:00,1695.854,1724.513,1695.854,1724.513,76273800,6482968576.0000
2026-07-20 14:55:00,1725.280,1731.651,1717.138,1723.344,74858400,6222299136.0000
2026-07-20 15:00:00,1723.096,1723.232,1716.701,1718.690,40541900,3690184704.0000
2026-07-21 09:35:00,1747.490,1747.490,1716.442,1739.733,113977700,13360733184.0000
2026-07-21 09:40:00,1739.342,1744.399,1724.190,1737.406,83261400,8977746944.0000
2026-07-21 09:45:00,1735.968,1741.147,1722.578,1722.578,74316100,7962224640.0000
2026-07-21 09:50:00,1722.654,1725.592,1709.562,1709.562,69024600,6450655232.0000
2026-07-21 09:55:00,1709.560,1709.560,1695.171,1699.256,64108500,6412894208.0000
2026-07-21 10:00:00,1698.404,1703.627,1684.810,1695.307,52270900,5364469760.0000
2026-07-21 10:05:00,1695.255,1696.514,1675.225,1675.225,56916100,5554225152.0000
2026-07-21 10:10:00,1676.237,1688.443,1666.807,1666.807,59644600,5916921856.0000
2026-07-21 10:15:00,1666.170,1694.049,1663.850,1694.049,54877600,5297291264.0000
2026-07-21 10:20:00,1695.103,1702.868,1681.271,1681.992,41446200,3931127808.0000
2026-07-21 10:25:00,1681.891,1726.282,1680.850,1726.282,48051500,4826898432.0000
2026-07-21 10:30:00,1727.094,1736.120,1723.143,1732.378,50820500,5913198592.0000
2026-07-21 10:35:00,1733.271,1751.676,1733.271,1744.705,52099400,5577891840.0000
2026-07-21 10:40:00,1743.331,1770.638,1743.331,1768.002,59875800,5974024192.0000
2026-07-21 10:45:00,1767.614,1767.738,1745.113,1748.191,42110100,4245495808.0000
2026-07-21 10:50:00,1748.484,1789.107,1748.484,1788.367,43513200,5121769472.0000
2026-07-21 10:55:00,1786.640,1793.367,1779.739,1790.336,49426000,6222749696.0000
2026-07-21 11:00:00,1791.614,1802.857,1791.121,1793.558,48465100,5293678592.0000
2026-07-21 11:05:00,1793.926,1821.570,1793.180,1821.570,48471400,5459222528.0000
2026-07-21 11:10:00,1821.829,1836.879,1818.747,1831.313,54737900,6598139904.0000
2026-07-21 11:15:00,1830.576,1830.576,1803.222,1806.715,41397400,4827570176.0000
2026-07-21 11:20:00,1806.141,1825.149,1805.743,1807.209,28522900,3200753664.0000
2026-07-21 11:25:00,1807.778,1818.409,1803.350,1818.409,21249100,2942533632.0000
2026-07-21 11:30:00,1818.725,1838.091,1817.733,1837.943,26018800,3461292032.0000
2026-07-21 13:05:00,1839.273,1855.028,1839.273,1845.493,57493100,8479162368.0000
2026-07-21 13:10:00,1845.771,1849.281,1835.202,1843.540,33300400,4118986752.0000
2026-07-21 13:15:00,1843.464,1850.645,1840.036,1840.036,27636700,3603939328.0000
2026-07-21 13:20:00,1838.321,1838.323,1823.867,1828.783,29065500,3461808128.0000
2026-07-21 13:25:00,1827.922,1828.361,1818.552,1827.810,21750900,2774810624.0000
2026-07-21 13:30:00,1826.734,1835.238,1822.434,1833.630,18108600,2254913536.0000
2026-07-21 13:35:00,1833.812,1840.815,1824.648,1824.718,19147900,2236252160.0000
2026-07-21 13:40:00,1824.468,1836.444,1824.468,1836.444,13490100,1803288576.0000
2026-07-21 13:45:00,1836.635,1847.605,1836.635,1846.659,15883500,2195341312.0000
2026-07-21 13:50:00,1846.937,1848.084,1840.814,1848.064,15987400,1947959296.0000
2026-07-21 13:55:00,1847.513,1859.766,1847.513,1859.203,20216700,2469691392.0000
2026-07-21 14:00:00,1859.692,1862.691,1850.206,1850.206,25758500,2553380864.0000
2026-07-21 14:05:00,1850.224,1862.143,1850.224,1861.707,21266300,1872019456.0000
2026-07-21 14:10:00,1861.180,1867.941,1858.401,1867.188,19885500,2463858688.0000
2026-07-21 14:15:00,1867.202,1872.652,1864.453,1872.652,24363600,2824667136.0000
2026-07-21 14:20:00,1872.486,1881.998,1872.486,1880.765,28845300,3021864960.0000
2026-07-21 14:25:00,1880.574,1881.350,1876.211,1879.400,28605900,2662825984.0000
2026-07-21 14:30:00,1879.678,1879.779,1866.318,1872.657,27067800,2632351744.0000
2026-07-21 14:35:00,1873.021,1886.397,1872.693,1886.397,32148800,2775302144.0000
2026-07-21 14:40:00,1886.243,1899.047,1886.168,1899.047,39479100,4265000960.0000
2026-07-21 14:45:00,1899.477,1904.175,1899.238,1904.175,32567500,3265806336.0000
2026-07-21 14:50:00,1904.299,1904.858,1894.370,1896.884,37507600,3391356928.0000
2026-07-21 14:55:00,1897.085,1902.123,1897.085,1901.919,43609700,3554590720.0000
2026-07-21 15:00:00,1901.831,1903.898,1901.776,1903.161,33485300,3532357632.0000
2026-07-22 09:35:00,1874.778,1902.887,1874.778,1899.210,161340800,20556691456.0000
2026-07-22 09:40:00,1899.970,1916.124,1888.759,1890.073,111981000,13609656320.0000
2026-07-22 09:45:00,1890.687,1899.184,1879.299,1895.040,100119300,11195066368.0000
2026-07-22 09:50:00,1894.864,1913.738,1894.864,1901.318,64603500,8223297536.0000
2026-07-22 09:55:00,1899.535,1907.523,1880.479,1880.479,65373700,7551418368.0000
2026-07-22 10:00:00,1880.147,1897.769,1873.026,1897.769,66778800,6839943168.0000
2026-07-22 10:05:00,1897.529,1903.814,1887.473,1898.019,49673100,4696649728.0000
2026-07-22 10:10:00,1896.996,1899.309,1890.417,1898.024,37090000,3962568704.0000
2026-07-22 10:15:00,1898.195,1905.035,1896.900,1902.271,34221300,4163280896.0000
2026-07-22 10:20:00,1902.402,1925.557,1902.402,1925.557,43067000,5442838528.0000
2026-07-22 10:25:00,1926.120,1932.057,1917.843,1921.495,41558400,5802164224.0000
2026-07-22 10:30:00,1923.244,1926.978,1919.255,1926.978,31313500,3977428992.0000
2026-07-22 10:35:00,1926.373,1926.373,1901.473,1901.521,30611300,4094885888.0000
2026-07-22 10:40:00,1901.374,1904.101,1893.087,1899.029,29678600,3593256960.0000
2026-07-22 10:45:00,1897.795,1898.852,1882.447,1888.499,38073500,3544244224.0000
2026-07-22 10:50:00,1888.659,1896.913,1887.147,1896.579,22610400,2519810048.0000
2026-07-22 10:55:00,1896.418,1914.444,1894.452,1914.158,22171000,2733416448.0000
2026-07-22 11:00:00,1914.224,1914.224,1903.938,1906.406,24693700,2633465856.0000
2026-07-22 11:05:00,1906.144,1907.789,1894.096,1896.610,24251700,2424905728.0000
2026-07-22 11:10:00,1896.295,1899.263,1888.311,1898.310,21728600,2852954112.0000
2026-07-22 11:15:00,1897.920,1909.431,1897.920,1906.349,20398200,2233540608.0000
2026-07-22 11:20:00,1906.512,1917.925,1906.512,1916.068,22745400,2433179648.0000
2026-07-22 11:25:00,1916.191,1923.758,1915.599,1922.584,18790100,2277695488.0000
2026-07-22 11:30:00,1922.644,1934.605,1922.644,1932.497,20354500,2889523200.0000
2026-07-22 13:05:00,1931.168,1932.262,1900.300,1900.300,35981100,4412227584.0000
2026-07-22 13:10:00,1899.920,1905.213,1893.999,1894.654,21793700,2535088128.0000
2026-07-22 13:15:00,1894.643,1897.542,1889.324,1897.542,16269800,2307301376.0000
2026-07-22 13:20:00,1897.263,1897.263,1883.647,1892.010,19024500,2425454592.0000
2026-07-22 13:25:00,1891.661,1891.661,1876.767,1877.517,22019200,2467889152.0000
2026-07-22 13:30:00,1877.873,1880.115,1868.223,1869.881,26165300,3634446336.0000
2026-07-22 13:35:00,1869.254,1871.409,1857.091,1871.409,26968600,3962290176.0000
2026-07-22 13:40:00,1870.925,1879.047,1863.680,1865.666,22550100,2705571840.0000
2026-07-22 13:45:00,1866.029,1872.188,1861.273,1867.797,15562300,1969946624.0000
2026-07-22 13:50:00,1868.365,1875.878,1866.746,1867.769,13300300,1533394944.0000
2026-07-22 13:55:00,1867.466,1870.313,1861.074,1861.074,14445400,1537163264.0000
2026-07-22 14:00:00,1860.724,1860.724,1851.081,1854.931,20254900,2714337280.0000
2026-07-22 14:05:00,1855.208,1861.991,1849.577,1849.577,16200000,2167029760.0000
2026-07-22 14:10:00,1849.475,1849.543,1841.120,1843.270,23881700,3050192896.0000
2026-07-22 14:15:00,1842.814,1842.814,1836.107,1842.219,22654000,2887417856.0000
2026-07-22 14:20:00,1843.241,1861.770,1842.410,1854.145,18552200,2383085568.0000
2026-07-22 14:25:00,1854.893,1876.065,1854.893,1875.025,17759200,2243936256.0000
2026-07-22 14:30:00,1874.723,1874.723,1854.838,1854.838,17473300,1740046336.0000
2026-07-22 14:35:00,1854.877,1873.003,1853.855,1866.572,23235100,2119270400.0000
2026-07-22 14:40:00,1866.577,1867.082,1857.763,1861.399,17035700,1935933440.0000
2026-07-22 14:45:00,1861.048,1867.499,1858.808,1858.808,20836300,2165702656.0000
2026-07-22 14:50:00,1858.716,1859.521,1852.084,1854.765,25559000,3050766336.0000
2026-07-22 14:55:00,1854.994,1861.694,1854.667,1858.273,34226100,3404333056.0000
2026-07-22 15:00:00,1858.344,1860.085,1853.217,1860.085,28885900,3311960064.0000
2026-07-23 09:35:00,1876.613,1876.986,1844.711,1857.629,87064400,12578258944.0000
2026-07-23 09:40:00,1856.954,1867.245,1843.848,1843.848,64964800,8563128320.0000
2026-07-23 09:45:00,1842.662,1851.232,1827.510,1845.207,57096200,8198752256.0000
2026-07-23 09:50:00,1845.224,1850.187,1830.524,1836.106,43248800,5792428032.0000
2026-07-23 09:55:00,1834.899,1855.958,1827.517,1851.065,33368500,4521111552.0000
2026-07-23 10:00:00,1850.234,1853.197,1827.600,1828.907,32238800,4069163008.0000
2026-07-23 10:05:00,1828.289,1828.289,1811.310,1814.644,51521800,5952299008.0000
2026-07-23 10:10:00,1815.361,1824.361,1804.317,1811.958,39950600,4674142208.0000
2026-07-23 10:15:00,1811.845,1820.604,1803.412,1803.783,31881900,3874504704.0000
2026-07-23 10:20:00,1803.765,1811.814,1797.461,1804.536,35216700,3834114048.0000
2026-07-23 10:25:00,1804.305,1816.431,1796.839,1796.839,29228800,3641225216.0000
2026-07-23 10:30:00,1796.330,1796.330,1782.821,1790.014,37982100,5051973632.0000
2026-07-23 10:35:00,1790.423,1802.767,1788.184,1790.305,24934700,3249471488.0000
2026-07-23 10:40:00,1790.034,1806.031,1789.326,1799.986,21439700,2767134720.0000
2026-07-23 10:45:00,1800.246,1806.395,1790.699,1790.699,18507900,2343845888.0000
2026-07-23 10:50:00,1791.100,1796.883,1786.595,1789.548,23184300,2505474048.0000
2026-07-23 10:55:00,1790.158,1799.242,1787.997,1788.654,24618200,2177507328.0000
2026-07-23 11:00:00,1789.179,1791.296,1783.493,1789.966,16201400,2337038336.0000
2026-07-23 11:05:00,1790.003,1790.978,1778.127,1778.405,18962900,2397724672.0000
2026-07-23 11:10:00,1777.816,1778.033,1770.532,1773.950,23672100,3126108160.0000
2026-07-23 11:15:00,1773.557,1795.854,1771.450,1795.854,21867200,2312331264.0000
2026-07-23 11:20:00,1796.426,1796.426,1785.561,1787.292,15127500,1819074560.0000
2026-07-23 11:25:00,1786.755,1791.917,1781.521,1781.521,11032100,1409720320.0000
2026-07-23 11:30:00,1781.629,1783.937,1777.396,1783.937,10299000,1212497920.0000
2026-07-23 13:05:00,1784.136,1798.164,1784.136,1785.723,18785000,2587828224.0000
2026-07-23 13:10:00,1785.499,1811.576,1784.525,1811.576,18744400,2075172864.0000
2026-07-23 13:15:00,1811.989,1811.989,1797.841,1798.231,16504900,2221187072.0000
2026-07-23 13:20:00,1797.765,1797.765,1786.398,1787.086,14222400,1512693760.0000
2026-07-23 13:25:00,1786.844,1799.652,1786.844,1795.899,10554600,1239875584.0000
2026-07-23 13:30:00,1795.757,1813.969,1795.757,1806.202,17873300,1765695488.0000
2026-07-23 13:35:00,1806.099,1817.743,1801.787,1816.984,21807300,1821261824.0000
2026-07-23 13:40:00,1816.662,1820.632,1813.291,1813.291,18716500,2055479296.0000
2026-07-23 13:45:00,1813.274,1813.274,1800.094,1802.825,18478800,1697374208.0000
2026-07-23 13:50:00,1802.921,1803.821,1796.313,1796.387,14515400,1322016768.0000
2026-07-23 13:55:00,1796.573,1799.341,1793.819,1794.004,13867400,1262354432.0000
2026-07-23 14:00:00,1794.112,1796.205,1792.267,1793.091,12215000,1240686592.0000
2026-07-23 14:05:00,1792.683,1792.832,1788.160,1790.922,16690200,1307820032.0000
2026-07-23 14:10:00,1790.257,1795.751,1789.256,1792.795,14829300,1016291328.0000
2026-07-23 14:15:00,1792.768,1793.857,1788.396,1788.845,12197000,1112563712.0000
2026-07-23 14:20:00,1789.497,1791.836,1787.746,1789.753,15393800,1076224000.0000
2026-07-23 14:25:00,1789.748,1789.990,1784.880,1785.253,12528400,1278369792.0000
2026-07-23 14:30:00,1785.039,1790.194,1782.347,1789.985,15446100,1534779392.0000
2026-07-23 14:35:00,1790.555,1798.699,1789.816,1790.144,23727300,1706983424.0000
2026-07-23 14:40:00,1789.696,1797.204,1789.696,1796.725,16186500,1559117824.0000
2026-07-23 14:45:00,1796.921,1798.796,1795.679,1796.028,19295800,1874812928.0000
2026-07-23 14:50:00,1795.842,1795.842,1788.662,1789.605,22712600,2280587264.0000
2026-07-23 14:55:00,1789.759,1794.305,1789.164,1791.611,28158400,2559451136.0000
2026-07-23 15:00:00,1791.457,1792.264,1789.665,1789.694,25366100,2669453312.0000
2026-07-24 09:35:00,1766.259,1782.466,1748.797,1782.466,87148200,9881760768.0000
2026-07-24 09:40:00,1782.611,1791.302,1769.938,1772.386,59568800,6760023040.0000
2026-07-24 09:45:00,1773.759,1803.128,1772.754,1802.674,47694900,5599610880.0000
2026-07-24 09:50:00,1802.523,1804.427,1787.187,1790.968,36220100,4712763392.0000
2026-07-24 09:55:00,1792.551,1805.109,1792.551,1804.921,37940800,4389023744.0000
2026-07-24 10:00:00,1805.172,1807.309,1795.346,1799.133,32008900,3382624256.0000
2026-07-24 10:05:00,1799.168,1799.168,1783.790,1783.790,23571500,2994393088.0000
2026-07-24 10:10:00,1783.528,1804.411,1781.560,1798.882,19764900,2555101184.0000
2026-07-24 10:15:00,1800.101,1802.633,1792.627,1794.038,17436200,2013974528.0000
2026-07-24 10:20:00,1793.549,1797.849,1787.069,1793.469,20127000,2361507840.0000
2026-07-24 10:25:00,1793.675,1801.432,1789.594,1801.069,18454800,2507173888.0000
2026-07-24 10:30:00,1801.182,1807.471,1801.182,1802.861,18034500,2591330304.0000
2026-07-24 10:35:00,1802.683,1802.683,1792.199,1797.064,17009900,2080038912.0000
2026-07-24 10:40:00,1796.375,1798.549,1785.037,1785.037,16057100,2001817600.0000
2026-07-24 10:45:00,1784.749,1790.393,1784.749,1789.563,15595600,1787887616.0000
2026-07-24 10:50:00,1789.905,1803.041,1788.598,1799.839,14827600,2116796416.0000
2026-07-24 10:55:00,1798.521,1807.612,1795.759,1807.219,16777700,2318655488.0000
2026-07-24 11:00:00,1807.546,1808.613,1794.538,1795.671,14566500,1845964800.0000
2026-07-24 11:05:00,1796.431,1796.431,1789.070,1794.383,15599300,1756119040.0000
2026-07-24 11:10:00,1794.514,1798.096,1787.327,1787.327,10717800,1269170176.0000
2026-07-24 11:15:00,1786.933,1793.685,1786.109,1788.268,9929800,1292558336.0000
2026-07-24 11:20:00,1788.291,1788.704,1782.827,1786.124,12507100,1360195584.0000
2026-07-24 11:25:00,1785.418,1787.982,1779.799,1782.046,13204800,1443049472.0000
2026-07-24 11:30:00,1782.063,1795.787,1778.877,1794.479,13484500,1473339392.0000
2026-07-24 13:05:00,1795.350,1808.951,1795.350,1804.089,24258400,2990497792.0000
2026-07-24 13:10:00,1803.889,1823.451,1801.836,1817.464,29799700,3391987712.0000
2026-07-24 13:15:00,1817.814,1831.276,1816.996,1816.996,29835200,3674472448.0000
2026-07-24 13:20:00,1816.968,1818.916,1807.591,1818.252,19763100,2316140544.0000
2026-07-24 13:25:00,1818.787,1819.010,1809.431,1810.340,15966200,1841750016.0000
2026-07-24 13:30:00,1810.289,1825.134,1810.289,1819.226,19264000,2313232384.0000
2026-07-24 13:35:00,1819.054,1819.054,1806.625,1809.896,17745100,1797439488.0000
2026-07-24 13:40:00,1808.731,1808.731,1800.236,1800.236,12383300,1737850880.0000
2026-07-24 13:45:00,1800.052,1803.525,1797.248,1797.703,14090100,1527324672.0000
2026-07-24 13:50:00,1797.430,1807.347,1797.136,1802.846,14563800,1466155008.0000
2026-07-24 13:55:00,1802.110,1802.212,1796.177,1797.918,10218000,1196318720.0000
2026-07-24 14:00:00,1798.351,1799.972,1796.473,1797.862,9052200,1130799104.0000
2026-07-24 14:05:00,1797.810,1798.393,1793.478,1793.478,11674600,1262764032.0000
2026-07-24 14:10:00,1793.104,1794.713,1786.580,1794.463,15027400,1932066816.0000
2026-07-24 14:15:00,1794.375,1801.053,1791.151,1801.053,13509900,1409900544.0000
2026-07-24 14:20:00,1801.239,1803.815,1797.017,1798.192,12545300,1333772288.0000
2026-07-24 14:25:00,1799.170,1808.280,1799.170,1803.784,13413800,1704099840.0000
2026-07-24 14:30:00,1803.644,1805.105,1799.868,1804.104,9580200,1500340224.0000
2026-07-24 14:35:00,1804.101,1809.027,1793.351,1797.171,17156500,1846509568.0000
2026-07-24 14:40:00,1797.819,1798.815,1792.530,1793.837,13972900,1629306880.0000
2026-07-24 14:45:00,1793.920,1794.659,1791.486,1791.554,20285000,2122940416.0000
2026-07-24 14:50:00,1791.478,1791.478,1785.353,1787.695,25019400,2929836032.0000
2026-07-24 14:55:00,1787.399,1791.656,1787.369,1788.611,30943300,3396083712.0000
2026-07-24 15:00:00,1788.411,1788.994,1786.235,1787.196,29436900,3598278656.0000
2026-07-27 09:35:00,1780.720,1781.000,1764.196,1764.196,57599800,7596517376.0000
2026-07-27 09:40:00,1763.896,1763.896,1724.466,1740.660,76210600,10305751040.0000
2026-07-27 09:45:00,1740.810,1763.114,1735.353,1742.588,62254400,8368994304.0000
2026-07-27 09:50:00,1740.700,1773.334,1736.628,1762.299,46135900,6111692800.0000
2026-07-27 09:55:00,1761.381,1793.888,1755.150,1793.888,40685600,5009477632.0000
2026-07-27 10:00:00,1794.352,1816.430,1794.352,1803.734,49322700,6746165248.0000
2026-07-27 10:05:00,1803.073,1806.925,1792.365,1795.927,38667000,4745244672.0000
2026-07-27 10:10:00,1796.007,1803.657,1791.745,1802.665,26145300,3372474368.0000
2026-07-27 10:15:00,1802.813,1802.813,1788.307,1788.557,24072600,2939846656.0000
2026-07-27 10:20:00,1787.990,1791.885,1777.524,1784.648,25906300,3011137536.0000
2026-07-27 10:25:00,1783.157,1794.100,1778.099,1779.846,21423000,2469011456.0000
2026-07-27 10:30:00,1779.826,1796.587,1779.714,1795.529,18673000,2039861248.0000
2026-07-27 10:35:00,1795.092,1795.092,1774.404,1775.246,20965400,2574872576.0000
2026-07-27 10:40:00,1774.462,1777.477,1768.624,1771.768,19614200,2403643392.0000
2026-07-27 10:45:00,1771.668,1782.196,1771.499,1777.853,14109400,1774575616.0000
2026-07-27 10:50:00,1777.535,1785.913,1773.743,1774.272,15000900,1663574016.0000
2026-07-27 10:55:00,1774.389,1775.281,1765.519,1770.197,13860900,1667014656.0000
2026-07-27 11:00:00,1769.949,1775.749,1769.163,1769.163,13002100,1346879488.0000
2026-07-27 11:05:00,1768.827,1777.151,1767.259,1777.151,12797100,1398775808.0000
2026-07-27 11:10:00,1777.223,1782.542,1775.014,1778.884,11807600,1224736768.0000
2026-07-27 11:15:00,1779.223,1790.987,1779.223,1786.095,14199600,1342513152.0000
2026-07-27 11:20:00,1785.819,1786.161,1774.654,1779.510,12267600,1288724480.0000
2026-07-27 11:25:00,1779.179,1783.051,1776.558,1782.796,8483100,985006080.0000
2026-07-27 11:30:00,1782.725,1783.227,1777.519,1778.794,7635900,898048000.0000
2026-07-27 13:05:00,1779.100,1788.070,1772.138,1773.593,17539900,2004574208.0000
2026-07-27 13:10:00,1773.479,1775.287,1766.622,1768.839,12766800,1407672320.0000
2026-07-27 13:15:00,1768.507,1769.160,1760.772,1764.806,17837300,1774673920.0000
2026-07-27 13:20:00,1764.093,1768.663,1762.577,1765.274,12619800,1394425856.0000
2026-07-27 13:25:00,1765.287,1766.618,1759.953,1761.259,11591400,1147846656.0000
2026-07-27 13:30:00,1761.017,1762.176,1754.961,1760.285,15144400,1750941696.0000
2026-07-27 13:35:00,1759.680,1759.680,1748.321,1756.726,18025900,1976041472.0000
2026-07-27 13:40:00,1755.923,1759.708,1754.344,1755.907,10929700,1305280512.0000
2026-07-27 13:45:00,1755.264,1762.810,1755.264,1758.719,11253500,1370349568.0000
2026-07-27 13:50:00,1759.210,1771.514,1754.878,1771.514,12688100,1511047168.0000
2026-07-27 13:55:00,1771.818,1771.818,1762.038,1762.947,11772300,1190404096.0000
2026-07-27 14:00:00,1762.582,1767.685,1762.582,1764.172,8111900,878813184.0000
2026-07-27 14:05:00,1764.586,1767.156,1762.987,1765.770,14523900,1019322368.0000
2026-07-27 14:10:00,1765.782,1772.086,1765.493,1770.278,10918300,1204944896.0000
2026-07-27 14:15:00,1770.628,1774.744,1766.898,1769.886,9245100,1110376448.0000
2026-07-27 14:20:00,1769.893,1779.410,1766.951,1779.282,10443200,1244807168.0000
2026-07-27 14:25:00,1779.806,1785.383,1778.986,1780.690,15020200,1606664192.0000
2026-07-27 14:30:00,1780.546,1785.243,1776.416,1785.235,12099900,1404272640.0000
2026-07-27 14:35:00,1785.421,1799.876,1785.421,1799.236,23097400,2646802432.0000
2026-07-27 14:40:00,1798.741,1805.630,1794.639,1805.203,26224800,2718703616.0000
2026-07-27 14:45:00,1805.018,1808.764,1800.320,1803.464,25081400,2910707712.0000
2026-07-27 14:50:00,1803.593,1807.437,1801.720,1806.903,22893500,2608857088.0000
2026-07-27 14:55:00,1806.765,1808.329,1805.486,1807.778,29178600,2982035456.0000
2026-07-27 15:00:00,1807.829,1807.992,1806.216,1807.951,24882400,2638020608.0000
2026-07-28 09:35:00,1755.867,1784.277,1754.200,1782.113,89804500,10658665472.0000
2026-07-28 09:40:00,1783.693,1797.584,1783.671,1783.945,60827000,7363324928.0000
2026-07-28 09:45:00,1784.264,1790.296,1777.872,1784.073,37779600,4519761920.0000
2026-07-28 09:50:00,1783.844,1785.860,1768.303,1772.318,41395500,4786010112.0000
2026-07-28 09:55:00,1771.977,1774.909,1760.230,1773.379,40089400,4289705984.0000
2026-07-28 10:00:00,1773.653,1776.728,1758.921,1763.111,30238300,3531225088.0000
2026-07-28 10:05:00,1762.475,1783.682,1760.259,1774.975,28681300,3437686784.0000
2026-07-28 10:10:00,1774.680,1780.461,1769.811,1771.213,23206400,2750803968.0000
2026-07-28 10:15:00,1770.932,1771.352,1762.585,1768.180,26811600,2853068800.0000
2026-07-28 10:20:00,1767.706,1769.822,1761.820,1765.523,19196900,2415087616.0000
2026-07-28 10:25:00,1765.921,1771.884,1760.084,1760.084,15715700,2127216640.0000
2026-07-28 10:30:00,1760.564,1761.110,1752.076,1753.217,22509400,2946052096.0000
2026-07-28 10:35:00,1753.759,1756.751,1748.791,1750.284,20742200,2638385152.0000
2026-07-28 10:40:00,1749.865,1749.865,1741.204,1741.335,23313700,2897195008.0000
2026-07-28 10:45:00,1742.407,1745.318,1738.309,1738.309,21408300,2590396416.0000
2026-07-28 10:50:00,1738.463,1740.468,1731.365,1734.911,22948300,3304124416.0000
2026-07-28 10:55:00,1735.035,1747.441,1732.357,1739.204,19229700,2722693120.0000
2026-07-28 11:00:00,1738.932,1744.572,1729.704,1730.108,16495400,2092994560.0000
2026-07-28 11:05:00,1729.628,1732.776,1726.116,1727.498,15392500,2225000448.0000
2026-07-28 11:10:00,1728.511,1729.216,1724.720,1726.795,17389500,2104893440.0000
2026-07-28 11:15:00,1726.845,1738.377,1724.699,1736.845,16125200,1874804736.0000
2026-07-28 11:20:00,1736.661,1744.294,1730.780,1735.100,17843700,1819582464.0000
2026-07-28 11:25:00,1734.083,1741.849,1730.211,1737.752,13717200,1566777344.0000
2026-07-28 11:30:00,1738.287,1747.566,1732.394,1735.012,14029000,1384742912.0000
2026-07-28 13:05:00,1735.543,1735.543,1723.198,1724.386,20087200,2647130112.0000
2026-07-28 13:10:00,1724.042,1727.249,1719.214,1726.441,17623000,2084937728.0000
2026-07-28 13:15:00,1727.058,1735.839,1724.007,1730.791,13061300,1461313536.0000
2026-07-28 13:20:00,1731.078,1733.782,1720.904,1721.735,13044200,1577500672.0000
2026-07-28 13:25:00,1721.287,1721.767,1715.720,1715.720,13902200,1904517120.0000
2026-07-28 13:30:00,1715.582,1717.329,1711.889,1712.611,14369800,1956446208.0000
2026-07-28 13:35:00,1712.395,1713.186,1701.472,1701.672,18531100,2964316160.0000
2026-07-28 13:40:00,1701.476,1715.980,1701.476,1715.980,18506500,2121703424.0000
2026-07-28 13:45:00,1715.286,1729.805,1715.285,1721.255,13917300,1970790400.0000
2026-07-28 13:50:00,1720.600,1724.248,1706.276,1707.330,12331800,1572880384.0000
2026-07-28 13:55:00,1707.174,1711.315,1705.617,1705.617,14658400,1764950016.0000
2026-07-28 14:00:00,1706.073,1708.212,1704.322,1706.972,11652300,1531379712.0000
2026-07-28 14:05:00,1707.315,1710.228,1704.338,1704.762,14025100,1566187520.0000
2026-07-28 14:10:00,1704.969,1705.063,1700.281,1700.451,14470100,1860460544.0000
2026-07-28 14:15:00,1699.873,1701.562,1696.334,1696.993,16474800,2079694848.0000
2026-07-28 14:20:00,1696.618,1697.358,1689.935,1696.652,20242500,2666143744.0000
2026-07-28 14:25:00,1696.721,1703.157,1694.868,1696.120,14896900,1738088448.0000
2026-07-28 14:30:00,1696.061,1697.923,1692.363,1697.580,11723900,1784823808.0000
2026-07-28 14:35:00,1697.660,1698.254,1686.549,1686.679,21278300,2722988032.0000
2026-07-28 14:40:00,1686.902,1687.639,1678.881,1683.703,27885200,3918381056.0000
2026-07-28 14:45:00,1684.167,1689.181,1675.988,1676.801,28736700,3270131712.0000
2026-07-28 14:50:00,1676.870,1682.939,1676.199,1682.939,29822800,3498147840.0000
2026-07-28 14:55:00,1684.041,1697.997,1684.041,1689.669,30352800,3603423232.0000
2026-07-28 15:00:00,1689.446,1693.479,1689.446,1693.479,21909900,2888523776.0000
2026-07-29 09:35:00,1704.585,1709.835,1685.187,1701.832,78060700,10573090816.0000
2026-07-29 09:40:00,1700.341,1711.579,1698.101,1699.704,52843300,6735368192.0000
2026-07-29 09:45:00,1699.670,1700.218,1659.392,1659.564,55016000,6710560768.0000
2026-07-29 09:50:00,1662.036,1663.976,1643.154,1643.154,70200100,8291487744.0000
2026-07-29 09:55:00,1642.485,1656.854,1639.482,1644.021,57784600,6386051072.0000
2026-07-29 10:00:00,1643.146,1647.842,1628.229,1635.125,43129800,5358903296.0000
2026-07-29 10:05:00,1634.575,1634.575,1614.732,1617.306,50498900,5914435584.0000
2026-07-29 10:10:00,1615.644,1619.549,1608.141,1616.672,56384800,6820065280.0000
2026-07-29 10:15:00,1617.141,1638.167,1617.141,1629.737,39297000,4340756480.0000
2026-07-29 10:20:00,1628.797,1632.621,1621.372,1621.591,29046200,2956783616.0000
2026-07-29 10:25:00,1620.571,1626.882,1610.748,1626.882,40610700,3405754368.0000
2026-07-29 10:30:00,1627.895,1657.954,1627.895,1652.758,45078500,4221370368.0000
2026-07-29 10:35:00,1653.698,1656.453,1639.149,1639.457,37960400,3788726272.0000
2026-07-29 10:40:00,1640.086,1642.430,1632.128,1633.371,30320000,2680528896.0000
2026-07-29 10:45:00,1633.599,1645.780,1633.599,1634.796,25032000,2149416960.0000
2026-07-29 10:50:00,1634.429,1635.808,1620.559,1620.559,29381400,2303205376.0000
2026-07-29 10:55:00,1620.368,1621.071,1614.473,1614.473,27393300,2323300352.0000
2026-07-29 11:00:00,1615.084,1620.256,1613.763,1616.410,22937600,1911840768.0000
2026-07-29 11:05:00,1616.491,1629.601,1616.491,1624.551,20760300,1849761792.0000
2026-07-29 11:10:00,1625.090,1634.797,1615.134,1634.797,23182800,1852932096.0000
2026-07-29 11:15:00,1634.541,1647.700,1630.963,1630.963,26812500,2117255168.0000
2026-07-29 11:20:00,1631.420,1636.224,1625.046,1625.522,12563400,1238171648.0000
2026-07-29 11:25:00,1625.455,1626.724,1620.788,1621.579,10808100,1300840448.0000
2026-07-29 11:30:00,1621.539,1625.818,1618.616,1622.028,11448700,1329291264.0000
2026-07-29 13:05:00,1619.355,1640.909,1610.128,1639.069,38982900,3587899392.0000
2026-07-29 13:10:00,1639.056,1660.047,1633.867,1660.047,25435500,2581733376.0000
2026-07-29 13:15:00,1660.601,1687.086,1658.003,1686.154,39584800,4197220352.0000
2026-07-29 13:20:00,1685.479,1685.785,1657.922,1659.577,41622000,3264790528.0000
2026-07-29 13:25:00,1659.959,1675.903,1653.178,1662.268,23097900,1941585920.0000
2026-07-29 13:30:00,1662.830,1680.465,1662.830,1677.891,25048900,2390507520.0000
2026-07-29 13:35:00,1677.689,1683.210,1662.638,1683.049,22286700,2245632000.0000
2026-07-29 13:40:00,1684.119,1689.188,1675.494,1689.188,24147500,2747400192.0000
2026-07-29 13:45:00,1688.853,1694.650,1685.520,1686.949,29881500,2941657088.0000
2026-07-29 13:50:00,1687.126,1692.187,1671.539,1672.064,21319100,2173673472.0000
2026-07-29 13:55:00,1672.077,1675.893,1664.832,1665.722,15592100,1714176000.0000
2026-07-29 14:00:00,1665.786,1674.753,1665.662,1672.188,11725200,1235869696.0000
2026-07-29 14:05:00,1672.673,1679.629,1666.521,1666.521,14640400,1362821120.0000
2026-07-29 14:10:00,1665.984,1666.077,1658.595,1660.664,12660900,1227988992.0000
2026-07-29 14:15:00,1660.332,1667.324,1657.570,1665.468,10838300,1138556928.0000
2026-07-29 14:20:00,1665.441,1675.238,1662.722,1672.805,11356600,1184702464.0000
2026-07-29 14:25:00,1672.504,1674.500,1663.950,1668.864,11258400,1241014272.0000
2026-07-29 14:30:00,1668.774,1675.800,1666.650,1671.712,10253000,1129537536.0000
2026-07-29 14:35:00,1671.585,1680.411,1671.441,1673.697,16182800,1566728192.0000
2026-07-29 14:40:00,1673.246,1674.180,1668.487,1668.604,14722200,1343676416.0000
2026-07-29 14:45:00,1668.883,1675.551,1668.883,1674.876,16253300,1611235328.0000
2026-07-29 14:50:00,1674.634,1687.628,1674.616,1687.427,26266600,2442641408.0000
2026-07-29 14:55:00,1687.641,1687.746,1681.883,1684.665,36404500,2892070912.0000
2026-07-29 15:00:00,1684.344,1685.130,1678.738,1678.738,25741300,2427535360.0000
2026-07-30 09:35:00,1653.467,1671.393,1653.467,1667.742,85592700,9449336832.0000
2026-07-30 09:40:00,1667.007,1671.509,1650.745,1657.483,63433800,7173590016.0000
2026-07-30 09:45:00,1657.494,1657.612,1639.052,1642.858,49204700,5770345472.0000
2026-07-30 09:50:00,1642.724,1642.724,1626.203,1637.067,53191300,5947297792.0000
2026-07-30 09:55:00,1636.524,1652.367,1635.443,1647.786,38356500,4046241792.0000
2026-07-30 10:00:00,1649.288,1653.433,1633.761,1636.040,43082700,3540805632.0000
2026-07-30 10:05:00,1634.763,1637.277,1626.768,1627.800,42897900,3794669568.0000
2026-07-30 10:10:00,1627.199,1627.199,1616.227,1619.883,43969700,4520112128.0000
2026-07-30 10:15:00,1619.621,1625.577,1612.575,1613.631,35842100,3298066432.0000
2026-07-30 10:20:00,1613.678,1629.184,1612.503,1628.656,36719600,3469021184.0000
2026-07-30 10:25:00,1628.534,1628.745,1612.504,1615.214,25926400,2862784512.0000
2026-07-30 10:30:00,1614.427,1615.535,1610.696,1611.343,26585900,2673561600.0000
2026-07-30 10:35:00,1612.868,1615.738,1606.241,1606.241,29694200,2714071040.0000
2026-07-30 10:40:00,1606.259,1606.259,1599.042,1599.913,31456900,3291308032.0000
2026-07-30 10:45:00,1600.119,1605.817,1595.567,1599.989,28373000,2810347520.0000
2026-07-30 10:50:00,1599.483,1608.206,1597.473,1605.224,21343000,2330828800.0000
2026-07-30 10:55:00,1603.413,1603.600,1593.664,1593.664,22643000,2323283968.0000
2026-07-30 11:00:00,1593.387,1593.387,1585.834,1588.954,23424900,3202695168.0000
2026-07-30 11:05:00,1588.274,1589.718,1582.930,1585.890,21270400,2618826752.0000
2026-07-30 11:10:00,1586.975,1598.831,1585.949,1586.795,19589600,2388951040.0000
2026-07-30 11:15:00,1586.758,1590.633,1579.052,1580.730,21975500,2532843520.0000
2026-07-30 11:20:00,1580.169,1583.874,1576.048,1576.084,19764100,2227879936.0000
2026-07-30 11:25:00,1577.275,1582.929,1573.317,1575.866,26001000,2584190976.0000
2026-07-30 11:30:00,1578.633,1580.252,1569.756,1572.252,24393900,2618122240.0000
2026-07-30 13:05:00,1571.612,1571.612,1561.996,1564.557,35807200,3814514688.0000
2026-07-30 13:10:00,1564.426,1595.832,1564.426,1590.309,30899000,3489693696.0000
2026-07-30 13:15:00,1590.938,1590.938,1576.491,1585.666,28200800,2729967616.0000
2026-07-30 13:20:00,1585.776,1588.698,1572.085,1581.430,28889200,2306924544.0000
2026-07-30 13:25:00,1581.298,1617.578,1578.248,1615.522,40891500,4315119616.0000
2026-07-30 13:30:00,1616.263,1623.298,1609.226,1617.138,38172700,4315955200.0000
2026-07-30 13:35:00,1616.366,1616.366,1600.450,1604.244,33447600,2980159488.0000
2026-07-30 13:40:00,1603.828,1606.805,1588.878,1591.074,21865800,2358452224.0000
2026-07-30 13:45:00,1590.488,1604.068,1590.210,1598.234,22665500,2172436480.0000
2026-07-30 13:50:00,1600.412,1618.129,1600.412,1605.796,25365200,2342068224.0000
2026-07-30 13:55:00,1606.789,1613.764,1599.019,1612.311,16245400,1763467264.0000
2026-07-30 14:00:00,1611.804,1619.507,1607.541,1610.875,16513400,1846296576.0000
2026-07-30 14:05:00,1610.858,1614.618,1604.521,1613.984,17405800,1784299520.0000
2026-07-30 14:10:00,1615.539,1623.335,1614.204,1618.815,20759500,2420924416.0000
2026-07-30 14:15:00,1618.441,1619.953,1608.715,1611.084,14625900,1657757696.0000
2026-07-30 14:20:00,1611.037,1625.998,1610.248,1625.998,15447500,1787371520.0000
2026-07-30 14:25:00,1626.676,1638.433,1626.676,1633.701,28399800,3136249856.0000
2026-07-30 14:30:00,1633.421,1633.421,1619.243,1623.666,19166000,1921097728.0000
2026-07-30 14:35:00,1623.141,1629.687,1614.785,1620.247,23335200,2123055104.0000
2026-07-30 14:40:00,1620.401,1620.401,1603.111,1603.362,21299900,2137620480.0000
2026-07-30 14:45:00,1603.254,1607.424,1600.177,1600.177,23598800,2492317696.0000
2026-07-30 14:50:00,1599.956,1600.719,1588.533,1588.893,32216200,2823094272.0000
2026-07-30 14:55:00,1588.698,1592.349,1586.476,1586.595,46072200,3562274816.0000
2026-07-30 15:00:00,1585.936,1588.415,1581.162,1588.415,33544600,3360423936.0000
2026-07-31 09:35:00,1721.355,1721.355,1699.647,1699.647,223512900,28105207808.0000
2026-07-31 09:40:00,1698.385,1708.091,1686.075,1707.973,104319900,12259725312.0000
2026-07-31 09:45:00,1707.509,1712.677,1695.680,1695.680,97535100,10534174720.0000
2026-07-31 09:50:00,1695.811,1714.909,1695.146,1713.728,66881300,7822872576.0000
2026-07-31 09:55:00,1714.320,1721.984,1710.390,1717.431,53249800,6286016512.0000
2026-07-31 10:00:00,1717.584,1731.206,1717.195,1725.896,49423900,5869711360.0000
2026-07-31 10:05:00,1725.473,1726.139,1705.224,1707.064,45663900,5561606144.0000
2026-07-31 10:10:00,1707.056,1715.243,1701.705,1702.840,34434700,4270907392.0000
2026-07-31 10:15:00,1702.558,1707.553,1691.949,1691.949,40866700,3919511552.0000
2026-07-31 10:20:00,1691.576,1692.725,1683.865,1692.256,38212700,4283916288.0000
2026-07-31 10:25:00,1691.252,1698.959,1680.364,1681.396,33775600,3963060224.0000
2026-07-31 10:30:00,1680.667,1691.962,1680.641,1685.699,25667200,3115098112.0000
2026-07-31 10:35:00,1685.766,1686.587,1675.653,1681.418,26304000,2876506112.0000
2026-07-31 10:40:00,1680.586,1686.206,1673.031,1675.251,22175100,2359934976.0000
2026-07-31 10:45:00,1674.857,1688.453,1674.303,1686.726,18900800,2194407424.0000
2026-07-31 10:50:00,1686.033,1691.158,1677.698,1677.698,19746100,2218418176.0000
2026-07-31 10:55:00,1677.561,1686.031,1675.779,1686.031,19590600,2128551936.0000
2026-07-31 11:00:00,1685.796,1692.595,1684.768,1685.063,17426200,1944723456.0000
2026-07-31 11:05:00,1684.841,1684.841,1675.823,1675.823,18910600,2373296128.0000
2026-07-31 11:10:00,1675.232,1676.434,1669.188,1669.193,17668000,2047057920.0000
2026-07-31 11:15:00,1668.741,1671.424,1662.497,1663.967,19488400,1912094720.0000
2026-07-31 11:20:00,1663.574,1678.179,1663.505,1678.174,14576300,1672273920.0000
2026-07-31 11:25:00,1678.604,1685.662,1673.123,1673.286,14065200,1545142272.0000
2026-07-31 11:30:00,1673.038,1683.169,1671.993,1682.275,10832800,1235402752.0000
2026-07-31 13:05:00,1683.840,1692.357,1676.714,1682.572,24137600,2704138240.0000
2026-07-31 13:10:00,1682.721,1687.032,1674.304,1674.304,13503100,1655349248.0000
2026-07-31 13:15:00,1674.666,1682.324,1674.312,1682.152,11197100,1308786688.0000
2026-07-31 13:20:00,1681.852,1693.681,1681.310,1691.002,18337900,2146435072.0000
2026-07-31 13:25:00,1691.473,1698.296,1688.054,1688.054,17062400,2080849920.0000
2026-07-31 13:30:00,1687.841,1688.065,1680.605,1685.999,13026100,1593016320.0000
2026-07-31 13:35:00,1685.936,1685.936,1679.589,1680.129,12966400,1300717568.0000
2026-07-31 13:40:00,1680.082,1680.082,1675.164,1676.083,12593600,1328168960.0000
2026-07-31 13:45:00,1676.562,1677.096,1673.497,1673.868,10789900,1160667136.0000
2026-07-31 13:50:00,1673.659,1674.528,1670.239,1674.301,12234900,1223958528.0000
2026-07-31 13:55:00,1673.578,1673.678,1668.004,1668.004,11204900,1144086528.0000
2026-07-31 14:00:00,1668.948,1668.948,1664.595,1667.704,15620300,1374535680.0000
2026-07-31 14:05:00,1667.718,1673.521,1666.843,1667.472,17312500,1251098624.0000
2026-07-31 14:10:00,1667.353,1667.605,1662.723,1662.936,11818900,1304657920.0000
2026-07-31 14:15:00,1663.045,1663.045,1658.881,1662.600,13159200,1469202432.0000
2026-07-31 14:20:00,1662.205,1662.417,1659.127,1659.425,12139900,1252868096.0000
2026-07-31 14:25:00,1659.228,1664.273,1656.642,1664.273,14727400,1583185920.0000
2026-07-31 14:30:00,1664.522,1669.705,1662.391,1669.307,15931100,1429454848.0000
2026-07-31 14:35:00,1669.158,1669.158,1657.954,1658.775,20191100,1849540608.0000
2026-07-31 14:40:00,1658.715,1660.654,1654.907,1654.907,16755900,1834926080.0000
2026-07-31 14:45:00,1654.564,1654.564,1642.203,1643.496,29797500,2887139328.0000
2026-07-31 14:50:00,1643.510,1644.219,1638.022,1638.572,29345600,2885746688.0000
2026-07-31 14:55:00,1638.425,1641.314,1635.685,1638.598,32764300,2980184064.0000
2026-07-31 15:00:00,1638.403,1640.040,1635.962,1635.962,30895600,2726887424.0000
2026-08-03 09:35:00,1619.294,1621.993,1603.601,1613.886,108068200,11724889088.0000
2026-08-03 09:40:00,1612.502,1616.014,1588.470,1588.478,82508700,9510102016.0000
2026-08-03 09:45:00,1588.216,1593.871,1578.018,1578.616,67661200,8118775808.0000
2026-08-03 09:50:00,1578.514,1582.777,1570.345,1581.506,58328900,6193467392.0000
2026-08-03 09:55:00,1581.557,1584.842,1568.411,1576.930,48364900,4848553984.0000
2026-08-03 10:00:00,1576.216,1586.611,1571.915,1576.416,40325500,3906031616.0000
2026-08-03 10:05:00,1576.959,1584.860,1574.046,1580.823,35356300,3563909120.0000
2026-08-03 10:10:00,1580.675,1588.347,1576.754,1576.767,34869600,3027951616.0000
2026-08-03 10:15:00,1577.964,1586.220,1575.556,1584.712,34507500,3128369152.0000
2026-08-03 10:20:00,1584.947,1585.152,1568.940,1571.807,35921200,3109703680.0000
2026-08-03 10:25:00,1571.826,1581.720,1568.172,1568.218,31724200,2761875456.0000
2026-08-03 10:30:00,1567.784,1571.136,1564.822,1565.561,23737300,2671095808.0000
2026-08-03 10:35:00,1565.479,1575.328,1565.479,1575.328,25996600,2725838848.0000
2026-08-03 10:40:00,1575.236,1583.827,1572.858,1576.318,24542000,2372988928.0000
2026-08-03 10:45:00,1575.903,1587.486,1572.786,1582.713,19094700,2059640832.0000
2026-08-03 10:50:00,1581.934,1584.702,1568.709,1568.709,21064200,1759469568.0000
2026-08-03 10:55:00,1569.332,1577.142,1568.005,1574.462,16518400,1529937920.0000
2026-08-03 11:00:00,1574.634,1585.559,1571.881,1582.417,16906100,1650270208.0000
2026-08-03 11:05:00,1582.824,1591.897,1580.523,1580.523,17660000,1963835392.0000
2026-08-03 11:10:00,1579.948,1580.463,1571.269,1572.191,14894800,1366818816.0000
2026-08-03 11:15:00,1572.258,1574.466,1569.756,1571.656,13002400,1336975360.0000
2026-08-03 11:20:00,1571.516,1576.466,1570.215,1574.309,14036800,1243914240.0000
2026-08-03 11:25:00,1575.205,1578.612,1570.521,1577.407,10788800,1210015744.0000
2026-08-03 11:30:00,1577.119,1580.820,1571.320,1575.008,11242200,1415512064.0000
2026-08-03 13:05:00,1575.488,1581.631,1575.392,1579.209,19281300,1906032640.0000
2026-08-03 13:10:00,1578.834,1579.167,1569.468,1571.798,15119100,1617903616.0000
2026-08-03 13:15:00,1570.875,1573.396,1569.323,1570.244,11178700,1149853696.0000
2026-08-03 13:20:00,1569.721,1571.851,1568.084,1568.125,13693600,1143570432.0000
2026-08-03 13:25:00,1568.722,1570.363,1567.079,1567.942,11362800,1178746880.0000
2026-08-03 13:30:00,1568.601,1569.597,1564.995,1565.359,15881800,1348206592.0000
2026-08-03 13:35:00,1565.267,1566.003,1563.134,1563.807,16424300,1686200320.0000
2026-08-03 13:40:00,1564.277,1565.834,1562.905,1563.926,13274700,1545347072.0000
2026-08-03 13:45:00,1563.648,1566.383,1562.950,1564.324,12370200,1422336000.0000
2026-08-03 13:50:00,1564.325,1564.871,1563.050,1563.957,12527100,1215406080.0000
2026-08-03 13:55:00,1563.736,1565.686,1563.048,1563.483,21832100,1186537472.0000
2026-08-03 14:00:00,1563.584,1564.625,1559.084,1559.084,16737700,1665581056.0000
2026-08-03 14:05:00,1560.500,1560.843,1555.711,1555.850,21392400,1818787840.0000
2026-08-03 14:10:00,1555.746,1555.802,1549.739,1550.161,20273000,2292408320.0000
2026-08-03 14:15:00,1551.574,1562.101,1551.574,1560.581,17563300,1865687040.0000
2026-08-03 14:20:00,1561.415,1561.415,1554.372,1554.950,13273800,1413414912.0000
2026-08-03 14:25:00,1555.367,1569.045,1554.897,1567.500,16717800,1767555072.0000
2026-08-03 14:30:00,1567.985,1568.846,1560.051,1560.051,14841500,1466245120.0000
2026-08-03 14:35:00,1560.485,1562.606,1554.468,1555.049,19125000,1608908800.0000
2026-08-03 14:40:00,1555.198,1558.118,1551.257,1551.667,21204100,2065416192.0000
2026-08-03 14:45:00,1551.558,1552.826,1550.620,1551.828,19571100,2066325504.0000
2026-08-03 14:50:00,1551.472,1552.270,1550.239,1550.747,24002000,2340233216.0000
2026-08-03 14:55:00,1550.886,1554.001,1550.749,1551.463,31200600,2816901120.0000
2026-08-03 15:00:00,1551.319,1552.890,1549.789,1552.890,27530100,2723045376.0000
2026-08-04 09:35:00,1569.623,1571.834,1556.112,1558.961,81702700,9515169792.0000
2026-08-04 09:40:00,1559.984,1577.735,1559.984,1571.990,61540800,6934955008.0000
2026-08-04 09:45:00,1572.031,1578.148,1567.134,1574.463,47218900,5046723584.0000
2026-08-04 09:50:00,1574.629,1587.540,1571.630,1585.743,45885600,5448523776.0000
2026-08-04 09:55:00,1585.980,1594.212,1585.980,1594.212,39418400,5095358464.0000
2026-08-04 10:00:00,1594.314,1601.239,1592.584,1593.701,54152600,5201752064.0000
2026-08-04 10:05:00,1593.124,1593.183,1581.601,1583.556,38716300,4255043584.0000
2026-08-04 10:10:00,1583.268,1586.337,1577.016,1582.814,28639300,3049385984.0000
2026-08-04 10:15:00,1582.419,1582.419,1573.641,1576.413,26143500,2977611776.0000
2026-08-04 10:20:00,1576.203,1583.139,1574.009,1582.928,18182100,2014257152.0000
2026-08-04 10:25:00,1583.101,1585.425,1573.832,1573.832,17017600,1927245824.0000
2026-08-04 10:30:00,1573.460,1580.596,1570.996,1576.393,14147900,1780862976.0000
2026-08-04 10:35:00,1576.468,1582.499,1575.966,1578.428,13306300,1507418112.0000
2026-08-04 10:40:00,1578.240,1589.292,1577.953,1588.482,17577600,1995644928.0000
2026-08-04 10:45:00,1588.666,1591.668,1583.741,1586.168,16214100,1942372352.0000
2026-08-04 10:50:00,1586.549,1591.472,1585.913,1587.562,14819800,1684148224.0000
2026-08-04 10:55:00,1587.437,1587.437,1580.767,1581.046,13269100,1446125568.0000
2026-08-04 11:00:00,1580.891,1585.234,1579.833,1580.272,12337700,1291714560.0000
2026-08-04 11:05:00,1580.209,1580.381,1574.338,1574.574,12013300,1679032320.0000
2026-08-04 11:10:00,1574.548,1584.390,1574.548,1584.390,10002100,1162612736.0000
2026-08-04 11:15:00,1584.406,1586.608,1582.328,1585.978,9253400,1037504512.0000
2026-08-04 11:20:00,1586.094,1588.494,1584.329,1588.208,11252200,1139585024.0000
2026-08-04 11:25:00,1588.464,1591.847,1588.464,1591.288,13236100,1657466880.0000
2026-08-04 11:30:00,1591.035,1600.767,1591.035,1598.133,18293600,2104934400.0000
2026-08-04 13:05:00,1599.623,1608.311,1599.623,1605.982,36468000,4170137600.0000
2026-08-04 13:10:00,1605.880,1608.931,1602.840,1605.586,24789300,2880372736.0000
2026-08-04 13:15:00,1605.789,1605.789,1598.923,1603.918,18780200,2243035136.0000
2026-08-04 13:20:00,1604.042,1606.666,1598.563,1599.338,18468500,2135785472.0000
2026-08-04 13:25:00,1599.552,1606.809,1598.345,1605.391,15822400,1902002176.0000
2026-08-04 13:30:00,1605.561,1616.162,1605.520,1616.162,26294600,2930737152.0000
2026-08-04 13:35:00,1616.459,1626.054,1616.459,1624.642,33382000,4298792960.0000
2026-08-04 13:40:00,1624.733,1629.821,1620.870,1628.351,23865900,2787803136.0000
2026-08-04 13:45:00,1628.395,1629.603,1624.143,1627.374,18700200,2236981248.0000
2026-08-04 13:50:00,1627.586,1630.684,1626.284,1626.284,18250200,2045902848.0000
2026-08-04 13:55:00,1626.172,1627.797,1622.029,1625.181,15615200,1929527296.0000
2026-08-04 14:00:00,1625.190,1627.444,1622.950,1626.690,12338700,1451483136.0000
2026-08-04 14:05:00,1627.182,1631.012,1626.851,1629.108,20105500,2122358784.0000
2026-08-04 14:10:00,1629.482,1630.889,1626.757,1630.551,12901400,1550049280.0000
2026-08-04 14:15:00,1630.546,1630.785,1623.661,1623.661,15471800,1719304192.0000
2026-08-04 14:20:00,1623.246,1623.246,1616.092,1617.357,24925200,2412486656.0000
2026-08-04 14:25:00,1617.468,1619.852,1616.129,1619.852,14212200,1653620736.0000
2026-08-04 14:30:00,1619.871,1623.776,1619.855,1621.334,11993700,1349386240.0000
2026-08-04 14:35:00,1621.537,1622.926,1610.627,1610.680,22096500,2133270528.0000
2026-08-04 14:40:00,1610.784,1614.413,1610.254,1611.582,18955600,1904394240.0000
2026-08-04 14:45:00,1611.627,1612.863,1609.731,1609.731,17844400,1816363008.0000
2026-08-04 14:50:00,1609.747,1612.646,1609.747,1612.029,20665900,1996931072.0000
2026-08-04 14:55:00,1612.287,1615.844,1612.242,1615.844,28904800,2468405248.0000
2026-08-04 15:00:00,1615.840,1616.831,1615.606,1616.358,29241100,2453905408.0000
2026-08-05 09:35:00,1615.261,1646.349,1615.261,1646.349,89861400,14330358784.0000
2026-08-05 09:40:00,1646.298,1662.533,1646.298,1662.372,68322200,10025454592.0000
2026-08-05 09:45:00,1662.344,1672.643,1661.958,1663.546,51597500,7397812224.0000
2026-08-05 09:50:00,1663.643,1676.720,1662.660,1665.632,48119800,6080671744.0000
2026-08-05 09:55:00,1665.779,1666.831,1660.155,1661.168,41302700,4890476544.0000
2026-08-05 10:00:00,1660.705,1669.675,1657.338,1660.436,37261600,4252852224.0000
2026-08-05 10:05:00,1660.606,1666.168,1657.476,1663.087,33253900,4084711424.0000
2026-08-05 10:10:00,1662.515,1662.515,1648.859,1651.670,37786400,4664467456.0000
2026-08-05 10:15:00,1651.517,1651.937,1632.988,1639.275,39118900,5163147264.0000
2026-08-05 10:20:00,1638.974,1648.192,1632.623,1648.192,34130000,4197969920.0000
2026-08-05 10:25:00,1648.044,1657.572,1642.948,1654.433,24880700,3326246912.0000
2026-08-05 10:30:00,1654.168,1659.392,1648.565,1658.253,21063400,2628976640.0000
2026-08-05 10:35:00,1658.601,1659.771,1647.822,1659.771,20178100,2827968512.0000
2026-08-05 10:40:00,1659.395,1665.064,1656.791,1661.499,18016300,2609152000.0000
2026-08-05 10:45:00,1660.559,1670.389,1660.100,1668.368,22182800,2437120000.0000
2026-08-05 10:50:00,1668.572,1676.206,1667.941,1676.031,21459300,2343600128.0000
2026-08-05 10:55:00,1676.095,1676.893,1670.843,1675.377,20834700,2365628416.0000
2026-08-05 11:00:00,1674.922,1676.784,1668.665,1671.430,14780800,1733713920.0000
2026-08-05 11:05:00,1671.335,1680.933,1671.335,1680.335,22989000,2454159360.0000
2026-08-05 11:10:00,1680.347,1681.479,1674.627,1680.426,18836600,1873829888.0000
2026-08-05 11:15:00,1680.775,1686.255,1680.775,1686.255,21113000,2058919936.0000
2026-08-05 11:20:00,1686.865,1698.586,1686.063,1693.332,27125200,3195060224.0000
2026-08-05 11:25:00,1693.086,1702.384,1688.734,1702.075,29176800,2611265536.0000
2026-08-05 11:30:00,1701.617,1702.940,1697.468,1700.051,25020100,2566307840.0000
2026-08-05 13:05:00,1701.203,1703.530,1693.359,1694.659,31649000,3832315904.0000
2026-08-05 13:10:00,1694.613,1695.157,1684.459,1689.243,21249800,2420334592.0000
2026-08-05 13:15:00,1687.444,1701.317,1685.939,1697.676,21859700,2476646400.0000
2026-08-05 13:20:00,1697.357,1706.568,1694.502,1704.861,21763000,2540175360.0000
2026-08-05 13:25:00,1705.003,1709.962,1703.434,1707.524,22168500,2623012864.0000
2026-08-05 13:30:00,1707.360,1709.662,1702.334,1702.457,20661600,2579030016.0000
2026-08-05 13:35:00,1702.106,1709.076,1702.106,1708.879,20290500,2379718656.0000
2026-08-05 13:40:00,1708.875,1708.900,1698.159,1703.344,27751700,2370854912.0000
2026-08-05 13:45:00,1703.483,1710.401,1700.991,1710.017,20319800,2301886464.0000
2026-08-05 13:50:00,1710.898,1713.599,1709.356,1710.279,22328800,2103869440.0000
2026-08-05 13:55:00,1710.290,1715.276,1710.055,1712.408,15710900,1760731136.0000
2026-08-05 14:00:00,1712.483,1712.483,1705.010,1709.366,12406800,1705164800.0000
2026-08-05 14:05:00,1709.218,1709.218,1700.784,1702.145,22781600,1998692352.0000
2026-08-05 14:10:00,1702.383,1702.383,1693.872,1699.703,21595100,2286215168.0000
2026-08-05 14:15:00,1699.348,1700.344,1691.743,1691.895,13990400,1620697088.0000
2026-08-05 14:20:00,1692.747,1694.450,1685.112,1685.695,23034100,2371772416.0000
2026-08-05 14:25:00,1686.116,1690.262,1683.974,1689.490,19357500,2157576192.0000
2026-08-05 14:30:00,1689.492,1693.869,1689.492,1693.149,12360000,1549565952.0000
2026-08-05 14:35:00,1692.880,1694.868,1690.267,1691.680,16132900,1673363456.0000
2026-08-05 14:40:00,1691.716,1692.046,1685.328,1685.328,18653900,1795801088.0000
2026-08-05 14:45:00,1685.233,1688.495,1685.094,1687.385,17707500,1936211968.0000
2026-08-05 14:50:00,1687.352,1691.292,1687.233,1691.292,20856300,2121596928.0000
2026-08-05 14:55:00,1691.251,1693.798,1690.217,1692.510,31017500,2774695936.0000
2026-08-05 15:00:00,1692.459,1693.773,1692.240,1693.668,31588800,2809495552.0000
2026-08-06 09:35:00,1651.108,1662.204,1651.108,1654.266,97703400,11538924544.0000
2026-08-06 09:40:00,1654.392,1672.238,1654.386,1672.238,62610000,6864739328.0000
2026-08-06 09:45:00,1672.421,1683.705,1668.130,1680.265,58417100,6056626176.0000
2026-08-06 09:50:00,1680.450,1687.347,1678.031,1678.143,40926100,4727971840.0000
2026-08-06 09:55:00,1677.991,1679.941,1672.747,1677.401,44435300,4092168192.0000
2026-08-06 10:00:00,1676.466,1692.307,1676.466,1691.462,35825100,3750105088.0000
2026-08-06 10:05:00,1691.670,1694.244,1686.066,1687.278,41137400,3582324736.0000
2026-08-06 10:10:00,1686.958,1694.670,1682.586,1694.612,26721700,2632536064.0000
2026-08-06 10:15:00,1694.761,1694.926,1687.098,1693.895,24193700,2433007616.0000
2026-08-06 10:20:00,1694.201,1699.332,1692.036,1699.185,28010100,3020857344.0000
2026-08-06 10:25:00,1699.103,1705.864,1696.820,1702.822,28104200,3343654912.0000
2026-08-06 10:30:00,1702.530,1712.084,1702.530,1708.325,27371000,3217133568.0000
2026-08-06 10:35:00,1708.351,1713.463,1706.992,1707.679,29256100,3317882880.0000
2026-08-06 10:40:00,1707.954,1710.646,1701.158,1703.092,31433200,2947899392.0000
2026-08-06 10:45:00,1702.524,1722.784,1702.249,1722.784,28899100,3202404352.0000
2026-08-06 10:50:00,1723.076,1725.376,1715.420,1723.678,29090400,3161165824.0000
2026-08-06 10:55:00,1723.562,1727.735,1723.092,1727.374,23928000,2834771968.0000
2026-08-06 11:00:00,1727.133,1727.133,1715.909,1715.909,24431000,2601164800.0000
2026-08-06 11:05:00,1715.381,1715.381,1707.433,1708.447,25576800,2463416320.0000
2026-08-06 11:10:00,1708.532,1711.493,1696.624,1696.624,27436600,2711601152.0000
2026-08-06 11:15:00,1696.665,1703.138,1695.086,1695.086,18759300,1932124160.0000
2026-08-06 11:20:00,1694.797,1698.150,1688.520,1688.520,20737200,2375868416.0000
2026-08-06 11:25:00,1688.551,1693.587,1684.413,1684.739,16901600,1919442944.0000
2026-08-06 11:30:00,1684.622,1690.909,1680.440,1690.909,16663700,1974820864.0000
2026-08-06 13:05:00,1690.839,1699.062,1687.754,1691.229,19119600,1898913792.0000
2026-08-06 13:10:00,1691.656,1699.746,1688.671,1689.430,13369100,1390002176.0000
2026-08-06 13:15:00,1689.530,1689.636,1682.540,1688.513,14591400,1421475840.0000
2026-08-06 13:20:00,1688.239,1694.607,1686.969,1687.398,15590000,1187848192.0000
2026-08-06 13:25:00,1688.297,1691.619,1686.834,1687.756,11195500,1098940416.0000
2026-08-06 13:30:00,1687.687,1688.722,1682.650,1682.712,11983300,1238925312.0000
2026-08-06 13:35:00,1682.359,1690.973,1682.359,1686.830,16693400,1263149056.0000
2026-08-06 13:40:00,1686.880,1687.262,1679.228,1679.307,14531200,1283620864.0000
2026-08-06 13:45:00,1679.229,1686.994,1677.288,1686.994,16214600,1494679552.0000
2026-08-06 13:50:00,1687.015,1690.585,1682.069,1683.472,18854300,1118199808.0000
2026-08-06 13:55:00,1683.153,1686.836,1683.035,1684.705,12831400,923090944.0000
2026-08-06 14:00:00,1684.861,1685.526,1680.491,1684.554,12050300,923852800.0000
2026-08-06 14:05:00,1684.424,1687.168,1676.908,1677.125,15705400,1317765120.0000
2026-08-06 14:10:00,1677.582,1679.038,1672.452,1672.452,13474500,1516994560.0000
2026-08-06 14:15:00,1672.642,1677.954,1672.049,1677.726,14669100,1426038784.0000
2026-08-06 14:20:00,1677.864,1679.061,1674.112,1678.939,11206600,1084334080.0000
2026-08-06 14:25:00,1678.851,1691.179,1678.851,1690.798,18876200,1600536576.0000
2026-08-06 14:30:00,1690.558,1696.007,1688.860,1696.007,15142000,1734033408.0000
2026-08-06 14:35:00,1696.305,1702.969,1694.243,1702.969,17080900,1884938240.0000
2026-08-06 14:40:00,1703.232,1706.294,1694.600,1694.600,20226000,2348343296.0000
2026-08-06 14:45:00,1694.188,1700.378,1693.874,1696.065,16774700,1860386816.0000
2026-08-06 14:50:00,1695.920,1698.004,1694.929,1697.669,19081300,2016264192.0000
2026-08-06 14:55:00,1698.290,1700.996,1697.929,1700.688,25896100,2509799424.0000
2026-08-06 15:00:00,1700.605,1701.324,1699.592,1701.292,27992800,2535768064.0000
