day,open,high,low,close,volume,amount
2026-06-09 14:50:00,2842.103,2844.234,2842.103,2843.006,103658100,3079258112.0000
2026-06-09 14:55:00,2842.579,2843.192,2841.403,2841.403,118815900,3442229248.0000
2026-06-09 15:00:00,2841.298,2844.059,2841.289,2842.694,114951800,3172843520.0000
2026-06-10 09:35:00,2829.649,2844.234,2826.860,2844.234,347285000,15452290048.0000
2026-06-10 09:40:00,2844.129,2853.907,2844.129,2851.120,232846100,11265635328.0000
2026-06-10 09:45:00,2850.969,2854.599,2849.851,2853.175,194429000,8325394432.0000
2026-06-10 09:50:00,2853.807,2859.924,2853.807,2858.864,176474900,8058671104.0000
2026-06-10 09:55:00,2858.328,2858.687,2849.553,2850.187,162810400,6292324352.0000
2026-06-10 10:00:00,2850.102,2853.336,2848.919,2852.597,208204400,5329330176.0000
2026-06-10 10:05:00,2851.860,2852.387,2847.098,2847.770,173406900,5331890176.0000
2026-06-10 10:10:00,2847.916,2850.415,2844.515,2845.333,204029200,5160075264.0000
2026-06-10 10:15:00,2845.577,2847.486,2845.289,2845.550,208761400,4885028864.0000
2026-06-10 10:20:00,2845.494,2848.660,2845.313,2847.277,180247000,3964919808.0000
2026-06-10 10:25:00,2847.351,2849.014,2845.476,2847.000,131232400,3554623488.0000
2026-06-10 10:30:00,2847.130,2847.922,2844.336,2846.566,147077800,4286464000.0000
2026-06-10 10:35:00,2846.048,2848.173,2844.334,2846.296,154178200,3884425216.0000
2026-06-10 10:40:00,2846.037,2846.037,2839.343,2839.353,128964900,3046965248.0000
2026-06-10 10:45:00,2839.311,2848.204,2839.127,2847.019,104145500,2989449216.0000
2026-06-10 10:50:00,2847.039,2851.477,2846.921,2850.447,112329500,3432022016.0000
2026-06-10 10:55:00,2850.471,2852.420,2845.273,2845.367,81841700,2235006976.0000
2026-06-10 11:00:00,2845.361,2845.599,2843.723,2844.600,99952700,2380595200.0000
2026-06-10 11:05:00,2844.480,2850.173,2844.181,2847.415,96275700,2225176576.0000
2026-06-10 11:10:00,2848.587,2850.494,2847.467,2850.494,80360800,2114805760.0000
2026-06-10 11:15:00,2850.197,2852.856,2847.912,2852.578,124116200,2515746816.0000
2026-06-10 11:20:00,2852.702,2855.757,2852.343,2853.177,96165900,2648883200.0000
2026-06-10 11:25:00,2852.910,2853.153,2848.892,2850.844,82725400,2094661632.0000
2026-06-10 11:30:00,2850.755,2855.840,2850.755,2852.928,86630300,2432892928.0000
2026-06-10 13:05:00,2852.145,2852.145,2840.742,2843.568,157467300,4494598144.0000
2026-06-10 13:10:00,2843.458,2845.088,2841.646,2841.646,69942300,1974804480.0000
2026-06-10 13:15:00,2842.048,2842.790,2838.287,2840.002,95602100,2561613824.0000
2026-06-10 13:20:00,2840.278,2842.202,2839.483,2842.194,70773800,2116542464.0000
2026-06-10 13:25:00,2842.579,2844.891,2839.625,2843.984,84178000,2413666304.0000
2026-06-10 13:30:00,2844.090,2846.260,2840.833,2846.108,81832800,2239217664.0000
2026-06-10 13:35:00,2846.016,2846.016,2842.383,2843.350,82295900,2397945856.0000
2026-06-10 13:40:00,2843.409,2846.526,2842.596,2845.232,78058400,2126405632.0000
2026-06-10 13:45:00,2845.648,2851.829,2845.648,2847.528,94516300,2428698624.0000
2026-06-10 13:50:00,2847.266,2848.542,2840.818,2841.020,79823200,2194235392.0000
2026-06-10 13:55:00,2840.916,2845.041,2838.698,2844.459,82606900,2263367680.0000
2026-06-10 14:00:00,2844.478,2852.276,2844.478,2852.165,73977500,2035105792.0000
2026-06-10 14:05:00,2852.099,2852.099,2847.475,2847.475,91079300,2320039936.0000
2026-06-10 14:10:00,2847.729,2852.422,2845.644,2849.698,68869200,1725464576.0000
2026-06-10 14:15:00,2849.428,2850.444,2846.221,2846.319,62485800,1618395136.0000
2026-06-10 14:20:00,2846.245,2850.775,2845.595,2850.613,67669100,1767063552.0000
2026-06-10 14:25:00,2850.800,2853.381,2848.966,2849.605,81598100,2308292608.0000
2026-06-10 14:30:00,2849.433,2850.733,2848.756,2850.637,72871600,1829224448.0000
2026-06-10 14:35:00,2850.401,2853.008,2850.318,2850.463,97913100,2554560512.0000
2026-06-10 14:40:00,2850.662,2852.385,2849.680,2849.945,101999400,2529640448.0000
2026-06-10 14:45:00,2849.887,2850.430,2847.983,2850.054,124888200,3191226368.0000
2026-06-10 14:50:00,2849.774,2850.939,2849.344,2850.675,147607500,3323510784.0000
2026-06-10 14:55:00,2850.412,2851.613,2850.412,2850.606,171588600,3993845760.0000
2026-06-10 15:00:00,2850.462,2850.549,2849.700,2850.369,143582000,3318136832.0000
2026-06-11 09:35:00,2842.671,2852.208,2840.776,2843.845,464644000,13514804224.0000
2026-06-11 09:40:00,2844.966,2849.048,2843.095,2846.988,331004500,8462380032.0000
2026-06-11 09:45:00,2847.677,2848.751,2845.347,2846.560,269283700,7239092224.0000
2026-06-11 09:50:00,2847.049,2848.394,2843.319,2846.552,219698800,6112849920.0000
2026-06-11 09:55:00,2846.545,2846.647,2843.211,2844.327,184744000,4896915456.0000
2026-06-11 10:00:00,2844.363,2845.744,2837.668,2842.250,193164700,4996927488.0000
2026-06-11 10:05:00,2842.010,2842.283,2838.222,2838.450,156245800,4057849856.0000
2026-06-11 10:10:00,2838.398,2838.540,2834.059,2835.938,118539200,3478388736.0000
2026-06-11 10:15:00,2835.407,2835.596,2832.479,2832.479,97525000,2672476160.0000
2026-06-11 10:20:00,2832.459,2832.507,2828.980,2828.980,102071300,2934333440.0000
2026-06-11 10:25:00,2829.186,2833.234,2828.979,2832.191,97353600,2823614464.0000
2026-06-11 10:30:00,2832.432,2833.241,2829.473,2830.945,77144700,2133762048.0000
2026-06-11 10:35:00,2831.172,2833.477,2829.742,2829.880,92401600,2556526592.0000
2026-06-11 10:40:00,2830.132,2832.827,2830.132,2830.547,66143000,2002403328.0000
2026-06-11 10:45:00,2830.906,2832.046,2829.695,2830.810,83397200,2209558528.0000
2026-06-11 10:50:00,2830.631,2833.607,2829.058,2833.505,79904200,2518401024.0000
2026-06-11 10:55:00,2834.016,2835.948,2830.374,2830.494,74570100,2657222656.0000
2026-06-11 11:00:00,2830.252,2836.755,2830.152,2835.068,64833700,2158673920.0000
2026-06-11 11:05:00,2835.240,2835.377,2831.762,2834.701,85646800,2033434624.0000
2026-06-11 11:10:00,2835.121,2835.641,2832.035,2832.505,68927500,1845567488.0000
2026-06-11 11:15:00,2832.286,2832.286,2828.623,2831.655,67789100,2038169600.0000
2026-06-11 11:20:00,2831.263,2832.576,2829.167,2829.520,67154900,1996144640.0000
2026-06-11 11:25:00,2829.245,2831.642,2827.859,2831.385,64563400,2000494592.0000
2026-06-11 11:30:00,2831.433,2833.493,2830.013,2832.832,63021300,1749590016.0000
2026-06-11 13:05:00,2833.682,2846.039,2833.682,2838.374,173442000,4259414016.0000
2026-06-11 13:10:00,2838.196,2840.079,2835.153,2837.371,65120000,1879695360.0000
2026-06-11 13:15:00,2837.075,2842.698,2837.036,2840.875,82193500,2421825536.0000
2026-06-11 13:20:00,2840.836,2842.400,2838.584,2839.945,66970900,2119630848.0000
2026-06-11 13:25:00,2840.147,2841.232,2837.307,2837.350,68989300,2161254400.0000
2026-06-11 13:30:00,2837.117,2838.135,2835.188,2836.621,58045600,1744805888.0000
2026-06-11 13:35:00,2836.371,2839.511,2834.708,2839.179,55176400,1716862976.0000
2026-06-11 13:40:00,2839.158,2844.647,2839.158,2840.830,74824000,1889673216.0000
2026-06-11 13:45:00,2841.017,2841.959,2838.534,2838.927,59470600,1738833920.0000
2026-06-11 13:50:00,2838.876,2844.521,2837.644,2844.043,61364500,1886453760.0000
2026-06-11 13:55:00,2843.851,2844.452,2842.167,2842.167,66225000,1830371328.0000
2026-06-11 14:00:00,2842.592,2843.866,2839.609,2840.751,63033600,1784233984.0000
2026-06-11 14:05:00,2841.072,2842.715,2839.888,2841.333,66772100,1823178752.0000
2026-06-11 14:10:00,2841.074,2841.143,2835.146,2835.146,78783800,2114510848.0000
2026-06-11 14:15:00,2834.825,2835.508,2833.747,2834.255,68627200,2243641344.0000
2026-06-11 14:20:00,2834.568,2835.632,2833.027,2833.308,83585900,2289459200.0000
2026-06-11 14:25:00,2833.037,2837.243,2832.823,2837.236,82652100,2033475584.0000
2026-06-11 14:30:00,2837.395,2840.212,2837.127,2837.677,79462900,2028683264.0000
2026-06-11 14:35:00,2837.739,2840.546,2837.336,2838.030,96427300,2215550976.0000
2026-06-11 14:40:00,2838.124,2839.901,2837.304,2838.871,87730900,2332942336.0000
2026-06-11 14:45:00,2839.030,2840.663,2838.831,2840.436,103616000,2512699392.0000
2026-06-11 14:50:00,2840.919,2842.821,2840.394,2842.371,117102300,3070787584.0000
2026-06-11 14:55:00,2842.302,2844.993,2841.778,2844.993,134517600,3474677760.0000
2026-06-11 15:00:00,2844.826,2846.421,2844.602,2845.919,100443600,3161440256.0000
2026-06-12 09:35:00,2864.991,2867.019,2851.543,2852.617,581794900,19189749760.0000
2026-06-12 09:40:00,2852.536,2862.616,2851.618,2861.869,338895400,10209521664.0000
2026-06-12 09:45:00,2861.690,2864.342,2857.827,2863.428,248322300,7654078464.0000
2026-06-12 09:50:00,2863.808,2871.439,2863.808,2870.876,232667800,7162462208.0000
2026-06-12 09:55:00,2871.032,2876.121,2870.838,2873.316,205983200,5712093184.0000
2026-06-12 10:00:00,2873.982,2874.135,2871.655,2873.309,171021800,4748627968.0000
2026-06-12 10:05:00,2873.517,2873.695,2870.430,2870.710,156991500,4776701952.0000
2026-06-12 10:10:00,2870.481,2872.484,2869.286,2870.842,149752900,3882602496.0000
2026-06-12 10:15:00,2871.059,2876.051,2871.059,2875.610,145897200,3839266816.0000
2026-06-12 10:20:00,2875.649,2875.789,2870.185,2870.979,188176100,4753842176.0000
2026-06-12 10:25:00,2870.941,2871.786,2869.806,2871.144,140057700,3901562880.0000
2026-06-12 10:30:00,2871.929,2872.433,2869.723,2869.723,150191200,4265385984.0000
2026-06-12 10:35:00,2869.860,2873.124,2868.904,2873.124,183709600,4517896192.0000
2026-06-12 10:40:00,2873.203,2873.829,2871.290,2873.748,155613900,3919536128.0000
2026-06-12 10:45:00,2873.937,2875.340,2872.665,2874.354,153189600,4153827328.0000
2026-06-12 10:50:00,2874.830,2881.097,2874.660,2881.097,128579300,3476561920.0000
2026-06-12 10:55:00,2881.121,2883.116,2880.077,2882.407,153829900,4363239424.0000
2026-06-12 11:00:00,2882.503,2884.635,2882.059,2884.383,135374900,4730806272.0000
2026-06-12 11:05:00,2885.061,2892.369,2884.559,2891.962,183732300,4947656704.0000
2026-06-12 11:10:00,2892.152,2892.530,2887.048,2887.048,147399100,4402053120.0000
2026-06-12 11:15:00,2887.110,2888.802,2885.137,2886.911,127616300,3582058496.0000
2026-06-12 11:20:00,2887.170,2888.869,2885.317,2887.082,112590300,3151126528.0000
2026-06-12 11:25:00,2886.721,2889.194,2885.126,2888.149,106585200,2916130816.0000
2026-06-12 11:30:00,2888.045,2892.425,2887.626,2890.911,117591600,3193077760.0000
2026-06-12 13:05:00,2890.914,2892.004,2888.301,2889.510,260139700,6678290432.0000
2026-06-12 13:10:00,2889.424,2891.170,2886.376,2887.323,163646700,4275912704.0000
2026-06-12 13:15:00,2887.797,2891.921,2886.410,2891.071,141387800,4095098880.0000
2026-06-12 13:20:00,2891.537,2893.446,2890.902,2892.415,156315000,3979689984.0000
2026-06-12 13:25:00,2892.571,2898.711,2892.434,2897.627,122382400,3756883968.0000
2026-06-12 13:30:00,2897.580,2901.651,2897.539,2897.829,148258900,3855155200.0000
2026-06-12 13:35:00,2898.481,2898.481,2894.541,2895.632,163510100,3879616512.0000
2026-06-12 13:40:00,2895.859,2900.279,2895.614,2895.614,163545700,3885662208.0000
2026-06-12 13:45:00,2895.290,2898.083,2893.676,2897.638,100795800,2725953536.0000
2026-06-12 13:50:00,2897.401,2898.860,2895.749,2896.017,93710200,2601025536.0000
2026-06-12 13:55:00,2895.969,2896.959,2894.293,2894.431,101961200,2833727488.0000
2026-06-12 14:00:00,2894.439,2896.311,2892.484,2895.885,130860000,3300589568.0000
2026-06-12 14:05:00,2896.052,2896.172,2893.338,2894.916,134300200,3112501248.0000
2026-06-12 14:10:00,2894.729,2896.166,2893.621,2895.323,125108300,3137961984.0000
2026-06-12 14:15:00,2895.425,2897.620,2895.177,2896.881,132140800,3176595456.0000
2026-06-12 14:20:00,2897.128,2897.520,2894.765,2895.483,116008300,2908061696.0000
2026-06-12 14:25:00,2895.875,2898.597,2895.820,2897.013,116767800,2954641408.0000
2026-06-12 14:30:00,2896.730,2897.067,2894.710,2894.952,149590100,3243966464.0000
2026-06-12 14:35:00,2894.972,2895.764,2891.037,2891.239,157608600,3751362560.0000
2026-06-12 14:40:00,2891.580,2891.737,2888.694,2890.199,173736700,4156145664.0000
2026-06-12 14:45:00,2890.634,2891.685,2887.660,2888.173,179785300,4515217408.0000
2026-06-12 14:50:00,2888.526,2888.526,2885.899,2887.774,186409700,4649205760.0000
2026-06-12 14:55:00,2887.951,2889.651,2887.837,2889.343,177465000,4533682176.0000
2026-06-12 15:00:00,2889.227,2890.798,2888.936,2890.798,217262600,5844910080.0000
2026-06-15 09:35:00,2919.690,2929.072,2919.690,2926.708,900058900,28325785600.0000
2026-06-15 09:40:00,2926.663,2932.526,2920.066,2930.289,498989500,15358873600.0000
2026-06-15 09:45:00,2929.769,2937.516,2928.441,2936.757,444433600,13806067712.0000
2026-06-15 09:50:00,2936.956,2943.026,2934.979,2939.441,370439100,12206678016.0000
2026-06-15 09:55:00,2939.856,2946.021,2939.528,2944.632,306853800,11099668480.0000
2026-06-15 10:00:00,2944.479,2945.466,2937.517,2938.318,269117100,8824676352.0000
2026-06-15 10:05:00,2938.388,2945.970,2936.963,2944.684,225250200,8889606144.0000
2026-06-15 10:10:00,2944.914,2944.914,2936.466,2937.355,218175900,6906626048.0000
2026-06-15 10:15:00,2937.066,2938.991,2935.936,2937.705,170238300,5944156160.0000
2026-06-15 10:20:00,2937.829,2937.829,2929.425,2929.996,202254300,6629138432.0000
2026-06-15 10:25:00,2929.960,2932.118,2925.862,2926.388,190827600,6491488256.0000
2026-06-15 10:30:00,2925.635,2930.846,2925.635,2930.236,150550600,5339480064.0000
2026-06-15 10:35:00,2930.423,2930.633,2925.865,2926.453,138656400,4115259392.0000
2026-06-15 10:40:00,2926.779,2927.796,2924.559,2926.903,144665300,4822130688.0000
2026-06-15 10:45:00,2926.796,2926.796,2921.663,2922.615,129125900,3990061056.0000
2026-06-15 10:50:00,2922.585,2925.530,2920.482,2920.722,96331800,2993192960.0000
2026-06-15 10:55:00,2920.774,2922.254,2918.300,2919.136,87478800,3072802816.0000
2026-06-15 11:00:00,2919.415,2923.707,2919.180,2922.993,100446500,3047604224.0000
2026-06-15 11:05:00,2923.251,2923.251,2917.388,2918.361,108530100,3020914688.0000
2026-06-15 11:10:00,2918.055,2921.846,2916.026,2921.809,83568100,2976661504.0000
2026-06-15 11:15:00,2921.538,2921.778,2918.679,2918.998,81143400,2577874944.0000
2026-06-15 11:20:00,2919.556,2921.076,2919.153,2919.905,87599300,2923134976.0000
2026-06-15 11:25:00,2919.554,2919.873,2915.153,2917.963,93893300,2429599744.0000
2026-06-15 11:30:00,2918.143,2919.874,2917.907,2918.746,73898900,2386608128.0000
2026-06-15 13:05:00,2918.720,2922.783,2918.720,2921.976,169335800,5314052096.0000
2026-06-15 13:10:00,2922.114,2923.787,2920.989,2921.227,103199300,3277078528.0000
2026-06-15 13:15:00,2920.857,2921.418,2915.267,2917.952,132554800,3280338944.0000
2026-06-15 13:20:00,2917.854,2921.477,2916.566,2917.509,83649500,2565521408.0000
2026-06-15 13:25:00,2917.692,2920.198,2917.309,2919.674,96627600,2829156352.0000
2026-06-15 13:30:00,2919.458,2923.011,2919.334,2922.678,99385800,3158458368.0000
2026-06-15 13:35:00,2922.872,2924.468,2922.410,2924.457,85259000,2784935936.0000
2026-06-15 13:40:00,2924.540,2926.915,2922.941,2926.883,94220800,2576105472.0000
2026-06-15 13:45:00,2927.149,2929.930,2926.418,2929.255,88980100,2707881984.0000
2026-06-15 13:50:00,2929.332,2930.569,2928.120,2928.120,70124700,2437021696.0000
2026-06-15 13:55:00,2928.396,2928.965,2926.332,2927.304,76704300,2473656320.0000
2026-06-15 14:00:00,2927.403,2927.619,2925.884,2927.592,79358200,2423160832.0000
2026-06-15 14:05:00,2927.718,2930.775,2927.448,2928.562,100809100,3068870656.0000
2026-06-15 14:10:00,2929.037,2929.037,2926.573,2927.293,79575800,2347384832.0000
2026-06-15 14:15:00,2927.625,2928.256,2924.777,2925.240,103439100,2549219328.0000
2026-06-15 14:20:00,2925.737,2926.853,2924.731,2925.210,91916400,2278359040.0000
2026-06-15 14:25:00,2925.545,2926.663,2925.211,2926.222,82344300,2458419200.0000
2026-06-15 14:30:00,2926.574,2926.893,2925.566,2926.380,111142800,3116810240.0000
2026-06-15 14:35:00,2926.389,2929.755,2925.561,2929.155,137092100,3861463040.0000
2026-06-15 14:40:00,2929.283,2930.463,2928.344,2930.441,112813900,3003564032.0000
2026-06-15 14:45:00,2930.649,2933.014,2930.435,2932.618,126204000,3778330624.0000
2026-06-15 14:50:00,2932.132,2935.829,2931.965,2935.306,130272600,4725243904.0000
2026-06-15 14:55:00,2935.776,2937.846,2935.169,2937.685,155857400,5426905088.0000
2026-06-15 15:00:00,2937.634,2939.915,2937.592,2938.649,165029100,5509251072.0000
2026-06-16 09:35:00,2933.961,2936.583,2927.423,2929.898,493983900,20349126656.0000
2026-06-16 09:40:00,2929.774,2936.700,2927.188,2934.801,279625400,11706433536.0000
2026-06-16 09:45:00,2934.671,2936.574,2929.021,2930.619,275723400,9623738368.0000
2026-06-16 09:50:00,2930.092,2932.277,2928.309,2930.057,252067400,8796811264.0000
2026-06-16 09:55:00,2930.191,2930.892,2926.953,2927.891,252932200,8081473536.0000
2026-06-16 10:00:00,2927.938,2927.998,2923.030,2926.162,177644300,6359224320.0000
2026-06-16 10:05:00,2926.387,2926.387,2922.652,2922.652,166721400,7327694848.0000
2026-06-16 10:10:00,2922.722,2932.637,2922.722,2931.414,156575500,5530787840.0000
2026-06-16 10:15:00,2931.822,2933.706,2929.513,2931.843,131378500,4911030272.0000
2026-06-16 10:20:00,2931.724,2931.724,2925.117,2926.614,126079300,3904323584.0000
2026-06-16 10:25:00,2926.670,2930.955,2926.403,2928.057,105527500,3543449600.0000
2026-06-16 10:30:00,2927.911,2929.932,2927.911,2928.045,84502100,2903097344.0000
2026-06-16 10:35:00,2928.042,2930.786,2926.043,2930.691,83889800,2970443776.0000
2026-06-16 10:40:00,2930.669,2931.383,2928.442,2928.482,89164900,2679160832.0000
2026-06-16 10:45:00,2928.225,2930.816,2927.694,2930.190,95171500,2994249728.0000
2026-06-16 10:50:00,2930.026,2931.230,2926.544,2926.544,82235500,2799992832.0000
2026-06-16 10:55:00,2926.188,2928.317,2924.699,2925.671,93073100,2848391168.0000
2026-06-16 11:00:00,2925.626,2925.871,2922.733,2924.309,77346500,2543362048.0000
2026-06-16 11:05:00,2924.180,2925.769,2922.186,2922.379,69024200,2352766976.0000
2026-06-16 11:10:00,2922.604,2923.194,2920.275,2921.453,65973900,2331631616.0000
2026-06-16 11:15:00,2921.792,2924.079,2920.532,2922.671,73891200,2331721728.0000
2026-06-16 11:20:00,2922.742,2923.693,2920.302,2921.767,65111200,2125144064.0000
2026-06-16 11:25:00,2921.939,2922.151,2920.436,2922.066,67573400,1872789504.0000
2026-06-16 11:30:00,2922.151,2923.877,2922.151,2922.887,70243600,2545795072.0000
2026-06-16 13:05:00,2923.078,2923.766,2920.487,2922.432,126750500,4369342464.0000
2026-06-16 13:10:00,2922.588,2924.918,2922.238,2922.238,112804800,3091521536.0000
2026-06-16 13:15:00,2922.416,2922.416,2917.846,2919.200,77013700,2794618880.0000
2026-06-16 13:20:00,2918.699,2918.835,2913.056,2915.544,123577300,4101332992.0000
2026-06-16 13:25:00,2916.047,2916.861,2914.000,2914.997,78199300,2851209216.0000
2026-06-16 13:30:00,2915.062,2916.259,2913.883,2915.929,80432400,2989752320.0000
2026-06-16 13:35:00,2915.310,2915.499,2909.859,2912.724,97645900,3210117120.0000
2026-06-16 13:40:00,2913.000,2913.016,2906.540,2907.005,83282800,3510927360.0000
2026-06-16 13:45:00,2906.995,2908.481,2904.362,2908.096,103727000,4271374336.0000
2026-06-16 13:50:00,2907.936,2912.235,2907.936,2912.030,64258300,2562211840.0000
2026-06-16 13:55:00,2912.005,2912.005,2909.896,2911.733,60496200,2685648896.0000
2026-06-16 14:00:00,2911.556,2914.314,2911.206,2912.001,91808200,2701197312.0000
2026-06-16 14:05:00,2912.133,2912.681,2909.967,2912.581,90856100,2981478400.0000
2026-06-16 14:10:00,2912.171,2919.432,2912.171,2918.884,91502500,4527636480.0000
2026-06-16 14:15:00,2918.634,2920.483,2917.621,2919.765,75686000,2971107328.0000
2026-06-16 14:20:00,2919.193,2920.441,2917.183,2920.441,77669200,2716745728.0000
2026-06-16 14:25:00,2920.511,2920.667,2916.788,2916.788,80972900,2602156032.0000
2026-06-16 14:30:00,2916.573,2916.960,2915.152,2916.637,76776800,2475573248.0000
2026-06-16 14:35:00,2916.799,2917.942,2913.537,2913.537,118349900,3052781568.0000
2026-06-16 14:40:00,2913.594,2914.944,2912.491,2912.491,108186800,3889758208.0000
2026-06-16 14:45:00,2912.588,2913.670,2910.631,2911.275,103579200,3795091456.0000
2026-06-16 14:50:00,2911.194,2912.776,2910.804,2912.410,106693600,3797827584.0000
2026-06-16 14:55:00,2912.552,2913.836,2912.000,2912.563,134339300,4325867520.0000
2026-06-16 15:00:00,2912.637,2914.371,2912.447,2913.986,124334200,4186505216.0000
2026-06-17 09:35:00,2905.208,2910.196,2901.419,2904.738,414722000,16703929344.0000
2026-06-17 09:40:00,2905.621,2911.863,2903.024,2910.368,268270100,9228063744.0000
2026-06-17 09:45:00,2910.701,2911.411,2905.839,2906.467,183749600,7608576000.0000
2026-06-17 09:50:00,2905.957,2910.464,2905.957,2908.468,182801900,6764062720.0000
2026-06-17 09:55:00,2908.276,2909.385,2905.430,2905.751,162731900,6144798720.0000
2026-06-17 10:00:00,2905.366,2911.315,2905.366,2910.578,137425100,5457297408.0000
2026-06-17 10:05:00,2910.186,2913.778,2910.186,2911.610,135537800,5634412544.0000
2026-06-17 10:10:00,2911.394,2914.908,2911.394,2914.622,124074300,5071757312.0000
2026-06-17 10:15:00,2914.742,2917.244,2913.223,2916.922,118343700,5427838976.0000
2026-06-17 10:20:00,2916.917,2917.471,2914.709,2915.786,118112900,4760641536.0000
2026-06-17 10:25:00,2915.904,2916.264,2911.742,2911.742,117353000,5025988608.0000
2026-06-17 10:30:00,2911.681,2916.015,2911.681,2914.197,106300200,4722122752.0000
2026-06-17 10:35:00,2913.997,2918.551,2913.997,2917.321,82160200,4527734784.0000
2026-06-17 10:40:00,2917.700,2918.925,2912.408,2913.735,91922900,4912488448.0000
2026-06-17 10:45:00,2914.038,2915.572,2909.142,2911.526,77909800,3768385536.0000
2026-06-17 10:50:00,2911.230,2911.672,2908.328,2908.715,75010000,3343130624.0000
2026-06-17 10:55:00,2908.634,2908.930,2904.946,2906.826,91224600,3584090112.0000
2026-06-17 11:00:00,2906.886,2912.893,2906.886,2911.257,92918800,3330424832.0000
2026-06-17 11:05:00,2911.436,2913.490,2910.486,2911.895,104531800,4123746304.0000
2026-06-17 11:10:00,2911.720,2911.727,2907.386,2907.445,95989900,3864010752.0000
2026-06-17 11:15:00,2907.795,2911.056,2906.539,2909.476,70623400,3446390784.0000
2026-06-17 11:20:00,2909.618,2911.033,2905.404,2907.709,100067700,4034756608.0000
2026-06-17 11:25:00,2907.782,2910.411,2904.697,2908.090,69362700,3172442112.0000
2026-06-17 11:30:00,2907.828,2910.530,2906.911,2908.968,47245100,2141741056.0000
2026-06-17 13:05:00,2908.714,2913.793,2908.403,2908.403,102433000,5113266176.0000
2026-06-17 13:10:00,2908.208,2910.256,2904.795,2907.132,83911500,4205748224.0000
2026-06-17 13:15:00,2907.040,2913.739,2906.106,2913.123,72907500,3885580288.0000
2026-06-17 13:20:00,2912.604,2913.630,2910.823,2911.455,66983800,3172106240.0000
2026-06-17 13:25:00,2911.823,2914.146,2911.155,2912.790,64577600,3155197952.0000
2026-06-17 13:30:00,2913.267,2917.868,2913.127,2917.868,65446700,4636540928.0000
2026-06-17 13:35:00,2917.985,2920.487,2916.030,2920.341,115470300,5649596416.0000
2026-06-17 13:40:00,2920.850,2926.656,2918.802,2926.354,100478300,5446680576.0000
2026-06-17 13:45:00,2925.809,2928.301,2920.920,2924.239,100629400,5066309632.0000
2026-06-17 13:50:00,2924.017,2925.597,2921.627,2925.597,102662600,4006707200.0000
2026-06-17 13:55:00,2925.803,2927.411,2921.029,2921.614,74067900,3949690880.0000
2026-06-17 14:00:00,2921.381,2923.847,2919.899,2923.047,77574200,3265740800.0000
2026-06-17 14:05:00,2923.244,2924.240,2921.619,2922.180,78856200,3169173504.0000
2026-06-17 14:10:00,2922.226,2925.532,2920.350,2925.532,135864200,3903488000.0000
2026-06-17 14:15:00,2925.376,2925.613,2920.285,2922.152,87479900,3408150528.0000
2026-06-17 14:20:00,2922.062,2924.472,2920.985,2920.985,70667200,2905882624.0000
2026-06-17 14:25:00,2920.749,2922.671,2919.081,2920.662,86164800,2691481600.0000
2026-06-17 14:30:00,2920.600,2921.339,2919.667,2920.563,94862800,2880028672.0000
2026-06-17 14:35:00,2920.235,2925.459,2920.235,2923.967,102664400,5816893440.0000
2026-06-17 14:40:00,2924.092,2928.427,2924.092,2927.622,97985200,3760259072.0000
2026-06-17 14:45:00,2927.562,2930.730,2926.612,2930.701,101945300,4189978624.0000
2026-06-17 14:50:00,2930.616,2934.187,2930.544,2933.510,116420100,4783357952.0000
2026-06-17 14:55:00,2933.228,2935.225,2932.104,2935.181,141341800,5249679360.0000
2026-06-17 15:00:00,2935.095,2936.610,2934.466,2934.466,138504100,4759191552.0000
2026-06-18 09:35:00,2926.486,2932.121,2924.343,2924.831,440753800,22545221632.0000
2026-06-18 09:40:00,2924.959,2930.437,2924.905,2929.148,349447000,15254599680.0000
2026-06-18 09:45:00,2929.392,2931.678,2927.498,2930.805,250544300,10071400448.0000
2026-06-18 09:50:00,2931.027,2938.336,2929.027,2935.095,212128100,9311379456.0000
2026-06-18 09:55:00,2934.967,2943.258,2934.967,2943.209,279117000,11964948480.0000
2026-06-18 10:00:00,2943.636,2955.742,2943.436,2955.742,229926900,11908300800.0000
2026-06-18 10:05:00,2955.865,2956.229,2952.201,2955.155,236441400,10131120128.0000
2026-06-18 10:10:00,2954.916,2954.916,2944.711,2945.522,184183000,7976329216.0000
2026-06-18 10:15:00,2945.412,2946.180,2941.051,2943.572,167674000,7430610944.0000
2026-06-18 10:20:00,2943.310,2943.310,2935.911,2936.300,158504300,6838804480.0000
2026-06-18 10:25:00,2936.004,2942.874,2935.998,2942.874,181435800,6697222144.0000
2026-06-18 10:30:00,2943.058,2949.146,2943.058,2945.585,176918500,8021778432.0000
2026-06-18 10:35:00,2945.030,2946.217,2941.569,2944.108,227561000,7749271552.0000
2026-06-18 10:40:00,2943.979,2945.420,2936.241,2938.470,160248200,6559645696.0000
2026-06-18 10:45:00,2938.826,2941.898,2937.757,2941.394,131801400,4646862848.0000
2026-06-18 10:50:00,2941.362,2943.484,2937.240,2939.524,143809300,5886459904.0000
2026-06-18 10:55:00,2939.407,2943.508,2938.407,2942.452,130214700,4809539584.0000
2026-06-18 11:00:00,2942.293,2942.293,2936.068,2937.536,130315700,5027627008.0000
2026-06-18 11:05:00,2937.315,2942.564,2936.187,2938.221,121177000,4828872704.0000
2026-06-18 11:10:00,2938.747,2939.645,2934.042,2935.352,155568400,4131504128.0000
2026-06-18 11:15:00,2935.836,2935.836,2925.121,2927.525,161454400,5280268288.0000
2026-06-18 11:20:00,2927.345,2931.658,2927.037,2931.405,97674900,3313008640.0000
2026-06-18 11:25:00,2931.819,2937.796,2931.574,2937.796,77590600,2804350976.0000
2026-06-18 11:30:00,2937.568,2938.690,2934.894,2936.111,67191700,2774663168.0000
2026-06-18 13:05:00,2937.135,2938.698,2934.287,2936.547,150014400,7341015040.0000
2026-06-18 13:10:00,2936.702,2945.308,2936.702,2945.068,91415100,4986896384.0000
2026-06-18 13:15:00,2945.399,2945.591,2940.725,2941.385,108841400,5151866880.0000
2026-06-18 13:20:00,2941.372,2943.811,2940.774,2943.549,102794600,3945693184.0000
2026-06-18 13:25:00,2944.092,2944.888,2941.201,2944.888,95856900,4281057280.0000
2026-06-18 13:30:00,2944.852,2949.413,2944.568,2946.217,81601100,5322997760.0000
2026-06-18 13:35:00,2946.581,2948.125,2945.977,2946.574,108929500,4456775680.0000
2026-06-18 13:40:00,2946.186,2946.908,2939.383,2939.383,76537800,3675308032.0000
2026-06-18 13:45:00,2939.513,2943.642,2939.513,2939.900,79331400,3374563328.0000
2026-06-18 13:50:00,2939.755,2939.948,2936.619,2937.452,80224900,3077783552.0000
2026-06-18 13:55:00,2937.262,2942.156,2936.177,2942.156,79288300,3218292736.0000
2026-06-18 14:00:00,2941.972,2942.648,2940.574,2941.861,77967700,2815049728.0000
2026-06-18 14:05:00,2942.045,2943.598,2940.102,2941.455,116223100,3514023936.0000
2026-06-18 14:10:00,2941.052,2942.207,2935.584,2938.350,108691000,3262021632.0000
2026-06-18 14:15:00,2938.182,2939.370,2937.488,2938.603,80731900,2973925376.0000
2026-06-18 14:20:00,2938.475,2941.773,2938.475,2939.575,82854200,3088449536.0000
2026-06-18 14:25:00,2939.440,2940.764,2937.953,2938.389,95081300,2720432128.0000
2026-06-18 14:30:00,2938.128,2938.656,2937.019,2938.261,86649800,2857402368.0000
2026-06-18 14:35:00,2938.226,2942.306,2938.226,2940.421,86137100,3423993856.0000
2026-06-18 14:40:00,2940.133,2940.133,2927.200,2927.265,120578400,4947771392.0000
2026-06-18 14:45:00,2927.623,2935.113,2927.405,2935.113,122528600,5476941824.0000
2026-06-18 14:50:00,2935.408,2935.826,2930.750,2933.668,128596800,5052219392.0000
2026-06-18 14:55:00,2933.418,2937.836,2933.177,2935.799,165275200,6068436992.0000
2026-06-18 15:00:00,2935.777,2936.872,2928.748,2928.748,293525500,8741191680.0000
2026-06-22 09:35:00,2929.730,2930.360,2915.544,2925.690,589564400,26938265600.0000
2026-06-22 09:40:00,2925.681,2937.451,2925.681,2936.568,301057900,14695342080.0000
2026-06-22 09:45:00,2936.844,2937.062,2932.566,2935.168,345550000,12948074496.0000
2026-06-22 09:50:00,2935.580,2947.152,2935.580,2947.152,296658000,11643502592.0000
2026-06-22 09:55:00,2947.028,2953.368,2947.028,2951.200,230876500,10224861184.0000
2026-06-22 10:00:00,2951.333,2952.758,2947.233,2949.332,225615700,8515895296.0000
2026-06-22 10:05:00,2949.124,2949.607,2944.294,2944.789,203160800,7478845440.0000
2026-06-22 10:10:00,2945.070,2946.881,2941.407,2942.394,172293500,7745118208.0000
2026-06-22 10:15:00,2943.441,2947.064,2942.633,2945.446,159103000,6941622272.0000
2026-06-22 10:20:00,2944.819,2946.857,2941.299,2946.522,165784400,6998974464.0000
2026-06-22 10:25:00,2946.364,2951.390,2945.416,2945.455,145151700,5545328640.0000
2026-06-22 10:30:00,2944.935,2945.418,2932.542,2933.496,134246100,7028441088.0000
2026-06-22 10:35:00,2933.130,2938.005,2932.790,2935.070,156588100,7510065152.0000
2026-06-22 10:40:00,2934.890,2946.209,2934.890,2946.078,147201900,5943574528.0000
2026-06-22 10:45:00,2946.165,2951.998,2943.566,2950.513,168144700,5775933440.0000
2026-06-22 10:50:00,2950.691,2950.691,2940.206,2940.206,208264900,7307608064.0000
2026-06-22 10:55:00,2939.943,2948.114,2939.439,2941.397,180888000,7511343104.0000
2026-06-22 11:00:00,2941.486,2950.363,2941.281,2949.237,166522500,6037553152.0000
2026-06-22 11:05:00,2949.399,2950.621,2945.545,2947.949,134463300,4617043968.0000
2026-06-22 11:10:00,2947.852,2949.951,2939.449,2940.416,116685200,4255399936.0000
2026-06-22 11:15:00,2939.984,2949.008,2939.520,2948.061,132066800,4301897728.0000
2026-06-22 11:20:00,2947.321,2950.347,2946.442,2948.003,115011300,3669213184.0000
2026-06-22 11:25:00,2947.773,2952.335,2945.422,2952.012,111143000,3540729856.0000
2026-06-22 11:30:00,2952.310,2960.952,2952.275,2960.755,111797800,4185210880.0000
2026-06-22 13:05:00,2961.358,2961.927,2953.930,2960.108,195152000,6801620992.0000
2026-06-22 13:10:00,2959.383,2963.949,2959.309,2963.189,106638900,4463460352.0000
2026-06-22 13:15:00,2963.160,2977.859,2963.031,2977.859,174680900,5454757888.0000
2026-06-22 13:20:00,2978.371,2985.058,2978.270,2982.311,176722000,6050021376.0000
2026-06-22 13:25:00,2982.212,2988.417,2980.229,2987.221,176761800,5483610112.0000
2026-06-22 13:30:00,2987.556,2995.657,2985.840,2990.741,239192300,7402143744.0000
2026-06-22 13:35:00,2990.426,2990.426,2982.438,2984.803,163844700,4719460352.0000
2026-06-22 13:40:00,2985.019,2991.045,2985.019,2989.164,124344000,3867344896.0000
2026-06-22 13:45:00,2989.312,2989.312,2984.339,2984.421,100769400,3335684096.0000
2026-06-22 13:50:00,2984.450,2990.816,2984.403,2990.432,112298700,3969187840.0000
2026-06-22 13:55:00,2990.189,2995.131,2989.580,2992.589,105657300,3848437760.0000
2026-06-22 14:00:00,2992.582,2992.582,2989.523,2990.637,100765900,3384197120.0000
2026-06-22 14:05:00,2990.384,3005.841,2990.384,3005.841,122712600,4246618112.0000
2026-06-22 14:10:00,3005.941,3010.620,3002.657,3010.565,145853900,4853186560.0000
2026-06-22 14:15:00,3010.771,3013.000,3007.074,3012.377,142740900,4715134976.0000
2026-06-22 14:20:00,3012.229,3013.339,3009.348,3009.382,124053400,4094787584.0000
2026-06-22 14:25:00,3009.303,3010.073,3006.036,3009.684,102463500,3592159232.0000
2026-06-22 14:30:00,3009.877,3010.150,3005.577,3008.622,101822000,3993321472.0000
2026-06-22 14:35:00,3008.891,3010.392,3007.248,3008.385,122005100,4519362560.0000
2026-06-22 14:40:00,3008.580,3011.232,3007.267,3011.173,121390100,4631134208.0000
2026-06-22 14:45:00,3011.287,3015.158,3011.159,3013.032,143226100,5146771456.0000
2026-06-22 14:50:00,3013.069,3013.069,3010.619,3012.489,148959500,5390368768.0000
2026-06-22 14:55:00,3012.488,3014.694,3012.488,3014.141,178271600,6575194112.0000
2026-06-22 15:00:00,3014.219,3014.536,3012.653,3012.653,174816200,6473482240.0000
2026-06-23 09:35:00,2998.029,3019.338,2995.917,3017.355,645818300,23784407040.0000
2026-06-23 09:40:00,3018.186,3018.186,3000.768,3000.768,381275600,15043964928.0000
2026-06-23 09:45:00,3000.016,3005.062,2996.647,2999.338,410791700,15995367424.0000
2026-06-23 09:50:00,2999.523,3000.202,2991.525,2991.558,432960700,16270565376.0000
2026-06-23 09:55:00,2991.120,3002.910,2989.903,3002.643,347808300,11341357056.0000
2026-06-23 10:00:00,3002.340,3002.340,2993.065,2993.070,229074700,7408459776.0000
2026-06-23 10:05:00,2992.766,2997.626,2989.448,2989.448,251346900,8092532736.0000
2026-06-23 10:10:00,2989.307,2989.307,2983.520,2985.843,201809800,6989430784.0000
2026-06-23 10:15:00,2985.537,2985.767,2979.654,2980.387,190353000,7287758848.0000
2026-06-23 10:20:00,2980.215,2982.731,2979.912,2982.731,187420700,7049740288.0000
2026-06-23 10:25:00,2982.599,2989.202,2981.212,2989.202,174196300,7549050880.0000
2026-06-23 10:30:00,2989.782,2994.412,2989.278,2990.506,151474900,7886635008.0000
2026-06-23 10:35:00,2990.318,2990.318,2986.515,2988.366,157598500,5572034560.0000
2026-06-23 10:40:00,2988.657,2990.384,2985.806,2987.834,123017200,4830593024.0000
2026-06-23 10:45:00,2987.520,2987.520,2982.025,2986.184,126850700,4737859584.0000
2026-06-23 10:50:00,2986.472,2987.088,2981.684,2981.684,141786200,4231462912.0000
2026-06-23 10:55:00,2981.755,2986.180,2979.808,2985.519,125713800,4370661376.0000
2026-06-23 11:00:00,2985.455,2987.298,2977.476,2979.345,111700900,3709648896.0000
2026-06-23 11:05:00,2979.630,2980.893,2975.237,2975.318,105487900,3537682432.0000
2026-06-23 11:10:00,2975.340,2975.340,2969.129,2970.716,104670200,3637706752.0000
2026-06-23 11:15:00,2971.604,2972.234,2967.147,2967.242,82064500,2966224896.0000
2026-06-23 11:20:00,2966.751,2970.372,2964.575,2964.749,110888800,3892248576.0000
2026-06-23 11:25:00,2964.742,2967.937,2964.670,2965.353,98614900,3143892992.0000
2026-06-23 11:30:00,2965.350,2969.913,2963.542,2968.505,73447000,2862579712.0000
2026-06-23 13:05:00,2967.684,2968.046,2958.670,2963.398,212728400,6128615424.0000
2026-06-23 13:10:00,2963.162,2965.314,2956.748,2956.871,94057100,3796910080.0000
2026-06-23 13:15:00,2956.954,2958.510,2954.512,2957.364,78880000,3687464960.0000
2026-06-23 13:20:00,2957.809,2958.035,2952.166,2952.166,114317000,3826827264.0000
2026-06-23 13:25:00,2952.263,2959.387,2951.893,2957.207,93836200,3227484160.0000
2026-06-23 13:30:00,2956.474,2956.474,2950.417,2951.470,91741500,3578560512.0000
2026-06-23 13:35:00,2951.410,2955.929,2950.988,2955.072,108326100,3231088640.0000
2026-06-23 13:40:00,2954.970,2954.992,2945.403,2948.796,112821600,4140384256.0000
2026-06-23 13:45:00,2948.900,2950.723,2948.160,2949.974,69272100,2535882752.0000
2026-06-23 13:50:00,2950.074,2951.617,2946.662,2948.838,100322900,3279962112.0000
2026-06-23 13:55:00,2948.826,2948.899,2940.400,2940.400,105337200,3809837056.0000
2026-06-23 14:00:00,2940.270,2940.443,2935.357,2935.649,131031400,4544954368.0000
2026-06-23 14:05:00,2935.503,2935.836,2932.502,2932.956,130281000,4494573568.0000
2026-06-23 14:10:00,2932.932,2932.932,2925.118,2926.359,119526200,5231575040.0000
2026-06-23 14:15:00,2926.200,2929.786,2924.733,2929.622,96637800,4296245248.0000
2026-06-23 14:20:00,2929.664,2929.664,2920.501,2920.553,116097600,4933632000.0000
2026-06-23 14:25:00,2920.346,2924.746,2920.346,2920.674,107417100,4444520448.0000
2026-06-23 14:30:00,2920.663,2921.436,2913.239,2913.587,149797600,5776326656.0000
2026-06-23 14:35:00,2913.333,2923.713,2913.333,2919.677,140242900,5776015360.0000
2026-06-23 14:40:00,2919.545,2922.579,2915.914,2920.167,118508400,4549689344.0000
2026-06-23 14:45:00,2920.638,2922.821,2917.288,2921.823,127648400,4666933248.0000
2026-06-23 14:50:00,2921.883,2925.139,2919.677,2921.121,128552100,5136744448.0000
2026-06-23 14:55:00,2921.278,2929.181,2921.278,2927.957,165762600,6708363264.0000
2026-06-23 15:00:00,2927.802,2927.942,2926.157,2926.828,139498300,4941152256.0000
2026-06-24 09:35:00,2919.848,2932.456,2919.848,2932.076,433984900,18114560000.0000
2026-06-24 09:40:00,2932.251,2934.145,2928.557,2933.608,311152100,11995322368.0000
2026-06-24 09:45:00,2933.803,2939.262,2926.430,2930.257,279115800,11813607424.0000
2026-06-24 09:50:00,2930.284,2937.266,2929.219,2933.473,229385200,9002020864.0000
2026-06-24 09:55:00,2934.556,2941.194,2934.108,2935.802,209796500,9161392128.0000
2026-06-24 10:00:00,2935.725,2945.387,2935.725,2942.628,200702900,9967165440.0000
2026-06-24 10:05:00,2942.957,2942.957,2935.821,2936.375,220719300,9567010816.0000
2026-06-24 10:10:00,2936.156,2938.674,2930.420,2935.148,176069100,7017357312.0000
2026-06-24 10:15:00,2935.319,2939.885,2932.469,2937.210,178222900,7089922048.0000
2026-06-24 10:20:00,2936.718,2938.323,2935.804,2936.603,153860400,6742646784.0000
2026-06-24 10:25:00,2936.974,2937.322,2932.751,2933.977,149341700,6685024256.0000
2026-06-24 10:30:00,2934.351,2940.919,2933.817,2940.575,125381100,5709324288.0000
2026-06-24 10:35:00,2940.233,2940.478,2933.950,2937.601,147823100,5488672768.0000
2026-06-24 10:40:00,2938.194,2940.165,2934.453,2936.594,93621000,3951624192.0000
2026-06-24 10:45:00,2936.808,2938.246,2930.447,2931.632,99197400,3844128768.0000
2026-06-24 10:50:00,2931.311,2933.204,2926.281,2926.531,116989100,5265637376.0000
2026-06-24 10:55:00,2926.200,2927.798,2921.411,2921.411,96935400,4698128384.0000
2026-06-24 11:00:00,2921.579,2926.282,2921.032,2926.282,79555300,4213891072.0000
2026-06-24 11:05:00,2926.376,2930.756,2924.589,2925.037,101691000,4556685312.0000
2026-06-24 11:10:00,2925.179,2928.959,2923.442,2927.592,70976300,2789343232.0000
2026-06-24 11:15:00,2928.047,2928.338,2924.026,2924.083,66177400,2239971328.0000
2026-06-24 11:20:00,2924.462,2925.627,2921.717,2923.036,56450800,2030895104.0000
2026-06-24 11:25:00,2923.909,2928.487,2923.427,2926.823,59347900,2382249984.0000
2026-06-24 11:30:00,2926.194,2936.751,2925.941,2936.751,79581400,3361603584.0000
2026-06-24 13:05:00,2937.327,2942.697,2936.399,2940.163,159883100,7033028608.0000
2026-06-24 13:10:00,2940.170,2942.452,2937.286,2940.475,100789300,4481073152.0000
2026-06-24 13:15:00,2940.016,2941.546,2938.178,2939.428,95375000,4260282368.0000
2026-06-24 13:20:00,2939.726,2945.376,2938.075,2944.659,118898000,4632592384.0000
2026-06-24 13:25:00,2944.437,2946.118,2943.439,2944.202,109498200,4172939264.0000
2026-06-24 13:30:00,2944.485,2947.111,2943.456,2944.072,149058400,5727666176.0000
2026-06-24 13:35:00,2944.141,2945.346,2940.854,2944.974,95351600,4850302976.0000
2026-06-24 13:40:00,2944.822,2946.830,2942.532,2942.532,85116400,4014456832.0000
2026-06-24 13:45:00,2942.273,2943.407,2940.783,2943.407,86615400,3543351296.0000
2026-06-24 13:50:00,2942.836,2944.612,2936.578,2936.578,106484700,3802693632.0000
2026-06-24 13:55:00,2936.421,2938.790,2934.163,2936.609,88199200,3321053184.0000
2026-06-24 14:00:00,2936.758,2937.041,2932.994,2933.141,73295000,2775482368.0000
2026-06-24 14:05:00,2933.376,2935.817,2929.106,2934.194,115344500,3791405056.0000
2026-06-24 14:10:00,2934.191,2938.332,2934.166,2934.247,110848500,3564797952.0000
2026-06-24 14:15:00,2934.217,2942.389,2933.457,2940.421,110683900,5112594432.0000
2026-06-24 14:20:00,2940.518,2943.262,2939.373,2941.236,128037100,5089460224.0000
2026-06-24 14:25:00,2941.091,2943.961,2940.218,2942.460,96444700,4302307328.0000
2026-06-24 14:30:00,2941.727,2947.227,2941.727,2945.536,83238100,4391370752.0000
2026-06-24 14:35:00,2946.013,2948.062,2941.583,2941.653,108491000,4165533696.0000
2026-06-24 14:40:00,2941.613,2943.874,2940.611,2940.849,116160300,3938418688.0000
2026-06-24 14:45:00,2940.954,2942.110,2938.841,2942.088,112300300,4409294848.0000
2026-06-24 14:50:00,2942.179,2944.441,2941.526,2943.773,132615100,5204213760.0000
2026-06-24 14:55:00,2943.624,2945.259,2943.499,2944.352,148817100,6460194816.0000
2026-06-24 15:00:00,2944.490,2945.688,2943.880,2943.896,156357100,5402034176.0000
2026-06-25 09:35:00,2945.120,2955.938,2942.548,2955.235,464984600,32077750272.0000
2026-06-25 09:40:00,2955.770,2956.190,2950.125,2953.209,273613300,16631586816.0000
2026-06-25 09:45:00,2953.226,2960.774,2951.943,2959.586,320151100,15457406976.0000
2026-06-25 09:50:00,2959.617,2964.414,2955.514,2960.281,237365700,12004102144.0000
2026-06-25 09:55:00,2960.928,2962.711,2953.479,2953.634,245896400,10990534656.0000
2026-06-25 10:00:00,2953.840,2961.867,2953.840,2956.082,221269800,9101721600.0000
2026-06-25 10:05:00,2956.012,2966.645,2954.573,2963.979,173095200,7204569088.0000
2026-06-25 10:10:00,2964.077,2964.258,2959.915,2962.515,189281900,7996776448.0000
2026-06-25 10:15:00,2962.607,2962.607,2955.758,2957.711,172325800,6032916480.0000
2026-06-25 10:20:00,2958.417,2973.059,2958.417,2973.059,164668500,6334554112.0000
2026-06-25 10:25:00,2973.253,2975.519,2964.440,2964.440,236717700,7968604160.0000
2026-06-25 10:30:00,2964.103,2968.701,2959.680,2965.739,146249800,7236149248.0000
2026-06-25 10:35:00,2965.298,2966.795,2961.195,2962.636,109179400,4487348224.0000
2026-06-25 10:40:00,2962.874,2970.202,2960.646,2969.305,148745000,6014107648.0000
2026-06-25 10:45:00,2969.673,2970.620,2962.146,2966.087,170179400,8316796928.0000
2026-06-25 10:50:00,2966.102,2969.630,2961.860,2969.346,109506800,4860067840.0000
2026-06-25 10:55:00,2967.519,2973.936,2964.371,2973.936,107198200,4463525888.0000
2026-06-25 11:00:00,2973.244,2979.723,2971.910,2977.311,122242900,4784373760.0000
2026-06-25 11:05:00,2977.497,2984.059,2975.726,2977.474,127500100,4306681856.0000
2026-06-25 11:10:00,2976.760,2988.478,2976.760,2984.696,105765600,6609764352.0000
2026-06-25 11:15:00,2984.224,2986.718,2979.733,2983.884,91145300,4069720064.0000
2026-06-25 11:20:00,2984.543,2993.024,2984.543,2991.051,110669600,5226479616.0000
2026-06-25 11:25:00,2990.801,2992.455,2988.533,2989.550,95138100,4764155904.0000
2026-06-25 11:30:00,2989.426,2992.224,2983.182,2985.468,118562000,4052877312.0000
2026-06-25 13:05:00,2986.126,2988.597,2977.779,2979.762,186182100,7404437504.0000
2026-06-25 13:10:00,2978.945,2982.533,2975.036,2981.938,143529600,4781817856.0000
2026-06-25 13:15:00,2981.762,2981.762,2975.141,2976.823,102657500,4100177920.0000
2026-06-25 13:20:00,2976.003,2978.193,2974.376,2975.375,107686200,3754885120.0000
2026-06-25 13:25:00,2975.919,2975.919,2970.626,2971.008,82910600,3279863808.0000
2026-06-25 13:30:00,2971.721,2975.509,2969.599,2974.090,119783700,4094410752.0000
2026-06-25 13:35:00,2974.426,2978.471,2971.891,2972.321,101998600,4658233344.0000
2026-06-25 13:40:00,2972.692,2975.967,2971.484,2972.032,87737500,3806773248.0000
2026-06-25 13:45:00,2972.384,2974.280,2969.814,2970.755,85570900,3302932480.0000
2026-06-25 13:50:00,2970.342,2971.347,2967.005,2970.142,91151800,3601629184.0000
2026-06-25 13:55:00,2970.294,2971.384,2967.187,2967.187,74021200,2811428864.0000
2026-06-25 14:00:00,2966.838,2966.838,2959.448,2959.830,118263800,4078845952.0000
2026-06-25 14:05:00,2959.650,2965.351,2959.650,2964.289,99359500,3126837248.0000
2026-06-25 14:10:00,2964.107,2968.486,2964.068,2968.486,73661100,2730868736.0000
2026-06-25 14:15:00,2968.369,2971.180,2968.260,2970.316,72670300,3140960256.0000
2026-06-25 14:20:00,2971.040,2972.963,2969.026,2969.932,84103100,3398680576.0000
2026-06-25 14:25:00,2969.622,2971.422,2968.878,2969.562,84387500,2885107712.0000
2026-06-25 14:30:00,2969.298,2973.517,2969.298,2971.524,79739500,2855960576.0000
2026-06-25 14:35:00,2971.851,2973.636,2969.639,2971.273,99653600,3649175552.0000
2026-06-25 14:40:00,2971.209,2974.167,2970.889,2970.982,114201500,5373755392.0000
2026-06-25 14:45:00,2971.259,2973.656,2969.441,2972.894,111773600,4108255232.0000
2026-06-25 14:50:00,2973.087,2978.425,2972.777,2977.735,141409800,5665095680.0000
2026-06-25 14:55:00,2977.945,2979.230,2976.705,2978.807,140433000,6088720384.0000
2026-06-25 15:00:00,2978.769,2981.210,2977.570,2977.570,130059900,5801410560.0000
2026-06-26 09:35:00,2961.037,2965.413,2955.182,2955.182,501553200,23481341952.0000
2026-06-26 09:40:00,2955.067,2961.302,2953.060,2957.270,273518100,12646705152.0000
2026-06-26 09:45:00,2957.540,2959.626,2951.934,2954.383,322876300,12475330560.0000
2026-06-26 09:50:00,2954.329,2954.987,2945.803,2946.225,262986200,10571964416.0000
2026-06-26 09:55:00,2947.031,2951.276,2943.982,2946.106,259585100,11819757568.0000
2026-06-26 10:00:00,2946.016,2947.526,2943.537,2947.526,175519000,7496196096.0000
2026-06-26 10:05:00,2947.863,2949.228,2941.182,2941.182,170465700,6924902400.0000
2026-06-26 10:10:00,2940.252,2944.283,2939.781,2942.531,148478500,6180536320.0000
2026-06-26 10:15:00,2942.702,2942.751,2933.592,2937.965,159643700,5939814400.0000
2026-06-26 10:20:00,2937.520,2938.081,2930.041,2930.428,146372600,5210947584.0000
2026-06-26 10:25:00,2930.877,2932.583,2929.449,2930.018,108922800,4535615488.0000
2026-06-26 10:30:00,2930.512,2930.512,2916.955,2916.955,127570700,6366044160.0000
2026-06-26 10:35:00,2917.198,2918.774,2913.020,2916.995,139300600,6654738432.0000
2026-06-26 10:40:00,2917.469,2919.232,2911.826,2915.286,110687800,4840833024.0000
2026-06-26 10:45:00,2915.364,2915.364,2911.208,2913.792,100379100,4030005248.0000
2026-06-26 10:50:00,2914.096,2914.256,2905.308,2905.308,108856600,4483039232.0000
2026-06-26 10:55:00,2905.110,2905.110,2895.244,2895.965,120227500,6621577216.0000
2026-06-26 11:00:00,2895.859,2899.129,2887.758,2898.845,147138400,7145979904.0000
2026-06-26 11:05:00,2897.197,2901.828,2896.267,2899.746,114825100,4971184128.0000
2026-06-26 11:10:00,2900.085,2910.459,2897.898,2908.213,126183300,4462362624.0000
2026-06-26 11:15:00,2908.485,2910.200,2899.864,2902.671,117378800,5208129536.0000
2026-06-26 11:20:00,2902.583,2905.340,2901.057,2904.852,87481700,3959783424.0000
2026-06-26 11:25:00,2904.460,2905.981,2892.453,2893.235,76617500,3666182144.0000
2026-06-26 11:30:00,2892.812,2906.084,2891.760,2905.931,69701600,3277062144.0000
2026-06-26 13:05:00,2906.002,2908.459,2900.967,2907.578,139545100,5833326592.0000
2026-06-26 13:10:00,2907.658,2909.169,2903.722,2908.950,82878100,3754295296.0000
2026-06-26 13:15:00,2909.418,2917.303,2908.617,2915.594,107085000,4314103808.0000
2026-06-26 13:20:00,2915.989,2922.742,2915.989,2920.434,98807600,4370792448.0000
2026-06-26 13:25:00,2920.546,2927.506,2920.484,2923.365,88310600,4487806976.0000
2026-06-26 13:30:00,2922.663,2928.503,2919.400,2919.836,85748600,3583049728.0000
2026-06-26 13:35:00,2919.988,2925.722,2917.394,2924.414,83892200,3264118784.0000
2026-06-26 13:40:00,2923.773,2925.141,2920.406,2920.513,74584700,3446767616.0000
2026-06-26 13:45:00,2920.601,2925.585,2919.342,2925.585,68876600,2976595968.0000
2026-06-26 13:50:00,2925.954,2926.442,2920.305,2926.091,88220000,3192963072.0000
2026-06-26 13:55:00,2926.853,2931.427,2926.837,2931.051,90831400,3784081408.0000
2026-06-26 14:00:00,2930.765,2933.398,2924.445,2924.491,67171700,3118186496.0000
2026-06-26 14:05:00,2924.497,2926.380,2921.171,2922.855,79159200,3008905216.0000
2026-06-26 14:10:00,2922.534,2922.736,2913.910,2914.927,130735100,3486384128.0000
2026-06-26 14:15:00,2914.805,2914.805,2908.358,2908.491,101479000,2959376384.0000
2026-06-26 14:20:00,2909.311,2912.227,2908.541,2909.744,85989300,2895790080.0000
2026-06-26 14:25:00,2910.109,2916.030,2910.048,2912.628,77785500,2723315712.0000
2026-06-26 14:30:00,2912.924,2915.895,2910.397,2911.075,81807800,2684436480.0000
2026-06-26 14:35:00,2910.937,2911.794,2907.977,2908.948,110329300,3419832320.0000
2026-06-26 14:40:00,2908.805,2920.023,2908.574,2919.392,104769500,3498655744.0000
2026-06-26 14:45:00,2919.678,2921.149,2914.861,2918.400,102042300,3697655808.0000
2026-06-26 14:50:00,2918.486,2918.529,2914.770,2915.042,131629500,4603904000.0000
2026-06-26 14:55:00,2915.285,2915.782,2907.722,2909.064,160790400,6371508224.0000
2026-06-26 15:00:00,2908.565,2908.779,2906.010,2906.944,159508500,6318669824.0000
2026-06-29 09:40:00,2913.582,2927.824,2913.250,2923.835,230837400,17067153408.0000
2026-06-29 09:45:00,2924.617,2932.669,2924.617,2927.900,283727100,12775968768.0000
2026-06-29 09:50:00,2928.317,2935.477,2924.441,2933.535,280693900,13303480320.0000
2026-06-29 09:55:00,2933.702,2940.123,2931.943,2940.123,217290800,13625368576.0000
2026-06-29 10:00:00,2940.747,2950.124,2939.024,2950.124,237094000,11302436864.0000
2026-06-29 10:05:00,2951.505,2953.750,2945.363,2945.540,233083300,12520701952.0000
2026-06-29 10:10:00,2945.341,2945.341,2931.488,2931.730,194722100,11614691328.0000
2026-06-29 10:15:00,2932.604,2939.694,2924.083,2924.878,200421600,11444756480.0000
2026-06-29 10:20:00,2924.934,2946.347,2923.110,2937.424,233447800,10763157504.0000
2026-06-29 10:25:00,2937.634,2953.653,2935.205,2953.653,195515000,8295456768.0000
2026-06-29 10:30:00,2952.548,2959.547,2952.548,2958.212,204852000,7579107328.0000
2026-06-29 10:35:00,2958.818,2959.743,2939.723,2939.723,207703200,8318631936.0000
2026-06-29 10:40:00,2939.027,2943.385,2932.381,2943.385,196109000,8934981632.0000
2026-06-29 10:45:00,2942.472,2946.786,2938.254,2946.786,112897000,4683218944.0000
2026-06-29 10:50:00,2947.070,2955.868,2946.131,2955.142,104899100,4532781056.0000
2026-06-29 10:55:00,2955.519,2958.613,2949.470,2951.458,90613400,3944284160.0000
2026-06-29 11:00:00,2952.394,2965.070,2951.620,2965.070,85827100,3954606080.0000
2026-06-29 11:05:00,2965.113,2972.132,2964.979,2966.489,91744200,4727701504.0000
2026-06-29 11:10:00,2966.628,2970.708,2965.373,2969.758,76978800,3599630336.0000
2026-06-29 11:15:00,2969.522,2969.522,2961.114,2968.093,79180500,2950283264.0000
2026-06-29 11:20:00,2968.393,2970.230,2966.080,2967.766,61383900,2960932864.0000
2026-06-29 11:25:00,2967.517,2967.967,2960.037,2962.903,63282800,2344992768.0000
2026-06-29 11:30:00,2963.041,2963.226,2956.724,2960.861,54611900,2200387584.0000
2026-06-29 13:05:00,2961.040,2961.056,2951.621,2954.612,150200300,4873895936.0000
2026-06-29 13:10:00,2954.636,2954.636,2948.766,2949.344,65162900,2891317248.0000
2026-06-29 13:15:00,2949.085,2950.112,2947.263,2948.169,60416700,2500313088.0000
2026-06-29 13:20:00,2947.951,2954.954,2946.622,2952.039,63876500,2739355648.0000
2026-06-29 13:25:00,2952.313,2955.702,2948.746,2952.707,56125500,2492334080.0000
2026-06-29 13:30:00,2952.776,2958.052,2952.776,2954.704,70047800,2945728512.0000
2026-06-29 13:35:00,2954.595,2958.408,2952.241,2958.240,69915000,3189161984.0000
2026-06-29 13:40:00,2958.363,2961.597,2956.517,2959.403,76835700,3312500736.0000
2026-06-29 13:45:00,2959.458,2969.724,2958.427,2969.724,81370000,3612393472.0000
2026-06-29 13:50:00,2970.360,2970.360,2967.410,2967.769,73668800,3286958080.0000
2026-06-29 13:55:00,2966.964,2978.316,2965.977,2978.316,111598200,4367876096.0000
2026-06-29 14:00:00,2978.439,2979.959,2975.347,2976.369,97925500,3956244480.0000
2026-06-29 14:05:00,2976.273,2982.656,2974.985,2975.032,101445500,4071276544.0000
2026-06-29 14:10:00,2974.763,2974.779,2967.155,2970.204,67925400,2967961600.0000
2026-06-29 14:15:00,2970.363,2971.312,2962.471,2963.608,70780800,2721202176.0000
2026-06-29 14:20:00,2964.000,2972.696,2964.000,2968.972,62778500,2780184576.0000
2026-06-29 14:25:00,2968.933,2970.089,2965.116,2965.116,65577400,2566766592.0000
2026-06-29 14:30:00,2965.148,2967.916,2963.696,2967.753,78428000,2709929984.0000
2026-06-29 14:35:00,2967.978,2975.624,2967.978,2974.069,98133900,3686137856.0000
2026-06-29 14:40:00,2973.935,2982.459,2973.403,2982.273,79084100,4600709120.0000
2026-06-29 14:45:00,2982.551,2983.628,2977.925,2980.610,89648000,4804804608.0000
2026-06-29 14:50:00,2980.432,2986.257,2980.432,2986.251,98040000,5020450816.0000
2026-06-29 14:55:00,2986.094,2990.902,2985.606,2990.849,128857300,6551797760.0000
2026-06-29 15:00:00,2990.827,2991.523,2989.293,2991.081,131279400,6309347328.0000
2026-06-30 09:35:00,2972.345,2977.434,2970.315,2977.002,380043000,24191500288.0000
2026-06-30 09:40:00,2976.577,2980.767,2969.002,2971.053,303764800,16290492416.0000
2026-06-30 09:45:00,2971.460,2977.273,2964.261,2976.641,245106300,12349988864.0000
2026-06-30 09:50:00,2977.328,2979.097,2972.290,2975.592,273012900,13823967232.0000
2026-06-30 09:55:00,2975.815,2977.450,2973.188,2975.266,211057800,10867847168.0000
2026-06-30 10:00:00,2975.006,2976.886,2971.371,2976.886,180700300,7956463616.0000
2026-06-30 10:05:00,2976.733,2979.977,2973.975,2979.922,183340300,8283611136.0000
2026-06-30 10:10:00,2979.798,2983.158,2976.102,2978.734,148676800,8084676608.0000
2026-06-30 10:15:00,2978.716,2979.371,2970.418,2976.183,172342500,7191158784.0000
2026-06-30 10:20:00,2976.543,2979.352,2969.897,2970.625,121533200,6241427456.0000
2026-06-30 10:25:00,2970.001,2970.955,2964.687,2965.231,103750900,5246754816.0000
2026-06-30 10:30:00,2965.634,2973.392,2963.447,2972.606,89974300,4284063744.0000
2026-06-30 10:35:00,2972.481,2973.753,2968.809,2972.761,97284200,3927834624.0000
2026-06-30 10:40:00,2973.260,2974.789,2968.888,2974.331,78463000,3629932544.0000
2026-06-30 10:45:00,2974.427,2977.892,2971.800,2972.626,76704200,4147183616.0000
2026-06-30 10:50:00,2972.493,2977.187,2969.530,2976.030,73575900,4224458752.0000
2026-06-30 10:55:00,2976.254,2978.441,2975.483,2977.234,84949100,4704665600.0000
2026-06-30 11:00:00,2977.306,2979.885,2976.147,2976.211,111991100,6013353984.0000
2026-06-30 11:05:00,2976.399,2980.572,2976.230,2979.862,79439300,5334056960.0000
2026-06-30 11:10:00,2980.282,2984.441,2978.842,2981.952,64706800,3458826240.0000
2026-06-30 11:15:00,2982.369,2984.539,2980.702,2984.177,74052000,3662331904.0000
2026-06-30 11:20:00,2983.413,2986.623,2981.038,2986.623,73785800,3494395904.0000
2026-06-30 11:25:00,2986.830,2990.048,2986.301,2986.969,87081100,3815489536.0000
2026-06-30 11:30:00,2986.700,2986.856,2983.807,2986.323,76765600,3560783872.0000
2026-06-30 13:05:00,2987.565,2991.464,2982.450,2982.850,208435500,7339982848.0000
2026-06-30 13:10:00,2982.664,2986.516,2979.799,2984.682,74418600,3971039232.0000
2026-06-30 13:15:00,2984.369,2985.864,2976.135,2978.907,109234200,4639064064.0000
2026-06-30 13:20:00,2979.324,2981.760,2978.552,2979.099,93379300,3372482560.0000
2026-06-30 13:25:00,2978.889,2982.875,2977.634,2982.196,96749900,3420880896.0000
2026-06-30 13:30:00,2982.289,2986.861,2980.356,2985.632,127825900,3873783808.0000
2026-06-30 13:35:00,2985.982,2987.645,2981.431,2982.302,102060100,3971612672.0000
2026-06-30 13:40:00,2982.669,2983.136,2979.623,2980.722,103033500,3585392640.0000
2026-06-30 13:45:00,2980.699,2989.555,2980.699,2981.395,119258100,3999137792.0000
2026-06-30 13:50:00,2981.282,2985.456,2979.454,2979.512,89577900,3140878336.0000
2026-06-30 13:55:00,2979.860,2980.864,2977.959,2977.959,91482300,3424796672.0000
2026-06-30 14:00:00,2978.400,2980.377,2975.705,2980.377,100307100,3252289536.0000
2026-06-30 14:05:00,2980.519,2984.073,2979.767,2979.767,78132300,3261546496.0000
2026-06-30 14:10:00,2979.650,2983.576,2979.650,2981.647,84351800,3251830784.0000
2026-06-30 14:15:00,2982.158,2982.158,2974.993,2977.430,89503500,3433037824.0000
2026-06-30 14:20:00,2977.760,2977.963,2973.035,2976.788,76002100,3263758336.0000
2026-06-30 14:25:00,2976.601,2977.655,2974.189,2974.928,79571100,3036839936.0000
2026-06-30 14:30:00,2975.234,2977.771,2973.783,2977.718,84776700,3390242816.0000
2026-06-30 14:35:00,2977.739,2983.935,2977.682,2983.935,121468000,3813097472.0000
2026-06-30 14:40:00,2983.969,2986.472,2980.045,2981.929,121633400,4210212864.0000
2026-06-30 14:45:00,2981.741,2987.063,2981.422,2985.710,118955400,4512120832.0000
2026-06-30 14:50:00,2985.647,2989.514,2983.831,2989.514,134829300,5662031872.0000
2026-06-30 14:55:00,2989.822,2993.477,2989.337,2992.999,159610900,6986252288.0000
2026-06-30 15:00:00,2992.995,2992.995,2989.402,2989.402,155245700,6387564544.0000
2026-07-01 09:35:00,2976.358,2984.861,2974.645,2977.798,385975200,20832976896.0000
2026-07-01 09:40:00,2977.594,2981.630,2970.688,2979.448,290596400,15056334848.0000
2026-07-01 09:45:00,2979.310,2988.007,2976.404,2983.277,255649800,12911865856.0000
2026-07-01 09:50:00,2983.423,2987.611,2975.168,2977.397,248817400,11392581632.0000
2026-07-01 09:55:00,2977.091,2983.606,2977.091,2983.356,153318300,7647612928.0000
2026-07-01 10:00:00,2983.930,2986.717,2979.069,2979.069,174227500,8593870848.0000
2026-07-01 10:05:00,2979.417,2988.078,2978.853,2987.356,156521300,8888246272.0000
2026-07-01 10:10:00,2987.500,2991.754,2984.682,2988.332,199008700,8906907648.0000
2026-07-01 10:15:00,2988.039,2994.410,2987.390,2988.179,172665600,8117985280.0000
2026-07-01 10:20:00,2988.102,2999.253,2988.102,2999.253,206957100,8711700480.0000
2026-07-01 10:25:00,2999.241,2999.241,2994.104,2998.264,131842500,5753094144.0000
2026-07-01 10:30:00,2997.351,3001.987,2995.532,3001.987,121150500,5984239616.0000
2026-07-01 10:35:00,3002.273,3003.053,2999.128,2999.326,153149200,7661944832.0000
2026-07-01 10:40:00,2999.270,3006.553,2994.744,3005.340,228229400,10479460352.0000
2026-07-01 10:45:00,3005.482,3005.482,2996.515,3003.340,217421900,9737142272.0000
2026-07-01 10:50:00,3003.867,3011.184,3003.867,3011.184,153182300,6037323776.0000
2026-07-01 10:55:00,3011.003,3015.626,3010.336,3011.865,110462500,4758634496.0000
2026-07-01 11:00:00,3011.332,3011.798,3008.521,3011.793,116740000,3929391104.0000
2026-07-01 11:05:00,3011.449,3011.767,3006.923,3009.009,99461000,3410853888.0000
2026-07-01 11:10:00,3008.676,3014.767,3006.771,3012.103,91713100,3155820544.0000
2026-07-01 11:15:00,3012.218,3012.218,3005.732,3008.288,90068800,3803103232.0000
2026-07-01 11:20:00,3008.518,3012.789,3007.283,3009.684,96568600,3956932608.0000
2026-07-01 11:25:00,3009.181,3009.181,3000.360,3005.213,79351600,4676272128.0000
2026-07-01 11:30:00,3005.378,3009.900,3005.079,3008.645,62434600,2822733824.0000
2026-07-01 13:05:00,3008.607,3009.211,2999.434,2999.447,174638100,7169032192.0000
2026-07-01 13:10:00,2999.308,3004.847,2999.308,3000.017,118936500,6331924480.0000
2026-07-01 13:15:00,2999.633,3001.688,2991.551,2991.717,131582800,7094353920.0000
2026-07-01 13:20:00,2991.606,3006.583,2991.606,3006.372,112729700,5851906048.0000
2026-07-01 13:25:00,3006.540,3007.626,3002.251,3006.729,97892100,4126900224.0000
2026-07-01 13:30:00,3006.364,3006.364,2997.362,2997.608,114348900,4918771712.0000
2026-07-01 13:35:00,2997.767,3001.410,2993.407,2993.958,103639000,4654530560.0000
2026-07-01 13:40:00,2993.246,2996.094,2986.461,2990.130,91179400,5237276672.0000
2026-07-01 13:45:00,2989.491,2991.236,2983.394,2983.608,72714100,5050777600.0000
2026-07-01 13:50:00,2984.032,2988.278,2980.824,2980.824,78069800,3905961984.0000
2026-07-01 13:55:00,2980.856,2980.856,2969.644,2969.644,131137900,7307247616.0000
2026-07-01 14:00:00,2969.559,2985.529,2967.774,2984.896,113160700,4805083136.0000
2026-07-01 14:05:00,2984.473,2989.509,2980.938,2988.494,75509400,3908976640.0000
2026-07-01 14:10:00,2988.211,2988.756,2982.800,2982.800,62613700,2995060736.0000
2026-07-01 14:15:00,2982.887,2984.508,2979.451,2980.292,72771400,2673131520.0000
2026-07-01 14:20:00,2980.041,2980.567,2974.632,2975.288,57370000,2852175872.0000
2026-07-01 14:25:00,2975.171,2981.257,2973.990,2973.990,60952400,2777808896.0000
2026-07-01 14:30:00,2973.501,2975.266,2970.987,2973.644,63956400,3134341120.0000
2026-07-01 14:35:00,2973.248,2977.180,2973.248,2974.405,85181400,3664887808.0000
2026-07-01 14:40:00,2974.439,2974.722,2966.360,2969.122,88957700,5102764032.0000
2026-07-01 14:45:00,2968.974,2980.116,2968.974,2979.968,94620300,4243423232.0000
2026-07-01 14:50:00,2979.817,2982.384,2979.265,2979.366,95779200,4352114688.0000
2026-07-01 14:55:00,2979.298,2987.357,2978.214,2987.260,117205400,5359435776.0000
2026-07-01 15:00:00,2987.478,2987.719,2985.049,2985.240,116677700,5168168960.0000
2026-07-02 09:35:00,2938.766,2955.238,2935.101,2939.684,708461500,35087040512.0000
2026-07-02 09:40:00,2939.485,2953.964,2939.485,2953.418,292326600,15507619840.0000
2026-07-02 09:45:00,2953.167,2955.678,2946.380,2946.713,376110300,14326681600.0000
2026-07-02 09:50:00,2946.725,2954.692,2945.070,2947.313,280577800,12304756736.0000
2026-07-02 09:55:00,2948.288,2950.421,2944.986,2949.315,230892100,10413694976.0000
2026-07-02 10:00:00,2948.459,2952.713,2943.437,2943.575,167904700,7661985792.0000
2026-07-02 10:05:00,2944.104,2949.965,2942.657,2948.188,180018100,8170192896.0000
2026-07-02 10:10:00,2948.559,2949.331,2944.761,2948.257,145888900,6521757696.0000
2026-07-02 10:15:00,2948.048,2948.048,2942.032,2944.245,115387800,5217189888.0000
2026-07-02 10:20:00,2943.977,2944.003,2934.557,2936.853,118607300,5376090112.0000
2026-07-02 10:25:00,2936.610,2941.799,2934.361,2939.611,140136500,5171675136.0000
2026-07-02 10:30:00,2939.631,2949.184,2938.852,2949.184,182049300,6101868544.0000
2026-07-02 10:35:00,2948.166,2954.251,2946.004,2954.101,192138800,5752545280.0000
2026-07-02 10:40:00,2953.967,2957.881,2953.138,2955.470,170631100,5426446336.0000
2026-07-02 10:45:00,2954.915,2955.180,2950.665,2950.792,136936700,4532600832.0000
2026-07-02 10:50:00,2950.583,2950.800,2947.435,2948.647,169744600,4806901760.0000
2026-07-02 10:55:00,2948.327,2950.071,2944.991,2948.375,122306900,4583473152.0000
2026-07-02 11:00:00,2948.231,2948.592,2944.361,2946.929,91506900,3355328512.0000
2026-07-02 11:05:00,2946.532,2946.772,2943.115,2943.407,77555000,3148005376.0000
2026-07-02 11:10:00,2943.088,2945.609,2939.671,2945.495,69917500,3660251136.0000
2026-07-02 11:15:00,2944.922,2946.068,2942.750,2945.369,68562200,2976006144.0000
2026-07-02 11:20:00,2945.331,2947.304,2940.890,2941.171,91557400,3207528448.0000
2026-07-02 11:25:00,2940.857,2942.028,2935.530,2937.029,55030500,2726477824.0000
2026-07-02 11:30:00,2936.956,2936.991,2933.407,2936.347,58671200,3620585472.0000
2026-07-02 13:05:00,2936.348,2939.408,2932.542,2938.918,114613400,6337036288.0000
2026-07-02 13:10:00,2939.641,2940.745,2938.067,2939.167,73685700,3139895296.0000
2026-07-02 13:15:00,2939.212,2939.260,2934.215,2934.791,75018400,4036984832.0000
2026-07-02 13:20:00,2934.513,2934.941,2930.591,2930.591,67157200,3535618048.0000
2026-07-02 13:25:00,2930.569,2932.128,2928.410,2930.384,84013100,4682940416.0000
2026-07-02 13:30:00,2930.333,2930.333,2925.535,2925.535,63020800,3589619712.0000
2026-07-02 13:35:00,2925.545,2927.676,2922.880,2923.253,85779600,4148674560.0000
2026-07-02 13:40:00,2922.591,2923.901,2918.900,2921.992,87490000,3681959936.0000
2026-07-02 13:45:00,2922.065,2926.620,2920.520,2923.324,74011000,3267362816.0000
2026-07-02 13:50:00,2923.304,2923.938,2919.086,2920.845,77990500,3863347200.0000
2026-07-02 13:55:00,2921.664,2926.803,2921.350,2924.247,71113000,3404349440.0000
2026-07-02 14:00:00,2923.817,2928.155,2923.777,2925.365,69780400,3223224320.0000
2026-07-02 14:05:00,2925.346,2928.593,2923.877,2923.877,108906100,3372089344.0000
2026-07-02 14:10:00,2924.165,2928.950,2922.599,2928.673,94618700,3498917888.0000
2026-07-02 14:15:00,2929.034,2930.969,2926.781,2927.041,74166400,2831630336.0000
2026-07-02 14:20:00,2927.227,2928.137,2923.083,2923.367,85214500,2768551936.0000
2026-07-02 14:25:00,2922.956,2924.427,2920.741,2920.741,87530500,2872492032.0000
2026-07-02 14:30:00,2920.878,2922.966,2918.798,2920.391,91997000,3452665856.0000
2026-07-02 14:35:00,2919.897,2925.540,2919.897,2920.215,113158900,3812671488.0000
2026-07-02 14:40:00,2920.406,2922.755,2916.120,2916.120,125487000,4385570816.0000
2026-07-02 14:45:00,2915.805,2915.805,2909.742,2911.791,179164200,6252822528.0000
2026-07-02 14:50:00,2911.603,2912.679,2908.174,2909.021,147781500,5544902656.0000
2026-07-02 14:55:00,2908.578,2910.943,2905.849,2910.534,159577200,6189531136.0000
2026-07-02 15:00:00,2910.782,2913.698,2910.782,2912.276,131848200,5260607488.0000
2026-07-03 09:35:00,2917.519,2930.180,2917.480,2923.276,626979000,30754058240.0000
2026-07-03 09:40:00,2924.183,2928.630,2923.697,2925.573,342257600,14535151616.0000
2026-07-03 09:45:00,2925.891,2931.801,2923.008,2930.791,271030300,12354813952.0000
2026-07-03 09:50:00,2930.951,2932.729,2922.674,2923.190,219619500,9048088576.0000
2026-07-03 09:55:00,2923.527,2928.046,2918.396,2922.084,218807700,9510305792.0000
2026-07-03 10:00:00,2922.304,2926.167,2921.235,2925.052,169312000,6578987008.0000
2026-07-03 10:05:00,2925.733,2926.095,2922.072,2922.371,192805100,6421020672.0000
2026-07-03 10:10:00,2921.466,2927.119,2920.661,2925.703,116700100,5315821568.0000
2026-07-03 10:15:00,2924.909,2924.951,2919.557,2922.652,153326800,5305237504.0000
2026-07-03 10:20:00,2921.988,2930.029,2921.988,2923.301,141804700,4458995712.0000
2026-07-03 10:25:00,2923.206,2924.830,2919.905,2923.447,95776900,3935920128.0000
2026-07-03 10:30:00,2923.467,2926.241,2922.148,2923.739,80005500,3210272768.0000
2026-07-03 10:35:00,2924.763,2930.555,2922.927,2930.369,91198200,3378765824.0000
2026-07-03 10:40:00,2930.728,2936.582,2929.557,2936.231,114390500,4547805184.0000
2026-07-03 10:45:00,2935.947,2938.871,2932.910,2937.488,97071200,4820664320.0000
2026-07-03 10:50:00,2937.743,2942.305,2937.743,2940.847,99592200,4886855680.0000
2026-07-03 10:55:00,2940.760,2942.409,2935.747,2940.326,113986200,5249310720.0000
2026-07-03 11:00:00,2940.530,2944.476,2939.514,2943.238,94418900,4783874048.0000
2026-07-03 11:05:00,2943.766,2948.735,2943.766,2946.011,79543900,4386209792.0000
2026-07-03 11:10:00,2945.918,2948.184,2942.890,2944.050,108928900,4838227968.0000
2026-07-03 11:15:00,2944.078,2945.370,2938.749,2943.307,90078200,3667525632.0000
2026-07-03 11:20:00,2943.381,2944.811,2940.058,2940.822,72146300,2961014784.0000
2026-07-03 11:25:00,2940.660,2942.412,2938.774,2938.774,76501200,3142352896.0000
2026-07-03 11:30:00,2939.030,2941.896,2938.301,2939.817,78433800,2597388288.0000
2026-07-03 13:05:00,2942.349,2953.301,2942.349,2952.661,165854200,8248000512.0000
2026-07-03 13:10:00,2952.202,2953.913,2947.378,2948.385,92080200,4702027776.0000
2026-07-03 13:15:00,2947.716,2947.989,2940.600,2940.600,99567300,4167630848.0000
2026-07-03 13:20:00,2940.642,2942.515,2936.090,2938.436,113124200,3787931648.0000
2026-07-03 13:25:00,2938.424,2938.424,2930.983,2934.326,78259900,3542646784.0000
2026-07-03 13:30:00,2933.845,2935.862,2931.458,2933.563,76976100,3112648704.0000
2026-07-03 13:35:00,2933.398,2938.945,2933.124,2938.134,67870600,3090137088.0000
2026-07-03 13:40:00,2937.357,2937.357,2931.144,2931.144,115772300,3006758912.0000
2026-07-03 13:45:00,2931.373,2938.979,2931.373,2938.917,73332400,2486026240.0000
2026-07-03 13:50:00,2939.326,2941.559,2938.236,2939.563,88243500,2718121984.0000
2026-07-03 13:55:00,2939.591,2945.393,2938.928,2945.164,73122900,2499592192.0000
2026-07-03 14:00:00,2944.752,2947.679,2943.661,2946.459,75530400,2591424512.0000
2026-07-03 14:05:00,2946.459,2953.585,2946.141,2952.876,113548600,3472769024.0000
2026-07-03 14:10:00,2953.015,2957.256,2952.479,2952.884,70207100,3145318400.0000
2026-07-03 14:15:00,2952.892,2952.892,2946.597,2946.716,58614800,2896429056.0000
2026-07-03 14:20:00,2946.712,2947.446,2945.188,2946.417,61290400,2418180096.0000
2026-07-03 14:25:00,2946.110,2946.828,2940.747,2942.521,69421200,3177676800.0000
2026-07-03 14:30:00,2942.344,2943.149,2940.655,2941.098,66752600,2945581056.0000
2026-07-03 14:35:00,2941.264,2945.365,2938.477,2938.477,117905900,3786620928.0000
2026-07-03 14:40:00,2938.254,2940.701,2936.731,2940.314,100411700,4040474624.0000
2026-07-03 14:45:00,2940.046,2941.077,2938.552,2938.849,92416900,3733012480.0000
2026-07-03 14:50:00,2938.710,2943.013,2938.548,2938.614,105092400,4152557568.0000
2026-07-03 14:55:00,2938.500,2938.500,2932.051,2932.149,145811600,5935546368.0000
2026-07-03 15:00:00,2931.925,2932.295,2930.717,2931.284,122816500,4865277952.0000
2026-07-06 09:35:00,2949.923,2953.757,2942.742,2950.824,507609100,23490371584.0000
2026-07-06 09:40:00,2949.890,2951.542,2940.368,2945.162,311379500,13772464128.0000
2026-07-06 09:45:00,2944.860,2952.468,2943.041,2951.614,272958500,10953744384.0000
2026-07-06 09:50:00,2951.079,2951.309,2946.989,2950.359,256239800,9266896896.0000
2026-07-06 09:55:00,2950.763,2954.675,2947.170,2953.365,199306900,8035561472.0000
2026-07-06 10:00:00,2953.783,2953.783,2949.079,2949.714,194353800,7956492288.0000
2026-07-06 10:05:00,2949.932,2954.109,2949.828,2950.779,221173300,8361902080.0000
2026-07-06 10:10:00,2950.728,2953.495,2947.880,2950.158,131128000,5537046528.0000
2026-07-06 10:15:00,2950.435,2950.553,2943.773,2945.007,162933400,7046840320.0000
2026-07-06 10:20:00,2945.001,2945.001,2939.538,2939.910,141041500,7424614400.0000
2026-07-06 10:25:00,2940.235,2942.845,2936.694,2937.264,132637700,7343316992.0000
2026-07-06 10:30:00,2937.459,2939.302,2931.119,2932.438,122541100,6893977600.0000
2026-07-06 10:35:00,2932.038,2935.436,2927.656,2928.139,139697400,6577856512.0000
2026-07-06 10:40:00,2927.723,2935.443,2922.691,2933.427,152102200,7700013056.0000
2026-07-06 10:45:00,2933.369,2935.513,2929.808,2929.808,160919600,5739700224.0000
2026-07-06 10:50:00,2929.661,2931.505,2922.166,2923.559,107130900,5486272512.0000
2026-07-06 10:55:00,2923.494,2930.065,2920.831,2929.181,109984200,5348376576.0000
2026-07-06 11:00:00,2929.288,2938.827,2926.683,2938.296,104095800,4384800768.0000
2026-07-06 11:05:00,2937.302,2941.240,2935.175,2937.902,89451000,4302667776.0000
2026-07-06 11:10:00,2937.860,2943.086,2937.860,2942.949,103625500,4281024512.0000
2026-07-06 11:15:00,2942.565,2948.577,2941.985,2948.511,71943600,3985604608.0000
2026-07-06 11:20:00,2948.448,2948.530,2943.229,2947.837,66174900,3285204992.0000
2026-07-06 11:25:00,2947.755,2951.195,2947.517,2950.733,72710900,4182016000.0000
2026-07-06 11:30:00,2950.732,2958.051,2950.019,2958.051,56181000,3593945088.0000
2026-07-06 13:05:00,2958.652,2959.264,2950.180,2955.342,110615100,5418434560.0000
2026-07-06 13:10:00,2955.311,2956.194,2951.632,2951.825,111315900,3442573312.0000
2026-07-06 13:15:00,2951.144,2956.163,2949.515,2951.040,63324900,2611675136.0000
2026-07-06 13:20:00,2951.139,2954.394,2948.790,2949.084,62538700,2279604224.0000
2026-07-06 13:25:00,2948.579,2951.850,2947.193,2947.422,61959500,2211872768.0000
2026-07-06 13:30:00,2948.169,2954.496,2948.056,2952.319,57417800,2190573568.0000
2026-07-06 13:35:00,2950.841,2951.143,2946.166,2947.578,103038700,2452701184.0000
2026-07-06 13:40:00,2948.032,2955.366,2947.794,2954.815,65175200,2185166848.0000
2026-07-06 13:45:00,2955.055,2961.103,2955.055,2961.103,52158700,2827796480.0000
2026-07-06 13:50:00,2961.850,2961.855,2956.820,2959.791,63881600,2783969280.0000
2026-07-06 13:55:00,2959.879,2965.084,2959.843,2961.901,63149100,3221094400.0000
2026-07-06 14:00:00,2961.808,2964.268,2959.946,2959.946,53527000,2746941440.0000
2026-07-06 14:05:00,2959.571,2959.869,2956.735,2957.692,141549200,3089924096.0000
2026-07-06 14:10:00,2958.163,2963.342,2958.163,2960.961,87621600,2679177216.0000
2026-07-06 14:15:00,2960.877,2964.856,2960.831,2962.635,115898100,3249324032.0000
2026-07-06 14:20:00,2962.157,2962.307,2959.272,2961.905,78920100,2588704768.0000
2026-07-06 14:25:00,2962.000,2963.420,2958.859,2959.436,114590000,3060301824.0000
2026-07-06 14:30:00,2959.446,2959.581,2955.778,2959.329,81105500,2567372800.0000
2026-07-06 14:35:00,2959.509,2963.857,2959.407,2962.632,104384000,3118710784.0000
2026-07-06 14:40:00,2962.986,2966.276,2959.608,2960.053,95570700,3064266752.0000
2026-07-06 14:45:00,2959.990,2960.436,2956.767,2956.767,97490900,3326509056.0000
2026-07-06 14:50:00,2957.009,2958.949,2957.009,2957.343,107569200,3638951936.0000
2026-07-06 14:55:00,2957.138,2958.615,2957.131,2957.260,125641700,4198121472.0000
2026-07-06 15:00:00,2957.219,2957.969,2956.412,2957.969,106159700,3768025088.0000
2026-07-07 09:35:00,2932.808,2936.112,2928.203,2931.812,419656400,18435756032.0000
2026-07-07 09:40:00,2932.585,2936.694,2929.953,2936.694,280597800,10635470848.0000
2026-07-07 09:45:00,2936.814,2942.213,2934.701,2942.213,251018700,10160527360.0000
2026-07-07 09:50:00,2942.066,2947.015,2941.930,2946.258,217532300,8892841984.0000
2026-07-07 09:55:00,2946.347,2947.836,2944.125,2946.797,173537600,6933409792.0000
2026-07-07 10:00:00,2947.105,2947.329,2942.098,2945.902,146342400,5669736448.0000
2026-07-07 10:05:00,2946.026,2951.132,2943.816,2949.777,156379100,5739327488.0000
2026-07-07 10:10:00,2949.462,2952.494,2947.639,2947.957,94949700,4871405568.0000
2026-07-07 10:15:00,2948.043,2948.682,2943.713,2946.054,99102600,4646985728.0000
2026-07-07 10:20:00,2945.862,2945.862,2941.919,2942.036,95570400,3941105664.0000
2026-07-07 10:25:00,2941.315,2941.315,2937.840,2938.028,106492200,4643586048.0000
2026-07-07 10:30:00,2937.776,2939.283,2935.836,2936.177,157288300,4744175616.0000
2026-07-07 10:35:00,2935.773,2939.110,2933.558,2938.943,80600100,3569131520.0000
2026-07-07 10:40:00,2939.440,2942.689,2938.658,2941.051,110478700,4141514752.0000
2026-07-07 10:45:00,2941.117,2941.117,2937.433,2939.944,64533500,3053207552.0000
2026-07-07 10:50:00,2939.099,2939.099,2936.653,2937.758,75787500,2713067520.0000
2026-07-07 10:55:00,2937.593,2940.207,2935.454,2938.397,60194100,2245672960.0000
2026-07-07 11:00:00,2938.954,2939.810,2934.765,2934.765,57481000,2085519360.0000
2026-07-07 11:05:00,2934.726,2939.566,2933.279,2939.300,73136300,2554150912.0000
2026-07-07 11:10:00,2939.221,2943.853,2939.221,2943.009,94399700,2830647296.0000
2026-07-07 11:15:00,2942.956,2943.965,2934.254,2935.404,63169600,2473459712.0000
2026-07-07 11:20:00,2935.267,2935.687,2932.365,2933.374,54588700,2956804096.0000
2026-07-07 11:25:00,2933.520,2935.122,2931.707,2931.707,48022200,2153906176.0000
2026-07-07 11:30:00,2931.752,2937.014,2930.290,2935.261,52565200,2591604736.0000
2026-07-07 13:05:00,2934.019,2934.019,2922.906,2923.177,148773500,6354329600.0000
2026-07-07 13:10:00,2923.084,2924.541,2913.967,2914.904,87105800,5169545216.0000
2026-07-07 13:15:00,2915.396,2917.541,2911.764,2911.874,100117900,4554809344.0000
2026-07-07 13:20:00,2911.973,2915.707,2910.660,2912.942,82087700,4274683904.0000
2026-07-07 13:25:00,2913.491,2917.482,2911.265,2916.700,90203700,3573301248.0000
2026-07-07 13:30:00,2916.802,2924.738,2916.661,2924.300,82672400,3592404992.0000
2026-07-07 13:35:00,2924.222,2931.302,2924.222,2927.789,103125400,3853025280.0000
2026-07-07 13:40:00,2927.315,2928.182,2924.091,2925.747,61977500,2960523264.0000
2026-07-07 13:45:00,2925.382,2928.790,2925.142,2928.520,63227200,2635677696.0000
2026-07-07 13:50:00,2928.299,2928.453,2921.801,2923.090,81920700,3587997696.0000
2026-07-07 13:55:00,2923.093,2929.492,2923.093,2927.859,66502500,2621784064.0000
2026-07-07 14:00:00,2928.047,2928.311,2922.624,2922.624,65795300,2616655872.0000
2026-07-07 14:05:00,2922.477,2925.131,2920.580,2920.707,66425400,2741600256.0000
2026-07-07 14:10:00,2920.629,2920.629,2914.215,2914.215,70301000,2620981248.0000
2026-07-07 14:15:00,2914.198,2915.880,2911.083,2915.138,76964400,2956312576.0000
2026-07-07 14:20:00,2915.031,2917.706,2912.717,2916.758,68351900,2387689472.0000
2026-07-07 14:25:00,2917.144,2917.760,2913.940,2914.284,66949300,2086354944.0000
2026-07-07 14:30:00,2914.585,2917.854,2913.232,2917.854,80013500,2697428992.0000
2026-07-07 14:35:00,2918.292,2923.440,2917.538,2921.832,157475400,3398598656.0000
2026-07-07 14:40:00,2921.305,2927.842,2921.206,2927.407,116065100,3048325120.0000
2026-07-07 14:45:00,2927.691,2927.691,2923.994,2924.944,90712800,3020587008.0000
2026-07-07 14:50:00,2925.143,2925.143,2919.608,2921.715,127758400,3910696960.0000
2026-07-07 14:55:00,2921.780,2922.351,2918.478,2918.732,116397400,4321198080.0000
2026-07-07 15:00:00,2918.733,2921.887,2918.430,2921.887,95740400,3992158208.0000
2026-07-08 09:35:00,2929.897,2934.025,2925.697,2931.838,411963300,19770183680.0000
2026-07-08 09:40:00,2931.434,2934.113,2927.502,2931.251,282267000,9967900672.0000
2026-07-08 09:45:00,2931.460,2933.261,2926.741,2927.204,206758300,8118712320.0000
2026-07-08 09:50:00,2927.302,2935.658,2925.688,2935.358,232715100,9129525248.0000
2026-07-08 09:55:00,2935.095,2935.457,2924.789,2929.387,231242400,8788795392.0000
2026-07-08 10:00:00,2929.617,2929.617,2921.382,2922.564,217793300,8168677376.0000
2026-07-08 10:05:00,2922.018,2922.043,2916.099,2916.099,224171400,8719704064.0000
2026-07-08 10:10:00,2915.977,2926.843,2915.800,2925.707,161134500,6960693248.0000
2026-07-08 10:15:00,2926.196,2926.593,2919.188,2923.080,168818300,5073575936.0000
2026-07-08 10:20:00,2922.950,2927.960,2921.948,2927.960,128773900,3992961024.0000
2026-07-08 10:25:00,2928.019,2929.237,2924.533,2924.533,96285100,3630153728.0000
2026-07-08 10:30:00,2924.229,2930.102,2923.672,2930.102,112141800,3044556800.0000
2026-07-08 10:35:00,2930.048,2931.972,2925.834,2928.161,113920900,3572547584.0000
2026-07-08 10:40:00,2928.369,2933.301,2927.354,2933.301,90153700,3579699200.0000
2026-07-08 10:45:00,2933.424,2933.424,2928.332,2931.325,75389000,3440730112.0000
2026-07-08 10:50:00,2930.936,2932.471,2928.932,2929.591,88260300,3543900160.0000
2026-07-08 10:55:00,2929.773,2934.946,2929.477,2933.333,60270600,2855124992.0000
2026-07-08 11:00:00,2933.107,2933.811,2928.733,2930.655,55957900,2892308480.0000
2026-07-08 11:05:00,2930.332,2934.594,2929.983,2932.808,54912300,2379087872.0000
2026-07-08 11:10:00,2932.902,2934.458,2930.330,2934.360,51785900,2236850176.0000
2026-07-08 11:15:00,2934.130,2940.226,2934.130,2939.324,69251900,3828105216.0000
2026-07-08 11:20:00,2939.262,2945.602,2937.140,2945.511,64006900,4593532928.0000
2026-07-08 11:25:00,2945.694,2953.231,2943.944,2953.231,66142400,4441718784.0000
2026-07-08 11:30:00,2953.629,2955.516,2949.595,2950.500,74969900,4134232064.0000
2026-07-08 13:05:00,2946.118,2946.118,2930.746,2941.084,134448100,6951755776.0000
2026-07-08 13:10:00,2941.404,2946.778,2940.968,2943.731,76278500,3941072896.0000
2026-07-08 13:15:00,2943.479,2947.757,2941.843,2946.989,70886900,3682156544.0000
2026-07-08 13:20:00,2947.044,2949.792,2944.911,2947.349,75057200,3067183104.0000
2026-07-08 13:25:00,2947.683,2948.754,2944.650,2944.740,53924100,2545090560.0000
2026-07-08 13:30:00,2944.597,2945.121,2939.137,2939.947,48280800,2130051072.0000
2026-07-08 13:35:00,2940.106,2940.199,2932.993,2937.520,64590000,2561884160.0000
2026-07-08 13:40:00,2937.600,2938.593,2934.615,2937.031,44236200,1828175872.0000
2026-07-08 13:45:00,2937.295,2937.538,2934.503,2935.470,54416000,1974599680.0000
2026-07-08 13:50:00,2935.569,2936.301,2930.439,2930.582,51443800,2165129216.0000
2026-07-08 13:55:00,2930.463,2939.142,2930.463,2939.142,51406300,2023374848.0000
2026-07-08 14:00:00,2939.376,2944.994,2939.376,2943.815,59244900,2172895232.0000
2026-07-08 14:05:00,2943.884,2944.743,2939.488,2942.226,60587600,2128035840.0000
2026-07-08 14:10:00,2941.780,2941.946,2938.416,2938.934,43433200,1651408896.0000
2026-07-08 14:15:00,2938.994,2938.994,2934.750,2936.791,65308100,2309668864.0000
2026-07-08 14:20:00,2937.212,2941.612,2936.540,2941.376,65678400,2228961280.0000
2026-07-08 14:25:00,2941.300,2942.268,2938.726,2941.377,54323300,2275344384.0000
2026-07-08 14:30:00,2941.175,2941.175,2935.097,2936.176,62343400,2324463616.0000
2026-07-08 14:35:00,2936.449,2939.519,2933.218,2933.429,76169700,3113140224.0000
2026-07-08 14:40:00,2933.365,2936.309,2931.997,2931.997,64060500,3015376896.0000
2026-07-08 14:45:00,2932.220,2932.220,2926.958,2927.399,95316100,4269621248.0000
2026-07-08 14:50:00,2927.120,2929.016,2919.557,2920.193,152601300,5065179136.0000
2026-07-08 14:55:00,2920.482,2921.951,2918.894,2919.107,146508500,5113364480.0000
2026-07-08 15:00:00,2918.640,2920.842,2918.551,2920.842,134189400,4608294912.0000
2026-07-09 09:35:00,2926.138,2930.199,2922.852,2925.845,438846900,22699313152.0000
2026-07-09 09:40:00,2926.173,2932.182,2923.393,2929.927,273838400,13650016256.0000
2026-07-09 09:45:00,2929.469,2933.309,2925.633,2931.850,231290700,11099107328.0000
2026-07-09 09:50:00,2931.796,2937.585,2930.640,2933.837,228831300,9700401152.0000
2026-07-09 09:55:00,2933.289,2936.280,2930.872,2935.124,185709500,8903917568.0000
2026-07-09 10:00:00,2935.323,2935.426,2929.172,2930.657,159158800,7822716928.0000
2026-07-09 10:05:00,2930.316,2931.353,2926.154,2928.702,147268400,7073218560.0000
2026-07-09 10:10:00,2928.933,2935.434,2927.589,2935.334,130572000,5490163712.0000
2026-07-09 10:15:00,2934.303,2938.147,2934.142,2937.788,119611100,5748285440.0000
2026-07-09 10:20:00,2937.689,2940.952,2935.910,2940.952,95396400,5398757376.0000
2026-07-09 10:25:00,2940.511,2942.138,2938.393,2940.387,108532300,5774245888.0000
2026-07-09 10:30:00,2940.514,2940.730,2936.195,2938.619,105083300,5540331520.0000
2026-07-09 10:35:00,2938.606,2940.373,2935.656,2935.977,99496000,6059483136.0000
2026-07-09 10:40:00,2936.207,2936.207,2932.504,2935.046,113797500,5168398336.0000
2026-07-09 10:45:00,2935.457,2940.090,2933.820,2937.336,96560100,4729446400.0000
2026-07-09 10:50:00,2937.112,2937.112,2930.683,2930.683,90347700,4376133632.0000
2026-07-09 10:55:00,2930.204,2935.333,2930.203,2935.068,121164900,4485636096.0000
2026-07-09 11:00:00,2935.099,2936.858,2928.272,2928.272,67204000,2876153856.0000
2026-07-09 11:05:00,2928.642,2928.738,2925.523,2928.372,77985600,2942083072.0000
2026-07-09 11:10:00,2928.291,2930.990,2924.979,2930.519,80426700,3119333376.0000
2026-07-09 11:15:00,2930.895,2930.895,2925.157,2926.567,101443300,3545890816.0000
2026-07-09 11:20:00,2926.481,2927.586,2921.877,2922.757,85647800,2927607808.0000
2026-07-09 11:25:00,2922.954,2931.124,2922.764,2931.124,80658400,2749710336.0000
2026-07-09 11:30:00,2930.980,2935.447,2930.912,2933.292,54213000,3043590144.0000
2026-07-09 13:05:00,2932.809,2939.988,2932.681,2936.411,124151000,6302138368.0000
2026-07-09 13:10:00,2936.768,2945.335,2935.913,2945.164,89901600,5134680064.0000
2026-07-09 13:15:00,2945.321,2953.348,2945.321,2953.303,89737900,5845172224.0000
2026-07-09 13:20:00,2953.303,2954.259,2944.294,2945.468,95706300,5303058432.0000
2026-07-09 13:25:00,2945.480,2945.876,2941.845,2943.891,64350400,3567026176.0000
2026-07-09 13:30:00,2943.893,2951.571,2942.786,2948.937,76951100,4079124480.0000
2026-07-09 13:35:00,2949.253,2949.253,2939.307,2944.282,73124400,3757948928.0000
2026-07-09 13:40:00,2944.610,2952.864,2944.610,2952.569,89804000,4667719680.0000
2026-07-09 13:45:00,2952.937,2955.507,2952.661,2955.238,81123800,6074269696.0000
2026-07-09 13:50:00,2955.912,2963.779,2955.912,2963.496,107768600,5351079936.0000
2026-07-09 13:55:00,2963.110,2970.404,2962.818,2967.049,113519300,5291655168.0000
2026-07-09 14:00:00,2966.570,2971.899,2965.640,2971.607,101888200,4232134656.0000
2026-07-09 14:05:00,2971.883,2973.750,2970.046,2973.117,105876600,4047568896.0000
2026-07-09 14:10:00,2973.100,2976.006,2971.762,2975.712,85857600,3741810688.0000
2026-07-09 14:15:00,2975.986,2980.664,2975.276,2980.022,103843100,4548706304.0000
2026-07-09 14:20:00,2980.313,2982.644,2973.522,2973.866,102948600,4066181120.0000
2026-07-09 14:25:00,2973.629,2977.206,2973.288,2976.891,88616500,3294887936.0000
2026-07-09 14:30:00,2977.046,2983.520,2976.879,2983.202,78282300,2877898752.0000
2026-07-09 14:35:00,2983.651,2987.101,2983.371,2986.849,102993000,3746430976.0000
2026-07-09 14:40:00,2987.256,2991.437,2987.178,2990.787,123267700,4632231936.0000
2026-07-09 14:45:00,2990.931,2995.346,2990.120,2995.152,108273000,4352000000.0000
2026-07-09 14:50:00,2995.336,2999.494,2995.158,2999.225,135561900,5104009216.0000
2026-07-09 14:55:00,2999.172,2999.172,2992.314,2993.836,162260700,6008176640.0000
2026-07-09 15:00:00,2993.695,2996.211,2993.534,2995.789,129945300,4932435968.0000
2026-07-10 09:35:00,2996.841,2996.841,2990.991,2991.007,518734900,31761373184.0000
2026-07-10 09:40:00,2991.622,3002.716,2987.779,3000.561,272605800,16628787200.0000
2026-07-10 09:45:00,3001.029,3008.553,3000.548,3006.135,280708500,14959243264.0000
2026-07-10 09:50:00,3005.494,3010.324,3001.666,3009.388,193021700,11861561344.0000
2026-07-10 09:55:00,3008.981,3016.484,3008.927,3014.383,172127200,9915703296.0000
2026-07-10 10:00:00,3014.522,3016.194,3010.712,3012.641,204567400,9633849344.0000
2026-07-10 10:05:00,3012.522,3014.653,3005.336,3005.636,222748900,12043157504.0000
2026-07-10 10:10:00,3005.409,3015.470,3005.409,3015.470,211704900,10364624896.0000
2026-07-10 10:15:00,3015.349,3016.261,3009.074,3015.015,179557600,9285353472.0000
2026-07-10 10:20:00,3015.015,3019.291,3015.015,3018.439,160634500,7024525312.0000
2026-07-10 10:25:00,3018.871,3021.717,3017.919,3021.717,153198700,6296100864.0000
2026-07-10 10:30:00,3022.216,3025.989,3021.048,3022.818,145047200,6026330112.0000
2026-07-10 10:35:00,3023.087,3024.616,3018.786,3021.684,141599800,6633340928.0000
2026-07-10 10:40:00,3021.009,3022.434,3012.415,3014.925,116071000,5689950208.0000
2026-07-10 10:45:00,3015.022,3020.301,3014.580,3017.863,84676400,4013031424.0000
2026-07-10 10:50:00,3018.482,3019.496,3014.570,3017.463,118562000,5069029376.0000
2026-07-10 10:55:00,3017.191,3022.376,3017.191,3018.526,106537300,4067524608.0000
2026-07-10 11:00:00,3018.877,3020.920,3015.874,3019.695,85333900,3693166592.0000
2026-07-10 11:05:00,3019.703,3020.347,3017.485,3018.072,91394400,3044327424.0000
2026-07-10 11:10:00,3018.087,3024.028,3018.087,3023.750,128324400,3660513280.0000
2026-07-10 11:15:00,3023.412,3023.412,3020.475,3020.728,66114800,2770075648.0000
2026-07-10 11:20:00,3020.623,3023.951,3020.090,3023.753,57040000,2593259520.0000
2026-07-10 11:25:00,3023.569,3026.426,3022.392,3022.695,73585300,3417260032.0000
2026-07-10 11:30:00,3021.961,3024.141,3019.219,3024.140,99052500,3999252480.0000
2026-07-10 13:05:00,3024.971,3024.977,3012.507,3012.609,162702900,6652674048.0000
2026-07-10 13:10:00,3012.378,3021.752,3010.025,3021.752,86803800,3795959808.0000
2026-07-10 13:15:00,3021.805,3023.528,3019.757,3019.757,69170400,3321184256.0000
2026-07-10 13:20:00,3019.575,3020.850,3013.063,3013.063,76065200,3179855872.0000
2026-07-10 13:25:00,3013.376,3014.815,3010.241,3010.444,66487100,2832236544.0000
2026-07-10 13:30:00,3010.602,3010.749,3004.958,3005.268,72696900,3552804864.0000
2026-07-10 13:35:00,3005.296,3005.324,2998.421,2998.421,69132200,3781820416.0000
2026-07-10 13:40:00,2998.215,2999.118,2991.582,2991.582,74495500,4804640768.0000
2026-07-10 13:45:00,2991.599,2996.689,2990.351,2990.779,77868200,3819356160.0000
2026-07-10 13:50:00,2990.481,2992.308,2985.522,2989.838,76386600,4193009664.0000
2026-07-10 13:55:00,2990.137,2995.954,2989.414,2995.875,67965900,2878423040.0000
2026-07-10 14:00:00,2996.440,2996.440,2987.757,2987.757,57341500,3165077504.0000
2026-07-10 14:05:00,2987.666,2987.755,2980.221,2984.762,85762300,4469555200.0000
2026-07-10 14:10:00,2985.173,2985.173,2976.289,2977.467,79062300,4078665728.0000
2026-07-10 14:15:00,2977.604,2984.244,2976.262,2976.745,72492800,3918495744.0000
2026-07-10 14:20:00,2977.061,2989.906,2977.061,2989.906,69564200,3615473664.0000
2026-07-10 14:25:00,2989.925,2990.000,2982.084,2982.723,59668800,3880927232.0000
2026-07-10 14:30:00,2982.739,2983.027,2977.236,2977.236,81508800,3885547520.0000
2026-07-10 14:35:00,2977.145,2977.928,2971.321,2972.831,100156400,5411487744.0000
2026-07-10 14:40:00,2973.453,2974.132,2968.819,2969.267,85842100,5249236992.0000
2026-07-10 14:45:00,2968.613,2968.613,2962.517,2963.296,108013700,6380421120.0000
2026-07-10 14:50:00,2963.189,2969.419,2960.383,2960.703,118351300,6567264256.0000
2026-07-10 14:55:00,2960.823,2963.196,2958.706,2959.329,169833400,7191789568.0000
2026-07-10 15:00:00,2958.647,2959.123,2955.487,2955.520,163771200,7329939456.0000
2026-07-13 09:35:00,2931.497,2949.749,2931.497,2937.864,498821100,23785801728.0000
2026-07-13 09:40:00,2937.194,2945.175,2936.749,2942.798,311422000,16004122624.0000
2026-07-13 09:45:00,2943.647,2947.066,2939.649,2946.484,291844200,12369592320.0000
2026-07-13 09:50:00,2947.358,2949.928,2942.012,2942.086,266065400,10753347584.0000
2026-07-13 09:55:00,2942.103,2943.697,2936.634,2936.634,182829500,8931180544.0000
2026-07-13 10:00:00,2936.306,2936.306,2929.378,2931.124,184949200,9310773248.0000
2026-07-13 10:05:00,2930.636,2934.374,2926.483,2934.374,178083300,7901601792.0000
2026-07-13 10:10:00,2934.571,2941.618,2934.269,2941.107,223959800,6543065088.0000
2026-07-13 10:15:00,2941.287,2943.893,2938.788,2942.854,180415300,5915746304.0000
2026-07-13 10:20:00,2942.956,2947.229,2941.603,2942.265,131305700,5021237248.0000
2026-07-13 10:25:00,2942.458,2948.818,2942.433,2948.818,155393700,4666761216.0000
2026-07-13 10:30:00,2948.859,2952.906,2946.830,2951.300,133601000,5265686528.0000
2026-07-13 10:35:00,2951.436,2952.927,2947.685,2949.148,114386700,4669882368.0000
2026-07-13 10:40:00,2949.174,2952.479,2942.111,2942.111,105093700,3947610112.0000
2026-07-13 10:45:00,2941.991,2942.406,2938.900,2938.900,92233300,3553779712.0000
2026-07-13 10:50:00,2938.832,2940.999,2934.072,2934.072,86328300,3680313344.0000
2026-07-13 10:55:00,2933.561,2934.925,2931.055,2934.304,84585400,3557990400.0000
2026-07-13 11:00:00,2934.583,2935.904,2930.963,2933.614,84681700,3055812608.0000
2026-07-13 11:05:00,2933.362,2933.362,2927.843,2927.843,88139200,3554017280.0000
2026-07-13 11:10:00,2927.774,2928.920,2924.825,2926.202,84952700,4202364928.0000
2026-07-13 11:15:00,2926.366,2927.165,2920.615,2921.907,86609600,4346036224.0000
2026-07-13 11:20:00,2921.981,2930.455,2921.710,2926.416,90653400,3515465728.0000
2026-07-13 11:25:00,2926.216,2927.052,2921.590,2923.389,81376200,3257647104.0000
2026-07-13 11:30:00,2925.071,2925.651,2922.458,2923.108,65393500,2853847040.0000
2026-07-13 13:05:00,2922.667,2923.638,2913.436,2923.638,142300400,6613532672.0000
2026-07-13 13:10:00,2923.566,2925.166,2916.105,2918.253,77371300,3531177984.0000
2026-07-13 13:15:00,2918.146,2923.001,2916.377,2916.424,98995000,3708583936.0000
2026-07-13 13:20:00,2917.211,2917.338,2907.868,2908.468,126025200,5602557952.0000
2026-07-13 13:25:00,2908.735,2909.018,2901.688,2903.565,101478500,5097340928.0000
2026-07-13 13:30:00,2903.226,2907.612,2901.455,2903.682,94916900,3908059136.0000
2026-07-13 13:35:00,2904.380,2922.994,2904.380,2922.782,116073800,5066047488.0000
2026-07-13 13:40:00,2922.875,2934.840,2921.564,2932.233,147679000,4961910784.0000
2026-07-13 13:45:00,2932.545,2934.901,2923.590,2926.076,93922600,3530702848.0000
2026-07-13 13:50:00,2926.385,2926.568,2914.907,2915.925,77750700,2960310272.0000
2026-07-13 13:55:00,2916.632,2928.286,2916.632,2922.543,78127600,2837528576.0000
2026-07-13 14:00:00,2923.175,2925.997,2919.705,2922.569,77090700,3013738496.0000
2026-07-13 14:05:00,2922.625,2922.762,2918.523,2919.601,73613800,2474246144.0000
2026-07-13 14:10:00,2919.388,2919.715,2910.861,2912.225,85614000,3285155840.0000
2026-07-13 14:15:00,2912.336,2915.497,2909.423,2909.633,98991500,3342860288.0000
2026-07-13 14:20:00,2909.423,2913.249,2908.006,2909.904,92777000,3411378176.0000
2026-07-13 14:25:00,2909.586,2910.251,2905.198,2905.622,83452200,3480158208.0000
2026-07-13 14:30:00,2905.485,2910.121,2904.440,2908.828,94041500,3109634048.0000
2026-07-13 14:35:00,2908.794,2909.365,2901.620,2904.824,128139400,3980722176.0000
2026-07-13 14:40:00,2905.183,2912.368,2904.929,2908.799,102965400,3675176960.0000
2026-07-13 14:45:00,2908.983,2910.120,2906.202,2909.662,144137200,3889397760.0000
2026-07-13 14:50:00,2909.685,2920.599,2909.685,2917.448,142775900,4925276160.0000
2026-07-13 14:55:00,2917.689,2917.689,2911.418,2911.831,164713100,4575543296.0000
2026-07-13 15:00:00,2911.529,2913.188,2911.252,2913.188,126351000,3823484928.0000
2026-07-14 09:35:00,2909.930,2915.797,2903.455,2903.455,502516100,20775096320.0000
2026-07-14 09:40:00,2903.753,2906.852,2901.340,2904.045,333607400,14174842880.0000
2026-07-14 09:45:00,2904.689,2905.578,2899.040,2900.619,251886400,10898374656.0000
2026-07-14 09:50:00,2900.772,2900.955,2896.124,2897.341,212297700,9013768192.0000
2026-07-14 09:55:00,2898.163,2908.298,2895.401,2906.449,227456900,9039380480.0000
2026-07-14 10:00:00,2906.250,2906.346,2903.061,2903.622,137749000,5608837120.0000
2026-07-14 10:05:00,2902.575,2910.335,2901.330,2909.031,109830800,4772708352.0000
2026-07-14 10:10:00,2909.346,2910.801,2905.826,2908.255,128896400,5166964736.0000
2026-07-14 10:15:00,2907.872,2910.146,2906.031,2910.146,104566300,4233805824.0000
2026-07-14 10:20:00,2911.420,2915.199,2907.886,2915.035,115188500,4411957248.0000
2026-07-14 10:25:00,2915.172,2915.822,2912.392,2914.511,144190400,5781151744.0000
2026-07-14 10:30:00,2915.051,2915.051,2910.233,2912.382,90956000,4093272064.0000
2026-07-14 10:35:00,2912.902,2916.087,2910.808,2910.808,85637200,3328827392.0000
2026-07-14 10:40:00,2910.429,2910.436,2906.231,2909.022,90851800,3930677248.0000
2026-07-14 10:45:00,2908.869,2913.353,2906.460,2906.591,85464600,3588268032.0000
2026-07-14 10:50:00,2906.803,2907.662,2900.340,2900.827,115299700,5632212992.0000
2026-07-14 10:55:00,2900.655,2903.371,2896.267,2899.882,111959500,4961976320.0000
2026-07-14 11:00:00,2899.624,2900.904,2893.749,2894.732,122712200,6197772288.0000
2026-07-14 11:05:00,2894.765,2900.128,2893.994,2893.994,114264100,4436492288.0000
2026-07-14 11:10:00,2894.397,2894.397,2884.958,2886.313,134768200,5989416960.0000
2026-07-14 11:15:00,2886.095,2886.291,2877.304,2882.468,150286000,6152380416.0000
2026-07-14 11:20:00,2882.494,2887.009,2880.824,2882.847,99955900,4180262912.0000
2026-07-14 11:25:00,2883.386,2883.386,2875.361,2877.412,99943600,3833561088.0000
2026-07-14 11:30:00,2877.205,2889.014,2876.632,2888.710,81987900,3331964928.0000
2026-07-14 13:05:00,2894.364,2915.277,2894.364,2914.171,215156500,9542795264.0000
2026-07-14 13:10:00,2913.668,2923.204,2912.913,2923.204,143750700,6349930496.0000
2026-07-14 13:15:00,2923.277,2925.514,2916.088,2918.493,118855400,5491884032.0000
2026-07-14 13:20:00,2917.880,2919.969,2911.287,2915.362,113339000,3978084352.0000
2026-07-14 13:25:00,2915.916,2924.604,2915.916,2922.990,97698900,3544940544.0000
2026-07-14 13:30:00,2922.730,2925.398,2920.192,2924.742,97095600,4763123712.0000
2026-07-14 13:35:00,2925.139,2933.679,2924.512,2926.427,138651900,6430425088.0000
2026-07-14 13:40:00,2926.559,2928.733,2922.887,2924.879,102549800,3878076416.0000
2026-07-14 13:45:00,2924.835,2925.471,2921.794,2925.135,140195800,4170416128.0000
2026-07-14 13:50:00,2924.001,2925.051,2920.003,2923.582,125483000,3631955968.0000
2026-07-14 13:55:00,2923.104,2923.671,2916.746,2920.700,116006100,3443490816.0000
2026-07-14 14:00:00,2920.380,2927.712,2920.093,2924.850,116421900,3486466048.0000
2026-07-14 14:05:00,2924.876,2930.333,2923.646,2929.315,132986100,3647930368.0000
2026-07-14 14:10:00,2929.723,2933.797,2929.094,2929.984,108600000,3216015360.0000
2026-07-14 14:15:00,2930.047,2937.364,2930.047,2937.364,97833700,3027271680.0000
2026-07-14 14:20:00,2937.088,2939.260,2935.826,2937.483,170353900,3887661056.0000
2026-07-14 14:25:00,2937.161,2937.161,2932.942,2935.065,97792600,3084058624.0000
2026-07-14 14:30:00,2935.212,2937.420,2934.993,2937.358,96858800,2892677120.0000
2026-07-14 14:35:00,2937.350,2946.713,2936.831,2946.108,110574100,4218404864.0000
2026-07-14 14:40:00,2945.525,2949.518,2944.440,2949.518,112312900,4148019200.0000
2026-07-14 14:45:00,2949.113,2949.180,2943.414,2944.719,128122500,4405641216.0000
2026-07-14 14:50:00,2945.093,2949.470,2944.629,2949.088,133078400,4553834496.0000
2026-07-14 14:55:00,2949.242,2952.835,2947.151,2952.586,166041900,5739331584.0000
2026-07-14 15:00:00,2952.659,2955.553,2952.352,2955.553,167788700,5646417920.0000
2026-07-15 09:35:00,2955.764,2965.185,2953.598,2960.575,563770700,26749673472.0000
2026-07-15 09:40:00,2960.642,2960.642,2951.724,2957.407,414822900,16393715712.0000
2026-07-15 09:45:00,2957.475,2959.323,2948.093,2958.617,321592700,14997622784.0000
2026-07-15 09:50:00,2957.975,2960.244,2957.140,2957.390,259093600,10680373248.0000
2026-07-15 09:55:00,2957.440,2962.525,2954.175,2962.292,222529600,8473239552.0000
2026-07-15 10:00:00,2962.914,2967.721,2961.158,2966.343,167637600,7538950144.0000
2026-07-15 10:05:00,2966.455,2971.676,2965.142,2970.177,161980400,6151364608.0000
2026-07-15 10:10:00,2970.462,2970.462,2964.319,2964.345,189327500,6814818304.0000
2026-07-15 10:15:00,2964.138,2965.873,2960.322,2965.489,131722200,6107299840.0000
2026-07-15 10:20:00,2965.413,2967.553,2962.345,2962.358,134634200,4921966592.0000
2026-07-15 10:25:00,2962.055,2964.482,2959.951,2963.700,132876000,4979195904.0000
2026-07-15 10:30:00,2963.557,2966.499,2962.353,2965.858,101568700,4543045632.0000
2026-07-15 10:35:00,2966.125,2970.092,2965.742,2969.881,140398700,5546663936.0000
2026-07-15 10:40:00,2969.323,2972.039,2967.241,2967.241,107917500,4921335808.0000
2026-07-15 10:45:00,2967.550,2968.757,2963.076,2965.436,85652200,3996819456.0000
2026-07-15 10:50:00,2966.064,2970.127,2965.783,2965.783,84865700,3383820288.0000
2026-07-15 10:55:00,2966.205,2966.411,2962.771,2964.329,81410500,4022984704.0000
2026-07-15 11:00:00,2964.370,2965.262,2962.161,2962.943,71450300,2841985024.0000
2026-07-15 11:05:00,2962.958,2962.958,2959.976,2961.182,68039300,3079503872.0000
2026-07-15 11:10:00,2961.113,2964.978,2959.049,2964.468,75485400,3696640000.0000
2026-07-15 11:15:00,2964.506,2966.740,2962.172,2966.294,75346900,3108552704.0000
2026-07-15 11:20:00,2966.613,2966.716,2958.912,2960.175,76572100,2917531648.0000
2026-07-15 11:25:00,2959.377,2959.759,2956.153,2958.356,74065800,4084056064.0000
2026-07-15 11:30:00,2957.885,2967.049,2957.885,2966.815,83342500,3179266048.0000
2026-07-15 13:05:00,2966.696,2967.679,2962.130,2963.080,142485600,6224068608.0000
2026-07-15 13:10:00,2962.081,2963.949,2957.613,2959.765,80847200,4610703360.0000
2026-07-15 13:15:00,2959.834,2963.124,2957.625,2959.006,118673900,4403462144.0000
2026-07-15 13:20:00,2959.071,2970.028,2958.699,2969.404,89374600,3609100288.0000
2026-07-15 13:25:00,2969.235,2970.477,2966.246,2969.366,87793500,3344908288.0000
2026-07-15 13:30:00,2969.240,2974.654,2969.240,2973.335,84290300,3489873920.0000
2026-07-15 13:35:00,2973.409,2975.477,2971.552,2972.330,73283200,3362275328.0000
2026-07-15 13:40:00,2971.989,2976.269,2969.950,2973.963,80004200,2939174912.0000
2026-07-15 13:45:00,2973.594,2982.133,2973.594,2980.693,86308800,3367403520.0000
2026-07-15 13:50:00,2980.389,2983.412,2977.250,2979.251,204003700,5035425792.0000
2026-07-15 13:55:00,2979.158,2980.236,2975.508,2979.746,81917300,2586165248.0000
2026-07-15 14:00:00,2979.349,2979.349,2972.503,2974.089,63373200,2212184064.0000
2026-07-15 14:05:00,2974.179,2974.179,2969.351,2971.389,79955000,2842443776.0000
2026-07-15 14:10:00,2971.808,2972.426,2969.291,2969.291,82967500,2886942720.0000
2026-07-15 14:15:00,2969.174,2972.181,2967.544,2971.096,77530900,2860023808.0000
2026-07-15 14:20:00,2971.074,2974.048,2969.080,2969.250,78225600,2699067392.0000
2026-07-15 14:25:00,2969.443,2969.458,2965.560,2966.203,74301400,2780168192.0000
2026-07-15 14:30:00,2966.186,2973.749,2966.186,2971.284,126808500,3638673408.0000
2026-07-15 14:35:00,2971.505,2972.213,2964.644,2967.259,104755000,3816062976.0000
2026-07-15 14:40:00,2967.427,2968.730,2965.866,2966.830,97194500,3478781952.0000
2026-07-15 14:45:00,2966.607,2969.362,2964.574,2969.362,104770400,3806838784.0000
2026-07-15 14:50:00,2969.295,2971.254,2965.159,2966.916,101619400,4052320256.0000
2026-07-15 14:55:00,2967.189,2968.922,2965.988,2966.400,126895000,4564156416.0000
2026-07-15 15:00:00,2966.257,2967.242,2965.941,2967.070,121373100,4712644608.0000
2026-07-16 09:35:00,2927.315,2938.622,2921.552,2921.839,533480800,25353910272.0000
2026-07-16 09:40:00,2922.064,2933.049,2921.843,2932.508,361386300,15322839040.0000
2026-07-16 09:45:00,2932.268,2936.999,2932.189,2933.619,286043900,12121100288.0000
2026-07-16 09:50:00,2933.461,2939.294,2931.090,2938.320,244042100,8703320064.0000
2026-07-16 09:55:00,2937.898,2939.415,2933.724,2937.114,171287200,6881439744.0000
2026-07-16 10:00:00,2936.835,2941.758,2936.539,2941.231,235002600,7039463424.0000
2026-07-16 10:05:00,2940.979,2941.202,2934.505,2935.525,151054600,5287215104.0000
2026-07-16 10:10:00,2935.325,2940.680,2931.684,2940.680,155014400,4628529152.0000
2026-07-16 10:15:00,2941.029,2941.215,2936.465,2937.357,143364800,5081128960.0000
2026-07-16 10:20:00,2937.498,2942.264,2937.498,2939.729,121970000,4983095296.0000
2026-07-16 10:25:00,2939.524,2943.955,2939.086,2941.717,118241900,4166705152.0000
2026-07-16 10:30:00,2941.790,2944.925,2940.825,2944.090,92184200,4025999360.0000
2026-07-16 10:35:00,2944.216,2946.938,2941.901,2944.687,125983200,4843323392.0000
2026-07-16 10:40:00,2944.767,2946.390,2939.945,2940.378,93695400,3940352000.0000
2026-07-16 10:45:00,2939.681,2944.879,2937.901,2944.836,86031800,3711868928.0000
2026-07-16 10:50:00,2944.943,2948.947,2942.828,2943.794,93384600,3581853696.0000
2026-07-16 10:55:00,2944.015,2946.021,2941.407,2945.421,68997500,2908004352.0000
2026-07-16 11:00:00,2945.163,2946.005,2942.917,2943.530,62274900,2385608704.0000
2026-07-16 11:05:00,2943.204,2944.950,2941.855,2942.129,49555300,2167259136.0000
2026-07-16 11:10:00,2942.231,2943.352,2940.200,2941.451,67511700,2354675712.0000
2026-07-16 11:15:00,2941.404,2942.337,2937.554,2937.643,53209200,2369863680.0000
2026-07-16 11:20:00,2937.801,2939.409,2935.070,2935.157,47227800,2127691776.0000
2026-07-16 11:25:00,2935.089,2936.514,2932.151,2932.392,48446300,2444607488.0000
2026-07-16 11:30:00,2932.189,2938.255,2932.189,2937.767,47057600,2043027456.0000
2026-07-16 13:05:00,2937.227,2937.227,2929.653,2933.807,107020000,6055657472.0000
2026-07-16 13:10:00,2933.146,2935.121,2930.854,2931.781,79556100,3616636928.0000
2026-07-16 13:15:00,2931.745,2933.456,2928.566,2932.942,77297300,3632545792.0000
2026-07-16 13:20:00,2932.528,2933.768,2928.687,2933.443,83781400,3357868032.0000
2026-07-16 13:25:00,2933.358,2936.305,2932.597,2933.970,75875900,2949251072.0000
2026-07-16 13:30:00,2933.685,2934.825,2931.970,2932.206,90108800,3754475520.0000
2026-07-16 13:35:00,2932.474,2932.474,2927.205,2929.121,76239500,4020748288.0000
2026-07-16 13:40:00,2929.142,2929.142,2922.660,2923.151,71885900,3855646720.0000
2026-07-16 13:45:00,2923.518,2926.999,2922.582,2924.019,66036100,3520561152.0000
2026-07-16 13:50:00,2924.355,2925.070,2917.556,2918.876,79358400,4809211904.0000
2026-07-16 13:55:00,2918.487,2920.994,2915.282,2915.567,70878400,3129540608.0000
2026-07-16 14:00:00,2915.854,2916.780,2912.863,2913.824,70550600,3398238208.0000
2026-07-16 14:05:00,2914.055,2916.536,2909.779,2912.621,75322500,3427942400.0000
2026-07-16 14:10:00,2912.457,2917.700,2911.012,2911.670,77197500,3074752512.0000
2026-07-16 14:15:00,2911.335,2913.373,2908.666,2909.021,74706300,3532947456.0000
2026-07-16 14:20:00,2909.404,2909.430,2906.105,2906.160,67904400,3126788096.0000
2026-07-16 14:25:00,2906.267,2907.745,2904.313,2905.287,78153100,3239428096.0000
2026-07-16 14:30:00,2905.231,2906.741,2903.429,2904.840,77496200,3196420096.0000
2026-07-16 14:35:00,2904.902,2905.355,2897.570,2897.570,109700200,4086595584.0000
2026-07-16 14:40:00,2897.343,2898.182,2892.412,2895.028,130012900,5106909184.0000
2026-07-16 14:45:00,2895.362,2901.133,2895.362,2898.602,121781600,4599726080.0000
2026-07-16 14:50:00,2898.715,2899.935,2893.368,2893.510,132394000,4731830272.0000
2026-07-16 14:55:00,2893.697,2898.928,2892.045,2898.620,136834300,5229772800.0000
2026-07-16 15:00:00,2898.994,2904.119,2898.868,2904.119,116299500,4400300032.0000
2026-07-17 09:35:00,2887.093,2890.099,2866.713,2868.272,480351900,23173175296.0000
2026-07-17 09:40:00,2867.446,2872.945,2866.479,2870.544,413560300,16285419520.0000
2026-07-17 09:45:00,2870.205,2874.396,2867.491,2871.159,271893700,10835263488.0000
2026-07-17 09:50:00,2871.389,2871.389,2864.529,2869.255,274105300,10146095104.0000
2026-07-17 09:55:00,2869.478,2875.285,2867.837,2872.899,230733000,8807440384.0000
2026-07-17 10:00:00,2872.628,2874.386,2869.491,2871.986,164714200,7578894336.0000
2026-07-17 10:05:00,2872.021,2872.021,2864.925,2869.316,153991600,6017327104.0000
2026-07-17 10:10:00,2869.185,2869.315,2861.121,2861.155,113968000,4461928448.0000
2026-07-17 10:15:00,2861.086,2863.484,2859.052,2861.360,117629500,4725735424.0000
2026-07-17 10:20:00,2861.630,2862.281,2856.180,2859.635,120225200,3981352960.0000
2026-07-17 10:25:00,2859.640,2859.640,2854.692,2858.695,97759500,4126875648.0000
2026-07-17 10:30:00,2859.046,2859.046,2852.638,2854.492,94178900,3713417216.0000
2026-07-17 10:35:00,2854.424,2854.424,2849.554,2851.259,123509700,4156407808.0000
2026-07-17 10:40:00,2851.694,2852.736,2846.455,2849.558,118265100,4736761856.0000
2026-07-17 10:45:00,2849.751,2853.379,2848.336,2848.651,133328400,4918730752.0000
2026-07-17 10:50:00,2848.298,2851.533,2841.462,2842.650,114550400,5159821312.0000
2026-07-17 10:55:00,2842.276,2847.618,2841.545,2842.162,88537100,4032479232.0000
2026-07-17 11:00:00,2842.160,2850.113,2842.160,2847.716,87342100,3445825536.0000
2026-07-17 11:05:00,2847.945,2863.767,2847.945,2863.566,104888200,3866066944.0000
2026-07-17 11:10:00,2863.807,2868.653,2862.776,2864.003,129587100,3893903360.0000
2026-07-17 11:15:00,2864.060,2864.060,2855.465,2863.331,102727700,3069247488.0000
2026-07-17 11:20:00,2863.829,2867.001,2856.527,2857.453,115728500,3251748864.0000
2026-07-17 11:25:00,2857.953,2858.601,2854.228,2854.287,73678000,2714271744.0000
2026-07-17 11:30:00,2854.293,2856.791,2853.093,2854.401,66094500,2394308608.0000
2026-07-17 13:05:00,2854.135,2854.135,2845.604,2846.564,154215200,5238652928.0000
2026-07-17 13:10:00,2847.208,2848.767,2845.429,2848.281,160894200,4492869632.0000
2026-07-17 13:15:00,2849.135,2853.441,2844.684,2846.742,183627000,5116166144.0000
2026-07-17 13:20:00,2846.655,2847.458,2842.558,2842.558,133471700,4625268736.0000
2026-07-17 13:25:00,2842.688,2843.635,2839.052,2839.649,148448800,4718133248.0000
2026-07-17 13:30:00,2839.491,2845.412,2836.582,2842.220,147818000,4099751936.0000
2026-07-17 13:35:00,2842.249,2844.259,2835.572,2836.279,125233100,3614310400.0000
2026-07-17 13:40:00,2836.137,2836.230,2825.159,2825.489,145731800,4535140352.0000
2026-07-17 13:45:00,2826.062,2827.280,2817.443,2817.611,167604900,4879286272.0000
2026-07-17 13:50:00,2817.569,2824.632,2814.356,2823.439,166753000,5040783360.0000
2026-07-17 13:55:00,2824.123,2828.209,2818.489,2821.702,123080400,3403907072.0000
2026-07-17 14:00:00,2822.209,2837.073,2818.692,2836.923,108390700,3677798400.0000
2026-07-17 14:05:00,2837.140,2848.765,2837.105,2843.081,128614100,5064294400.0000
2026-07-17 14:10:00,2843.381,2853.070,2837.895,2852.845,102352200,3742826496.0000
2026-07-17 14:15:00,2852.776,2864.801,2851.579,2863.745,128739300,5561942016.0000
2026-07-17 14:20:00,2863.660,2864.412,2854.566,2854.828,122865800,4854743040.0000
2026-07-17 14:25:00,2854.523,2862.260,2854.076,2856.744,113282000,3446456320.0000
2026-07-17 14:30:00,2856.661,2860.547,2851.097,2851.423,109623300,3147087872.0000
2026-07-17 14:35:00,2851.533,2855.862,2851.010,2854.682,114565000,3535568896.0000
2026-07-17 14:40:00,2854.245,2854.245,2845.802,2845.802,140294500,4175708160.0000
2026-07-17 14:45:00,2846.284,2846.995,2839.387,2840.354,141978200,4719804416.0000
2026-07-17 14:50:00,2839.666,2839.666,2834.623,2835.159,163499100,4890509312.0000
2026-07-17 14:55:00,2834.589,2834.715,2824.056,2824.510,172811100,5701222400.0000
2026-07-17 15:00:00,2825.134,2827.682,2824.126,2827.671,148824600,5541232640.0000
2026-07-20 09:35:00,2852.252,2886.240,2852.252,2886.240,634185600,26433011712.0000
2026-07-20 09:40:00,2887.069,2887.509,2877.649,2877.849,352169100,14487830528.0000
2026-07-20 09:45:00,2877.999,2883.481,2875.973,2882.829,308206600,12198432768.0000
2026-07-20 09:50:00,2883.265,2889.416,2881.449,2887.745,371571000,11781509120.0000
2026-07-20 09:55:00,2887.757,2889.900,2880.880,2880.880,299522100,11664826368.0000
2026-07-20 10:00:00,2881.204,2899.583,2881.204,2898.241,288465800,9512460288.0000
2026-07-20 10:05:00,2898.047,2903.784,2893.630,2902.202,220932400,7344611328.0000
2026-07-20 10:10:00,2902.738,2905.180,2900.726,2901.433,279760700,8009138176.0000
2026-07-20 10:15:00,2901.992,2902.246,2895.482,2895.482,207081500,6893608960.0000
2026-07-20 10:20:00,2895.437,2895.624,2888.118,2891.926,174565400,6287507456.0000
2026-07-20 10:25:00,2891.933,2892.513,2884.581,2885.836,159451600,6022651904.0000
2026-07-20 10:30:00,2885.657,2889.981,2880.254,2880.254,141213000,4476067840.0000
2026-07-20 10:35:00,2879.812,2882.327,2874.200,2877.004,184299600,6181273600.0000
2026-07-20 10:40:00,2876.800,2884.131,2874.143,2882.903,181015500,5639290880.0000
2026-07-20 10:45:00,2882.787,2892.764,2881.533,2892.764,117611800,3943292928.0000
2026-07-20 10:50:00,2893.019,2899.541,2893.019,2899.114,133769000,3870031872.0000
2026-07-20 10:55:00,2899.494,2903.512,2898.449,2898.449,116625900,3428057088.0000
2026-07-20 11:00:00,2898.192,2905.188,2897.936,2903.948,102707800,2926886912.0000
2026-07-20 11:05:00,2904.132,2907.212,2899.739,2904.063,130983200,4227072000.0000
2026-07-20 11:10:00,2904.244,2906.187,2899.871,2905.874,109830700,3313827840.0000
2026-07-20 11:15:00,2905.759,2907.206,2900.095,2900.095,67164200,2608693248.0000
2026-07-20 11:20:00,2900.403,2902.029,2895.922,2896.809,69890500,2215100416.0000
2026-07-20 11:25:00,2896.479,2896.826,2892.199,2896.237,109202000,2444263424.0000
2026-07-20 11:30:00,2896.901,2900.201,2894.450,2895.916,94605100,2396291072.0000
2026-07-20 13:05:00,2896.485,2899.767,2893.295,2899.767,207107900,5143330816.0000
2026-07-20 13:10:00,2899.873,2900.050,2893.289,2897.974,134301500,3567091712.0000
2026-07-20 13:15:00,2897.678,2900.277,2891.521,2894.916,192269600,4273438720.0000
2026-07-20 13:20:00,2894.624,2897.599,2890.478,2897.294,110351800,3167830016.0000
2026-07-20 13:25:00,2896.961,2896.961,2890.751,2891.835,96138500,2582888448.0000
2026-07-20 13:30:00,2892.028,2896.668,2891.212,2891.305,154387000,3823747072.0000
2026-07-20 13:35:00,2891.242,2895.054,2891.242,2891.827,305605000,6317735936.0000
2026-07-20 13:40:00,2892.146,2894.820,2881.608,2881.608,160220000,4862246912.0000
2026-07-20 13:45:00,2881.564,2889.006,2875.285,2875.285,136263800,4411277312.0000
2026-07-20 13:50:00,2874.919,2885.258,2866.578,2880.543,165664700,5311086592.0000
2026-07-20 13:55:00,2880.217,2886.310,2873.409,2874.270,112008200,3377692672.0000
2026-07-20 14:00:00,2873.966,2874.997,2869.196,2871.988,116822500,3626631168.0000
2026-07-20 14:05:00,2872.952,2889.329,2870.487,2889.245,108592700,3758342144.0000
2026-07-20 14:10:00,2888.986,2891.348,2876.723,2876.723,102773000,3210788864.0000
2026-07-20 14:15:00,2876.313,2877.768,2869.519,2874.948,206660700,4078174208.0000
2026-07-20 14:20:00,2874.773,2877.737,2872.124,2876.256,129875100,3342172160.0000
2026-07-20 14:25:00,2876.416,2879.636,2866.915,2866.915,131545700,3527786496.0000
2026-07-20 14:30:00,2866.016,2886.477,2865.601,2878.158,217126900,5457231872.0000
2026-07-20 14:35:00,2878.098,2879.305,2866.425,2872.253,162369700,5596430336.0000
2026-07-20 14:40:00,2873.131,2881.603,2873.131,2878.017,217211600,6563397632.0000
2026-07-20 14:45:00,2877.742,2895.724,2877.742,2895.724,222950300,7488552960.0000
2026-07-20 14:50:00,2895.936,2908.059,2895.936,2907.673,237786700,7984496640.0000
2026-07-20 14:55:00,2908.103,2909.219,2904.042,2906.218,182119300,6672564224.0000
2026-07-20 15:00:00,2906.685,2912.853,2903.723,2912.853,237966100,6727499776.0000
2026-07-21 09:35:00,2953.009,2953.009,2908.097,2919.459,653132300,21313161216.0000
2026-07-21 09:40:00,2918.875,2919.926,2906.989,2906.989,399175100,12398247936.0000
2026-07-21 09:45:00,2907.840,2913.160,2906.407,2912.159,325037000,10581837824.0000
2026-07-21 09:50:00,2912.680,2917.488,2909.960,2913.320,261244600,8793067520.0000
2026-07-21 09:55:00,2913.903,2917.785,2912.459,2916.174,274710800,9337475072.0000
2026-07-21 10:00:00,2916.240,2918.051,2910.558,2914.091,223723000,8268771328.0000
2026-07-21 10:05:00,2913.607,2916.450,2909.178,2909.193,266771900,9531293696.0000
2026-07-21 10:10:00,2909.084,2914.725,2907.580,2907.859,248078100,9194872832.0000
2026-07-21 10:15:00,2907.112,2911.296,2904.479,2908.562,256851300,8445026304.0000
2026-07-21 10:20:00,2909.228,2913.938,2908.874,2910.138,189401900,6075195392.0000
2026-07-21 10:25:00,2910.171,2922.931,2909.588,2922.051,215304300,6695469056.0000
2026-07-21 10:30:00,2922.227,2926.935,2920.444,2924.163,184853000,7129137152.0000
2026-07-21 10:35:00,2924.091,2930.168,2924.091,2926.782,188944400,7044071424.0000
2026-07-21 10:40:00,2926.341,2932.236,2926.039,2927.506,192970700,7302668288.0000
2026-07-21 10:45:00,2927.372,2928.104,2921.501,2922.737,147671400,5589950464.0000
2026-07-21 10:50:00,2922.569,2930.173,2922.569,2929.809,176100900,6841532416.0000
2026-07-21 10:55:00,2929.289,2932.797,2927.801,2931.437,151968400,7431962624.0000
2026-07-21 11:00:00,2931.945,2934.233,2929.066,2929.211,137836800,6563381248.0000
2026-07-21 11:05:00,2929.239,2935.871,2929.239,2934.062,188199900,7897956352.0000
2026-07-21 11:10:00,2933.671,2939.001,2931.617,2935.865,195832300,8209088512.0000
2026-07-21 11:15:00,2935.472,2936.391,2929.504,2929.504,164160200,6338691072.0000
2026-07-21 11:20:00,2929.149,2936.291,2929.149,2930.902,130867200,4592746496.0000
2026-07-21 11:25:00,2931.168,2932.040,2924.862,2927.035,139878900,4571234304.0000
2026-07-21 11:30:00,2926.973,2932.267,2926.139,2932.103,132845400,4683710464.0000
2026-07-21 13:05:00,2932.532,2943.209,2932.532,2942.066,226003400,9796747264.0000
2026-07-21 13:10:00,2942.232,2944.956,2940.546,2941.787,140415400,5466243072.0000
2026-07-21 13:15:00,2941.832,2943.624,2939.681,2941.367,122370900,4467654656.0000
2026-07-21 13:20:00,2941.155,2942.963,2936.751,2941.224,117469400,4420878336.0000
2026-07-21 13:25:00,2941.000,2941.996,2936.889,2941.340,98780500,3661250560.0000
2026-07-21 13:30:00,2941.276,2945.591,2940.808,2943.295,102764600,3228712960.0000
2026-07-21 13:35:00,2943.379,2945.061,2939.592,2940.553,93895600,3043409920.0000
2026-07-21 13:40:00,2940.294,2944.276,2940.138,2944.276,98575200,3059318784.0000
2026-07-21 13:45:00,2944.368,2948.209,2943.780,2947.524,87685400,2743844864.0000
2026-07-21 13:50:00,2947.221,2951.804,2946.154,2951.804,86926000,3118596096.0000
2026-07-21 13:55:00,2951.383,2955.214,2950.598,2954.665,91266700,3461660672.0000
2026-07-21 14:00:00,2954.610,2956.092,2949.742,2950.372,95968300,3240935424.0000
2026-07-21 14:05:00,2950.424,2956.567,2949.855,2955.521,86247500,2894036992.0000
2026-07-21 14:10:00,2955.420,2957.688,2953.811,2956.906,81875300,3727114240.0000
2026-07-21 14:15:00,2957.221,2959.932,2955.227,2959.917,98274600,3440427008.0000
2026-07-21 14:20:00,2959.826,2961.672,2958.981,2960.657,98836900,3600105472.0000
2026-07-21 14:25:00,2960.340,2960.655,2958.685,2959.727,79556000,2905309184.0000
2026-07-21 14:30:00,2960.034,2960.459,2954.915,2957.153,117095800,3403284480.0000
2026-07-21 14:35:00,2957.506,2963.635,2957.196,2963.328,112753800,4138156032.0000
2026-07-21 14:40:00,2963.671,2969.513,2963.671,2969.088,128675600,4619927552.0000
2026-07-21 14:45:00,2969.099,2971.410,2968.799,2971.352,129951000,4386668544.0000
2026-07-21 14:50:00,2971.513,2972.012,2967.690,2969.125,148443000,4613079040.0000
2026-07-21 14:55:00,2969.231,2971.248,2968.943,2970.790,158596900,4844355584.0000
2026-07-21 15:00:00,2970.655,2973.834,2970.655,2973.813,136797900,4735598592.0000
2026-07-22 09:35:00,2954.881,2973.609,2954.881,2973.224,636205900,28196966400.0000
2026-07-22 09:40:00,2972.885,2974.085,2970.018,2973.554,446183600,17554640896.0000
2026-07-22 09:45:00,2973.000,2979.472,2972.049,2976.160,333755100,13975187456.0000
2026-07-22 09:50:00,2975.425,2982.776,2975.057,2980.541,257367600,12213776384.0000
2026-07-22 09:55:00,2981.384,2987.036,2980.681,2985.946,273575300,10898259968.0000
2026-07-22 10:00:00,2985.822,2989.972,2983.863,2987.842,276082900,10295492608.0000
2026-07-22 10:05:00,2988.042,2992.741,2988.035,2992.741,209051900,6911221760.0000
2026-07-22 10:10:00,2993.075,2994.245,2988.950,2993.843,157994900,5647966208.0000
2026-07-22 10:15:00,2993.663,2995.240,2990.210,2992.290,157043300,5728813056.0000
2026-07-22 10:20:00,2992.566,2994.507,2991.610,2993.432,166311900,6416310272.0000
2026-07-22 10:25:00,2993.465,2998.113,2993.122,2996.783,151660100,6669385728.0000
2026-07-22 10:30:00,2997.053,3001.010,2996.509,3000.720,102048700,4588257280.0000
2026-07-22 10:35:00,3000.136,3001.539,2998.637,3000.254,159513000,5661212672.0000
2026-07-22 10:40:00,3000.269,3001.388,2996.791,2999.061,159483500,5697937408.0000
2026-07-22 10:45:00,2998.645,3000.940,2993.015,2997.486,140643200,5315248128.0000
2026-07-22 10:50:00,2997.563,3001.414,2996.435,3000.862,117000900,3882057728.0000
2026-07-22 10:55:00,3001.423,3005.561,3000.485,3005.561,105641200,3352723456.0000
2026-07-22 11:00:00,3005.693,3005.818,3002.418,3003.066,85919500,3270180864.0000
2026-07-22 11:05:00,3003.108,3003.988,2994.246,2994.839,90848500,3422912512.0000
2026-07-22 11:10:00,2995.404,2996.253,2991.105,2992.873,91606900,3539812352.0000
2026-07-22 11:15:00,2992.574,2994.847,2990.564,2992.958,74289600,2977562624.0000
2026-07-22 11:20:00,2993.227,2999.600,2993.104,2997.995,75919700,2993291264.0000
2026-07-22 11:25:00,2997.909,3004.217,2997.696,3004.217,69170600,2899460096.0000
2026-07-22 11:30:00,3003.666,3008.376,3003.666,3007.193,69869100,3277455360.0000
2026-07-22 13:05:00,3006.807,3006.807,2993.948,2994.660,131404000,5733597184.0000
2026-07-22 13:10:00,2993.773,2995.456,2991.110,2992.132,72027600,3389407232.0000
2026-07-22 13:15:00,2991.825,2994.430,2991.113,2994.353,82879100,3700539392.0000
2026-07-22 13:20:00,2994.527,2994.665,2987.429,2992.262,88431300,3572383744.0000
2026-07-22 13:25:00,2992.246,2993.784,2990.115,2993.784,163833600,4641570816.0000
2026-07-22 13:30:00,2993.797,2997.221,2989.507,2991.490,131294800,5264572416.0000
2026-07-22 13:35:00,2991.121,2991.121,2983.772,2990.243,123793100,5209391104.0000
2026-07-22 13:40:00,2990.070,2993.113,2988.386,2989.766,105138700,3804758016.0000
2026-07-22 13:45:00,2989.585,2993.197,2984.922,2987.965,78407500,3046375424.0000
2026-07-22 13:50:00,2987.892,2990.166,2986.969,2989.323,60923600,2370011136.0000
2026-07-22 13:55:00,2989.179,2991.277,2986.977,2987.151,73381300,2363441152.0000
2026-07-22 14:00:00,2987.053,2987.053,2980.922,2983.755,81611900,3497836544.0000
2026-07-22 14:05:00,2983.941,2988.982,2979.478,2979.785,106491500,3405496320.0000
2026-07-22 14:10:00,2979.931,2979.931,2974.295,2976.140,89410700,4320493568.0000
2026-07-22 14:15:00,2976.068,2976.677,2971.540,2974.517,100978400,4184621056.0000
2026-07-22 14:20:00,2974.341,2982.089,2974.098,2978.043,82066800,3247538176.0000
2026-07-22 14:25:00,2978.819,2986.612,2978.819,2986.374,78023900,2985951232.0000
2026-07-22 14:30:00,2986.244,2986.350,2977.951,2977.973,67409900,2438840320.0000
2026-07-22 14:35:00,2977.782,2986.202,2977.057,2983.569,90620200,3071492096.0000
2026-07-22 14:40:00,2983.463,2984.577,2981.759,2983.198,96906600,3232202752.0000
2026-07-22 14:45:00,2983.344,2987.452,2982.611,2983.558,106740100,3528491008.0000
2026-07-22 14:50:00,2983.705,2984.202,2980.812,2981.676,121630700,4462559232.0000
2026-07-22 14:55:00,2981.771,2984.312,2980.844,2982.990,156628100,5339594752.0000
2026-07-22 15:00:00,2983.525,2991.047,2980.085,2991.047,196034400,6147162112.0000
2026-07-23 09:35:00,3003.503,3003.503,2978.948,2982.170,468448300,16938613760.0000
2026-07-23 09:40:00,2981.496,2985.866,2978.794,2984.712,287664400,10642488320.0000
2026-07-23 09:45:00,2984.025,2984.025,2975.351,2976.572,234232200,9254524928.0000
2026-07-23 09:50:00,2975.906,2979.254,2975.150,2977.972,173830500,7247245312.0000
2026-07-23 09:55:00,2978.365,2979.590,2972.396,2978.447,164614900,6173310976.0000
2026-07-23 10:00:00,2978.248,2979.611,2972.166,2975.553,146470200,5592702976.0000
2026-07-23 10:05:00,2975.345,2978.369,2974.486,2976.208,233490500,8159121408.0000
2026-07-23 10:10:00,2976.477,2979.922,2973.124,2975.399,220064600,7210192896.0000
2026-07-23 10:15:00,2975.464,2977.408,2975.412,2975.566,175909700,6102810624.0000
2026-07-23 10:20:00,2975.836,2981.059,2975.534,2980.165,170192100,6154764288.0000
2026-07-23 10:25:00,2980.348,2982.720,2979.162,2979.510,178210400,5852299264.0000
2026-07-23 10:30:00,2979.317,2979.746,2971.605,2974.220,130378300,6538125312.0000
2026-07-23 10:35:00,2974.477,2977.457,2972.913,2974.099,100488600,4252901376.0000
2026-07-23 10:40:00,2973.818,2978.049,2973.664,2977.145,111674200,3666837504.0000
2026-07-23 10:45:00,2977.003,2978.728,2974.002,2974.234,109487900,3753066496.0000
2026-07-23 10:50:00,2974.201,2976.848,2972.267,2974.518,114196200,4082565120.0000
2026-07-23 10:55:00,2975.011,2979.316,2974.236,2975.913,93573600,3272654848.0000
2026-07-23 11:00:00,2976.131,2977.387,2975.144,2976.610,76760900,3613704192.0000
2026-07-23 11:05:00,2976.632,2976.985,2970.749,2970.903,85553500,3711844352.0000
2026-07-23 11:10:00,2970.798,2972.068,2967.267,2968.403,80993300,4090241024.0000
2026-07-23 11:15:00,2968.589,2973.214,2966.897,2972.891,77194500,2957557760.0000
2026-07-23 11:20:00,2973.135,2975.735,2971.525,2973.847,64869800,2417483776.0000
2026-07-23 11:25:00,2973.775,2976.389,2970.833,2971.054,52789600,2130821120.0000
2026-07-23 11:30:00,2970.858,2972.004,2968.805,2970.909,51407700,1791377408.0000
2026-07-23 13:05:00,2971.659,2977.013,2971.659,2973.786,117012400,4105420800.0000
2026-07-23 13:10:00,2973.892,2984.032,2973.804,2984.032,78107800,3094167552.0000
2026-07-23 13:15:00,2984.424,2984.424,2978.699,2981.746,70523500,3081928704.0000
2026-07-23 13:20:00,2981.385,2983.411,2975.526,2975.556,87342000,2967994368.0000
2026-07-23 13:25:00,2975.597,2979.175,2975.597,2977.523,68657100,2397126656.0000
2026-07-23 13:30:00,2977.098,2983.990,2977.098,2981.414,95055500,3033989120.0000
2026-07-23 13:35:00,2981.500,2985.012,2980.050,2982.713,99251800,3138994176.0000
2026-07-23 13:40:00,2982.653,2985.137,2981.036,2981.036,91140300,2910683136.0000
2026-07-23 13:45:00,2980.744,2981.521,2976.985,2979.747,91742800,2732310528.0000
2026-07-23 13:50:00,2979.756,2981.465,2977.680,2979.233,74314000,2225094656.0000
2026-07-23 13:55:00,2978.975,2979.786,2976.258,2976.428,50498300,1914273792.0000
2026-07-23 14:00:00,2976.669,2977.873,2975.174,2976.291,67664500,2179694592.0000
2026-07-23 14:05:00,2976.075,2977.526,2974.644,2976.258,94982100,2479095808.0000
2026-07-23 14:10:00,2975.962,2978.148,2975.030,2976.592,84787100,1934508032.0000
2026-07-23 14:15:00,2976.563,2977.677,2975.425,2975.692,63361400,1857404928.0000
2026-07-23 14:20:00,2975.903,2978.008,2975.903,2977.898,89786700,2315272192.0000
2026-07-23 14:25:00,2978.011,2978.588,2975.498,2975.868,77821400,2302640128.0000
2026-07-23 14:30:00,2975.704,2978.815,2973.956,2978.555,82322900,2588803072.0000
2026-07-23 14:35:00,2978.834,2981.799,2976.491,2976.803,101308400,2962702336.0000
2026-07-23 14:40:00,2976.896,2980.967,2976.896,2979.822,80122000,2611527680.0000
2026-07-23 14:45:00,2980.016,2981.947,2979.134,2980.929,95606000,3107717120.0000
2026-07-23 14:50:00,2980.864,2981.086,2977.305,2977.561,121627200,3955998720.0000
2026-07-23 14:55:00,2978.014,2979.898,2977.510,2979.779,135285800,4386881536.0000
2026-07-23 15:00:00,2979.362,2980.157,2978.669,2978.770,127919300,4315660288.0000
2026-07-24 09:35:00,2971.509,2971.509,2950.168,2957.073,623867400,17870489600.0000
2026-07-24 09:40:00,2956.886,2961.244,2956.307,2958.530,334504000,10401540096.0000
2026-07-24 09:45:00,2958.613,2965.491,2958.214,2963.980,235312300,8156827648.0000
2026-07-24 09:50:00,2963.421,2969.634,2963.153,2966.433,189057900,6454325248.0000
2026-07-24 09:55:00,2966.756,2968.165,2964.134,2964.518,179618100,6186704896.0000
2026-07-24 10:00:00,2964.248,2965.610,2962.072,2962.547,140720500,4793118720.0000
2026-07-24 10:05:00,2962.898,2963.213,2958.770,2959.566,151295000,4393312256.0000
2026-07-24 10:10:00,2959.579,2965.913,2958.894,2963.824,131052800,3959775232.0000
2026-07-24 10:15:00,2964.468,2965.756,2962.698,2963.902,111897100,3716009984.0000
2026-07-24 10:20:00,2963.479,2964.271,2958.805,2962.228,97123700,3491450880.0000
2026-07-24 10:25:00,2961.942,2963.759,2958.619,2963.759,77709800,3688177664.0000
2026-07-24 10:30:00,2963.702,2965.011,2962.004,2962.083,92230900,3995648000.0000
2026-07-24 10:35:00,2962.341,2962.785,2958.016,2961.483,93766800,3285303296.0000
2026-07-24 10:40:00,2961.069,2961.137,2956.482,2956.520,96926700,3113893888.0000
2026-07-24 10:45:00,2956.100,2957.713,2953.477,2954.668,75226500,2582315008.0000
2026-07-24 10:50:00,2955.222,2960.603,2954.207,2959.402,93514800,2609135616.0000
2026-07-24 10:55:00,2958.428,2963.103,2957.880,2962.893,106545000,2966167552.0000
2026-07-24 11:00:00,2962.859,2962.859,2960.202,2960.202,70576000,2334654464.0000
2026-07-24 11:05:00,2960.666,2960.742,2955.964,2957.271,78861000,2415312896.0000
2026-07-24 11:10:00,2957.600,2958.341,2954.469,2954.469,61294100,1990426624.0000
2026-07-24 11:15:00,2954.137,2958.768,2954.137,2957.223,77008900,2278203392.0000
2026-07-24 11:20:00,2957.044,2957.536,2955.021,2956.438,79789100,2331058176.0000
2026-07-24 11:25:00,2956.035,2956.944,2953.352,2955.374,84326000,2507218944.0000
2026-07-24 11:30:00,2955.303,2960.196,2953.485,2958.014,107298400,2614321152.0000
2026-07-24 13:05:00,2958.484,2961.810,2957.854,2960.722,124311700,4376412160.0000
2026-07-24 13:10:00,2960.996,2969.434,2960.922,2966.868,98198700,4265730048.0000
2026-07-24 13:15:00,2966.913,2971.949,2965.294,2966.879,113566500,4493688832.0000
2026-07-24 13:20:00,2966.446,2967.183,2963.837,2966.267,78272600,3317432320.0000
2026-07-24 13:25:00,2966.553,2966.553,2960.176,2960.308,70724600,2627624960.0000
2026-07-24 13:30:00,2960.346,2965.366,2960.299,2961.776,76562600,2905866240.0000
2026-07-24 13:35:00,2961.954,2961.954,2957.766,2959.527,78464600,2476154880.0000
2026-07-24 13:40:00,2958.815,2959.746,2954.750,2954.750,64602400,2310766592.0000
2026-07-24 13:45:00,2954.909,2956.873,2953.019,2953.019,71403200,2393759744.0000
2026-07-24 13:50:00,2952.201,2954.968,2951.869,2953.211,75114100,2272731136.0000
2026-07-24 13:55:00,2952.755,2952.965,2950.445,2951.423,78098800,2332983296.0000
2026-07-24 14:00:00,2951.572,2952.256,2950.616,2951.836,98360300,2387165184.0000
2026-07-24 14:05:00,2951.759,2952.480,2950.254,2950.367,102631700,2671394816.0000
2026-07-24 14:10:00,2950.200,2950.455,2946.267,2950.352,99344500,3256500224.0000
2026-07-24 14:15:00,2950.380,2958.839,2950.182,2958.725,89674400,2744057856.0000
2026-07-24 14:20:00,2959.099,2960.249,2955.478,2956.717,90931100,2652405760.0000
2026-07-24 14:25:00,2957.062,2962.902,2957.062,2961.269,79934900,3017981952.0000
2026-07-24 14:30:00,2961.511,2963.402,2960.385,2960.509,96977200,3190013952.0000
2026-07-24 14:35:00,2960.574,2963.030,2951.124,2952.997,90417200,3170156544.0000
2026-07-24 14:40:00,2954.211,2954.211,2947.179,2948.081,108176300,3247980544.0000
2026-07-24 14:45:00,2947.926,2948.463,2945.464,2945.464,115831300,3813572608.0000
2026-07-24 14:50:00,2945.532,2945.541,2941.301,2943.590,143841300,4970315776.0000
2026-07-24 14:55:00,2943.382,2946.758,2942.040,2946.758,192969000,5849481216.0000
2026-07-24 15:00:00,2946.662,2956.346,2946.398,2956.346,207560000,6698991616.0000
2026-07-27 09:35:00,2976.920,2976.920,2931.607,2931.927,455786700,13923501056.0000
2026-07-27 09:40:00,2931.686,2931.838,2920.519,2922.166,327304300,14181286912.0000
2026-07-27 09:45:00,2922.119,2929.397,2921.943,2923.936,270347400,11571968000.0000
2026-07-27 09:50:00,2923.483,2933.698,2920.636,2932.635,191500300,7616868352.0000
2026-07-27 09:55:00,2933.156,2937.869,2930.850,2937.681,169447800,6178738176.0000
2026-07-27 10:00:00,2938.295,2944.900,2938.295,2941.941,204522500,8175783936.0000
2026-07-27 10:05:00,2942.512,2947.918,2940.502,2943.243,172996400,6243086336.0000
2026-07-27 10:10:00,2943.325,2946.970,2941.416,2946.892,106565400,4281786368.0000
2026-07-27 10:15:00,2946.587,2946.587,2937.345,2937.859,97223700,3818283008.0000
2026-07-27 10:20:00,2937.310,2939.047,2935.162,2938.357,105884900,3887243264.0000
2026-07-27 10:25:00,2938.120,2941.981,2937.910,2938.564,105948400,3219226624.0000
2026-07-27 10:30:00,2938.577,2940.876,2937.976,2939.222,80505700,2580905984.0000
2026-07-27 10:35:00,2939.125,2939.160,2934.484,2935.593,101141800,3219464192.0000
2026-07-27 10:40:00,2934.894,2934.899,2931.110,2931.800,94949000,3490717696.0000
2026-07-27 10:45:00,2931.872,2934.724,2931.294,2933.603,71548400,2370756608.0000
2026-07-27 10:50:00,2933.734,2935.229,2932.051,2932.856,65310800,2215944192.0000
2026-07-27 10:55:00,2932.620,2934.166,2930.102,2932.086,52131300,1900683264.0000
2026-07-27 11:00:00,2931.663,2934.117,2930.261,2930.635,59715700,1904304128.0000
2026-07-27 11:05:00,2929.862,2935.012,2929.862,2932.893,71045000,2012995584.0000
2026-07-27 11:10:00,2932.741,2934.172,2930.958,2931.749,54422000,1737506816.0000
2026-07-27 11:15:00,2932.162,2935.441,2932.045,2932.539,52114500,1769226240.0000
2026-07-27 11:20:00,2932.242,2933.779,2929.096,2930.681,53604200,1703198720.0000
2026-07-27 11:25:00,2930.719,2932.922,2928.740,2931.374,47069000,1380581376.0000
2026-07-27 11:30:00,2931.703,2933.252,2930.671,2931.673,32992300,1159995392.0000
2026-07-27 13:05:00,2932.032,2936.640,2931.333,2932.505,113684000,3210174464.0000
2026-07-27 13:10:00,2932.342,2934.017,2930.710,2933.489,97701800,2729492480.0000
2026-07-27 13:15:00,2933.162,2934.182,2929.706,2931.442,100836500,2836004864.0000
2026-07-27 13:20:00,2930.892,2933.175,2928.703,2928.834,97134400,2593341440.0000
2026-07-27 13:25:00,2928.572,2929.658,2927.163,2927.295,71116700,2141519872.0000
2026-07-27 13:30:00,2927.280,2927.427,2924.067,2926.171,72226200,2595651584.0000
2026-07-27 13:35:00,2926.034,2926.034,2919.461,2922.842,92453000,2969706496.0000
2026-07-27 13:40:00,2922.283,2925.356,2920.846,2924.218,56465400,1754775552.0000
2026-07-27 13:45:00,2924.016,2927.963,2924.006,2926.666,47818900,1556111360.0000
2026-07-27 13:50:00,2926.877,2931.238,2925.206,2930.946,51625000,1922875392.0000
2026-07-27 13:55:00,2930.986,2931.365,2928.827,2928.956,72551200,1952481280.0000
2026-07-27 14:00:00,2928.915,2930.623,2928.184,2929.811,57832000,1644904448.0000
2026-07-27 14:05:00,2930.036,2933.269,2929.671,2933.269,71100500,1979842560.0000
2026-07-27 14:10:00,2933.323,2938.699,2933.323,2937.953,83717000,2384543744.0000
2026-07-27 14:15:00,2937.923,2940.103,2935.131,2936.869,78229400,1997488128.0000
2026-07-27 14:20:00,2936.839,2937.262,2934.860,2936.146,74885200,1927380992.0000
2026-07-27 14:25:00,2936.613,2938.166,2935.323,2937.241,87026200,2440757248.0000
2026-07-27 14:30:00,2937.308,2940.176,2936.661,2940.176,64048600,1918025728.0000
2026-07-27 14:35:00,2940.167,2947.043,2940.167,2946.073,91781600,3204874240.0000
2026-07-27 14:40:00,2945.951,2949.586,2944.312,2949.538,87462100,3380510720.0000
2026-07-27 14:45:00,2949.394,2951.660,2946.913,2947.653,100055100,3965599744.0000
2026-07-27 14:50:00,2948.032,2948.842,2946.622,2948.678,108986800,3704193024.0000
2026-07-27 14:55:00,2948.666,2950.227,2948.449,2949.837,141087600,4424908800.0000
2026-07-27 15:00:00,2949.991,2950.606,2949.207,2950.432,127501800,4221714432.0000
2026-07-28 09:35:00,2921.311,2927.615,2917.888,2927.615,345940600,15518688256.0000
2026-07-28 09:40:00,2927.636,2929.474,2925.019,2925.019,257853700,9251382272.0000
2026-07-28 09:45:00,2925.076,2929.027,2923.884,2924.430,175486500,6605596672.0000
2026-07-28 09:50:00,2924.198,2925.740,2920.755,2923.221,219967500,7312707584.0000
2026-07-28 09:55:00,2923.315,2925.912,2919.562,2925.562,146194100,6529392640.0000
2026-07-28 10:00:00,2925.636,2927.023,2923.101,2925.483,126555700,5574221824.0000
2026-07-28 10:05:00,2925.398,2931.150,2924.333,2928.598,121766900,5486903296.0000
2026-07-28 10:10:00,2928.551,2929.551,2926.732,2927.682,233155700,5458432000.0000
2026-07-28 10:15:00,2927.713,2928.439,2922.085,2922.669,123912500,4258889728.0000
2026-07-28 10:20:00,2922.252,2922.271,2917.348,2917.809,133707000,4186861568.0000
2026-07-28 10:25:00,2918.060,2918.060,2914.115,2914.115,113030000,3338747904.0000
2026-07-28 10:30:00,2914.509,2914.509,2909.278,2911.790,97652400,3200303104.0000
2026-07-28 10:35:00,2911.499,2913.075,2909.381,2910.510,81463700,2878906368.0000
2026-07-28 10:40:00,2910.050,2910.107,2906.175,2907.492,87093200,3041173504.0000
2026-07-28 10:45:00,2908.065,2910.094,2906.495,2906.495,86680600,2875711488.0000
2026-07-28 10:50:00,2906.822,2908.452,2903.928,2906.344,91436300,3393028096.0000
2026-07-28 10:55:00,2906.359,2910.474,2905.681,2906.276,67655100,2901213184.0000
2026-07-28 11:00:00,2906.466,2907.666,2904.842,2906.170,73531000,2513215488.0000
2026-07-28 11:05:00,2906.109,2907.003,2902.395,2902.831,76866000,2705186816.0000
2026-07-28 11:10:00,2903.049,2904.447,2901.735,2903.757,66596200,2258501632.0000
2026-07-28 11:15:00,2904.183,2918.986,2903.630,2918.815,131245000,3301482496.0000
2026-07-28 11:20:00,2918.779,2925.973,2916.096,2923.820,150643300,3679100928.0000
2026-07-28 11:25:00,2923.532,2928.968,2922.030,2925.645,149235600,3278094336.0000
2026-07-28 11:30:00,2925.644,2927.367,2920.886,2920.886,86496100,2167160832.0000
2026-07-28 13:05:00,2920.920,2920.920,2913.884,2913.998,132572600,3617751040.0000
2026-07-28 13:10:00,2913.843,2916.836,2911.782,2916.078,66368800,2202419200.0000
2026-07-28 13:15:00,2916.668,2920.113,2915.731,2919.453,91778000,2056675328.0000
2026-07-28 13:20:00,2919.256,2920.169,2915.925,2916.870,71143600,1849589760.0000
2026-07-28 13:25:00,2916.380,2917.219,2914.120,2914.773,100394200,2393563136.0000
2026-07-28 13:30:00,2914.650,2915.063,2912.065,2913.743,84580200,2263269376.0000
2026-07-28 13:35:00,2913.440,2913.975,2908.285,2908.615,79358300,2916237312.0000
2026-07-28 13:40:00,2908.742,2915.791,2908.601,2915.791,67849800,2324078592.0000
2026-07-28 13:45:00,2915.619,2918.334,2915.207,2916.537,93168200,2224152576.0000
2026-07-28 13:50:00,2916.511,2917.350,2909.313,2910.388,67893100,1909653504.0000
2026-07-28 13:55:00,2910.333,2912.325,2909.037,2909.037,67319700,1852850176.0000
2026-07-28 14:00:00,2909.395,2910.641,2908.637,2910.346,66086400,1754030080.0000
2026-07-28 14:05:00,2910.623,2913.725,2910.497,2911.943,125179600,2346532864.0000
2026-07-28 14:10:00,2911.730,2912.008,2909.927,2910.120,65097300,1999781888.0000
2026-07-28 14:15:00,2909.772,2910.783,2907.991,2908.443,80082900,2447392768.0000
2026-07-28 14:20:00,2908.346,2910.021,2905.615,2909.726,126356200,3140485120.0000
2026-07-28 14:25:00,2909.626,2913.797,2909.626,2911.234,85346100,2294923264.0000
2026-07-28 14:30:00,2911.296,2912.286,2909.440,2912.286,89023400,2410823680.0000
2026-07-28 14:35:00,2912.322,2912.375,2906.334,2906.892,94457400,3194617856.0000
2026-07-28 14:40:00,2906.531,2906.856,2902.507,2904.721,121780900,4324524032.0000
2026-07-28 14:45:00,2904.897,2907.604,2902.873,2903.474,127050300,4000743424.0000
2026-07-28 14:50:00,2903.380,2908.808,2903.203,2908.808,185595200,4642586624.0000
2026-07-28 14:55:00,2909.183,2913.684,2909.183,2911.905,176067800,4681728000.0000
2026-07-28 15:00:00,2911.564,2923.205,2911.564,2923.205,248628800,6068387840.0000
2026-07-29 09:35:00,2948.705,2948.705,2911.407,2913.443,555768400,21380843520.0000
2026-07-29 09:40:00,2913.423,2918.000,2910.522,2911.483,275312100,11186333696.0000
2026-07-29 09:45:00,2911.441,2911.993,2900.548,2900.811,221840900,10658619392.0000
2026-07-29 09:50:00,2901.398,2901.598,2895.474,2896.355,232591000,10600931328.0000
2026-07-29 09:55:00,2896.049,2896.812,2892.814,2893.384,190609000,7002673152.0000
2026-07-29 10:00:00,2893.443,2894.278,2890.819,2891.065,183912000,6651781120.0000
2026-07-29 10:05:00,2890.890,2891.479,2887.450,2888.894,151319500,6116450304.0000
2026-07-29 10:10:00,2888.335,2890.787,2885.187,2890.737,165120900,7151927296.0000
2026-07-29 10:15:00,2891.194,2900.378,2890.503,2896.573,141787400,5369290752.0000
2026-07-29 10:20:00,2896.283,2897.729,2893.866,2894.226,106011100,3516989440.0000
2026-07-29 10:25:00,2893.765,2896.118,2890.969,2895.597,117522600,3727785984.0000
2026-07-29 10:30:00,2895.939,2904.252,2895.939,2902.558,175163400,7931428864.0000
2026-07-29 10:35:00,2902.864,2906.722,2902.207,2903.513,142110700,6091284480.0000
2026-07-29 10:40:00,2903.723,2904.502,2896.435,2897.633,113950800,3995189248.0000
2026-07-29 10:45:00,2897.688,2900.021,2896.180,2896.180,96600100,3173449728.0000
2026-07-29 10:50:00,2896.102,2897.642,2893.379,2893.379,88665900,3595075584.0000
2026-07-29 10:55:00,2893.320,2894.316,2890.642,2891.089,69879600,2845163520.0000
2026-07-29 11:00:00,2891.247,2898.401,2891.112,2897.063,87749600,2828443648.0000
2026-07-29 11:05:00,2897.320,2903.447,2897.320,2902.978,99356900,2976579584.0000
2026-07-29 11:10:00,2903.362,2908.992,2899.391,2908.992,102533100,3229384704.0000
2026-07-29 11:15:00,2908.999,2913.204,2908.865,2909.028,124992200,4360978432.0000
2026-07-29 11:20:00,2909.286,2911.339,2907.459,2907.695,63474800,2429558784.0000
2026-07-29 11:25:00,2907.612,2907.876,2901.595,2902.267,57886900,2021769216.0000
2026-07-29 11:30:00,2902.252,2903.539,2900.829,2901.529,68895100,1869594624.0000
2026-07-29 13:05:00,2900.246,2906.074,2893.082,2905.118,129432500,4665802752.0000
2026-07-29 13:10:00,2905.022,2909.583,2902.380,2909.376,112400400,4085497856.0000
2026-07-29 13:15:00,2909.526,2918.049,2908.303,2917.538,131658900,5539364864.0000
2026-07-29 13:20:00,2916.856,2917.805,2911.405,2913.359,113777800,4546985984.0000
2026-07-29 13:25:00,2913.186,2917.102,2911.067,2916.005,82578000,3084910592.0000
2026-07-29 13:30:00,2916.745,2921.382,2916.745,2919.464,79246000,3548889088.0000
2026-07-29 13:35:00,2919.897,2924.068,2916.898,2924.068,104148300,3596599296.0000
2026-07-29 13:40:00,2924.431,2928.110,2922.776,2928.110,85922300,3608887296.0000
2026-07-29 13:45:00,2928.081,2931.046,2926.572,2927.827,112775300,4243226624.0000
2026-07-29 13:50:00,2927.727,2929.111,2920.035,2920.086,77183200,2986737664.0000
2026-07-29 13:55:00,2919.702,2920.742,2913.467,2914.191,71517400,2696871936.0000
2026-07-29 14:00:00,2913.872,2916.543,2913.872,2914.425,68958600,2238824448.0000
2026-07-29 14:05:00,2914.625,2917.013,2909.769,2909.769,77927600,2338209792.0000
2026-07-29 14:10:00,2908.958,2908.967,2906.683,2907.102,62035400,2248589312.0000
2026-07-29 14:15:00,2907.200,2910.590,2905.793,2910.225,50947000,2024407040.0000
2026-07-29 14:20:00,2910.070,2913.448,2909.823,2911.933,71643400,2224766976.0000
2026-07-29 14:25:00,2911.219,2912.419,2906.495,2908.944,76991200,2301067264.0000
2026-07-29 14:30:00,2909.090,2912.787,2908.039,2911.460,70864900,1939111936.0000
2026-07-29 14:35:00,2911.220,2915.000,2911.220,2911.314,99834400,2538110976.0000
2026-07-29 14:40:00,2911.251,2911.892,2908.122,2908.122,80093700,2387148800.0000
2026-07-29 14:45:00,2908.649,2912.556,2908.399,2912.262,104632200,3026501632.0000
2026-07-29 14:50:00,2912.265,2919.375,2912.250,2918.777,112457900,3835035648.0000
2026-07-29 14:55:00,2918.813,2918.813,2915.231,2916.307,149102900,4745854976.0000
2026-07-29 15:00:00,2915.967,2918.474,2915.188,2915.188,150979100,4747837440.0000
2026-07-30 09:35:00,2902.381,2924.763,2902.381,2924.075,376001200,16084379648.0000
2026-07-30 09:40:00,2924.055,2926.585,2919.891,2921.713,291454700,11026059264.0000
2026-07-30 09:45:00,2921.395,2921.528,2916.208,2917.608,198383900,8019142656.0000
2026-07-30 09:50:00,2917.448,2921.280,2916.771,2920.836,248927400,9666117632.0000
2026-07-30 09:55:00,2920.544,2925.805,2920.297,2924.954,176444900,6855561216.0000
2026-07-30 10:00:00,2925.595,2926.347,2921.160,2921.387,170466300,5882347520.0000
2026-07-30 10:05:00,2921.221,2924.212,2919.308,2919.308,186109100,6313631744.0000
2026-07-30 10:10:00,2919.245,2919.385,2912.697,2914.959,153247300,6051868672.0000
2026-07-30 10:15:00,2914.683,2914.783,2907.728,2908.711,120106700,5185822720.0000
2026-07-30 10:20:00,2908.806,2910.287,2907.049,2909.899,167989200,5468086272.0000
2026-07-30 10:25:00,2910.499,2912.742,2909.217,2910.602,135816300,4219019264.0000
2026-07-30 10:30:00,2910.252,2912.885,2910.049,2910.594,154494700,4363059200.0000
2026-07-30 10:35:00,2911.478,2913.227,2907.660,2907.660,119008000,4284588032.0000
2026-07-30 10:40:00,2907.461,2908.544,2905.442,2906.396,126337600,4784046080.0000
2026-07-30 10:45:00,2906.731,2908.840,2903.738,2904.874,100660700,4007755776.0000
2026-07-30 10:50:00,2905.058,2907.361,2903.126,2903.702,83208800,3248275456.0000
2026-07-30 10:55:00,2902.962,2902.962,2894.417,2894.417,84184300,3521150976.0000
2026-07-30 11:00:00,2894.431,2895.040,2891.212,2893.728,92231800,4293328896.0000
2026-07-30 11:05:00,2893.107,2898.916,2891.300,2898.916,142441100,4088815616.0000
2026-07-30 11:10:00,2899.270,2906.249,2899.123,2901.652,120133000,3549913088.0000
2026-07-30 11:15:00,2901.815,2903.780,2898.361,2899.386,101702000,3331719168.0000
2026-07-30 11:20:00,2898.987,2901.170,2897.001,2897.265,101572900,3049693184.0000
2026-07-30 11:25:00,2897.858,2902.636,2895.517,2899.457,130623300,3741507584.0000
2026-07-30 11:30:00,2900.978,2902.033,2896.119,2896.772,96202100,3549110272.0000
2026-07-30 13:05:00,2896.406,2896.406,2881.523,2883.655,188104700,6212739072.0000
2026-07-30 13:10:00,2883.515,2899.525,2883.323,2898.492,148225900,5075582976.0000
2026-07-30 13:15:00,2898.853,2899.643,2892.054,2895.702,117074700,3859857408.0000
2026-07-30 13:20:00,2895.681,2896.619,2889.746,2894.521,109071700,3231744000.0000
2026-07-30 13:25:00,2894.121,2912.019,2893.430,2909.771,138071400,5997903872.0000
2026-07-30 13:30:00,2910.065,2918.883,2907.860,2918.170,178295700,7069433856.0000
2026-07-30 13:35:00,2918.093,2918.912,2912.500,2914.383,166023800,4907565056.0000
2026-07-30 13:40:00,2914.294,2914.927,2907.183,2908.735,125413300,3759439872.0000
2026-07-30 13:45:00,2908.723,2917.050,2908.723,2914.279,104358800,3518201856.0000
2026-07-30 13:50:00,2915.007,2921.940,2915.007,2916.688,107495000,3698409472.0000
2026-07-30 13:55:00,2917.133,2920.055,2911.417,2919.260,84028100,2800549888.0000
2026-07-30 14:00:00,2918.975,2921.564,2917.025,2918.775,79818800,3275767808.0000
2026-07-30 14:05:00,2918.909,2920.593,2915.667,2920.593,103158600,3195158528.0000
2026-07-30 14:10:00,2921.179,2924.564,2920.000,2921.337,85261200,3714580480.0000
2026-07-30 14:15:00,2920.915,2922.458,2917.841,2920.215,94433000,3034267648.0000
2026-07-30 14:20:00,2920.028,2925.540,2919.803,2925.540,81877500,2923184128.0000
2026-07-30 14:25:00,2925.905,2931.508,2925.636,2930.711,114078300,4911333376.0000
2026-07-30 14:30:00,2930.926,2931.030,2926.468,2929.426,128010500,3532013568.0000
2026-07-30 14:35:00,2929.474,2932.717,2922.619,2924.886,131754400,3458121728.0000
2026-07-30 14:40:00,2924.794,2924.806,2916.869,2917.378,96490900,3335946240.0000
2026-07-30 14:45:00,2917.389,2918.800,2915.406,2916.542,134589600,4078829568.0000
2026-07-30 14:50:00,2916.092,2916.499,2911.473,2911.473,133556000,4501389312.0000
2026-07-30 14:55:00,2911.282,2914.985,2911.242,2912.490,202544800,5601722368.0000
2026-07-30 15:00:00,2912.396,2926.475,2910.698,2926.475,263900200,7533068288.0000
2026-07-31 09:35:00,2944.938,2944.938,2931.534,2932.689,843547100,33651750912.0000
2026-07-31 09:40:00,2932.235,2938.808,2930.708,2936.830,351895300,13098317824.0000
2026-07-31 09:45:00,2936.354,2937.933,2933.447,2937.933,458370300,13473173504.0000
2026-07-31 09:50:00,2937.759,2941.884,2934.837,2936.630,365143600,9851756544.0000
2026-07-31 09:55:00,2936.344,2937.511,2934.202,2937.474,296511100,8429551616.0000
2026-07-31 10:00:00,2937.500,2939.828,2934.788,2939.778,270317500,7756496896.0000
2026-07-31 10:05:00,2940.722,2944.793,2940.039,2943.030,252852400,7614201856.0000
2026-07-31 10:10:00,2943.188,2946.172,2942.652,2943.692,194823500,6219005952.0000
2026-07-31 10:15:00,2943.561,2944.322,2938.176,2940.543,171277400,5246943232.0000
2026-07-31 10:20:00,2940.807,2940.870,2935.988,2940.870,180320700,10984480768.0000
2026-07-31 10:25:00,2940.511,2942.018,2935.954,2937.718,127983700,8202559488.0000
2026-07-31 10:30:00,2937.710,2938.129,2932.564,2934.631,125105700,5808005120.0000
2026-07-31 10:35:00,2934.664,2935.977,2931.493,2931.600,98285100,4802879488.0000
2026-07-31 10:40:00,2931.256,2932.119,2929.053,2929.357,113497300,3865583616.0000
2026-07-31 10:45:00,2928.911,2932.809,2928.770,2931.324,73505900,3353329664.0000
2026-07-31 10:50:00,2931.000,2931.978,2923.871,2923.871,91405400,3331588096.0000
2026-07-31 10:55:00,2923.463,2927.262,2922.282,2926.084,90650400,3513548800.0000
2026-07-31 11:00:00,2926.021,2929.653,2925.732,2928.684,83057800,2905014272.0000
2026-07-31 11:05:00,2928.554,2929.990,2924.871,2924.871,89841700,3652747264.0000
2026-07-31 11:10:00,2924.961,2924.961,2921.925,2922.533,69497800,2905718784.0000
2026-07-31 11:15:00,2922.276,2924.146,2919.406,2921.016,82755600,2750808064.0000
2026-07-31 11:20:00,2920.515,2925.708,2920.515,2925.034,59440200,2150285312.0000
2026-07-31 11:25:00,2925.481,2926.292,2920.385,2921.060,71161500,2506047488.0000
2026-07-31 11:30:00,2921.068,2926.158,2920.691,2925.155,54404900,1890271232.0000
2026-07-31 13:05:00,2926.277,2930.192,2923.128,2926.115,103619300,3844947968.0000
2026-07-31 13:10:00,2926.179,2927.598,2923.222,2923.793,51539400,2335948800.0000
2026-07-31 13:15:00,2923.918,2925.182,2921.997,2924.759,76890600,2196635648.0000
2026-07-31 13:20:00,2924.931,2928.567,2924.314,2928.234,70824400,2770157568.0000
2026-07-31 13:25:00,2928.592,2930.813,2925.926,2925.974,94260300,3333210112.0000
2026-07-31 13:30:00,2926.333,2927.131,2924.517,2926.905,76684800,2374729728.0000
2026-07-31 13:35:00,2926.738,2926.738,2921.967,2922.998,61168300,2093498368.0000
2026-07-31 13:40:00,2923.196,2925.315,2922.431,2925.105,71457300,2238136320.0000
2026-07-31 13:45:00,2925.588,2927.037,2924.490,2926.360,75543900,2025521152.0000
2026-07-31 13:50:00,2926.309,2928.816,2926.309,2928.816,95534400,2241003520.0000
2026-07-31 13:55:00,2928.222,2928.558,2925.967,2927.054,88034900,2088222720.0000
2026-07-31 14:00:00,2927.372,2928.536,2925.709,2928.536,87195300,2216443904.0000
2026-07-31 14:05:00,2928.318,2929.367,2926.168,2926.910,112641100,2472378368.0000
2026-07-31 14:10:00,2926.800,2928.066,2926.690,2927.170,81217000,2230403072.0000
2026-07-31 14:15:00,2927.588,2927.881,2925.822,2926.111,100725700,2729639936.0000
2026-07-31 14:20:00,2925.870,2928.756,2923.996,2928.562,94976700,2453618688.0000
2026-07-31 14:25:00,2928.798,2933.703,2927.638,2933.045,121508500,3239739392.0000
2026-07-31 14:30:00,2933.106,2935.523,2932.372,2934.768,97217600,2713600000.0000
2026-07-31 14:35:00,2934.496,2934.496,2927.643,2931.026,116649000,3058139136.0000
2026-07-31 14:40:00,2931.016,2935.249,2930.974,2933.794,128296900,3495362560.0000
2026-07-31 14:45:00,2933.792,2933.792,2927.410,2927.813,144270600,4600561664.0000
2026-07-31 14:50:00,2927.786,2929.220,2926.017,2927.694,155109400,4742578176.0000
2026-07-31 14:55:00,2927.295,2927.337,2925.487,2926.181,183782900,5200609280.0000
2026-07-31 15:00:00,2925.981,2927.441,2922.967,2922.967,204534800,5742231552.0000
2026-08-03 09:35:00,2908.509,2912.207,2905.812,2906.249,492444400,18102282240.0000
2026-08-03 09:40:00,2905.879,2907.782,2895.984,2896.381,338054300,12960225280.0000
2026-08-03 09:45:00,2896.768,2897.562,2890.675,2892.183,285513500,11082952704.0000
2026-08-03 09:50:00,2892.621,2898.871,2891.011,2894.503,266577700,8618975232.0000
2026-08-03 09:55:00,2894.782,2897.954,2892.902,2896.322,178552200,6257315840.0000
2026-08-03 10:00:00,2895.790,2898.546,2894.638,2896.833,156657900,5347037184.0000
2026-08-03 10:05:00,2896.251,2897.941,2893.767,2894.398,188150300,5368516608.0000
2026-08-03 10:10:00,2894.223,2894.495,2889.379,2889.904,180912200,4822425600.0000
2026-08-03 10:15:00,2890.347,2893.021,2886.354,2889.043,191287800,5072953344.0000
2026-08-03 10:20:00,2888.970,2890.921,2885.362,2890.429,156672900,4291846144.0000
2026-08-03 10:25:00,2890.604,2893.609,2888.112,2888.120,115517800,3757973504.0000
2026-08-03 10:30:00,2887.885,2887.945,2883.161,2883.614,118648600,3836690432.0000
2026-08-03 10:35:00,2883.683,2888.112,2882.446,2888.112,101710700,3412238336.0000
2026-08-03 10:40:00,2888.630,2889.409,2884.032,2884.965,94715800,2999844864.0000
2026-08-03 10:45:00,2884.915,2890.317,2883.933,2888.205,112684600,2716508160.0000
2026-08-03 10:50:00,2887.810,2889.598,2886.307,2887.209,97525700,2544214016.0000
2026-08-03 10:55:00,2887.305,2889.042,2886.698,2887.938,98092600,2388033536.0000
2026-08-03 11:00:00,2887.839,2891.955,2886.977,2890.219,80609300,2446114816.0000
2026-08-03 11:05:00,2890.132,2893.302,2888.110,2888.110,82507200,2641829888.0000
2026-08-03 11:10:00,2888.130,2888.730,2884.901,2886.498,63442200,2051481600.0000
2026-08-03 11:15:00,2886.331,2887.473,2885.090,2886.574,80899900,2261483520.0000
2026-08-03 11:20:00,2886.360,2886.672,2884.155,2884.422,70447900,2189025280.0000
2026-08-03 11:25:00,2885.054,2885.544,2883.105,2883.736,69140700,1930805248.0000
2026-08-03 11:30:00,2883.887,2884.673,2881.476,2883.470,58542200,1969340416.0000
2026-08-03 13:05:00,2883.677,2885.871,2881.912,2884.161,93070500,3009355776.0000
2026-08-03 13:10:00,2884.145,2884.562,2880.789,2881.831,71745500,2199117824.0000
2026-08-03 13:15:00,2881.167,2882.806,2880.622,2881.481,55009800,1737752576.0000
2026-08-03 13:20:00,2881.540,2882.307,2878.242,2878.322,77396800,2202476544.0000
2026-08-03 13:25:00,2878.085,2879.957,2877.714,2878.443,67069500,2059132928.0000
2026-08-03 13:30:00,2878.438,2879.028,2877.072,2877.886,73255700,2407636992.0000
2026-08-03 13:35:00,2877.821,2879.375,2876.009,2876.067,74420400,2418892800.0000
2026-08-03 13:40:00,2876.242,2876.242,2873.582,2873.607,63446600,2323939328.0000
2026-08-03 13:45:00,2873.834,2877.697,2873.557,2877.409,59830600,2318352384.0000
2026-08-03 13:50:00,2877.249,2877.917,2876.618,2877.321,51995900,1993408512.0000
2026-08-03 13:55:00,2877.366,2880.646,2877.196,2878.343,71461500,1954873344.0000
2026-08-03 14:00:00,2878.490,2879.197,2877.129,2877.129,63292100,2897100800.0000
2026-08-03 14:05:00,2877.165,2878.551,2875.918,2876.145,72647300,2830237696.0000
2026-08-03 14:10:00,2876.070,2876.851,2873.975,2875.859,64033700,2987425792.0000
2026-08-03 14:15:00,2876.467,2882.991,2876.467,2882.991,87730700,3362013184.0000
2026-08-03 14:20:00,2883.247,2883.899,2881.746,2883.525,112648100,2929459200.0000
2026-08-03 14:25:00,2883.566,2891.945,2883.566,2891.275,108333900,3278831616.0000
2026-08-03 14:30:00,2891.647,2892.657,2886.814,2887.148,95972400,2787966976.0000
2026-08-03 14:35:00,2886.799,2887.735,2883.096,2883.368,87695800,2821341184.0000
2026-08-03 14:40:00,2883.252,2884.388,2880.352,2880.482,82122100,3029008384.0000
2026-08-03 14:45:00,2880.695,2881.334,2879.891,2880.880,99710000,2917236736.0000
2026-08-03 14:50:00,2880.717,2882.238,2880.465,2882.014,107687800,3202039808.0000
2026-08-03 14:55:00,2881.764,2883.700,2881.414,2882.181,135837600,3935485952.0000
2026-08-03 15:00:00,2882.215,2887.054,2881.413,2887.054,136567100,4338089984.0000
2026-08-04 09:35:00,2890.985,2892.397,2884.944,2888.835,456603700,19153283072.0000
2026-08-04 09:40:00,2888.882,2890.701,2885.200,2885.247,330580500,9949452288.0000
2026-08-04 09:45:00,2885.166,2885.166,2876.307,2876.318,348537200,11428044800.0000
2026-08-04 09:50:00,2876.335,2880.286,2876.335,2878.665,280842700,8995401728.0000
2026-08-04 09:55:00,2878.606,2884.265,2878.537,2883.488,170980000,6941671424.0000
2026-08-04 10:00:00,2883.242,2883.242,2876.628,2876.628,273616700,7637590016.0000
2026-08-04 10:05:00,2876.162,2877.876,2873.218,2873.298,184611000,6433861632.0000
2026-08-04 10:10:00,2873.241,2875.548,2872.403,2874.534,141981800,4292354048.0000
2026-08-04 10:15:00,2874.769,2875.063,2872.143,2873.680,158151400,4408590336.0000
2026-08-04 10:20:00,2873.449,2874.314,2872.236,2873.789,114360100,2999312384.0000
2026-08-04 10:25:00,2873.863,2874.809,2869.497,2869.592,103481400,3158769664.0000
2026-08-04 10:30:00,2869.664,2872.640,2868.833,2870.956,109089700,2731302912.0000
2026-08-04 10:35:00,2870.440,2871.209,2869.522,2870.799,156023000,3151806464.0000
2026-08-04 10:40:00,2870.579,2874.439,2870.562,2871.548,124107100,3333718016.0000
2026-08-04 10:45:00,2871.505,2872.673,2869.640,2872.195,109522500,3092832256.0000
2026-08-04 10:50:00,2872.654,2873.142,2870.888,2870.934,101360700,3016605696.0000
2026-08-04 10:55:00,2870.976,2870.994,2868.958,2869.048,86565800,2315411456.0000
2026-08-04 11:00:00,2869.199,2871.699,2868.865,2869.223,61222000,1862385664.0000
2026-08-04 11:05:00,2869.398,2869.820,2868.335,2869.348,58068800,2146041856.0000
2026-08-04 11:10:00,2869.129,2873.223,2867.927,2873.223,66034500,1978351616.0000
2026-08-04 11:15:00,2873.119,2873.895,2871.094,2871.807,60572200,1567506432.0000
2026-08-04 11:20:00,2871.965,2872.779,2870.377,2871.667,59774000,1484996608.0000
2026-08-04 11:25:00,2871.888,2873.292,2871.771,2872.757,53432000,1976639488.0000
2026-08-04 11:30:00,2872.823,2875.655,2872.598,2874.577,85680000,3459252224.0000
2026-08-04 13:05:00,2874.791,2877.985,2873.739,2876.064,167263200,5458206720.0000
2026-08-04 13:10:00,2876.303,2879.549,2875.182,2877.657,87320000,3220922368.0000
2026-08-04 13:15:00,2877.947,2878.706,2874.088,2877.367,93508200,2925641728.0000
2026-08-04 13:20:00,2877.545,2877.911,2875.429,2876.043,83183300,2674237440.0000
2026-08-04 13:25:00,2875.967,2877.996,2875.633,2877.339,81196400,2653102080.0000
2026-08-04 13:30:00,2877.306,2880.053,2877.287,2880.053,91889500,3678527488.0000
2026-08-04 13:35:00,2879.942,2883.830,2879.942,2882.986,83079700,4733681664.0000
2026-08-04 13:40:00,2883.194,2885.198,2881.498,2885.021,72067900,3464036352.0000
2026-08-04 13:45:00,2884.967,2886.062,2884.366,2885.771,63476600,2809724928.0000
2026-08-04 13:50:00,2885.357,2886.424,2883.810,2883.810,61599900,2541158400.0000
2026-08-04 13:55:00,2883.956,2886.742,2883.185,2885.155,73855800,2456141824.0000
2026-08-04 14:00:00,2884.987,2885.114,2883.215,2885.046,72225400,2222456832.0000
2026-08-04 14:05:00,2885.269,2886.204,2884.002,2885.028,126713800,3414327296.0000
2026-08-04 14:10:00,2885.279,2886.384,2884.387,2885.972,80556200,2697723904.0000
2026-08-04 14:15:00,2886.022,2886.300,2882.140,2882.140,96332800,2995191808.0000
2026-08-04 14:20:00,2882.104,2882.714,2880.652,2881.794,111447300,3457187840.0000
2026-08-04 14:25:00,2881.887,2882.722,2880.541,2882.139,77608800,2431582208.0000
2026-08-04 14:30:00,2881.877,2883.393,2881.541,2881.806,74160000,2185773056.0000
2026-08-04 14:35:00,2882.072,2883.167,2877.431,2877.490,107351800,3115204608.0000
2026-08-04 14:40:00,2877.434,2879.399,2877.075,2877.967,105636600,2923282432.0000
2026-08-04 14:45:00,2877.917,2878.257,2875.783,2875.812,106978400,3141222400.0000
2026-08-04 14:50:00,2875.947,2877.445,2875.351,2876.507,143008500,3549315072.0000
2026-08-04 14:55:00,2876.505,2879.012,2876.505,2879.012,160951900,4263182336.0000
2026-08-04 15:00:00,2879.067,2880.168,2878.669,2878.669,186867000,4584341504.0000
2026-08-05 09:35:00,2882.509,2891.394,2882.509,2887.582,570364600,23491903488.0000
2026-08-05 09:40:00,2887.969,2898.371,2887.969,2897.844,385403100,16684261376.0000
2026-08-05 09:45:00,2898.038,2901.062,2896.923,2898.997,342802300,12326985728.0000
2026-08-05 09:50:00,2898.609,2900.253,2897.416,2897.761,308842600,10704056320.0000
2026-08-05 09:55:00,2897.541,2897.876,2892.970,2895.599,222925100,7758606336.0000
2026-08-05 10:00:00,2895.550,2898.405,2895.537,2895.537,229823800,7068303360.0000
2026-08-05 10:05:00,2895.374,2897.887,2895.172,2897.672,208657500,6222209024.0000
2026-08-05 10:10:00,2897.076,2901.318,2896.682,2900.093,184419600,6673178624.0000
2026-08-05 10:15:00,2900.224,2902.214,2899.236,2900.261,172210400,7151247360.0000
2026-08-05 10:20:00,2900.133,2905.759,2900.133,2905.759,142948200,5893488640.0000
2026-08-05 10:25:00,2905.263,2910.171,2905.263,2909.694,135640600,5451390976.0000
2026-08-05 10:30:00,2909.513,2910.576,2907.378,2908.992,104999600,3998072832.0000
2026-08-05 10:35:00,2908.971,2912.464,2907.686,2910.831,109888600,4164616192.0000
2026-08-05 10:40:00,2910.869,2912.111,2907.936,2908.309,87583100,3420864512.0000
2026-08-05 10:45:00,2908.166,2911.595,2906.847,2910.086,76815500,3046195200.0000
2026-08-05 10:50:00,2910.403,2911.421,2907.737,2911.421,62925500,2705080320.0000
2026-08-05 10:55:00,2911.312,2911.312,2907.599,2910.142,67513800,2959048704.0000
2026-08-05 11:00:00,2909.718,2910.711,2907.265,2907.955,75563900,2575450112.0000
2026-08-05 11:05:00,2908.211,2910.583,2908.211,2909.673,54607200,2587697152.0000
2026-08-05 11:10:00,2909.421,2911.789,2908.209,2911.598,53648900,2344157184.0000
2026-08-05 11:15:00,2911.715,2915.359,2911.715,2915.342,70494700,2840657920.0000
2026-08-05 11:20:00,2915.445,2919.545,2915.445,2917.297,86487500,4160405504.0000
2026-08-05 11:25:00,2916.867,2920.936,2916.099,2920.174,75756300,3196354560.0000
2026-08-05 11:30:00,2920.217,2922.514,2919.476,2920.238,91411100,3230793728.0000
2026-08-05 13:05:00,2920.449,2922.064,2918.495,2918.916,179669000,5889064960.0000
2026-08-05 13:10:00,2919.344,2919.682,2913.951,2915.230,140615300,3642736640.0000
2026-08-05 13:15:00,2914.525,2922.059,2913.920,2921.157,115668400,3952951296.0000
2026-08-05 13:20:00,2921.294,2925.550,2920.365,2924.212,92059100,3958816768.0000
2026-08-05 13:25:00,2924.456,2927.459,2924.321,2925.398,86251300,3916349440.0000
2026-08-05 13:30:00,2925.363,2928.042,2923.994,2924.112,136347400,4002103296.0000
2026-08-05 13:35:00,2923.790,2929.584,2923.790,2929.104,99939500,3880960000.0000
2026-08-05 13:40:00,2929.419,2930.640,2924.997,2927.121,151786000,3704258560.0000
2026-08-05 13:45:00,2927.413,2929.849,2926.328,2929.239,97579300,2911027200.0000
2026-08-05 13:50:00,2929.612,2930.613,2928.648,2929.191,97818900,3141058560.0000
2026-08-05 13:55:00,2929.128,2931.931,2928.945,2931.680,83940000,2885779456.0000
2026-08-05 14:00:00,2931.818,2932.397,2929.978,2930.857,83457100,2704097280.0000
2026-08-05 14:05:00,2930.634,2930.689,2927.150,2928.297,124167700,3185557504.0000
2026-08-05 14:10:00,2928.454,2928.454,2922.954,2925.848,113299300,3632513024.0000
2026-08-05 14:15:00,2925.633,2926.175,2922.684,2922.758,68913600,2627977216.0000
2026-08-05 14:20:00,2923.600,2923.609,2917.524,2917.846,87152600,3648782336.0000
2026-08-05 14:25:00,2917.996,2920.506,2917.484,2920.093,71179700,3080978432.0000
2026-08-05 14:30:00,2920.138,2922.520,2920.138,2922.199,82801600,2611724288.0000
2026-08-05 14:35:00,2922.362,2923.808,2921.265,2922.757,102666200,3163783168.0000
2026-08-05 14:40:00,2922.847,2924.722,2921.355,2921.514,94777900,3100311552.0000
2026-08-05 14:45:00,2921.529,2922.789,2921.306,2921.912,106252700,3137257472.0000
2026-08-05 14:50:00,2922.056,2923.910,2922.056,2923.875,116683200,3704127488.0000
2026-08-05 14:55:00,2923.876,2924.886,2922.994,2924.341,161978000,4849156096.0000
2026-08-05 15:00:00,2924.517,2924.956,2924.063,2924.063,172545500,5130010624.0000
2026-08-06 09:35:00,2913.414,2918.511,2911.177,2911.185,566659900,21032601600.0000
2026-08-06 09:40:00,2911.131,2916.198,2909.660,2916.198,283972500,11088474112.0000
2026-08-06 09:45:00,2916.523,2919.923,2912.994,2919.444,220615800,8846911488.0000
2026-08-06 09:50:00,2919.560,2921.151,2917.143,2917.751,195938700,7045885952.0000
2026-08-06 09:55:00,2917.479,2917.910,2911.847,2914.478,196229100,6676971520.0000
2026-08-06 10:00:00,2914.167,2918.630,2913.875,2918.281,149750800,5436112896.0000
2026-08-06 10:05:00,2918.291,2918.291,2915.383,2916.978,168636800,5811449856.0000
2026-08-06 10:10:00,2916.544,2917.885,2914.307,2917.771,122750700,4265803776.0000
2026-08-06 10:15:00,2917.715,2918.133,2914.293,2917.238,149858700,4171964416.0000
2026-08-06 10:20:00,2917.441,2920.890,2914.057,2920.211,119222100,4303151104.0000
2026-08-06 10:25:00,2919.784,2922.431,2918.922,2921.796,105131500,4454219776.0000
2026-08-06 10:30:00,2921.262,2923.121,2920.843,2921.280,113826400,4468375552.0000
2026-08-06 10:35:00,2921.199,2922.040,2917.861,2918.536,118791100,4352524288.0000
2026-08-06 10:40:00,2918.425,2920.685,2915.809,2916.309,116037500,4326850560.0000
2026-08-06 10:45:00,2916.134,2923.755,2915.860,2923.755,94858000,3893313536.0000
2026-08-06 10:50:00,2923.804,2925.671,2920.783,2923.758,104039100,4190101504.0000
2026-08-06 10:55:00,2923.506,2925.384,2923.041,2924.548,143229000,4303732736.0000
2026-08-06 11:00:00,2924.496,2925.051,2921.156,2921.156,81650500,3467567104.0000
2026-08-06 11:05:00,2920.705,2920.889,2916.135,2916.694,83398400,3383500800.0000
2026-08-06 11:10:00,2916.714,2918.073,2913.888,2917.047,113767900,3807936512.0000
2026-08-06 11:15:00,2917.210,2918.735,2913.251,2913.251,64864100,2631737344.0000
2026-08-06 11:20:00,2913.171,2914.743,2909.649,2910.124,106518500,3667337216.0000
2026-08-06 11:25:00,2910.277,2911.841,2909.084,2910.073,95794200,3212271616.0000
2026-08-06 11:30:00,2910.003,2913.478,2908.528,2913.349,81885400,2772361216.0000
2026-08-06 13:05:00,2913.555,2914.929,2911.287,2912.382,98392400,2952749056.0000
2026-08-06 13:10:00,2912.341,2914.959,2909.986,2910.678,61882200,2193645568.0000
2026-08-06 13:15:00,2910.615,2910.628,2907.431,2909.579,94387000,2677776384.0000
2026-08-06 13:20:00,2909.327,2910.067,2906.702,2907.306,105789000,2541682688.0000
2026-08-06 13:25:00,2907.766,2909.951,2907.360,2907.753,133003900,2575269888.0000
2026-08-06 13:30:00,2907.681,2910.427,2907.681,2908.914,147830400,2888548352.0000
2026-08-06 13:35:00,2908.643,2910.081,2906.752,2910.081,110494700,2483699712.0000
2026-08-06 13:40:00,2909.749,2911.323,2907.003,2907.525,88788000,2387230720.0000
2026-08-06 13:45:00,2907.310,2911.262,2906.453,2911.262,84755800,2504261632.0000
2026-08-06 13:50:00,2911.161,2912.863,2909.043,2910.171,71335800,1971372032.0000
2026-08-06 13:55:00,2910.251,2914.875,2910.190,2913.709,72211000,2010087424.0000
2026-08-06 14:00:00,2913.552,2915.281,2912.089,2915.218,87341800,2069839872.0000
2026-08-06 14:05:00,2915.087,2916.297,2912.965,2913.736,122634800,2662596608.0000
2026-08-06 14:10:00,2914.072,2915.022,2910.549,2910.703,77718200,2438692864.0000
2026-08-06 14:15:00,2910.933,2914.092,2910.719,2913.655,63641300,2458271744.0000
2026-08-06 14:20:00,2913.594,2914.090,2910.573,2912.308,61646800,2226339840.0000
2026-08-06 14:25:00,2912.124,2915.822,2912.124,2915.654,85866500,2253799424.0000
2026-08-06 14:30:00,2915.532,2917.008,2914.096,2917.008,65746700,2228649984.0000
2026-08-06 14:35:00,2916.951,2919.684,2916.158,2919.540,80776700,2484764672.0000
2026-08-06 14:40:00,2919.739,2921.342,2915.928,2915.928,75112100,2803744768.0000
2026-08-06 14:45:00,2916.397,2917.527,2914.561,2916.082,77521200,2598191104.0000
2026-08-06 14:50:00,2916.067,2917.690,2915.675,2917.131,84921100,2961506304.0000
2026-08-06 14:55:00,2917.403,2919.307,2916.925,2919.247,113305000,3773202432.0000
2026-08-06 15:00:00,2919.300,2920.218,2919.114,2920.135,124836800,4074192896.0000
