day,open,high,low,close,volume,amount
2026-06-08 14:50:00,8085.253,8098.083,8066.990,8071.359,506173500,10024255488.0000
2026-06-08 14:55:00,8070.816,8074.520,8063.225,8071.444,646987200,12871598080.0000
2026-06-08 15:00:00,8071.190,8081.261,8070.450,8081.261,631645800,12131434496.0000
2026-06-09 09:35:00,8178.823,8181.349,8119.712,8120.837,3466059000,66692657152.0000
2026-06-09 09:40:00,8121.195,8142.473,8117.836,8121.450,1813275700,35946762240.0000
2026-06-09 09:45:00,8120.604,8144.625,8117.184,8136.960,1384892400,27993235456.0000
2026-06-09 09:50:00,8136.800,8149.121,8130.904,8145.838,1097002200,23731085312.0000
2026-06-09 09:55:00,8146.517,8150.516,8096.577,8098.468,1074637700,21734490112.0000
2026-06-09 10:00:00,8098.268,8149.460,8097.372,8148.558,1059280500,20623523840.0000
2026-06-09 10:05:00,8151.739,8171.078,8145.239,8151.743,798168800,16144482304.0000
2026-06-09 10:10:00,8150.099,8170.725,8140.649,8166.150,760059800,15028535296.0000
2026-06-09 10:15:00,8165.781,8170.770,8156.819,8159.908,585806800,12124487680.0000
2026-06-09 10:20:00,8161.087,8161.087,8142.989,8144.726,549121900,11567677440.0000
2026-06-09 10:25:00,8145.352,8152.219,8119.833,8135.759,612300900,12675563520.0000
2026-06-09 10:30:00,8133.172,8160.330,8130.690,8157.845,552956400,10677207040.0000
2026-06-09 10:35:00,8157.012,8164.969,8143.433,8155.610,490396700,9569239040.0000
2026-06-09 10:40:00,8155.743,8155.743,8137.877,8146.927,434890200,8503066624.0000
2026-06-09 10:45:00,8148.434,8164.128,8144.683,8160.723,408345800,9415655424.0000
2026-06-09 10:50:00,8160.999,8167.694,8153.064,8159.527,419657600,9686024192.0000
2026-06-09 10:55:00,8160.631,8164.579,8145.790,8157.385,383707300,8333393920.0000
2026-06-09 11:00:00,8156.781,8170.769,8152.475,8160.538,363034900,8760000512.0000
2026-06-09 11:05:00,8161.216,8179.257,8157.084,8167.241,359232600,8058404864.0000
2026-06-09 11:10:00,8165.405,8196.308,8161.524,8196.308,388425100,7971799040.0000
2026-06-09 11:15:00,8196.720,8200.715,8188.997,8191.420,363244300,8290631680.0000
2026-06-09 11:20:00,8191.265,8193.357,8177.715,8177.715,350103300,7954333696.0000
2026-06-09 11:25:00,8177.498,8180.068,8160.078,8170.218,364412100,7449935872.0000
2026-06-09 11:30:00,8172.330,8196.620,8172.330,8193.066,291653900,6209241088.0000
2026-06-09 13:05:00,8197.404,8253.709,8197.404,8235.989,825271500,19404914688.0000
2026-06-09 13:10:00,8235.573,8235.811,8215.493,8217.373,530238600,11903926272.0000
2026-06-09 13:15:00,8217.725,8230.536,8213.592,8228.578,412783700,9839411200.0000
2026-06-09 13:20:00,8229.096,8237.250,8222.199,8231.922,433336500,9700311040.0000
2026-06-09 13:25:00,8228.676,8242.264,8227.810,8238.110,396137200,9691561984.0000
2026-06-09 13:30:00,8237.265,8241.112,8230.560,8240.654,388154100,8350892032.0000
2026-06-09 13:35:00,8240.563,8264.920,8240.109,8254.362,418178800,9277898752.0000
2026-06-09 13:40:00,8253.755,8261.929,8240.995,8252.935,374515500,8351907840.0000
2026-06-09 13:45:00,8253.937,8255.007,8242.406,8248.921,336130200,7398195200.0000
2026-06-09 13:50:00,8245.960,8265.566,8245.708,8263.725,358712500,7320109056.0000
2026-06-09 13:55:00,8264.054,8264.121,8255.994,8260.351,294188900,6731497472.0000
2026-06-09 14:00:00,8260.266,8262.237,8249.930,8250.276,307504000,7033126912.0000
2026-06-09 14:05:00,8250.121,8274.988,8250.121,8270.981,404631100,7962525696.0000
2026-06-09 14:10:00,8270.737,8283.871,8270.737,8280.628,378541700,7018708992.0000
2026-06-09 14:15:00,8280.242,8285.659,8274.225,8275.652,333072000,6913949696.0000
2026-06-09 14:20:00,8275.726,8287.333,8273.231,8284.332,326044600,6899040256.0000
2026-06-09 14:25:00,8284.657,8292.422,8278.220,8288.252,393113900,7265910784.0000
2026-06-09 14:30:00,8288.398,8306.514,8288.398,8304.036,454697100,8335949824.0000
2026-06-09 14:35:00,8304.367,8314.858,8304.367,8308.869,492574400,9607905280.0000
2026-06-09 14:40:00,8308.887,8309.421,8300.784,8307.692,491054400,9364865024.0000
2026-06-09 14:45:00,8307.865,8315.252,8307.429,8314.010,506683700,9773776896.0000
2026-06-09 14:50:00,8314.518,8322.109,8314.518,8316.670,589378900,11512774656.0000
2026-06-09 14:55:00,8315.925,8317.272,8312.022,8316.968,770669900,14736097280.0000
2026-06-09 15:00:00,8317.099,8318.698,8312.362,8318.698,723480600,13236436992.0000
2026-06-10 09:35:00,8232.023,8265.457,8231.283,8261.328,3319123700,71322435584.0000
2026-06-10 09:40:00,8262.233,8266.319,8244.350,8247.337,2089914000,41430343680.0000
2026-06-10 09:45:00,8245.130,8254.441,8235.656,8244.355,1557584600,30212874240.0000
2026-06-10 09:50:00,8244.580,8275.532,8244.580,8274.951,1168384900,24240603136.0000
2026-06-10 09:55:00,8272.911,8285.286,8260.244,8274.612,1006234000,21160099840.0000
2026-06-10 10:00:00,8274.055,8274.626,8237.530,8256.028,983715600,20505362432.0000
2026-06-10 10:05:00,8255.802,8256.459,8217.192,8217.192,852363200,17582997504.0000
2026-06-10 10:10:00,8217.347,8231.894,8204.969,8207.547,739329600,15806283776.0000
2026-06-10 10:15:00,8207.583,8216.033,8197.992,8201.064,632406600,13331218432.0000
2026-06-10 10:20:00,8200.833,8216.654,8186.102,8186.186,772401400,14493106176.0000
2026-06-10 10:25:00,8185.400,8196.664,8178.954,8179.448,621789900,12822249472.0000
2026-06-10 10:30:00,8179.360,8185.640,8163.557,8163.557,506482700,11284414464.0000
2026-06-10 10:35:00,8163.052,8172.270,8157.776,8162.215,552309500,10911940608.0000
2026-06-10 10:40:00,8164.537,8165.093,8139.899,8139.899,519668800,9561407488.0000
2026-06-10 10:45:00,8139.316,8173.706,8138.810,8166.566,446829800,8982560768.0000
2026-06-10 10:50:00,8166.604,8181.910,8158.959,8170.270,397922700,8380776448.0000
2026-06-10 10:55:00,8171.116,8187.172,8157.614,8157.614,369966000,7650836480.0000
2026-06-10 11:00:00,8156.639,8156.639,8140.828,8152.198,379014400,7386497024.0000
2026-06-10 11:05:00,8152.191,8174.905,8146.196,8151.387,419607600,7770439680.0000
2026-06-10 11:10:00,8154.935,8159.301,8146.494,8148.148,343939000,6626148352.0000
2026-06-10 11:15:00,8148.115,8163.418,8133.120,8163.418,428723400,8287354880.0000
2026-06-10 11:20:00,8164.238,8184.564,8164.238,8165.223,346465500,7474249728.0000
2026-06-10 11:25:00,8164.454,8164.454,8136.328,8146.674,326879500,7038074880.0000
2026-06-10 11:30:00,8146.413,8177.189,8146.413,8176.140,308401100,6376259584.0000
2026-06-10 13:05:00,8174.155,8174.155,8123.825,8145.726,725118200,14651752448.0000
2026-06-10 13:10:00,8146.508,8164.361,8140.831,8140.950,343650500,7636516864.0000
2026-06-10 13:15:00,8141.529,8142.820,8122.822,8133.733,404989300,8428519424.0000
2026-06-10 13:20:00,8133.698,8143.270,8129.375,8141.484,322860200,6754729984.0000
2026-06-10 13:25:00,8141.712,8153.388,8127.536,8146.542,389525500,7166296064.0000
2026-06-10 13:30:00,8144.208,8151.296,8135.158,8150.577,302419900,5666242560.0000
2026-06-10 13:35:00,8150.472,8150.472,8132.338,8133.041,366368900,7283507200.0000
2026-06-10 13:40:00,8132.221,8145.837,8127.538,8132.915,376113700,7130939392.0000
2026-06-10 13:45:00,8136.324,8156.308,8136.309,8136.309,319020800,6336741376.0000
2026-06-10 13:50:00,8135.845,8141.736,8112.248,8112.248,338804100,6892879872.0000
2026-06-10 13:55:00,8112.101,8138.769,8103.010,8137.613,415612100,7534215168.0000
2026-06-10 14:00:00,8137.894,8184.368,8137.894,8184.368,376178100,6904446976.0000
2026-06-10 14:05:00,8185.609,8200.020,8164.690,8164.690,356007900,7321812992.0000
2026-06-10 14:10:00,8164.566,8177.271,8150.652,8165.786,271005100,5571182592.0000
2026-06-10 14:15:00,8164.616,8183.679,8160.279,8164.714,255199900,5434179584.0000
2026-06-10 14:20:00,8164.371,8187.242,8158.621,8187.242,259601000,5292523520.0000
2026-06-10 14:25:00,8188.152,8213.893,8184.507,8185.134,359115300,7496105984.0000
2026-06-10 14:30:00,8186.510,8192.049,8182.777,8188.719,254240300,5667356672.0000
2026-06-10 14:35:00,8189.000,8213.360,8189.000,8197.175,373514700,8287059968.0000
2026-06-10 14:40:00,8196.969,8196.969,8180.233,8180.233,367981200,7910522880.0000
2026-06-10 14:45:00,8180.205,8183.301,8170.350,8183.135,481502300,9198731264.0000
2026-06-10 14:50:00,8181.779,8195.429,8180.507,8195.270,548030600,10422255616.0000
2026-06-10 14:55:00,8195.485,8211.392,8194.600,8198.143,737986900,13857914880.0000
2026-06-10 15:00:00,8198.134,8198.775,8196.088,8198.723,650152600,12541624320.0000
2026-06-11 09:35:00,8158.460,8194.821,8127.805,8139.234,3117549500,63603023872.0000
2026-06-11 09:40:00,8142.393,8162.206,8113.033,8124.354,1882057900,37628469248.0000
2026-06-11 09:45:00,8130.514,8184.634,8130.514,8178.615,1274720700,27999404032.0000
2026-06-11 09:50:00,8179.453,8223.527,8178.218,8216.539,1047699100,23616765952.0000
2026-06-11 09:55:00,8216.141,8216.141,8174.865,8177.115,891035400,20813004800.0000
2026-06-11 10:00:00,8180.607,8201.594,8163.824,8177.036,769422600,17830068224.0000
2026-06-11 10:05:00,8177.385,8177.385,8137.252,8141.793,801354000,16333422592.0000
2026-06-11 10:10:00,8141.123,8143.947,8131.307,8143.341,770404400,14557315072.0000
2026-06-11 10:15:00,8141.068,8150.489,8132.394,8146.466,607968800,12643565568.0000
2026-06-11 10:20:00,8146.705,8147.862,8111.846,8125.922,692759300,13844840448.0000
2026-06-11 10:25:00,8126.882,8141.482,8116.548,8134.222,582834600,12255641600.0000
2026-06-11 10:30:00,8135.578,8148.468,8120.714,8123.655,508633100,10668769280.0000
2026-06-11 10:35:00,8124.388,8147.049,8117.388,8117.831,515674100,11149656064.0000
2026-06-11 10:40:00,8118.962,8138.188,8116.561,8116.561,443953800,9281273856.0000
2026-06-11 10:45:00,8116.329,8126.407,8106.949,8106.949,459622200,9389309952.0000
2026-06-11 10:50:00,8106.758,8126.481,8096.511,8126.481,446634000,8890351616.0000
2026-06-11 10:55:00,8128.211,8140.401,8111.118,8111.118,410902300,8253571072.0000
2026-06-11 11:00:00,8109.594,8146.300,8108.228,8145.855,342416800,7766900736.0000
2026-06-11 11:05:00,8146.430,8146.766,8124.619,8136.101,350993700,8885272576.0000
2026-06-11 11:10:00,8136.365,8137.797,8107.359,8109.724,366184600,8405942272.0000
2026-06-11 11:15:00,8109.179,8109.179,8088.664,8101.332,432262200,9190604800.0000
2026-06-11 11:20:00,8103.442,8111.009,8088.683,8091.770,334061200,7150698496.0000
2026-06-11 11:25:00,8091.347,8104.730,8084.900,8093.700,299693100,6228803584.0000
2026-06-11 11:30:00,8093.800,8107.808,8090.628,8097.401,284336700,5900107776.0000
2026-06-11 13:05:00,8100.432,8147.488,8100.432,8117.235,689506200,14421393408.0000
2026-06-11 13:10:00,8117.804,8133.243,8111.935,8133.243,388598800,8607105024.0000
2026-06-11 13:15:00,8134.931,8155.341,8128.144,8152.756,387956900,9097641984.0000
2026-06-11 13:20:00,8152.885,8165.757,8151.710,8164.999,358283200,8123088896.0000
2026-06-11 13:25:00,8166.664,8179.385,8164.333,8168.519,377074000,8930394112.0000
2026-06-11 13:30:00,8167.835,8171.175,8153.945,8154.441,333241000,7099875328.0000
2026-06-11 13:35:00,8152.579,8157.235,8140.732,8151.734,337754600,7321845760.0000
2026-06-11 13:40:00,8151.967,8182.079,8151.871,8151.871,405959300,8322088960.0000
2026-06-11 13:45:00,8150.825,8161.390,8141.479,8141.479,278606500,6453198848.0000
2026-06-11 13:50:00,8140.690,8172.463,8135.338,8172.463,279735100,6107037696.0000
2026-06-11 13:55:00,8172.803,8184.399,8169.948,8172.975,327450200,7303331840.0000
2026-06-11 14:00:00,8173.062,8178.182,8151.468,8153.957,303494900,6974767104.0000
2026-06-11 14:05:00,8154.538,8155.894,8143.943,8144.227,297861800,6761873408.0000
2026-06-11 14:10:00,8142.953,8142.953,8109.561,8109.644,378861400,7792951296.0000
2026-06-11 14:15:00,8109.806,8110.499,8099.633,8106.647,374320900,8398012416.0000
2026-06-11 14:20:00,8107.116,8114.106,8102.330,8102.330,315261200,6877806592.0000
2026-06-11 14:25:00,8101.685,8117.596,8099.687,8117.148,321829500,6934200320.0000
2026-06-11 14:30:00,8117.420,8128.948,8108.516,8108.752,330576300,6829539328.0000
2026-06-11 14:35:00,8108.632,8138.017,8108.495,8121.762,393877500,7925432320.0000
2026-06-11 14:40:00,8122.177,8128.412,8113.296,8122.774,387402400,8279490560.0000
2026-06-11 14:45:00,8125.001,8138.620,8125.001,8133.789,457779400,9589686272.0000
2026-06-11 14:50:00,8134.705,8147.295,8134.620,8141.795,499264200,10756587520.0000
2026-06-11 14:55:00,8141.367,8157.156,8141.285,8157.156,648668900,13331136512.0000
2026-06-11 15:00:00,8156.911,8162.315,8156.464,8159.455,609857000,12555321344.0000
2026-06-12 09:35:00,8294.897,8299.263,8272.097,8280.147,3473678300,83247570944.0000
2026-06-12 09:40:00,8280.915,8295.661,8270.723,8288.852,1898835000,43510767616.0000
2026-06-12 09:45:00,8289.324,8291.224,8248.336,8250.789,1524622400,35088629760.0000
2026-06-12 09:50:00,8250.928,8276.776,8250.928,8264.546,1291087000,27661434880.0000
2026-06-12 09:55:00,8264.814,8277.335,8253.510,8266.153,1142587900,24537300992.0000
2026-06-12 10:00:00,8267.212,8288.691,8252.764,8288.691,981860700,22222094336.0000
2026-06-12 10:05:00,8287.446,8294.665,8266.982,8293.651,1068735300,22705782784.0000
2026-06-12 10:10:00,8293.489,8318.007,8293.489,8312.921,1061428500,19304267776.0000
2026-06-12 10:15:00,8313.919,8321.793,8306.897,8310.630,877942700,16904585216.0000
2026-06-12 10:20:00,8310.023,8310.023,8282.777,8300.378,791074700,16725934080.0000
2026-06-12 10:25:00,8300.900,8306.619,8286.523,8302.041,666872200,13727006720.0000
2026-06-12 10:30:00,8301.568,8301.975,8275.877,8275.896,639146900,13691453440.0000
2026-06-12 10:35:00,8274.896,8303.030,8270.737,8303.030,640403300,13585416192.0000
2026-06-12 10:40:00,8302.920,8311.333,8296.102,8311.333,565480400,12928811008.0000
2026-06-12 10:45:00,8312.490,8325.244,8303.607,8325.244,576897200,11425513472.0000
2026-06-12 10:50:00,8325.071,8340.340,8325.071,8338.060,515780000,11434885120.0000
2026-06-12 10:55:00,8338.616,8338.869,8328.209,8331.352,519452100,11019845632.0000
2026-06-12 11:00:00,8330.835,8334.971,8322.329,8331.344,526547600,10738139136.0000
2026-06-12 11:05:00,8330.976,8348.786,8330.201,8341.625,544833800,10335420416.0000
2026-06-12 11:10:00,8341.197,8341.197,8313.556,8314.176,537438400,11532894208.0000
2026-06-12 11:15:00,8313.796,8320.752,8305.374,8311.996,446760700,10186096640.0000
2026-06-12 11:20:00,8314.322,8332.010,8309.978,8325.659,404189000,8694333440.0000
2026-06-12 11:25:00,8322.909,8323.379,8312.146,8316.583,378868800,8483241984.0000
2026-06-12 11:30:00,8315.224,8319.779,8300.026,8300.325,404606500,8889401344.0000
2026-06-12 13:05:00,8301.162,8303.136,8273.296,8273.296,880291200,18488819712.0000
2026-06-12 13:10:00,8272.381,8280.663,8253.702,8253.702,549572600,12269355008.0000
2026-06-12 13:15:00,8253.473,8282.155,8253.376,8277.239,484533200,10751442944.0000
2026-06-12 13:20:00,8277.102,8277.146,8259.275,8259.275,441169000,9280094208.0000
2026-06-12 13:25:00,8259.473,8276.850,8259.399,8271.390,382919300,8711995392.0000
2026-06-12 13:30:00,8271.132,8277.997,8269.595,8270.150,347093200,7749795840.0000
2026-06-12 13:35:00,8269.836,8269.836,8240.895,8240.895,455475700,9850847232.0000
2026-06-12 13:40:00,8240.496,8255.609,8237.225,8242.258,379212700,8438448128.0000
2026-06-12 13:45:00,8242.329,8256.866,8234.761,8256.651,372069400,7752974336.0000
2026-06-12 13:50:00,8256.167,8263.458,8252.532,8261.834,302429000,7141523456.0000
2026-06-12 13:55:00,8261.436,8262.087,8234.857,8234.857,342991600,7784103936.0000
2026-06-12 14:00:00,8234.672,8234.672,8208.507,8217.425,491871500,10088546304.0000
2026-06-12 14:05:00,8217.338,8232.195,8212.711,8229.542,367820900,8436776960.0000
2026-06-12 14:10:00,8228.380,8230.841,8216.037,8217.373,326848700,7838171136.0000
2026-06-12 14:15:00,8216.821,8225.339,8214.325,8225.339,347474300,7787446272.0000
2026-06-12 14:20:00,8225.808,8227.947,8219.110,8223.114,296954600,6822166528.0000
2026-06-12 14:25:00,8223.245,8241.527,8223.245,8230.570,336452400,7524319232.0000
2026-06-12 14:30:00,8230.702,8232.548,8219.200,8219.354,355496200,8017936384.0000
2026-06-12 14:35:00,8219.300,8224.558,8207.612,8208.337,446919100,10044768256.0000
2026-06-12 14:40:00,8210.077,8210.698,8200.166,8208.562,519533900,11435376640.0000
2026-06-12 14:45:00,8208.418,8208.684,8190.493,8192.841,603553900,13221429248.0000
2026-06-12 14:50:00,8192.981,8197.495,8181.417,8197.495,705046800,14953218048.0000
2026-06-12 14:55:00,8198.166,8208.701,8198.166,8207.147,758353200,15411511296.0000
2026-06-12 15:00:00,8207.307,8210.049,8202.799,8202.799,886696700,18937151488.0000
2026-06-15 09:35:00,8269.397,8317.720,8269.397,8301.352,3643036400,78561517568.0000
2026-06-15 09:40:00,8299.864,8355.700,8282.035,8355.700,2164864000,43814887424.0000
2026-06-15 09:45:00,8357.038,8386.646,8357.038,8376.302,1626933100,35775414272.0000
2026-06-15 09:50:00,8377.970,8410.585,8377.970,8408.644,1288216100,29065494528.0000
2026-06-15 09:55:00,8409.795,8411.766,8393.608,8401.190,1057809300,23506583552.0000
2026-06-15 10:00:00,8400.793,8405.302,8389.068,8395.900,1006262500,21264547840.0000
2026-06-15 10:05:00,8396.154,8429.600,8396.154,8429.600,921496400,21315747840.0000
2026-06-15 10:10:00,8430.006,8430.006,8411.589,8425.839,849024300,18179129344.0000
2026-06-15 10:15:00,8426.287,8435.422,8420.791,8425.044,749136200,15937880064.0000
2026-06-15 10:20:00,8424.996,8425.382,8396.982,8401.879,780677300,15511552000.0000
2026-06-15 10:25:00,8402.189,8418.706,8402.189,8405.262,672166700,13440942080.0000
2026-06-15 10:30:00,8404.757,8426.536,8404.370,8425.308,560740100,12072747008.0000
2026-06-15 10:35:00,8425.471,8428.934,8421.781,8427.548,492024900,11074633728.0000
2026-06-15 10:40:00,8427.396,8433.920,8423.284,8432.125,429088500,9495740416.0000
2026-06-15 10:45:00,8431.250,8431.250,8403.120,8404.697,478232000,10990026752.0000
2026-06-15 10:50:00,8404.861,8420.952,8403.262,8406.085,468499300,9099116544.0000
2026-06-15 10:55:00,8405.465,8409.165,8393.695,8396.222,380242300,8396210176.0000
2026-06-15 11:00:00,8396.288,8419.368,8396.161,8418.601,348014200,7762051072.0000
2026-06-15 11:05:00,8418.364,8418.364,8406.111,8408.089,385810200,8093106176.0000
2026-06-15 11:10:00,8408.893,8426.957,8407.950,8424.721,320647000,7090176000.0000
2026-06-15 11:15:00,8424.982,8428.723,8421.817,8426.771,288029900,6627295232.0000
2026-06-15 11:20:00,8426.776,8437.174,8426.776,8433.999,283253300,6778880000.0000
2026-06-15 11:25:00,8433.941,8436.657,8421.038,8427.110,342779000,6962282496.0000
2026-06-15 11:30:00,8426.709,8433.241,8423.199,8431.494,277691000,6708264960.0000
2026-06-15 13:05:00,8433.838,8442.976,8430.904,8442.976,582931000,13764165632.0000
2026-06-15 13:10:00,8443.440,8450.480,8440.039,8447.099,385816200,9589948416.0000
2026-06-15 13:15:00,8447.167,8449.885,8419.215,8425.444,469698500,9998401536.0000
2026-06-15 13:20:00,8425.764,8444.659,8425.764,8440.718,349908900,8127381504.0000
2026-06-15 13:25:00,8441.074,8451.688,8440.880,8445.498,329251000,7476805632.0000
2026-06-15 13:30:00,8445.496,8457.839,8437.522,8457.839,382661000,8473018368.0000
2026-06-15 13:35:00,8458.106,8466.570,8457.807,8463.080,388772600,8884748288.0000
2026-06-15 13:40:00,8463.645,8464.865,8458.934,8463.191,335345700,7824867328.0000
2026-06-15 13:45:00,8461.771,8473.556,8459.212,8473.478,335240400,7311753216.0000
2026-06-15 13:50:00,8473.817,8477.804,8467.368,8471.198,329336400,7554203648.0000
2026-06-15 13:55:00,8470.623,8474.454,8463.691,8464.783,322152800,7050133504.0000
2026-06-15 14:00:00,8465.085,8469.720,8461.543,8469.720,263791300,5806030848.0000
2026-06-15 14:05:00,8469.741,8480.006,8463.004,8467.184,402058300,8043495424.0000
2026-06-15 14:10:00,8467.410,8472.534,8462.025,8471.053,273226000,6105399296.0000
2026-06-15 14:15:00,8471.410,8475.393,8469.475,8471.713,305395800,6421053440.0000
2026-06-15 14:20:00,8471.427,8476.814,8470.637,8476.814,263176500,5932449792.0000
2026-06-15 14:25:00,8477.431,8483.995,8477.420,8483.248,310422200,6789922816.0000
2026-06-15 14:30:00,8483.445,8484.933,8477.978,8478.870,351503700,7095910400.0000
2026-06-15 14:35:00,8479.139,8490.127,8474.407,8489.861,438349500,9048752128.0000
2026-06-15 14:40:00,8490.083,8495.446,8487.236,8495.446,380601400,8208777216.0000
2026-06-15 14:45:00,8495.584,8500.586,8494.626,8500.104,478372600,10230300672.0000
2026-06-15 14:50:00,8500.306,8509.711,8497.776,8509.531,572315200,11848384512.0000
2026-06-15 14:55:00,8509.625,8516.791,8506.812,8516.259,786136400,15996813312.0000
2026-06-15 15:00:00,8516.626,8521.233,8515.122,8521.233,750069300,15017312256.0000
2026-06-16 09:35:00,8534.270,8536.429,8517.227,8525.163,3281441700,76882018304.0000
2026-06-16 09:40:00,8525.004,8530.781,8508.908,8525.798,2015761700,45669236736.0000
2026-06-16 09:45:00,8525.491,8547.150,8524.089,8547.150,1517699700,34873950208.0000
2026-06-16 09:50:00,8546.243,8573.905,8546.243,8573.905,1298452800,30136320000.0000
2026-06-16 09:55:00,8574.731,8578.946,8567.963,8571.597,1035386700,23564222464.0000
2026-06-16 10:00:00,8571.204,8578.114,8566.424,8570.457,926920100,20937818112.0000
2026-06-16 10:05:00,8569.697,8572.977,8557.527,8560.009,884747700,21304754176.0000
2026-06-16 10:10:00,8559.946,8582.623,8554.265,8581.309,787603600,18008440832.0000
2026-06-16 10:15:00,8582.277,8593.668,8579.082,8584.932,708479800,16529178624.0000
2026-06-16 10:20:00,8584.805,8588.827,8577.665,8588.827,586117800,14265057280.0000
2026-06-16 10:25:00,8588.629,8595.135,8582.688,8592.036,524022800,12881428480.0000
2026-06-16 10:30:00,8592.114,8609.074,8592.114,8606.015,509038600,11671961600.0000
2026-06-16 10:35:00,8605.007,8627.014,8603.077,8627.010,516516400,11811291136.0000
2026-06-16 10:40:00,8627.207,8637.289,8627.102,8637.289,524840200,11821907968.0000
2026-06-16 10:45:00,8637.327,8651.147,8635.648,8651.147,566444400,11657248768.0000
2026-06-16 10:50:00,8651.208,8651.336,8642.004,8644.349,539623100,11046453248.0000
2026-06-16 10:55:00,8643.459,8644.807,8633.944,8641.772,481700200,10121347072.0000
2026-06-16 11:00:00,8640.857,8648.607,8636.200,8636.757,418791500,9052487680.0000
2026-06-16 11:05:00,8637.000,8650.126,8637.000,8642.699,369362300,8359051264.0000
2026-06-16 11:10:00,8642.960,8646.497,8633.597,8640.211,374734200,8401879040.0000
2026-06-16 11:15:00,8640.569,8654.936,8640.569,8654.936,287724300,6951534592.0000
2026-06-16 11:20:00,8655.166,8662.315,8651.732,8658.311,328366800,7730298880.0000
2026-06-16 11:25:00,8657.959,8659.859,8645.960,8655.281,304339300,6974930944.0000
2026-06-16 11:30:00,8655.506,8662.693,8654.642,8658.724,313269200,7227703296.0000
2026-06-16 13:05:00,8660.973,8667.340,8650.100,8667.340,726975200,15834644480.0000
2026-06-16 13:10:00,8666.780,8679.562,8666.634,8674.341,462348400,10312941568.0000
2026-06-16 13:15:00,8673.466,8676.469,8663.734,8674.236,442811300,9707225088.0000
2026-06-16 13:20:00,8673.776,8673.776,8632.961,8638.497,523885400,11257085952.0000
2026-06-16 13:25:00,8638.788,8648.119,8634.624,8644.151,397845800,9100361728.0000
2026-06-16 13:30:00,8643.906,8654.583,8634.783,8652.187,409539100,9469394944.0000
2026-06-16 13:35:00,8652.177,8653.367,8629.456,8646.943,485348200,10492411904.0000
2026-06-16 13:40:00,8647.439,8648.683,8630.511,8630.981,399241300,9325051904.0000
2026-06-16 13:45:00,8631.035,8631.035,8613.307,8628.354,480722700,11809521664.0000
2026-06-16 13:50:00,8628.104,8646.161,8628.104,8646.161,321719200,7747698688.0000
2026-06-16 13:55:00,8646.649,8651.382,8638.852,8646.533,311584000,7653031936.0000
2026-06-16 14:00:00,8646.550,8655.216,8646.475,8648.110,315155000,7573143552.0000
2026-06-16 14:05:00,8648.160,8648.160,8636.840,8646.675,405920200,8673034240.0000
2026-06-16 14:10:00,8646.944,8662.590,8646.874,8660.336,318591100,7709917184.0000
2026-06-16 14:15:00,8660.429,8668.369,8660.412,8666.315,308895200,7174815744.0000
2026-06-16 14:20:00,8665.281,8674.760,8664.405,8674.760,317159700,7823949824.0000
2026-06-16 14:25:00,8674.716,8684.650,8673.711,8675.506,389564200,8033009664.0000
2026-06-16 14:30:00,8674.951,8674.951,8664.246,8667.813,336640600,7890206720.0000
2026-06-16 14:35:00,8667.935,8671.460,8652.499,8652.499,421697900,10099097600.0000
2026-06-16 14:40:00,8650.421,8655.546,8644.993,8644.993,446212000,10937171968.0000
2026-06-16 14:45:00,8644.371,8646.168,8632.424,8634.494,503641400,12765888512.0000
2026-06-16 14:50:00,8635.613,8646.012,8632.125,8643.961,536372100,12577538048.0000
2026-06-16 14:55:00,8644.054,8650.679,8642.104,8648.002,730132900,15748562944.0000
2026-06-16 15:00:00,8647.664,8649.013,8646.003,8646.403,708872900,15892611072.0000
2026-06-17 09:35:00,8581.650,8619.123,8581.650,8606.672,3128197900,70651740160.0000
2026-06-17 09:40:00,8606.066,8642.866,8605.728,8642.866,1752023000,38024560640.0000
2026-06-17 09:45:00,8642.389,8642.761,8622.325,8628.398,1373335200,31015829504.0000
2026-06-17 09:50:00,8628.985,8663.503,8628.418,8652.206,1133851400,25965756416.0000
2026-06-17 09:55:00,8651.723,8670.181,8651.723,8656.137,970742600,23191584768.0000
2026-06-17 10:00:00,8655.682,8660.475,8653.231,8656.720,828625200,19905413120.0000
2026-06-17 10:05:00,8657.077,8676.399,8655.824,8673.212,765435300,18158845952.0000
2026-06-17 10:10:00,8672.732,8698.373,8671.921,8698.373,685463200,16972447744.0000
2026-06-17 10:15:00,8698.614,8700.729,8688.939,8700.729,652959500,16124706816.0000
2026-06-17 10:20:00,8700.867,8700.867,8683.696,8688.885,632686900,15061204992.0000
2026-06-17 10:25:00,8688.905,8689.691,8675.733,8675.733,629235900,13936492544.0000
2026-06-17 10:30:00,8674.870,8688.703,8673.365,8679.603,555422900,12054233088.0000
2026-06-17 10:35:00,8680.469,8688.319,8680.103,8684.532,475742600,11290836992.0000
2026-06-17 10:40:00,8684.688,8687.150,8665.995,8673.450,548506700,12369068032.0000
2026-06-17 10:45:00,8674.313,8678.046,8661.185,8668.871,484263900,11074076672.0000
2026-06-17 10:50:00,8668.137,8670.167,8658.522,8670.167,455357300,11383734272.0000
2026-06-17 10:55:00,8670.603,8673.515,8658.665,8661.459,411746200,10469310464.0000
2026-06-17 11:00:00,8661.731,8676.279,8660.419,8674.468,372593300,9197453312.0000
2026-06-17 11:05:00,8674.168,8682.265,8672.771,8678.639,375350200,8592687104.0000
2026-06-17 11:10:00,8678.591,8678.591,8666.503,8666.785,383733500,8457093120.0000
2026-06-17 11:15:00,8666.771,8678.565,8663.081,8663.608,355634400,8231190528.0000
2026-06-17 11:20:00,8664.080,8666.076,8630.179,8635.050,489000200,12484149248.0000
2026-06-17 11:25:00,8634.793,8650.102,8623.545,8640.692,431343400,10324934656.0000
2026-06-17 11:30:00,8640.501,8649.924,8638.571,8645.851,299833100,7353696256.0000
2026-06-17 13:05:00,8647.016,8652.498,8616.276,8616.276,658705700,16270688256.0000
2026-06-17 13:10:00,8615.285,8618.587,8600.622,8613.845,496501100,12850921472.0000
2026-06-17 13:15:00,8613.975,8630.444,8612.530,8626.531,393464400,9709191168.0000
2026-06-17 13:20:00,8626.571,8642.573,8623.142,8642.377,340258200,8343584768.0000
2026-06-17 13:25:00,8642.549,8657.618,8640.675,8655.026,348499200,8558542848.0000
2026-06-17 13:30:00,8655.056,8660.360,8648.284,8653.288,369168000,8871280640.0000
2026-06-17 13:35:00,8652.763,8673.518,8650.410,8673.518,361814200,8966340608.0000
2026-06-17 13:40:00,8674.141,8676.203,8668.875,8672.754,348736800,8893497344.0000
2026-06-17 13:45:00,8672.581,8675.613,8660.779,8665.434,369687500,8954085376.0000
2026-06-17 13:50:00,8665.913,8665.913,8655.892,8658.859,367822800,8863973376.0000
2026-06-17 13:55:00,8658.951,8666.210,8647.200,8649.312,317707000,7892566016.0000
2026-06-17 14:00:00,8649.439,8660.506,8645.692,8659.887,310544600,7684980736.0000
2026-06-17 14:05:00,8659.890,8666.554,8655.637,8661.870,322675900,7188414464.0000
2026-06-17 14:10:00,8661.874,8663.279,8651.952,8660.318,372621500,7746584576.0000
2026-06-17 14:15:00,8660.388,8660.388,8637.878,8645.289,398112700,8546811904.0000
2026-06-17 14:20:00,8645.117,8656.862,8645.117,8651.253,270704800,6878724096.0000
2026-06-17 14:25:00,8651.363,8658.306,8651.228,8654.961,269077500,6487408640.0000
2026-06-17 14:30:00,8655.090,8661.856,8654.519,8659.759,308261200,7444103168.0000
2026-06-17 14:35:00,8659.565,8682.250,8659.356,8671.850,440894000,10221649920.0000
2026-06-17 14:40:00,8671.876,8683.231,8671.876,8678.686,419734100,9530769408.0000
2026-06-17 14:45:00,8678.162,8691.871,8676.124,8691.871,489981900,11307450368.0000
2026-06-17 14:50:00,8692.325,8699.574,8692.325,8698.570,567919400,12984254464.0000
2026-06-17 14:55:00,8698.410,8702.524,8696.677,8702.334,770458700,16558325760.0000
2026-06-17 15:00:00,8702.396,8705.403,8700.440,8704.468,718358700,15822094336.0000
2026-06-18 09:35:00,8666.638,8708.756,8665.060,8665.060,3061858100,72942493696.0000
2026-06-18 09:40:00,8664.387,8711.251,8664.278,8710.794,1847147500,43927977984.0000
2026-06-18 09:45:00,8710.616,8721.849,8705.033,8721.287,1352481100,33757929472.0000
2026-06-18 09:50:00,8722.557,8741.908,8716.079,8740.704,1139194800,27742126080.0000
2026-06-18 09:55:00,8740.570,8760.857,8740.009,8758.471,989596500,23162109952.0000
2026-06-18 10:00:00,8758.557,8761.031,8753.354,8754.772,908672500,20402569216.0000
2026-06-18 10:05:00,8754.470,8774.947,8748.298,8772.785,968226100,21710274560.0000
2026-06-18 10:10:00,8772.499,8772.499,8760.116,8760.116,818598000,19151405056.0000
2026-06-18 10:15:00,8760.927,8773.589,8745.819,8772.331,761500400,18658410496.0000
2026-06-18 10:20:00,8772.342,8772.426,8758.286,8770.593,734155400,16168353792.0000
2026-06-18 10:25:00,8770.558,8778.749,8764.422,8768.695,720118000,15112306688.0000
2026-06-18 10:30:00,8768.901,8789.543,8768.901,8782.334,544308900,12690522112.0000
2026-06-18 10:35:00,8782.268,8782.268,8765.313,8770.475,586810000,12524421120.0000
2026-06-18 10:40:00,8770.133,8771.353,8758.161,8762.748,543326000,11657641984.0000
2026-06-18 10:45:00,8762.160,8770.304,8759.610,8762.146,496301900,10945789952.0000
2026-06-18 10:50:00,8762.469,8768.813,8754.257,8754.257,483228600,10429530112.0000
2026-06-18 10:55:00,8753.718,8763.908,8749.662,8759.281,465677800,10133241856.0000
2026-06-18 11:00:00,8759.273,8759.273,8734.599,8735.056,470452000,10326409216.0000
2026-06-18 11:05:00,8735.727,8746.700,8726.543,8738.422,480997900,10641178624.0000
2026-06-18 11:10:00,8738.507,8751.261,8738.507,8751.261,347795500,9265774592.0000
2026-06-18 11:15:00,8751.548,8751.548,8710.891,8716.138,486444400,11005034496.0000
2026-06-18 11:20:00,8717.353,8734.280,8717.353,8728.233,391185900,8566013952.0000
2026-06-18 11:25:00,8728.789,8752.424,8728.417,8752.424,316781900,7932706816.0000
2026-06-18 11:30:00,8752.651,8753.763,8737.393,8742.500,289118500,6959005696.0000
2026-06-18 13:05:00,8744.751,8754.110,8734.793,8748.727,658541000,16506519552.0000
2026-06-18 13:10:00,8747.297,8751.785,8738.469,8751.785,418296800,10486972416.0000
2026-06-18 13:15:00,8751.652,8751.652,8734.928,8742.342,412926000,10081402880.0000
2026-06-18 13:20:00,8742.282,8765.077,8741.226,8765.077,375238400,8957427712.0000
2026-06-18 13:25:00,8765.284,8766.292,8757.290,8765.086,320103700,8583217152.0000
2026-06-18 13:30:00,8765.504,8781.690,8763.368,8779.163,326961700,8102215680.0000
2026-06-18 13:35:00,8779.450,8785.618,8771.358,8771.358,343954000,8544976896.0000
2026-06-18 13:40:00,8770.825,8770.825,8756.258,8757.865,345031000,8109457408.0000
2026-06-18 13:45:00,8758.141,8767.344,8754.517,8754.517,344987900,7992868864.0000
2026-06-18 13:50:00,8754.531,8755.017,8744.385,8745.349,363930400,8241315840.0000
2026-06-18 13:55:00,8745.432,8758.382,8741.395,8756.234,349788100,8091860992.0000
2026-06-18 14:00:00,8755.926,8771.508,8754.848,8769.385,278133100,6581878784.0000
2026-06-18 14:05:00,8768.667,8778.198,8765.077,8766.845,330677900,7973634048.0000
2026-06-18 14:10:00,8766.560,8772.110,8750.347,8763.450,349314600,8022458368.0000
2026-06-18 14:15:00,8763.293,8774.879,8761.578,8774.503,305978800,7948730368.0000
2026-06-18 14:20:00,8774.782,8782.835,8774.538,8779.318,309440100,7661748224.0000
2026-06-18 14:25:00,8779.650,8786.146,8779.567,8782.462,307796000,7875461120.0000
2026-06-18 14:30:00,8782.329,8782.440,8776.217,8777.152,302397400,7516651520.0000
2026-06-18 14:35:00,8777.090,8796.485,8777.090,8787.013,400893100,9623568384.0000
2026-06-18 14:40:00,8786.293,8786.293,8743.622,8743.622,532553600,12254445568.0000
2026-06-18 14:45:00,8743.798,8776.088,8743.798,8774.310,555271000,12647071744.0000
2026-06-18 14:50:00,8774.511,8774.927,8763.854,8768.700,483524100,11566055424.0000
2026-06-18 14:55:00,8768.624,8774.259,8767.609,8771.552,695222400,15655567360.0000
2026-06-18 15:00:00,8772.097,8772.906,8769.678,8771.024,691304700,15635120128.0000
2026-06-22 09:35:00,8813.725,8814.673,8759.549,8764.694,3827231000,94636564480.0000
2026-06-22 09:40:00,8765.359,8783.760,8747.624,8783.760,2166965400,50933178368.0000
2026-06-22 09:45:00,8784.362,8784.362,8756.537,8779.942,1782468900,40373813248.0000
2026-06-22 09:50:00,8780.524,8785.781,8754.909,8770.267,1357348800,32002064384.0000
2026-06-22 09:55:00,8769.021,8789.869,8765.288,8769.324,1143493400,27532132352.0000
2026-06-22 10:00:00,8768.547,8768.547,8733.278,8733.278,1128932200,24301617152.0000
2026-06-22 10:05:00,8731.655,8736.367,8713.604,8731.905,1158053200,25371049984.0000
2026-06-22 10:10:00,8731.496,8731.496,8694.525,8694.842,919369300,24171839488.0000
2026-06-22 10:15:00,8695.297,8707.855,8689.909,8694.425,880864300,21288615936.0000
2026-06-22 10:20:00,8694.701,8697.014,8663.333,8696.367,808609500,19662700544.0000
2026-06-22 10:25:00,8697.009,8705.936,8693.321,8701.120,629522700,15198912512.0000
2026-06-22 10:30:00,8700.148,8700.148,8649.960,8649.960,682275800,18095603712.0000
2026-06-22 10:35:00,8649.812,8674.271,8641.672,8649.687,700107400,18300665856.0000
2026-06-22 10:40:00,8649.685,8686.077,8649.685,8681.603,486410600,12906168320.0000
2026-06-22 10:45:00,8681.440,8685.883,8667.884,8674.592,504611900,11658821632.0000
2026-06-22 10:50:00,8673.973,8673.973,8629.188,8629.188,598542200,15339552768.0000
2026-06-22 10:55:00,8628.664,8638.422,8610.128,8610.627,583540100,15966633984.0000
2026-06-22 11:00:00,8611.232,8629.571,8609.611,8628.221,470803100,11923685376.0000
2026-06-22 11:05:00,8628.528,8649.124,8628.528,8639.966,417619900,10371825664.0000
2026-06-22 11:10:00,8640.141,8657.588,8610.675,8610.675,449417100,10954113024.0000
2026-06-22 11:15:00,8610.236,8641.770,8610.236,8641.236,396145400,8868069376.0000
2026-06-22 11:20:00,8641.803,8661.134,8641.803,8654.688,357978400,8040710144.0000
2026-06-22 11:25:00,8654.499,8662.782,8639.752,8662.782,322789100,7553253376.0000
2026-06-22 11:30:00,8662.873,8693.076,8662.873,8692.380,362177300,8323825664.0000
2026-06-22 13:05:00,8695.049,8712.517,8692.545,8697.715,738081200,17291444224.0000
2026-06-22 13:10:00,8696.341,8721.546,8696.341,8719.150,459071400,12244025344.0000
2026-06-22 13:15:00,8719.038,8735.370,8708.781,8735.322,495923300,10689183744.0000
2026-06-22 13:20:00,8735.773,8736.813,8726.516,8735.930,456505600,10413801472.0000
2026-06-22 13:25:00,8736.103,8736.103,8722.316,8723.671,449314700,10089660416.0000
2026-06-22 13:30:00,8723.896,8733.750,8697.322,8705.818,550110600,11474108416.0000
2026-06-22 13:35:00,8705.632,8705.941,8682.294,8696.706,441599300,9411559424.0000
2026-06-22 13:40:00,8696.653,8729.970,8696.653,8729.970,341170800,7474053120.0000
2026-06-22 13:45:00,8730.360,8732.469,8721.986,8723.107,318769100,7258505216.0000
2026-06-22 13:50:00,8723.282,8752.430,8723.282,8752.134,352125200,8148549632.0000
2026-06-22 13:55:00,8752.467,8772.681,8752.188,8769.253,454267500,9090629632.0000
2026-06-22 14:00:00,8769.693,8775.286,8768.217,8774.747,368799200,7740981248.0000
2026-06-22 14:05:00,8774.665,8799.464,8774.665,8799.464,468493200,9392160768.0000
2026-06-22 14:10:00,8799.186,8813.093,8794.688,8813.019,443358900,9036496896.0000
2026-06-22 14:15:00,8812.650,8815.341,8796.569,8812.165,441978300,9027125248.0000
2026-06-22 14:20:00,8812.076,8819.070,8804.259,8810.296,385890300,8528592896.0000
2026-06-22 14:25:00,8809.907,8826.666,8807.283,8826.666,367072200,8775401472.0000
2026-06-22 14:30:00,8826.793,8826.793,8820.551,8825.587,383753500,8834383872.0000
2026-06-22 14:35:00,8826.374,8830.519,8823.089,8828.765,449984000,9931325440.0000
2026-06-22 14:40:00,8828.575,8841.663,8824.727,8841.219,475790500,10452074496.0000
2026-06-22 14:45:00,8841.354,8850.573,8839.612,8846.737,546231100,12321488896.0000
2026-06-22 14:50:00,8847.103,8848.544,8842.367,8848.418,559307000,13078691840.0000
2026-06-22 14:55:00,8848.558,8860.056,8848.067,8860.056,759310500,16539582464.0000
2026-06-22 15:00:00,8859.913,8865.815,8858.596,8865.676,729636600,15521742848.0000
2026-06-23 09:35:00,8838.763,8838.763,8787.425,8830.034,3605971500,84689788928.0000
2026-06-23 09:40:00,8829.622,8843.364,8798.152,8806.166,2012618900,47608193024.0000
2026-06-23 09:45:00,8806.799,8825.887,8786.508,8787.505,1770812300,40621506560.0000
2026-06-23 09:50:00,8786.257,8786.257,8714.990,8716.643,1753639700,41009037312.0000
2026-06-23 09:55:00,8716.754,8781.214,8708.322,8781.214,1278592500,29670637568.0000
2026-06-23 10:00:00,8779.905,8788.910,8764.146,8781.052,909048300,21716189184.0000
2026-06-23 10:05:00,8780.461,8830.937,8778.228,8829.677,970564900,23382818816.0000
2026-06-23 10:10:00,8829.213,8829.213,8791.957,8813.750,815802100,19189170176.0000
2026-06-23 10:15:00,8813.530,8824.806,8804.659,8820.796,681043700,16071917568.0000
2026-06-23 10:20:00,8820.478,8829.514,8809.994,8827.689,659944300,16130179072.0000
2026-06-23 10:25:00,8828.433,8853.387,8828.433,8849.137,609609900,15972696064.0000
2026-06-23 10:30:00,8849.462,8858.376,8842.830,8854.790,520850200,13015875584.0000
2026-06-23 10:35:00,8855.152,8862.719,8844.747,8844.747,495814500,12586450944.0000
2026-06-23 10:40:00,8844.285,8852.814,8832.779,8845.266,467236700,11544395776.0000
2026-06-23 10:45:00,8845.112,8851.429,8826.998,8846.127,444702100,10948870144.0000
2026-06-23 10:50:00,8845.841,8845.841,8829.103,8830.061,405624700,9606758400.0000
2026-06-23 10:55:00,8829.440,8831.013,8811.529,8829.614,521536900,10585604096.0000
2026-06-23 11:00:00,8829.666,8835.805,8808.023,8810.817,380448900,8757313536.0000
2026-06-23 11:05:00,8811.630,8814.338,8788.419,8805.604,418950400,9882566656.0000
2026-06-23 11:10:00,8805.289,8805.403,8782.988,8782.988,348233500,8039366656.0000
2026-06-23 11:15:00,8784.604,8788.083,8771.648,8771.648,318177800,7956660224.0000
2026-06-23 11:20:00,8770.857,8779.601,8749.775,8749.775,405005200,10076356608.0000
2026-06-23 11:25:00,8749.322,8759.607,8748.005,8748.005,345608200,8415936512.0000
2026-06-23 11:30:00,8747.862,8772.557,8740.454,8772.557,320648000,7799504896.0000
2026-06-23 13:05:00,8772.120,8772.386,8736.444,8745.267,559463800,13033832448.0000
2026-06-23 13:10:00,8745.713,8760.820,8730.114,8736.425,376591800,9211248640.0000
2026-06-23 13:15:00,8736.848,8748.004,8731.322,8746.130,321373100,8494219264.0000
2026-06-23 13:20:00,8746.359,8748.436,8722.917,8722.917,354065800,8306163712.0000
2026-06-23 13:25:00,8722.552,8750.114,8721.803,8748.776,325681400,7999455232.0000
2026-06-23 13:30:00,8748.715,8748.715,8724.323,8725.372,297749500,7176454144.0000
2026-06-23 13:35:00,8725.139,8747.474,8721.892,8746.966,319283500,7559053312.0000
2026-06-23 13:40:00,8746.978,8747.684,8719.531,8731.534,348216500,7529889792.0000
2026-06-23 13:45:00,8731.184,8750.420,8731.184,8750.420,247512400,6063390720.0000
2026-06-23 13:50:00,8750.279,8761.820,8738.927,8740.450,289070500,6754009088.0000
2026-06-23 13:55:00,8740.598,8742.476,8711.770,8711.770,357451900,7440433152.0000
2026-06-23 14:00:00,8711.836,8711.836,8700.717,8700.717,342359000,7685668864.0000
2026-06-23 14:05:00,8700.845,8711.403,8697.329,8697.329,358532900,7477723136.0000
2026-06-23 14:10:00,8696.559,8698.557,8675.212,8682.451,425781400,9301590016.0000
2026-06-23 14:15:00,8683.666,8693.866,8674.137,8693.866,350219100,7620919296.0000
2026-06-23 14:20:00,8693.858,8693.858,8662.117,8662.117,401042500,8366063616.0000
2026-06-23 14:25:00,8661.441,8669.228,8646.770,8646.770,437985700,9100066816.0000
2026-06-23 14:30:00,8646.887,8648.281,8626.594,8626.594,530457200,11698896896.0000
2026-06-23 14:35:00,8626.705,8655.007,8626.101,8645.214,576906900,11644764160.0000
2026-06-23 14:40:00,8645.026,8657.900,8637.297,8646.884,444362100,9370992640.0000
2026-06-23 14:45:00,8647.275,8652.410,8632.192,8652.120,496644000,10974265344.0000
2026-06-23 14:50:00,8651.912,8663.422,8650.765,8662.796,515475100,11413749760.0000
2026-06-23 14:55:00,8663.452,8686.900,8663.452,8683.872,653096500,14542831616.0000
2026-06-23 15:00:00,8683.799,8685.700,8680.039,8680.039,605680000,13440778240.0000
2026-06-24 09:35:00,8650.816,8678.495,8650.209,8660.513,2724724500,63971713024.0000
2026-06-24 09:40:00,8659.804,8666.814,8637.161,8646.182,1781895900,40014462976.0000
2026-06-24 09:45:00,8648.261,8654.151,8587.362,8597.464,1668508200,37280849920.0000
2026-06-24 09:50:00,8599.119,8620.847,8581.751,8614.346,1371152500,29618487296.0000
2026-06-24 09:55:00,8614.349,8659.741,8610.482,8659.741,1060510800,23651614720.0000
2026-06-24 10:00:00,8659.836,8705.706,8659.836,8703.961,836409700,20661600256.0000
2026-06-24 10:05:00,8703.002,8706.689,8681.568,8681.568,938216700,20797767680.0000
2026-06-24 10:10:00,8680.448,8693.473,8678.164,8680.932,786285500,17657954304.0000
2026-06-24 10:15:00,8681.034,8683.789,8662.079,8673.436,662649700,15335555072.0000
2026-06-24 10:20:00,8673.891,8693.177,8673.549,8692.151,598978600,14407122944.0000
2026-06-24 10:25:00,8692.083,8710.669,8691.707,8710.078,598242500,14834270208.0000
2026-06-24 10:30:00,8710.356,8719.992,8705.923,8711.233,577587500,13705773056.0000
2026-06-24 10:35:00,8710.654,8712.722,8694.277,8700.888,650398700,14494236672.0000
2026-06-24 10:40:00,8701.618,8713.990,8698.807,8701.965,566975700,14048722944.0000
2026-06-24 10:45:00,8702.211,8712.076,8678.845,8678.845,562814300,14179336192.0000
2026-06-24 10:50:00,8677.937,8677.937,8644.217,8644.217,545768900,12897943552.0000
2026-06-24 10:55:00,8644.050,8664.883,8637.422,8644.366,453794600,11045437440.0000
2026-06-24 11:00:00,8644.398,8650.811,8630.113,8641.328,420908500,10690265088.0000
2026-06-24 11:05:00,8642.472,8659.357,8630.027,8630.210,404216100,10605363200.0000
2026-06-24 11:10:00,8630.124,8655.916,8625.199,8652.781,319225800,8037892096.0000
2026-06-24 11:15:00,8653.610,8657.499,8641.389,8641.628,301947900,7279607808.0000
2026-06-24 11:20:00,8641.521,8649.883,8635.117,8638.193,293686800,6980599808.0000
2026-06-24 11:25:00,8641.054,8668.990,8641.054,8663.730,278305300,6810370048.0000
2026-06-24 11:30:00,8664.027,8701.938,8663.639,8701.525,303789700,8047722496.0000
2026-06-24 13:05:00,8705.444,8722.023,8705.444,8714.673,685202700,17675943936.0000
2026-06-24 13:10:00,8715.116,8735.531,8714.863,8735.496,437399200,11013619712.0000
2026-06-24 13:15:00,8736.156,8745.288,8729.444,8735.889,422824300,10850598912.0000
2026-06-24 13:20:00,8735.097,8774.691,8735.097,8774.691,464978700,11166154752.0000
2026-06-24 13:25:00,8774.538,8788.719,8774.538,8784.037,449980600,11815387136.0000
2026-06-24 13:30:00,8784.091,8793.759,8781.417,8789.662,394179900,11674910720.0000
2026-06-24 13:35:00,8789.593,8797.761,8783.210,8797.168,407728400,10738434048.0000
2026-06-24 13:40:00,8797.067,8802.126,8792.144,8793.841,358523900,10004529152.0000
2026-06-24 13:45:00,8793.666,8797.489,8777.793,8789.040,384018900,10068951040.0000
2026-06-24 13:50:00,8789.978,8803.425,8778.036,8778.036,397120000,10027008000.0000
2026-06-24 13:55:00,8777.038,8784.562,8763.444,8781.263,335063000,8624472064.0000
2026-06-24 14:00:00,8781.520,8782.636,8774.502,8777.756,268139300,6806110208.0000
2026-06-24 14:05:00,8777.883,8782.923,8766.968,8776.569,331849600,7633305600.0000
2026-06-24 14:10:00,8776.608,8795.003,8776.270,8789.332,318003300,7183794176.0000
2026-06-24 14:15:00,8789.301,8799.674,8788.445,8793.705,281244700,6632308736.0000
2026-06-24 14:20:00,8794.029,8796.570,8787.184,8788.383,298979800,7122255872.0000
2026-06-24 14:25:00,8788.540,8797.128,8787.860,8790.350,301747900,7431389184.0000
2026-06-24 14:30:00,8790.553,8798.434,8789.838,8795.602,312634600,7549288448.0000
2026-06-24 14:35:00,8795.160,8803.501,8781.071,8781.071,453998200,10019799040.0000
2026-06-24 14:40:00,8780.867,8790.580,8779.557,8785.067,374044300,8620802048.0000
2026-06-24 14:45:00,8784.817,8786.044,8776.527,8784.863,438092400,9893904384.0000
2026-06-24 14:50:00,8785.242,8793.680,8783.394,8791.080,514782300,11352997888.0000
2026-06-24 14:55:00,8791.243,8797.491,8791.243,8794.179,692861800,15075704832.0000
2026-06-24 15:00:00,8794.231,8798.368,8793.487,8793.487,656322300,14275837952.0000
2026-06-25 09:35:00,8806.942,8808.981,8743.249,8773.399,2503176000,86358474752.0000
2026-06-25 09:40:00,8772.965,8836.059,8769.750,8831.582,1593777200,46660616192.0000
2026-06-25 09:45:00,8830.950,8872.123,8821.597,8864.201,1653522700,39732527104.0000
2026-06-25 09:50:00,8864.420,8871.586,8842.577,8847.287,1449881400,33262206976.0000
2026-06-25 09:55:00,8848.058,8852.766,8803.926,8804.996,1278814100,28856942592.0000
2026-06-25 10:00:00,8805.066,8822.767,8800.451,8806.402,1025357000,24093933568.0000
2026-06-25 10:05:00,8807.172,8831.688,8803.416,8816.727,922321800,22381379584.0000
2026-06-25 10:10:00,8816.732,8816.732,8781.631,8787.671,862568300,21171503104.0000
2026-06-25 10:15:00,8787.764,8798.258,8770.304,8791.275,783701600,17602740224.0000
2026-06-25 10:20:00,8791.020,8803.687,8788.251,8800.010,677713800,15854895104.0000
2026-06-25 10:25:00,8800.556,8800.717,8766.683,8769.840,706295100,17306779648.0000
2026-06-25 10:30:00,8772.167,8785.007,8754.017,8784.804,626495700,15056699392.0000
2026-06-25 10:35:00,8785.039,8786.080,8772.492,8778.472,522385100,12319653888.0000
2026-06-25 10:40:00,8779.095,8794.634,8777.883,8789.127,639458800,13952319488.0000
2026-06-25 10:45:00,8789.404,8789.404,8746.843,8762.825,658173200,15946285056.0000
2026-06-25 10:50:00,8762.820,8786.169,8762.256,8782.546,453338200,11632869376.0000
2026-06-25 10:55:00,8780.584,8780.584,8765.921,8779.546,444574200,10871472128.0000
2026-06-25 11:00:00,8779.672,8790.168,8771.988,8778.488,442753100,10285219840.0000
2026-06-25 11:05:00,8777.805,8787.483,8763.224,8773.313,448336100,10127704064.0000
2026-06-25 11:10:00,8773.969,8792.004,8773.969,8779.134,389584600,8871018496.0000
2026-06-25 11:15:00,8777.774,8782.193,8768.640,8782.047,362720000,8251736064.0000
2026-06-25 11:20:00,8782.505,8806.412,8782.505,8806.008,330835000,7703625728.0000
2026-06-25 11:25:00,8805.834,8809.798,8801.349,8808.280,324227000,8405581824.0000
2026-06-25 11:30:00,8808.290,8812.002,8795.198,8800.470,327339700,7885357056.0000
2026-06-25 13:05:00,8802.568,8814.307,8796.302,8799.942,627482500,16007200768.0000
2026-06-25 13:10:00,8800.179,8813.960,8799.661,8805.056,421107400,10600251392.0000
2026-06-25 13:15:00,8806.074,8815.586,8801.641,8812.777,472749000,10652057600.0000
2026-06-25 13:20:00,8812.624,8829.632,8812.186,8822.604,442676100,10152902656.0000
2026-06-25 13:25:00,8822.628,8823.348,8810.313,8810.417,378650600,9306570752.0000
2026-06-25 13:30:00,8809.755,8821.592,8803.059,8820.229,355390900,9119465472.0000
2026-06-25 13:35:00,8820.145,8835.815,8819.368,8820.127,361033200,9310568448.0000
2026-06-25 13:40:00,8820.331,8828.771,8820.331,8826.634,329923400,8537178112.0000
2026-06-25 13:45:00,8826.847,8832.992,8821.689,8827.576,323745600,8358461440.0000
2026-06-25 13:50:00,8827.415,8829.886,8812.292,8816.319,329508600,8074035200.0000
2026-06-25 13:55:00,8815.873,8820.981,8810.445,8810.524,280940300,7284719616.0000
2026-06-25 14:00:00,8810.262,8810.262,8782.352,8783.093,419710400,9757523968.0000
2026-06-25 14:05:00,8783.805,8801.602,8783.805,8800.738,349878200,7945781248.0000
2026-06-25 14:10:00,8800.427,8825.723,8799.729,8825.723,337451500,7789150208.0000
2026-06-25 14:15:00,8825.981,8826.169,8817.536,8821.389,292942600,7001735168.0000
2026-06-25 14:20:00,8821.520,8825.094,8811.379,8811.797,309498800,7663386624.0000
2026-06-25 14:25:00,8811.692,8820.291,8811.692,8818.682,325970500,7487684608.0000
2026-06-25 14:30:00,8818.785,8827.755,8818.785,8822.889,297139500,7604338688.0000
2026-06-25 14:35:00,8822.967,8826.722,8814.166,8820.790,388126700,9210036224.0000
2026-06-25 14:40:00,8820.993,8827.337,8814.270,8814.270,398498800,9278455808.0000
2026-06-25 14:45:00,8813.871,8823.538,8809.087,8819.858,482092900,10989076480.0000
2026-06-25 14:50:00,8819.214,8824.247,8818.785,8824.247,538576200,12676562944.0000
2026-06-25 14:55:00,8824.764,8828.851,8824.499,8827.737,710408400,15742271488.0000
2026-06-25 15:00:00,8827.804,8829.968,8825.920,8825.920,670997400,14697234432.0000
2026-06-26 09:35:00,8771.598,8773.213,8734.523,8746.760,3624372500,85390712832.0000
2026-06-26 09:40:00,8745.799,8780.772,8742.685,8768.330,2092157300,47916261376.0000
2026-06-26 09:45:00,8771.364,8797.282,8758.943,8792.981,1759033200,39599554560.0000
2026-06-26 09:50:00,8792.459,8792.459,8740.165,8740.165,1390493600,32530628608.0000
2026-06-26 09:55:00,8741.037,8749.967,8690.838,8716.562,1296097700,31827902464.0000
2026-06-26 10:00:00,8715.983,8729.467,8708.516,8724.789,1084532300,23305142272.0000
2026-06-26 10:05:00,8725.556,8753.657,8719.935,8750.664,1030760900,22316367872.0000
2026-06-26 10:10:00,8749.395,8757.513,8742.575,8742.963,895769000,20596817920.0000
2026-06-26 10:15:00,8742.405,8750.045,8730.764,8737.425,827147100,17779425280.0000
2026-06-26 10:20:00,8737.429,8759.394,8732.503,8748.662,748223400,16299491328.0000
2026-06-26 10:25:00,8749.199,8767.055,8748.644,8751.339,706622300,16469819392.0000
2026-06-26 10:30:00,8751.410,8751.410,8713.091,8713.091,579727800,14690254848.0000
2026-06-26 10:35:00,8713.284,8714.244,8696.293,8701.388,583081000,15011381248.0000
2026-06-26 10:40:00,8702.357,8711.917,8682.930,8692.683,556160500,13924728832.0000
2026-06-26 10:45:00,8692.418,8692.418,8675.650,8682.445,472280300,11692441600.0000
2026-06-26 10:50:00,8682.719,8682.719,8642.685,8643.440,524004400,12399968256.0000
2026-06-26 10:55:00,8643.474,8643.474,8608.724,8608.724,678913000,16255418368.0000
2026-06-26 11:00:00,8610.171,8613.142,8571.453,8612.973,809031000,20206157824.0000
2026-06-26 11:05:00,8611.011,8628.271,8607.002,8622.060,539432700,13006536704.0000
2026-06-26 11:10:00,8622.932,8627.488,8605.448,8608.917,451093800,10571743232.0000
2026-06-26 11:15:00,8608.944,8612.262,8568.732,8580.081,504644500,11748376576.0000
2026-06-26 11:20:00,8580.213,8619.605,8576.034,8617.439,340129400,8321073152.0000
2026-06-26 11:25:00,8617.735,8623.877,8565.775,8568.458,405619800,9260793856.0000
2026-06-26 11:30:00,8567.339,8610.922,8563.695,8609.540,303903100,7467925504.0000
2026-06-26 13:05:00,8610.501,8622.785,8585.317,8614.487,577860500,13377798144.0000
2026-06-26 13:10:00,8614.640,8619.535,8599.798,8616.800,389605000,9557311488.0000
2026-06-26 13:15:00,8617.190,8631.537,8617.190,8628.849,358302500,8756068352.0000
2026-06-26 13:20:00,8628.629,8643.340,8621.996,8632.448,404280900,9680453632.0000
2026-06-26 13:25:00,8633.119,8667.456,8633.119,8657.570,347722000,9602531328.0000
2026-06-26 13:30:00,8656.365,8675.215,8639.982,8640.302,356471100,9482272768.0000
2026-06-26 13:35:00,8641.517,8671.386,8641.517,8670.032,329584400,8372879360.0000
2026-06-26 13:40:00,8669.840,8682.612,8660.913,8672.491,343138700,8966307840.0000
2026-06-26 13:45:00,8673.025,8698.129,8669.317,8695.294,340681500,9059565568.0000
2026-06-26 13:50:00,8695.317,8695.317,8671.958,8692.403,322913400,8377335808.0000
2026-06-26 13:55:00,8692.754,8710.063,8692.754,8707.688,367327300,9081061376.0000
2026-06-26 14:00:00,8707.726,8713.219,8691.956,8691.956,309814700,8120500224.0000
2026-06-26 14:05:00,8691.243,8691.243,8668.437,8677.308,340918300,8107720704.0000
2026-06-26 14:10:00,8676.235,8676.235,8636.931,8642.629,410740900,8359247872.0000
2026-06-26 14:15:00,8642.455,8644.292,8620.918,8621.105,353899600,7783186432.0000
2026-06-26 14:20:00,8621.660,8630.561,8620.503,8623.903,346283200,7892041728.0000
2026-06-26 14:25:00,8624.421,8641.889,8623.360,8633.967,303693600,7063207936.0000
2026-06-26 14:30:00,8634.284,8644.619,8626.205,8627.627,304942700,7435583488.0000
2026-06-26 14:35:00,8628.046,8628.931,8606.894,8616.166,446114000,10127147008.0000
2026-06-26 14:40:00,8615.190,8657.014,8613.772,8653.206,429000300,10148315136.0000
2026-06-26 14:45:00,8653.549,8661.079,8638.419,8652.691,438493700,10805313536.0000
2026-06-26 14:50:00,8652.505,8652.717,8635.722,8639.187,531311500,12486443008.0000
2026-06-26 14:55:00,8639.659,8642.501,8601.857,8602.415,798522700,17832148992.0000
2026-06-26 15:00:00,8602.522,8607.651,8601.407,8601.407,767912500,16400777216.0000
2026-06-29 09:40:00,8632.918,8648.819,8622.479,8642.686,1449978600,52009631744.0000
2026-06-29 09:45:00,8643.138,8677.630,8641.975,8663.839,1459595500,36736057344.0000
2026-06-29 09:50:00,8665.110,8665.780,8602.880,8602.880,1538347300,33309179904.0000
2026-06-29 09:55:00,8601.671,8610.709,8564.661,8586.136,1338436900,30625038336.0000
2026-06-29 10:00:00,8586.894,8587.379,8542.234,8549.379,1237339700,30239916032.0000
2026-06-29 10:05:00,8552.043,8609.916,8544.823,8564.394,1283973800,29621829632.0000
2026-06-29 10:10:00,8563.197,8593.177,8515.399,8519.831,1055988500,27269627904.0000
2026-06-29 10:15:00,8518.689,8520.635,8455.562,8456.612,1053623600,27864072192.0000
2026-06-29 10:20:00,8456.592,8503.635,8452.987,8459.257,1037119000,25800605696.0000
2026-06-29 10:25:00,8459.039,8509.460,8452.473,8509.460,867268300,20020166656.0000
2026-06-29 10:30:00,8511.151,8532.948,8503.765,8519.070,728564900,17565188096.0000
2026-06-29 10:35:00,8519.045,8519.045,8426.012,8426.441,746707100,18068865024.0000
2026-06-29 10:40:00,8425.928,8442.814,8413.864,8442.814,739602400,18708004864.0000
2026-06-29 10:45:00,8443.470,8461.317,8431.028,8461.317,501888500,12251529216.0000
2026-06-29 10:50:00,8464.294,8479.900,8460.141,8469.625,439652300,11365449728.0000
2026-06-29 10:55:00,8472.112,8483.394,8461.471,8479.584,401469700,9933193216.0000
2026-06-29 11:00:00,8478.013,8497.975,8476.302,8483.186,346715100,8796372992.0000
2026-06-29 11:05:00,8484.328,8499.349,8470.924,8474.653,376059800,9007038464.0000
2026-06-29 11:10:00,8475.055,8499.554,8474.873,8499.554,291974100,7768276992.0000
2026-06-29 11:15:00,8499.705,8499.705,8449.311,8487.651,316714100,8060207104.0000
2026-06-29 11:20:00,8488.358,8511.802,8488.354,8498.041,252539900,6648430592.0000
2026-06-29 11:25:00,8498.998,8500.083,8455.358,8461.924,277591900,6937608192.0000
2026-06-29 11:30:00,8461.763,8461.763,8441.429,8458.743,287327500,7096958976.0000
2026-06-29 13:05:00,8462.580,8463.167,8440.537,8442.418,537098300,12040339456.0000
2026-06-29 13:10:00,8442.213,8442.213,8430.913,8431.202,340723000,7931723776.0000
2026-06-29 13:15:00,8431.498,8431.525,8416.313,8428.754,329964300,7821721600.0000
2026-06-29 13:20:00,8429.305,8450.266,8426.351,8435.328,300755700,7072055296.0000
2026-06-29 13:25:00,8436.295,8481.858,8436.295,8481.858,277235800,6489309184.0000
2026-06-29 13:30:00,8482.569,8508.739,8482.530,8507.502,271594700,7328301056.0000
2026-06-29 13:35:00,8508.002,8532.058,8497.636,8530.620,366670700,8318091264.0000
2026-06-29 13:40:00,8531.316,8540.008,8512.756,8528.994,314040500,8197308416.0000
2026-06-29 13:45:00,8531.244,8565.657,8531.244,8562.919,357627800,8898936832.0000
2026-06-29 13:50:00,8563.888,8566.858,8552.859,8554.144,314364800,8237416448.0000
2026-06-29 13:55:00,8554.171,8586.476,8551.454,8585.388,355918500,8899985408.0000
2026-06-29 14:00:00,8586.482,8595.296,8573.758,8573.758,346157800,9242411008.0000
2026-06-29 14:05:00,8574.240,8591.749,8562.405,8562.405,366474600,8728739840.0000
2026-06-29 14:10:00,8562.507,8562.994,8535.181,8557.215,316582100,7844790272.0000
2026-06-29 14:15:00,8557.316,8566.555,8545.512,8547.120,265685400,6825967616.0000
2026-06-29 14:20:00,8548.741,8569.081,8548.741,8560.354,274813500,7058423808.0000
2026-06-29 14:25:00,8561.302,8570.051,8546.773,8546.773,272903000,6964641792.0000
2026-06-29 14:30:00,8546.635,8555.668,8542.112,8555.020,284659600,7087587328.0000
2026-06-29 14:35:00,8555.367,8582.044,8555.367,8568.802,368178500,8259829760.0000
2026-06-29 14:40:00,8568.759,8587.945,8568.675,8586.976,353944100,8922071040.0000
2026-06-29 14:45:00,8587.173,8589.244,8570.854,8574.816,422905900,10688724992.0000
2026-06-29 14:50:00,8575.540,8594.136,8575.540,8592.160,492327000,12671254528.0000
2026-06-29 14:55:00,8592.430,8607.235,8591.635,8605.466,646234100,15431827456.0000
2026-06-29 15:00:00,8605.904,8605.904,8597.893,8597.893,668885600,15025766400.0000
2026-06-30 09:35:00,8574.249,8585.056,8547.312,8556.314,3186444600,75696177152.0000
2026-06-30 09:40:00,8556.278,8605.879,8551.388,8605.879,1965027100,43761524736.0000
2026-06-30 09:45:00,8607.178,8625.683,8572.686,8625.683,1521679500,34545197056.0000
2026-06-30 09:50:00,8625.864,8631.280,8610.871,8617.968,1190655400,27708227584.0000
2026-06-30 09:55:00,8617.752,8645.377,8617.752,8640.627,951097300,24074584064.0000
2026-06-30 10:00:00,8640.288,8653.488,8635.671,8651.587,778660300,20013563904.0000
2026-06-30 10:05:00,8652.288,8663.672,8640.413,8657.410,821233000,19463127040.0000
2026-06-30 10:10:00,8657.800,8670.729,8657.360,8670.729,704462900,16768860160.0000
2026-06-30 10:15:00,8671.173,8680.347,8656.621,8669.034,636215700,15891087360.0000
2026-06-30 10:20:00,8669.781,8675.266,8654.256,8665.749,562747300,14734950400.0000
2026-06-30 10:25:00,8665.442,8669.897,8657.599,8665.649,591742200,14565343232.0000
2026-06-30 10:30:00,8666.468,8688.302,8657.447,8684.643,498737400,12767133696.0000
2026-06-30 10:35:00,8681.772,8681.772,8666.030,8679.138,565555200,12620431360.0000
2026-06-30 10:40:00,8679.251,8690.224,8679.090,8685.738,477944100,12514000896.0000
2026-06-30 10:45:00,8686.388,8705.855,8685.107,8705.855,402752700,10867965952.0000
2026-06-30 10:50:00,8706.028,8722.383,8700.560,8721.586,412215600,11213471744.0000
2026-06-30 10:55:00,8721.830,8731.835,8719.783,8730.153,389078100,10682990592.0000
2026-06-30 11:00:00,8730.042,8731.926,8706.128,8706.128,352496000,9141026816.0000
2026-06-30 11:05:00,8705.303,8717.957,8702.959,8704.379,334205700,8350990336.0000
2026-06-30 11:10:00,8704.074,8718.972,8701.044,8716.628,319580400,8093630464.0000
2026-06-30 11:15:00,8716.882,8728.297,8709.919,8728.297,298341300,7716274176.0000
2026-06-30 11:20:00,8728.172,8735.714,8721.478,8735.708,308524800,7994408960.0000
2026-06-30 11:25:00,8735.845,8750.268,8735.845,8750.268,334057900,8981348352.0000
2026-06-30 11:30:00,8750.785,8763.884,8750.785,8763.700,319955100,8828026880.0000
2026-06-30 13:05:00,8767.675,8780.455,8754.063,8761.010,744528700,19649822720.0000
2026-06-30 13:10:00,8761.179,8761.179,8743.259,8743.923,489123100,11772362752.0000
2026-06-30 13:15:00,8743.633,8750.072,8733.850,8745.488,448454600,11520507904.0000
2026-06-30 13:20:00,8746.050,8754.456,8737.359,8739.051,396878300,9971892224.0000
2026-06-30 13:25:00,8738.847,8751.492,8737.042,8749.374,385331200,9574711296.0000
2026-06-30 13:30:00,8750.087,8751.402,8740.250,8747.173,357305800,9496395776.0000
2026-06-30 13:35:00,8746.342,8760.093,8742.944,8744.460,362291700,9787932672.0000
2026-06-30 13:40:00,8744.201,8750.140,8738.166,8739.164,369019000,9481650176.0000
2026-06-30 13:45:00,8739.715,8753.234,8729.542,8730.500,439471400,10246094848.0000
2026-06-30 13:50:00,8731.171,8760.072,8731.171,8760.072,292683800,8294727680.0000
2026-06-30 13:55:00,8759.874,8772.405,8759.874,8771.085,312704700,8672509952.0000
2026-06-30 14:00:00,8771.740,8771.918,8762.203,8768.953,303212400,7779516416.0000
2026-06-30 14:05:00,8769.558,8782.926,8769.558,8771.229,309655500,7918649344.0000
2026-06-30 14:10:00,8770.866,8782.864,8770.665,8782.864,270717500,7327907840.0000
2026-06-30 14:15:00,8783.521,8783.521,8768.457,8775.849,316660500,7921467392.0000
2026-06-30 14:20:00,8776.348,8777.422,8766.037,8767.316,309202100,7701790720.0000
2026-06-30 14:25:00,8767.614,8772.862,8764.441,8771.838,301282800,7699693568.0000
2026-06-30 14:30:00,8771.855,8779.193,8767.861,8778.457,361323200,8387952640.0000
2026-06-30 14:35:00,8778.753,8793.328,8778.447,8793.328,439611800,9835053056.0000
2026-06-30 14:40:00,8793.753,8795.137,8783.625,8788.123,402827900,9374203904.0000
2026-06-30 14:45:00,8787.868,8796.541,8786.327,8794.517,448900300,10959388672.0000
2026-06-30 14:50:00,8794.814,8806.730,8792.962,8806.128,525785800,12300124160.0000
2026-06-30 14:55:00,8806.239,8814.463,8803.952,8813.354,696566200,16506552320.0000
2026-06-30 15:00:00,8813.653,8815.108,8809.786,8809.786,704788500,16206331904.0000
2026-07-01 09:35:00,8827.470,8865.831,8821.737,8861.881,3423993100,87315537920.0000
2026-07-01 09:40:00,8859.995,8869.033,8839.573,8844.838,2093273600,51276636160.0000
2026-07-01 09:45:00,8845.204,8904.641,8839.582,8904.641,1554621400,38624428032.0000
2026-07-01 09:50:00,8904.969,8918.980,8900.766,8908.645,1244932900,31865487360.0000
2026-07-01 09:55:00,8908.576,8922.717,8897.916,8910.322,1058937400,26762608640.0000
2026-07-01 10:00:00,8910.485,8912.344,8893.478,8900.306,1015959800,23212949504.0000
2026-07-01 10:05:00,8899.938,8929.596,8895.912,8918.825,986024400,22168010752.0000
2026-07-01 10:10:00,8916.878,8918.114,8890.618,8896.319,885518700,21842198528.0000
2026-07-01 10:15:00,8896.849,8915.549,8875.550,8875.550,828046800,20806402048.0000
2026-07-01 10:20:00,8874.341,8915.227,8874.321,8915.227,874933000,20257275904.0000
2026-07-01 10:25:00,8915.441,8930.567,8915.441,8923.717,617743300,15613952000.0000
2026-07-01 10:30:00,8924.719,8924.719,8894.936,8913.245,634957600,15627583488.0000
2026-07-01 10:35:00,8913.778,8913.778,8887.300,8887.300,744397300,17980653568.0000
2026-07-01 10:40:00,8888.210,8893.986,8865.948,8872.008,831073000,20821966848.0000
2026-07-01 10:45:00,8872.850,8879.131,8843.064,8878.515,840390000,20805910528.0000
2026-07-01 10:50:00,8879.032,8906.988,8867.262,8906.988,624819100,14094925824.0000
2026-07-01 10:55:00,8907.932,8922.426,8907.832,8912.727,526883300,11514150912.0000
2026-07-01 11:00:00,8912.431,8936.362,8912.431,8925.495,470348200,10501390336.0000
2026-07-01 11:05:00,8925.133,8944.195,8924.053,8928.006,458383900,9707618304.0000
2026-07-01 11:10:00,8927.774,8938.769,8914.414,8933.980,461491900,9586802688.0000
2026-07-01 11:15:00,8934.087,8934.087,8922.178,8929.823,479927000,10127376384.0000
2026-07-01 11:20:00,8929.048,8939.164,8914.170,8915.639,445030900,9876799488.0000
2026-07-01 11:25:00,8915.521,8915.521,8885.183,8905.811,429230700,9914580992.0000
2026-07-01 11:30:00,8906.522,8921.406,8906.522,8920.203,337089300,7629373440.0000
2026-07-01 13:05:00,8923.620,8931.335,8910.334,8913.308,865076700,18641911808.0000
2026-07-01 13:10:00,8913.037,8935.533,8906.429,8906.429,525262000,12683575296.0000
2026-07-01 13:15:00,8907.332,8915.126,8876.604,8876.604,521747300,12463046656.0000
2026-07-01 13:20:00,8876.008,8918.340,8870.185,8918.238,469566700,11721310208.0000
2026-07-01 13:25:00,8918.344,8937.637,8915.522,8925.232,372843700,9190178816.0000
2026-07-01 13:30:00,8925.283,8925.283,8889.173,8889.280,396668600,9544007680.0000
2026-07-01 13:35:00,8889.212,8906.243,8887.732,8898.386,361020300,9122283520.0000
2026-07-01 13:40:00,8897.876,8903.513,8885.273,8886.198,356087000,8542814208.0000
2026-07-01 13:45:00,8885.566,8885.566,8847.378,8847.378,424947100,10531045376.0000
2026-07-01 13:50:00,8847.037,8865.900,8846.420,8847.622,396229800,9609216000.0000
2026-07-01 13:55:00,8848.217,8848.217,8809.722,8809.722,565665500,12786008064.0000
2026-07-01 14:00:00,8809.223,8849.810,8806.703,8849.776,431895100,9946988544.0000
2026-07-01 14:05:00,8849.383,8869.043,8843.032,8868.274,358523500,8344436736.0000
2026-07-01 14:10:00,8867.394,8890.946,8866.440,8882.247,329805400,8093696000.0000
2026-07-01 14:15:00,8882.482,8886.171,8865.778,8865.778,308494300,7602372608.0000
2026-07-01 14:20:00,8865.612,8868.032,8839.999,8840.512,287077900,7307460608.0000
2026-07-01 14:25:00,8840.558,8859.446,8840.090,8840.552,319261200,7644839936.0000
2026-07-01 14:30:00,8840.619,8841.881,8831.852,8838.790,289463600,7417561088.0000
2026-07-01 14:35:00,8838.711,8850.209,8833.977,8833.977,382419900,9107668992.0000
2026-07-01 14:40:00,8833.415,8833.415,8806.646,8814.572,525187400,12352094208.0000
2026-07-01 14:45:00,8815.432,8850.521,8815.432,8850.521,449836600,10669457408.0000
2026-07-01 14:50:00,8850.047,8861.506,8849.218,8859.492,482329400,11656036352.0000
2026-07-01 14:55:00,8860.058,8871.809,8857.889,8871.050,646277600,15371075584.0000
2026-07-01 15:00:00,8871.961,8878.438,8870.151,8876.630,642893900,14516420608.0000
2026-07-02 09:35:00,8688.290,8708.291,8639.906,8690.652,4159505900,94822359040.0000
2026-07-02 09:40:00,8688.956,8732.107,8676.021,8732.107,1925917000,44060860416.0000
2026-07-02 09:45:00,8732.028,8746.696,8702.173,8709.816,1770679100,38011912192.0000
2026-07-02 09:50:00,8707.865,8758.657,8675.025,8741.102,1476800600,33076559872.0000
2026-07-02 09:55:00,8744.810,8791.333,8744.810,8791.333,1065530000,24881577984.0000
2026-07-02 10:00:00,8791.185,8813.133,8783.155,8794.219,888437300,22305701888.0000
2026-07-02 10:05:00,8796.255,8832.024,8795.453,8823.062,868621000,20501757952.0000
2026-07-02 10:10:00,8823.001,8831.978,8804.375,8830.535,775313500,18189877248.0000
2026-07-02 10:15:00,8830.662,8833.136,8813.225,8829.809,677361900,16409657344.0000
2026-07-02 10:20:00,8829.993,8830.431,8793.444,8805.346,646343000,16321871872.0000
2026-07-02 10:25:00,8804.513,8818.346,8791.765,8810.926,623751300,14326464512.0000
2026-07-02 10:30:00,8811.034,8818.677,8800.343,8812.432,521219100,12183961600.0000
2026-07-02 10:35:00,8809.996,8848.752,8806.032,8848.752,531788400,12365266944.0000
2026-07-02 10:40:00,8850.132,8865.966,8848.092,8859.033,580248100,12380766208.0000
2026-07-02 10:45:00,8858.243,8864.952,8849.240,8856.070,514852800,12051218432.0000
2026-07-02 10:50:00,8856.883,8865.630,8844.759,8847.704,512003100,11887247360.0000
2026-07-02 10:55:00,8847.726,8849.095,8821.229,8832.962,488037400,11387011072.0000
2026-07-02 11:00:00,8832.655,8835.293,8818.993,8818.993,368589700,8858697728.0000
2026-07-02 11:05:00,8818.744,8818.744,8806.614,8814.032,375112200,8726478848.0000
2026-07-02 11:10:00,8813.148,8823.890,8796.255,8823.890,322312100,7837581312.0000
2026-07-02 11:15:00,8824.298,8847.452,8821.433,8847.452,310296600,7225475072.0000
2026-07-02 11:20:00,8848.340,8862.352,8839.006,8839.006,365041900,8282177536.0000
2026-07-02 11:25:00,8838.834,8844.476,8812.605,8824.601,287352800,6885048320.0000
2026-07-02 11:30:00,8823.768,8823.768,8806.785,8816.062,268727700,6618382336.0000
2026-07-02 13:05:00,8817.398,8821.400,8795.323,8817.347,571623600,13767639040.0000
2026-07-02 13:10:00,8818.326,8828.337,8802.905,8802.905,384719800,9062416384.0000
2026-07-02 13:15:00,8802.814,8807.704,8790.276,8807.680,380088900,9103474688.0000
2026-07-02 13:20:00,8808.041,8808.094,8770.424,8771.558,332974300,8516730880.0000
2026-07-02 13:25:00,8770.457,8773.259,8750.814,8761.129,393896200,9972121600.0000
2026-07-02 13:30:00,8760.740,8771.272,8747.458,8750.748,340077000,8534196224.0000
2026-07-02 13:35:00,8750.177,8750.177,8723.024,8723.024,397198800,9249357824.0000
2026-07-02 13:40:00,8722.270,8732.479,8713.715,8725.053,390834700,9711026176.0000
2026-07-02 13:45:00,8725.058,8731.925,8709.722,8709.895,370535100,9173204992.0000
2026-07-02 13:50:00,8709.140,8714.083,8685.741,8691.888,433942300,10956046336.0000
2026-07-02 13:55:00,8693.605,8711.335,8689.410,8703.868,359656100,8995602432.0000
2026-07-02 14:00:00,8704.247,8723.716,8702.579,8702.579,344794500,7891648512.0000
2026-07-02 14:05:00,8702.398,8712.072,8683.353,8683.353,392544600,8620867584.0000
2026-07-02 14:10:00,8683.203,8724.848,8681.173,8724.848,399716800,9105309696.0000
2026-07-02 14:15:00,8724.932,8735.433,8708.583,8708.916,333188900,7652835328.0000
2026-07-02 14:20:00,8708.330,8710.822,8684.194,8684.531,343672700,7820279808.0000
2026-07-02 14:25:00,8684.630,8687.344,8673.020,8673.020,342918900,8074625024.0000
2026-07-02 14:30:00,8672.483,8675.685,8663.178,8666.224,381558500,8695447552.0000
2026-07-02 14:35:00,8665.310,8685.621,8660.147,8660.147,498251100,10379001856.0000
2026-07-02 14:40:00,8659.843,8672.280,8651.209,8651.209,433596800,10083762176.0000
2026-07-02 14:45:00,8650.989,8650.989,8626.350,8630.321,729418300,15592062976.0000
2026-07-02 14:50:00,8630.401,8630.401,8608.356,8612.177,696983200,14814085120.0000
2026-07-02 14:55:00,8611.868,8619.359,8598.869,8618.411,850915100,18357026816.0000
2026-07-02 15:00:00,8618.888,8625.681,8618.878,8625.334,658941500,14140637184.0000
2026-07-03 09:35:00,8627.382,8653.168,8584.006,8611.467,3357068200,76888662016.0000
2026-07-03 09:40:00,8610.020,8664.671,8610.020,8664.621,1820978600,41692971008.0000
2026-07-03 09:45:00,8665.222,8677.421,8632.991,8668.700,1403001300,32595435520.0000
2026-07-03 09:50:00,8668.081,8672.142,8593.282,8593.282,1336417600,29848748032.0000
2026-07-03 09:55:00,8592.614,8600.543,8559.285,8600.543,1373816800,30838423552.0000
2026-07-03 10:00:00,8601.864,8634.055,8597.453,8633.997,883792400,20215119872.0000
2026-07-03 10:05:00,8634.681,8660.317,8628.832,8637.720,839423200,19617562624.0000
2026-07-03 10:10:00,8636.434,8656.387,8633.266,8652.155,680958200,17288822784.0000
2026-07-03 10:15:00,8650.686,8650.686,8604.502,8604.502,693195300,16860823552.0000
2026-07-03 10:20:00,8604.017,8635.603,8601.250,8604.761,611639900,14254964736.0000
2026-07-03 10:25:00,8604.335,8614.092,8582.318,8606.386,577085600,13538525184.0000
2026-07-03 10:30:00,8606.239,8625.095,8606.239,8613.432,470728900,10290888704.0000
2026-07-03 10:35:00,8614.567,8637.790,8611.893,8637.113,455325100,10567417856.0000
2026-07-03 10:40:00,8637.660,8648.622,8627.056,8648.622,475560600,11062640640.0000
2026-07-03 10:45:00,8649.008,8666.693,8643.023,8666.693,500542800,11995906048.0000
2026-07-03 10:50:00,8666.818,8677.488,8666.764,8674.876,496103200,12021530624.0000
2026-07-03 10:55:00,8675.077,8697.263,8664.408,8691.800,544885000,13184532480.0000
2026-07-03 11:00:00,8692.157,8706.272,8687.129,8698.498,406645400,11477221376.0000
2026-07-03 11:05:00,8695.982,8709.851,8684.392,8708.800,401150400,10076946432.0000
2026-07-03 11:10:00,8708.391,8708.391,8686.180,8691.235,390627000,9231958016.0000
2026-07-03 11:15:00,8691.410,8692.275,8668.528,8685.602,346927400,8611594240.0000
2026-07-03 11:20:00,8685.746,8696.156,8673.861,8675.365,298532400,7165345792.0000
2026-07-03 11:25:00,8675.318,8675.318,8657.559,8659.042,299289900,6863454208.0000
2026-07-03 11:30:00,8659.017,8685.360,8658.582,8684.927,287367100,6640730112.0000
2026-07-03 13:05:00,8691.007,8740.668,8691.007,8731.747,603988100,15655763968.0000
2026-07-03 13:10:00,8732.390,8739.961,8722.403,8722.403,436350300,10813538304.0000
2026-07-03 13:15:00,8722.085,8725.547,8702.123,8704.706,433159300,10373988352.0000
2026-07-03 13:20:00,8704.549,8716.706,8697.349,8704.353,493105300,11160420352.0000
2026-07-03 13:25:00,8702.039,8702.039,8667.129,8669.977,451477200,10516791296.0000
2026-07-03 13:30:00,8669.868,8683.552,8665.873,8673.761,354800100,8544550912.0000
2026-07-03 13:35:00,8673.514,8703.528,8670.074,8701.640,308811900,7632814080.0000
2026-07-03 13:40:00,8701.463,8707.682,8697.732,8699.886,247715200,6333497344.0000
2026-07-03 13:45:00,8700.001,8712.887,8699.514,8707.943,253439100,6356598784.0000
2026-07-03 13:50:00,8707.883,8711.341,8689.123,8693.336,314916400,7106854912.0000
2026-07-03 13:55:00,8693.323,8708.046,8689.276,8705.684,282137400,6220578816.0000
2026-07-03 14:00:00,8705.856,8712.047,8701.190,8709.638,294880400,6165233664.0000
2026-07-03 14:05:00,8708.246,8708.246,8698.595,8707.453,344681600,7486963712.0000
2026-07-03 14:10:00,8707.195,8725.315,8704.763,8707.811,383636400,7624065024.0000
2026-07-03 14:15:00,8707.704,8707.704,8685.790,8685.790,342333700,8184463360.0000
2026-07-03 14:20:00,8685.173,8693.669,8682.006,8690.510,319161100,7570849792.0000
2026-07-03 14:25:00,8690.328,8691.437,8660.663,8661.638,412243600,9032630272.0000
2026-07-03 14:30:00,8662.949,8662.949,8650.040,8653.162,397039600,9155182592.0000
2026-07-03 14:35:00,8652.761,8660.091,8630.733,8630.733,490831300,10947723264.0000
2026-07-03 14:40:00,8630.499,8651.710,8627.598,8651.710,450177200,10696720384.0000
2026-07-03 14:45:00,8652.043,8652.043,8640.064,8644.150,442376300,10191306752.0000
2026-07-03 14:50:00,8643.916,8648.969,8637.308,8637.308,544185400,12100173824.0000
2026-07-03 14:55:00,8636.932,8638.340,8623.006,8623.151,770131200,17065771008.0000
2026-07-03 15:00:00,8622.566,8623.659,8620.554,8620.789,701810400,15228141568.0000
2026-07-06 09:35:00,8669.123,8687.712,8644.117,8647.204,3060298000,75118993408.0000
2026-07-06 09:40:00,8646.475,8660.756,8613.869,8650.268,1827841600,44121284608.0000
2026-07-06 09:45:00,8649.852,8660.995,8622.223,8660.995,1413383300,33922220032.0000
2026-07-06 09:50:00,8662.173,8694.805,8657.977,8684.209,1131879000,27927412736.0000
2026-07-06 09:55:00,8685.649,8690.750,8662.981,8689.366,978373700,23809409024.0000
2026-07-06 10:00:00,8690.288,8690.288,8647.267,8647.267,908891200,21661876224.0000
2026-07-06 10:05:00,8646.393,8646.393,8604.889,8622.074,1034710400,22962831360.0000
2026-07-06 10:10:00,8618.501,8638.680,8613.537,8633.017,731125900,17372348416.0000
2026-07-06 10:15:00,8631.573,8633.542,8586.635,8586.635,717432800,16326623232.0000
2026-07-06 10:20:00,8585.610,8589.237,8542.131,8542.131,740394600,17962663936.0000
2026-07-06 10:25:00,8543.016,8555.805,8525.531,8531.322,736584400,18099568640.0000
2026-07-06 10:30:00,8531.349,8538.596,8507.061,8511.477,707611800,16338714624.0000
2026-07-06 10:35:00,8509.713,8517.158,8484.135,8484.946,770523900,17417109504.0000
2026-07-06 10:40:00,8483.666,8511.114,8473.983,8509.119,719481500,16930013184.0000
2026-07-06 10:45:00,8509.116,8510.287,8468.797,8469.537,635427200,13587513344.0000
2026-07-06 10:50:00,8468.257,8476.209,8446.990,8453.555,544822600,12781322240.0000
2026-07-06 10:55:00,8452.431,8457.731,8441.490,8446.193,524692000,12042502144.0000
2026-07-06 11:00:00,8445.096,8466.494,8432.897,8466.494,466554800,10714087424.0000
2026-07-06 11:05:00,8466.100,8488.022,8463.086,8483.596,408032900,9605414912.0000
2026-07-06 11:10:00,8484.137,8496.808,8477.483,8496.808,415109200,9632645120.0000
2026-07-06 11:15:00,8497.700,8524.467,8497.700,8518.884,375217800,8911290368.0000
2026-07-06 11:20:00,8519.946,8523.005,8494.778,8523.005,300417500,7748845568.0000
2026-07-06 11:25:00,8524.165,8543.327,8523.028,8541.599,309156500,7659716608.0000
2026-07-06 11:30:00,8542.488,8554.925,8531.556,8554.646,279679300,7321124864.0000
2026-07-06 13:05:00,8560.972,8571.435,8552.700,8561.872,485961100,12803735552.0000
2026-07-06 13:10:00,8562.412,8569.397,8527.520,8527.520,330698300,8762294272.0000
2026-07-06 13:15:00,8527.444,8548.815,8520.137,8523.327,303483400,7686389760.0000
2026-07-06 13:20:00,8523.149,8535.657,8509.001,8509.001,271532200,6746112000.0000
2026-07-06 13:25:00,8507.790,8512.308,8488.018,8488.018,301422100,6631096320.0000
2026-07-06 13:30:00,8490.836,8523.046,8490.836,8511.545,246150500,6027935744.0000
2026-07-06 13:35:00,8508.634,8508.634,8480.299,8481.096,322210700,6739329024.0000
2026-07-06 13:40:00,8481.831,8508.640,8481.831,8507.751,243984800,5433753600.0000
2026-07-06 13:45:00,8508.090,8534.797,8508.090,8534.797,252321300,5906432000.0000
2026-07-06 13:50:00,8535.662,8537.682,8520.840,8525.776,242518000,5719916544.0000
2026-07-06 13:55:00,8525.859,8539.602,8525.859,8535.192,237870800,5492998144.0000
2026-07-06 14:00:00,8534.884,8540.206,8527.351,8528.167,243947000,5553127424.0000
2026-07-06 14:05:00,8526.358,8526.358,8497.668,8499.358,352242400,6634930176.0000
2026-07-06 14:10:00,8500.537,8515.771,8491.436,8491.436,290761400,6027345920.0000
2026-07-06 14:15:00,8491.899,8500.126,8485.911,8487.247,300644400,6388121600.0000
2026-07-06 14:20:00,8487.805,8487.805,8475.923,8479.505,293742400,6497370112.0000
2026-07-06 14:25:00,8479.667,8484.365,8466.767,8472.828,361831900,7563771904.0000
2026-07-06 14:30:00,8471.642,8480.398,8464.441,8479.795,359443600,7732854784.0000
2026-07-06 14:35:00,8479.735,8490.575,8475.501,8490.225,417814100,7865434112.0000
2026-07-06 14:40:00,8489.803,8498.817,8473.353,8473.353,365123200,7675772928.0000
2026-07-06 14:45:00,8473.262,8473.262,8463.358,8468.031,446929100,9658040320.0000
2026-07-06 14:50:00,8468.171,8480.182,8468.171,8468.919,486408200,10338304000.0000
2026-07-06 14:55:00,8469.567,8479.864,8469.567,8476.142,646992300,13141147648.0000
2026-07-06 15:00:00,8475.400,8477.134,8472.603,8472.603,580745700,12011307008.0000
2026-07-07 09:35:00,8436.389,8443.436,8396.495,8432.221,2581880100,59155464192.0000
2026-07-07 09:40:00,8430.644,8466.367,8411.694,8464.269,1521549000,33090895872.0000
2026-07-07 09:45:00,8464.957,8489.476,8460.566,8477.849,1078625600,26273538048.0000
2026-07-07 09:50:00,8477.190,8479.354,8446.803,8446.803,1078985900,23015038976.0000
2026-07-07 09:55:00,8449.857,8453.221,8427.958,8436.773,892394300,19856818176.0000
2026-07-07 10:00:00,8436.210,8442.966,8417.365,8422.266,758405800,16801906688.0000
2026-07-07 10:05:00,8422.142,8439.234,8405.825,8425.890,750414100,17564549120.0000
2026-07-07 10:10:00,8425.497,8436.449,8398.648,8401.261,583063200,13377634304.0000
2026-07-07 10:15:00,8402.348,8406.059,8380.897,8398.953,585373400,14067056640.0000
2026-07-07 10:20:00,8397.722,8401.082,8383.326,8386.539,477171500,11062362112.0000
2026-07-07 10:25:00,8385.295,8390.827,8369.331,8369.331,478629100,10766123008.0000
2026-07-07 10:30:00,8367.726,8367.726,8347.760,8363.193,555988300,11684233216.0000
2026-07-07 10:35:00,8362.392,8375.260,8346.150,8375.260,503636200,10915233792.0000
2026-07-07 10:40:00,8375.883,8402.093,8375.883,8398.535,425361700,9932587008.0000
2026-07-07 10:45:00,8397.973,8408.329,8389.125,8395.409,364626800,8981315584.0000
2026-07-07 10:50:00,8394.861,8394.861,8366.380,8374.492,358410500,8065777664.0000
2026-07-07 10:55:00,8374.431,8381.062,8360.464,8378.289,323670300,6724878336.0000
2026-07-07 11:00:00,8378.052,8379.850,8349.814,8349.814,393889300,7233241088.0000
2026-07-07 11:05:00,8348.993,8367.030,8345.430,8353.290,359443100,7281836032.0000
2026-07-07 11:10:00,8354.014,8368.822,8347.561,8363.602,320859900,6710362112.0000
2026-07-07 11:15:00,8362.842,8368.082,8336.543,8345.966,289826900,6442221568.0000
2026-07-07 11:20:00,8345.917,8347.380,8330.240,8341.055,269669100,6246891520.0000
2026-07-07 11:25:00,8340.045,8344.005,8327.428,8328.322,269579900,6297452544.0000
2026-07-07 11:30:00,8326.740,8350.147,8323.332,8347.108,288616100,6445301760.0000
2026-07-07 13:05:00,8343.378,8343.378,8308.544,8316.404,553033200,12413206528.0000
2026-07-07 13:10:00,8317.489,8321.947,8292.281,8294.330,423060800,9625567232.0000
2026-07-07 13:15:00,8294.961,8297.909,8274.163,8276.577,476027500,10937368576.0000
2026-07-07 13:20:00,8277.718,8280.541,8267.740,8274.090,423902200,9675440128.0000
2026-07-07 13:25:00,8274.254,8278.534,8261.398,8274.431,415471200,9030828032.0000
2026-07-07 13:30:00,8275.408,8310.674,8275.408,8307.953,320429900,7664369664.0000
2026-07-07 13:35:00,8307.398,8332.927,8306.348,8330.313,325426600,7792918528.0000
2026-07-07 13:40:00,8330.184,8340.111,8319.542,8331.767,363965700,7359299584.0000
2026-07-07 13:45:00,8330.092,8340.314,8325.469,8340.314,260200800,6132924416.0000
2026-07-07 13:50:00,8339.878,8344.540,8314.805,8320.732,361549700,7616593920.0000
2026-07-07 13:55:00,8320.475,8330.493,8312.427,8330.171,267188100,6209929216.0000
2026-07-07 14:00:00,8331.168,8340.016,8316.833,8319.161,253668500,6082232320.0000
2026-07-07 14:05:00,8318.601,8324.768,8300.374,8300.374,310119500,6530007040.0000
2026-07-07 14:10:00,8301.809,8301.809,8274.965,8276.143,328491700,6757056512.0000
2026-07-07 14:15:00,8275.921,8282.422,8268.344,8279.729,330718100,7009107968.0000
2026-07-07 14:20:00,8278.973,8286.611,8267.365,8283.795,305207000,6478757888.0000
2026-07-07 14:25:00,8283.909,8284.651,8270.946,8274.835,267059600,5689344000.0000
2026-07-07 14:30:00,8273.930,8284.939,8265.149,8284.939,296885800,6181584896.0000
2026-07-07 14:35:00,8285.644,8303.618,8276.829,8291.816,353124200,7340818432.0000
2026-07-07 14:40:00,8291.565,8320.487,8290.581,8319.852,334445600,7193362432.0000
2026-07-07 14:45:00,8320.229,8321.103,8300.438,8308.480,366485700,8048476160.0000
2026-07-07 14:50:00,8308.134,8308.762,8290.277,8307.151,460874900,10089365504.0000
2026-07-07 14:55:00,8307.822,8311.805,8302.427,8303.965,606646100,12953649152.0000
2026-07-07 15:00:00,8303.747,8305.981,8301.804,8301.804,543455700,11651317760.0000
2026-07-08 09:35:00,8315.962,8328.965,8283.251,8286.679,2362974300,55258669056.0000
2026-07-08 09:40:00,8288.338,8293.662,8254.048,8258.394,1544161700,32961855488.0000
2026-07-08 09:45:00,8258.785,8262.241,8199.399,8200.567,1467747100,29968605184.0000
2026-07-08 09:50:00,8202.942,8230.002,8191.792,8195.921,1220131400,25362153472.0000
2026-07-08 09:55:00,8195.124,8205.016,8157.406,8204.545,1226652600,25063817216.0000
2026-07-08 10:00:00,8204.723,8206.624,8157.822,8171.740,984346000,20862681088.0000
2026-07-08 10:05:00,8170.986,8178.163,8136.375,8138.485,999999700,21547057152.0000
2026-07-08 10:10:00,8136.423,8174.382,8132.865,8171.829,674672300,14838104064.0000
2026-07-08 10:15:00,8172.786,8172.786,8141.655,8145.821,573136900,12768706560.0000
2026-07-08 10:20:00,8145.629,8181.051,8145.629,8181.051,462260300,10386964480.0000
2026-07-08 10:25:00,8183.085,8188.328,8163.720,8163.720,395870400,9037938688.0000
2026-07-08 10:30:00,8162.906,8201.865,8153.390,8201.865,350467400,7500562432.0000
2026-07-08 10:35:00,8202.961,8219.742,8200.751,8212.056,425649000,9246703616.0000
2026-07-08 10:40:00,8214.545,8229.729,8214.545,8229.729,317672200,7503708160.0000
2026-07-08 10:45:00,8230.228,8234.134,8218.696,8226.409,323219100,7805796352.0000
2026-07-08 10:50:00,8225.494,8228.693,8189.327,8189.327,339211800,7921958912.0000
2026-07-08 10:55:00,8191.860,8217.536,8190.230,8203.516,248887200,6369148928.0000
2026-07-08 11:00:00,8203.277,8203.277,8178.609,8179.860,224257600,5384077312.0000
2026-07-08 11:05:00,8181.075,8206.870,8177.974,8185.628,248608400,6186139648.0000
2026-07-08 11:10:00,8185.533,8223.984,8180.143,8223.977,225426000,5466423296.0000
2026-07-08 11:15:00,8223.330,8256.652,8223.330,8255.394,256371300,6943932416.0000
2026-07-08 11:20:00,8254.510,8263.555,8248.034,8261.199,255011700,7145324544.0000
2026-07-08 11:25:00,8261.867,8272.247,8253.332,8272.247,280158500,7427588096.0000
2026-07-08 11:30:00,8272.132,8292.719,8271.987,8277.094,316723200,7843119104.0000
2026-07-08 13:05:00,8265.623,8265.623,8189.796,8224.792,704741100,16266362880.0000
2026-07-08 13:10:00,8223.581,8246.526,8218.650,8226.459,292210500,7792492544.0000
2026-07-08 13:15:00,8226.885,8232.278,8217.335,8221.885,253057700,6184173568.0000
2026-07-08 13:20:00,8221.601,8222.411,8208.271,8218.493,267040600,6048940032.0000
2026-07-08 13:25:00,8218.026,8222.632,8205.758,8209.013,243793800,5861965824.0000
2026-07-08 13:30:00,8209.027,8209.758,8184.210,8185.642,271691300,5816025088.0000
2026-07-08 13:35:00,8185.446,8185.446,8161.483,8168.925,319698700,6692012032.0000
2026-07-08 13:40:00,8169.104,8175.071,8158.683,8167.617,245879200,5718966272.0000
2026-07-08 13:45:00,8167.751,8167.814,8147.506,8147.506,248274300,5800165376.0000
2026-07-08 13:50:00,8148.693,8154.085,8135.399,8138.711,278131600,6078267392.0000
2026-07-08 13:55:00,8137.756,8179.437,8136.272,8179.437,270856800,5680267264.0000
2026-07-08 14:00:00,8178.887,8196.557,8176.839,8184.137,237267200,5046108160.0000
2026-07-08 14:05:00,8183.710,8186.538,8164.333,8178.797,235288600,5164859392.0000
2026-07-08 14:10:00,8176.824,8176.824,8162.042,8165.175,217781300,4744511488.0000
2026-07-08 14:15:00,8164.519,8164.519,8150.856,8160.439,260206300,6029606912.0000
2026-07-08 14:20:00,8163.806,8181.128,8159.401,8181.128,302030500,5683773440.0000
2026-07-08 14:25:00,8181.197,8185.845,8170.162,8182.275,257860000,5602672640.0000
2026-07-08 14:30:00,8181.144,8181.144,8153.601,8159.545,270162500,5923471360.0000
2026-07-08 14:35:00,8159.901,8170.102,8151.763,8152.133,328073000,7141949440.0000
2026-07-08 14:40:00,8152.891,8169.137,8152.402,8156.458,314942500,6804144128.0000
2026-07-08 14:45:00,8155.943,8157.497,8145.535,8145.535,461796700,9879617536.0000
2026-07-08 14:50:00,8146.424,8149.555,8122.534,8123.553,562582400,11543216128.0000
2026-07-08 14:55:00,8125.909,8134.440,8122.094,8122.538,672909900,13419282432.0000
2026-07-08 15:00:00,8123.133,8123.133,8117.861,8117.861,588500000,11916738560.0000
2026-07-09 09:35:00,8161.859,8173.301,8147.912,8162.357,2382442800,56253607936.0000
2026-07-09 09:40:00,8162.063,8212.631,8150.992,8208.378,1250659600,30448267264.0000
2026-07-09 09:45:00,8208.367,8212.492,8184.575,8197.256,995371500,23773216768.0000
2026-07-09 09:50:00,8198.543,8199.493,8136.873,8136.873,965674200,22459785216.0000
2026-07-09 09:55:00,8133.117,8147.803,8116.947,8141.351,873255000,20417822720.0000
2026-07-09 10:00:00,8141.427,8141.427,8097.641,8097.641,794979000,18314510336.0000
2026-07-09 10:05:00,8098.322,8107.392,8084.421,8096.209,726284300,16471212032.0000
2026-07-09 10:10:00,8097.867,8120.983,8087.632,8120.983,611997800,13141196800.0000
2026-07-09 10:15:00,8118.446,8131.294,8110.359,8125.448,489625200,11576508416.0000
2026-07-09 10:20:00,8126.412,8138.060,8121.958,8138.018,458062700,10229088256.0000
2026-07-09 10:25:00,8136.890,8136.890,8114.696,8124.840,482569900,10273816576.0000
2026-07-09 10:30:00,8124.561,8124.561,8091.967,8095.616,456289000,8979775488.0000
2026-07-09 10:35:00,8095.659,8100.287,8070.804,8071.858,538032000,10286579712.0000
2026-07-09 10:40:00,8070.893,8070.893,8051.831,8061.243,507606000,10458628096.0000
2026-07-09 10:45:00,8062.288,8066.415,8045.625,8056.624,460076100,9014870016.0000
2026-07-09 10:50:00,8056.334,8056.334,8023.419,8023.419,463789700,9276162048.0000
2026-07-09 10:55:00,8023.425,8031.547,8013.591,8031.547,471013700,9864282112.0000
2026-07-09 11:00:00,8031.991,8035.736,8013.542,8018.224,364173200,6912606208.0000
2026-07-09 11:05:00,8017.998,8022.456,8001.870,8013.100,409925400,7965409280.0000
2026-07-09 11:10:00,8013.498,8024.623,7996.316,8024.467,359762300,7478804480.0000
2026-07-09 11:15:00,8024.710,8029.630,7987.696,7995.797,350370900,7222099968.0000
2026-07-09 11:20:00,7997.330,8007.398,7981.525,7986.732,331086700,7094435840.0000
2026-07-09 11:25:00,7987.331,8016.623,7978.806,8016.623,337699300,6934036480.0000
2026-07-09 11:30:00,8016.804,8037.648,8016.340,8032.569,231893500,5821005824.0000
2026-07-09 13:05:00,8033.824,8059.586,8033.824,8040.026,415973500,9833971712.0000
2026-07-09 13:10:00,8040.187,8082.604,8038.040,8082.604,315461200,8023900160.0000
2026-07-09 13:15:00,8083.453,8112.793,8083.453,8112.793,396382700,10030481408.0000
2026-07-09 13:20:00,8113.025,8113.025,8082.976,8082.976,368799900,9368862720.0000
2026-07-09 13:25:00,8082.617,8082.617,8068.819,8076.925,278636000,6985809920.0000
2026-07-09 13:30:00,8077.180,8123.618,8077.180,8118.440,319269600,8560869376.0000
2026-07-09 13:35:00,8119.119,8119.119,8087.810,8108.832,263841600,7276068864.0000
2026-07-09 13:40:00,8110.380,8144.107,8110.380,8142.944,300496600,7792197632.0000
2026-07-09 13:45:00,8143.278,8156.407,8143.278,8155.141,419508600,10745970688.0000
2026-07-09 13:50:00,8155.210,8180.256,8155.210,8179.365,415637900,10806099968.0000
2026-07-09 13:55:00,8180.400,8199.541,8180.400,8189.773,447967100,11098554368.0000
2026-07-09 14:00:00,8188.683,8218.703,8188.023,8218.703,419636300,10377199616.0000
2026-07-09 14:05:00,8221.191,8232.857,8212.282,8227.772,500338400,10931240960.0000
2026-07-09 14:10:00,8228.021,8237.330,8212.075,8230.136,404776800,9253912576.0000
2026-07-09 14:15:00,8230.203,8254.050,8225.235,8252.550,456147400,10503323648.0000
2026-07-09 14:20:00,8253.508,8265.370,8229.820,8229.820,440272100,10808918016.0000
2026-07-09 14:25:00,8228.956,8245.700,8228.956,8245.473,336323800,8398897152.0000
2026-07-09 14:30:00,8245.438,8259.502,8242.791,8259.321,333153300,7956103168.0000
2026-07-09 14:35:00,8259.857,8262.105,8253.503,8257.174,434326200,9423650816.0000
2026-07-09 14:40:00,8257.545,8272.797,8257.545,8271.938,453172900,9678290944.0000
2026-07-09 14:45:00,8270.905,8299.704,8270.905,8299.704,513714300,10932092928.0000
2026-07-09 14:50:00,8301.156,8312.621,8298.988,8312.621,588669800,12582649856.0000
2026-07-09 14:55:00,8311.957,8311.957,8296.887,8299.168,713970700,15384903680.0000
2026-07-09 15:00:00,8298.399,8303.108,8296.472,8300.077,608817900,12999983104.0000
2026-07-10 09:35:00,8312.492,8342.832,8310.915,8338.344,2781567600,72780005376.0000
2026-07-10 09:40:00,8338.750,8380.407,8326.956,8380.323,1665001200,41962889216.0000
2026-07-10 09:45:00,8379.709,8392.265,8375.525,8386.127,1445498600,34094637056.0000
2026-07-10 09:50:00,8385.004,8407.545,8376.194,8404.490,1231568300,28594470912.0000
2026-07-10 09:55:00,8406.193,8437.464,8406.193,8436.386,1053671700,24713674752.0000
2026-07-10 10:00:00,8437.224,8438.194,8391.078,8391.078,1145017000,25575571456.0000
2026-07-10 10:05:00,8391.182,8406.141,8371.226,8371.226,1302979800,27585003520.0000
2026-07-10 10:10:00,8370.497,8393.577,8370.497,8388.605,1162905600,23633739776.0000
2026-07-10 10:15:00,8389.943,8391.811,8355.112,8391.393,1023446400,21352382464.0000
2026-07-10 10:20:00,8390.710,8412.963,8390.710,8400.836,826513000,16695721984.0000
2026-07-10 10:25:00,8402.829,8403.724,8388.594,8398.636,678902100,13078560768.0000
2026-07-10 10:30:00,8399.372,8407.782,8392.057,8400.720,618412000,11680612352.0000
2026-07-10 10:35:00,8400.960,8405.059,8365.661,8382.890,644717400,13066272768.0000
2026-07-10 10:40:00,8377.990,8390.109,8363.594,8390.109,581533700,12238225408.0000
2026-07-10 10:45:00,8390.734,8399.721,8385.309,8389.104,503656800,11130732544.0000
2026-07-10 10:50:00,8388.290,8388.290,8374.636,8382.666,450712500,10137305088.0000
2026-07-10 10:55:00,8382.824,8392.654,8376.041,8380.144,434497500,8666677248.0000
2026-07-10 11:00:00,8380.927,8404.332,8373.452,8397.769,409482300,8140423168.0000
2026-07-10 11:05:00,8398.457,8398.769,8380.491,8382.573,374801000,7359692800.0000
2026-07-10 11:10:00,8382.977,8394.555,8374.076,8392.770,411435700,7471792128.0000
2026-07-10 11:15:00,8393.271,8398.332,8380.797,8380.904,326951000,6452576256.0000
2026-07-10 11:20:00,8380.738,8394.005,8380.504,8387.671,272438900,5570428928.0000
2026-07-10 11:25:00,8388.220,8395.872,8381.241,8381.241,370822500,6412042240.0000
2026-07-10 11:30:00,8380.128,8391.869,8367.965,8391.869,319683500,6829113344.0000
2026-07-10 13:05:00,8399.153,8405.621,8390.385,8391.520,958583600,21792129024.0000
2026-07-10 13:10:00,8391.735,8406.378,8386.251,8405.201,484614300,11656626176.0000
2026-07-10 13:15:00,8406.252,8425.852,8405.090,8421.617,458509200,10124394496.0000
2026-07-10 13:20:00,8421.581,8432.496,8416.036,8416.442,416302900,9426075648.0000
2026-07-10 13:25:00,8417.268,8428.575,8409.585,8423.948,413125500,8934719488.0000
2026-07-10 13:30:00,8423.755,8429.047,8416.534,8423.290,378949200,8553365504.0000
2026-07-10 13:35:00,8423.578,8433.065,8408.554,8408.554,413976400,8638857216.0000
2026-07-10 13:40:00,8407.035,8408.455,8366.929,8367.079,486851100,10571448320.0000
2026-07-10 13:45:00,8366.383,8374.481,8354.480,8354.480,458854400,9858711552.0000
2026-07-10 13:50:00,8354.600,8354.600,8330.989,8343.356,459113900,10089988096.0000
2026-07-10 13:55:00,8344.040,8357.430,8342.341,8356.598,347454700,7184121856.0000
2026-07-10 14:00:00,8356.375,8356.375,8321.787,8321.787,336755300,7688421376.0000
2026-07-10 14:05:00,8321.302,8322.399,8302.751,8322.399,434134400,9825878016.0000
2026-07-10 14:10:00,8323.081,8323.081,8283.355,8285.567,373039000,9317646336.0000
2026-07-10 14:15:00,8284.978,8300.242,8283.868,8291.013,355286000,8476229632.0000
2026-07-10 14:20:00,8291.761,8332.714,8291.761,8332.714,312104600,7541489664.0000
2026-07-10 14:25:00,8333.132,8333.132,8302.210,8305.330,262487300,6766329856.0000
2026-07-10 14:30:00,8305.384,8305.384,8284.122,8284.122,278654400,6886129664.0000
2026-07-10 14:35:00,8283.329,8287.841,8261.343,8274.865,447810200,10242883584.0000
2026-07-10 14:40:00,8274.563,8280.295,8260.315,8261.460,347959400,8647081984.0000
2026-07-10 14:45:00,8261.515,8261.515,8230.163,8231.623,503669500,12177702912.0000
2026-07-10 14:50:00,8231.765,8251.751,8225.577,8226.096,546190500,12617056256.0000
2026-07-10 14:55:00,8225.633,8231.313,8210.876,8211.777,678396100,15272378368.0000
2026-07-10 15:00:00,8211.629,8211.629,8198.308,8198.308,661322900,14301855744.0000
2026-07-13 09:35:00,8124.363,8171.504,8124.363,8145.107,3450983100,69700845568.0000
2026-07-13 09:40:00,8143.577,8143.577,8090.062,8097.999,1923837300,38424469504.0000
2026-07-13 09:45:00,8096.677,8112.135,8072.883,8107.103,1529375900,29146333184.0000
2026-07-13 09:50:00,8109.348,8119.603,8057.002,8058.480,1204034900,24595996672.0000
2026-07-13 09:55:00,8061.716,8070.377,8046.989,8053.805,1047663300,20812169216.0000
2026-07-13 10:00:00,8054.045,8054.045,8021.455,8021.455,965924900,19784548352.0000
2026-07-13 10:05:00,8021.639,8033.668,7998.260,8033.479,1115249500,21201584128.0000
2026-07-13 10:10:00,8030.488,8036.125,7993.972,8007.011,728781000,14242611200.0000
2026-07-13 10:15:00,8006.784,8024.805,7994.513,8023.636,573533700,11364417536.0000
2026-07-13 10:20:00,8022.340,8024.609,7991.837,7994.728,596649600,11508285440.0000
2026-07-13 10:25:00,7994.370,8009.893,7986.107,8009.893,546815700,11204182016.0000
2026-07-13 10:30:00,8010.021,8029.802,7998.096,8028.491,426522700,8599502848.0000
2026-07-13 10:35:00,8028.825,8028.825,7989.104,7991.586,534312600,9437184000.0000
2026-07-13 10:40:00,7992.637,8002.755,7956.493,7956.493,516949700,9864577024.0000
2026-07-13 10:45:00,7955.929,7956.400,7940.573,7941.874,449173400,9491972096.0000
2026-07-13 10:50:00,7943.089,7956.507,7938.208,7950.015,405517800,8398962688.0000
2026-07-13 10:55:00,7947.353,7956.647,7943.078,7947.751,339947600,7331053568.0000
2026-07-13 11:00:00,7947.282,7953.050,7932.456,7933.929,314681600,6473580544.0000
2026-07-13 11:05:00,7933.370,7941.585,7921.224,7921.910,378571400,7649951744.0000
2026-07-13 11:10:00,7921.851,7925.980,7911.076,7912.369,421660800,9106358272.0000
2026-07-13 11:15:00,7913.995,7915.172,7899.769,7901.292,432479400,9558884352.0000
2026-07-13 11:20:00,7901.684,7939.815,7901.090,7927.192,345046900,7465140224.0000
2026-07-13 11:25:00,7925.917,7930.421,7908.389,7918.577,321207400,6632964096.0000
2026-07-13 11:30:00,7923.751,7927.593,7912.264,7914.585,289739400,6883082240.0000
2026-07-13 13:05:00,7913.146,7913.257,7881.928,7910.772,575544400,12684165120.0000
2026-07-13 13:10:00,7909.364,7911.492,7882.750,7890.886,353970400,7578157056.0000
2026-07-13 13:15:00,7890.914,7904.298,7873.793,7875.001,319740800,6805848064.0000
2026-07-13 13:20:00,7875.572,7877.843,7846.927,7854.694,504065300,10376380416.0000
2026-07-13 13:25:00,7854.323,7855.865,7825.551,7832.154,445693000,9440755712.0000
2026-07-13 13:30:00,7831.442,7837.584,7813.040,7823.671,400437000,8455389184.0000
2026-07-13 13:35:00,7825.806,7903.877,7825.806,7902.401,440751600,9102688256.0000
2026-07-13 13:40:00,7902.248,7917.596,7882.240,7911.371,374275000,8097726464.0000
2026-07-13 13:45:00,7911.247,7920.206,7875.232,7877.010,336064200,6775767040.0000
2026-07-13 13:50:00,7877.655,7877.655,7827.356,7829.200,372626200,6548619264.0000
2026-07-13 13:55:00,7829.476,7879.944,7829.476,7854.684,271015300,5395939328.0000
2026-07-13 14:00:00,7854.355,7856.203,7828.073,7843.413,256583600,5505187840.0000
2026-07-13 14:05:00,7842.949,7842.949,7824.140,7825.195,272057100,5411471360.0000
2026-07-13 14:10:00,7827.099,7829.165,7794.914,7798.401,365097300,7214170112.0000
2026-07-13 14:15:00,7798.867,7807.545,7792.094,7794.370,339916900,7062618112.0000
2026-07-13 14:20:00,7794.938,7813.297,7790.699,7805.182,345419300,6859685888.0000
2026-07-13 14:25:00,7804.570,7808.760,7787.123,7790.140,295715200,6204194816.0000
2026-07-13 14:30:00,7790.234,7805.369,7785.811,7795.427,361638800,7164035072.0000
2026-07-13 14:35:00,7796.998,7797.514,7769.292,7785.037,473339100,9377546240.0000
2026-07-13 14:40:00,7784.657,7819.584,7784.657,7794.488,425649400,8380907520.0000
2026-07-13 14:45:00,7796.356,7800.955,7778.301,7795.907,448163500,8719826944.0000
2026-07-13 14:50:00,7795.172,7835.248,7795.172,7816.196,522324100,9949544448.0000
2026-07-13 14:55:00,7815.852,7815.852,7782.987,7782.987,598683900,11511201792.0000
2026-07-13 15:00:00,7782.655,7790.219,7782.355,7787.853,571203400,10288037888.0000
2026-07-14 09:35:00,7799.813,7806.851,7761.695,7761.695,2560750300,51550875648.0000
2026-07-14 09:40:00,7759.405,7804.300,7748.184,7749.448,1648453200,30036635648.0000
2026-07-14 09:45:00,7746.665,7755.048,7714.261,7750.801,1480876200,26541350912.0000
2026-07-14 09:50:00,7750.935,7755.098,7722.269,7746.573,1094983900,19358081024.0000
2026-07-14 09:55:00,7746.569,7805.626,7732.074,7805.586,886031100,17460486144.0000
2026-07-14 10:00:00,7803.238,7809.477,7786.236,7786.236,589218800,13288144896.0000
2026-07-14 10:05:00,7785.610,7785.610,7762.190,7779.929,566413200,12211175424.0000
2026-07-14 10:10:00,7781.226,7786.218,7752.205,7752.205,519857700,11293032448.0000
2026-07-14 10:15:00,7751.373,7783.524,7739.912,7783.504,508160200,10814390272.0000
2026-07-14 10:20:00,7784.561,7833.713,7780.522,7833.325,428575000,9664561152.0000
2026-07-14 10:25:00,7834.569,7842.906,7805.936,7807.164,504073400,11402100736.0000
2026-07-14 10:30:00,7807.762,7807.762,7764.250,7777.950,428974900,9613639680.0000
2026-07-14 10:35:00,7779.098,7801.250,7776.294,7776.341,390491100,8166637568.0000
2026-07-14 10:40:00,7774.387,7774.387,7752.264,7769.121,450112600,8758870016.0000
2026-07-14 10:45:00,7769.462,7773.814,7749.389,7750.845,333208400,6802063360.0000
2026-07-14 10:50:00,7750.449,7754.824,7723.383,7725.284,491009900,10059382784.0000
2026-07-14 10:55:00,7724.885,7751.161,7716.199,7741.103,462711300,9162801152.0000
2026-07-14 11:00:00,7741.988,7750.061,7719.360,7722.371,421697500,8590868480.0000
2026-07-14 11:05:00,7723.660,7734.726,7712.021,7717.562,357032800,7271333888.0000
2026-07-14 11:10:00,7717.782,7726.630,7694.829,7700.381,402693400,8511193088.0000
2026-07-14 11:15:00,7700.616,7700.616,7657.706,7675.106,474441000,9626484736.0000
2026-07-14 11:20:00,7677.524,7703.266,7668.571,7682.333,327856800,6934691840.0000
2026-07-14 11:25:00,7684.418,7684.418,7657.671,7672.089,348011700,6763020288.0000
2026-07-14 11:30:00,7671.084,7718.855,7668.897,7718.181,277255000,5520293888.0000
2026-07-14 13:05:00,7733.804,7859.426,7733.804,7859.426,824653300,17667653632.0000
2026-07-14 13:10:00,7858.780,7892.998,7843.285,7892.998,496563900,11949113344.0000
2026-07-14 13:15:00,7894.141,7899.455,7864.292,7871.490,509439400,11616747520.0000
2026-07-14 13:20:00,7871.424,7885.006,7833.766,7837.360,360234500,8432418816.0000
2026-07-14 13:25:00,7837.649,7884.836,7837.649,7881.687,303461200,7564066816.0000
2026-07-14 13:30:00,7880.215,7910.004,7871.781,7903.746,406308500,9379151872.0000
2026-07-14 13:35:00,7904.938,7934.103,7898.406,7901.595,562474700,12276236288.0000
2026-07-14 13:40:00,7902.800,7910.955,7878.352,7881.163,349366200,7993458688.0000
2026-07-14 13:45:00,7881.371,7881.371,7857.020,7877.877,350735900,7271448576.0000
2026-07-14 13:50:00,7876.188,7876.188,7838.944,7853.997,286645800,6149144576.0000
2026-07-14 13:55:00,7852.229,7852.229,7811.744,7827.702,296354900,6337757184.0000
2026-07-14 14:00:00,7826.332,7850.833,7822.771,7836.327,264889400,5452922880.0000
2026-07-14 14:05:00,7836.066,7855.276,7833.676,7855.276,330360400,5611552768.0000
2026-07-14 14:10:00,7856.600,7874.294,7854.452,7855.858,286949600,5598380032.0000
2026-07-14 14:15:00,7855.607,7885.794,7855.441,7885.794,279973400,5003378688.0000
2026-07-14 14:20:00,7886.535,7886.535,7868.116,7868.995,304199100,5332467712.0000
2026-07-14 14:25:00,7868.500,7868.500,7844.776,7857.663,281181100,5390401536.0000
2026-07-14 14:30:00,7858.588,7876.126,7857.647,7875.761,263562000,4903174144.0000
2026-07-14 14:35:00,7875.533,7910.427,7872.707,7909.575,345805300,6938492928.0000
2026-07-14 14:40:00,7905.427,7920.614,7901.523,7920.614,349002000,7360544768.0000
2026-07-14 14:45:00,7920.999,7922.754,7897.506,7905.787,470092700,8945827840.0000
2026-07-14 14:50:00,7906.452,7920.813,7904.346,7920.436,439031700,8915681280.0000
2026-07-14 14:55:00,7919.330,7924.401,7913.426,7923.314,606602200,11750899712.0000
2026-07-14 15:00:00,7923.876,7928.448,7921.999,7925.123,668424900,11987812352.0000
2026-07-15 09:35:00,7959.374,7968.062,7919.188,7919.188,2926450700,61254803456.0000
2026-07-15 09:40:00,7919.691,7921.006,7878.358,7885.886,1879252600,36660772864.0000
2026-07-15 09:45:00,7886.485,7911.960,7865.755,7911.960,1483189200,27817508864.0000
2026-07-15 09:50:00,7909.694,7965.350,7904.248,7958.986,1179788000,22635323392.0000
2026-07-15 09:55:00,7960.429,7966.434,7920.993,7924.330,1004941000,17918148608.0000
2026-07-15 10:00:00,7926.315,7953.792,7922.355,7941.166,770539800,14164754432.0000
2026-07-15 10:05:00,7942.464,7972.856,7939.731,7950.213,774468800,14388166656.0000
2026-07-15 10:10:00,7947.491,7947.491,7907.658,7907.658,646011100,12564758528.0000
2026-07-15 10:15:00,7905.424,7923.296,7892.538,7921.404,657384700,12150177792.0000
2026-07-15 10:20:00,7921.569,7934.603,7914.261,7920.792,509955700,9904046080.0000
2026-07-15 10:25:00,7924.822,7970.184,7924.822,7970.184,511060400,10527014912.0000
2026-07-15 10:30:00,7968.613,7979.077,7956.898,7964.660,420650200,9451438080.0000
2026-07-15 10:35:00,7965.188,7971.289,7936.923,7950.533,458494300,9092218880.0000
2026-07-15 10:40:00,7950.195,7950.195,7924.770,7926.691,415588500,8154988544.0000
2026-07-15 10:45:00,7926.330,7942.127,7918.301,7923.721,410723300,8127217664.0000
2026-07-15 10:50:00,7924.317,7940.097,7907.122,7907.122,364071500,7260192768.0000
2026-07-15 10:55:00,7906.492,7908.654,7892.459,7892.610,385897200,8069414912.0000
2026-07-15 11:00:00,7892.402,7898.581,7883.504,7883.504,311022800,6190825472.0000
2026-07-15 11:05:00,7882.869,7882.869,7862.526,7864.868,355166300,7500070912.0000
2026-07-15 11:10:00,7865.080,7873.067,7855.166,7873.067,321288800,6427410432.0000
2026-07-15 11:15:00,7873.382,7888.377,7863.711,7886.980,292050000,5640486912.0000
2026-07-15 11:20:00,7887.266,7887.946,7850.065,7851.403,298091300,6168313856.0000
2026-07-15 11:25:00,7851.287,7851.287,7831.167,7833.499,318077400,6788874240.0000
2026-07-15 11:30:00,7832.978,7870.411,7832.978,7870.001,311246600,5905645568.0000
2026-07-15 13:05:00,7873.302,7878.755,7834.715,7834.715,580055900,10921082880.0000
2026-07-15 13:10:00,7834.313,7836.557,7811.010,7820.297,401586400,8012562432.0000
2026-07-15 13:15:00,7820.810,7824.031,7794.001,7803.055,444960000,8316977152.0000
2026-07-15 13:20:00,7803.203,7847.583,7803.203,7845.720,333297500,6866075648.0000
2026-07-15 13:25:00,7843.253,7858.491,7826.853,7855.877,287360100,5867765760.0000
2026-07-15 13:30:00,7855.729,7884.753,7855.729,7872.216,334193800,7124058112.0000
2026-07-15 13:35:00,7872.629,7884.681,7854.999,7854.999,302945000,6400245760.0000
2026-07-15 13:40:00,7854.443,7861.437,7844.833,7848.274,254446800,5149655040.0000
2026-07-15 13:45:00,7848.411,7880.455,7848.411,7866.433,258054400,5517410304.0000
2026-07-15 13:50:00,7866.633,7866.633,7828.379,7828.604,301017200,5945393152.0000
2026-07-15 13:55:00,7828.870,7839.465,7828.324,7839.465,241540700,4650631168.0000
2026-07-15 14:00:00,7838.203,7838.203,7813.837,7816.571,239142200,4720427008.0000
2026-07-15 14:05:00,7816.549,7816.549,7802.101,7803.768,301675300,5773524992.0000
2026-07-15 14:10:00,7805.096,7806.775,7795.376,7795.376,250152200,5256773632.0000
2026-07-15 14:15:00,7794.446,7811.068,7791.356,7809.589,309488800,6023675904.0000
2026-07-15 14:20:00,7810.276,7817.124,7799.164,7799.164,289915400,5020057600.0000
2026-07-15 14:25:00,7798.856,7798.856,7787.169,7795.796,306459800,5777162240.0000
2026-07-15 14:30:00,7796.723,7823.916,7796.723,7810.607,411754600,6396739584.0000
2026-07-15 14:35:00,7810.150,7813.792,7783.219,7797.114,413847200,8169127936.0000
2026-07-15 14:40:00,7797.285,7811.297,7794.569,7804.230,376996600,7577731072.0000
2026-07-15 14:45:00,7804.068,7825.792,7799.543,7825.603,458885200,8755937280.0000
2026-07-15 14:50:00,7825.315,7832.792,7803.960,7812.238,499851300,9205612544.0000
2026-07-15 14:55:00,7812.095,7829.068,7812.095,7813.233,651293100,11774885888.0000
2026-07-15 15:00:00,7812.624,7817.831,7812.482,7817.831,588997400,10282401792.0000
2026-07-16 09:35:00,7713.135,7718.832,7642.697,7643.673,2771979100,54759985152.0000
2026-07-16 09:40:00,7643.478,7719.739,7643.478,7704.707,1710719400,30809124864.0000
2026-07-16 09:45:00,7700.791,7744.127,7686.660,7743.242,1423574600,24413945856.0000
2026-07-16 09:50:00,7743.360,7764.134,7737.818,7756.328,903753000,16953278464.0000
2026-07-16 09:55:00,7755.231,7757.762,7731.809,7744.725,731822900,13924057088.0000
2026-07-16 10:00:00,7745.384,7813.241,7745.384,7799.079,722306000,13576552448.0000
2026-07-16 10:05:00,7799.218,7799.218,7775.364,7787.517,631651200,11487133696.0000
2026-07-16 10:10:00,7786.025,7835.308,7781.676,7835.308,504382100,9775939584.0000
2026-07-16 10:15:00,7836.122,7836.390,7795.829,7799.173,471109700,9222356992.0000
2026-07-16 10:20:00,7799.733,7827.533,7799.733,7812.199,406283300,8650129408.0000
2026-07-16 10:25:00,7811.899,7825.464,7790.993,7793.151,481137200,8857550848.0000
2026-07-16 10:30:00,7794.006,7810.405,7790.519,7799.377,537412600,9363701760.0000
2026-07-16 10:35:00,7798.545,7798.545,7773.630,7785.251,555947900,10286006272.0000
2026-07-16 10:40:00,7790.656,7792.218,7757.010,7758.424,455280100,8862728192.0000
2026-07-16 10:45:00,7758.225,7803.112,7747.934,7803.112,440478200,8563146752.0000
2026-07-16 10:50:00,7803.898,7823.118,7802.896,7817.754,407359000,7783235584.0000
2026-07-16 10:55:00,7818.387,7827.115,7808.896,7810.328,325498600,6358564864.0000
2026-07-16 11:00:00,7808.042,7809.647,7796.805,7798.640,255742000,4847321088.0000
2026-07-16 11:05:00,7797.720,7803.866,7778.891,7778.891,239986800,4745560064.0000
2026-07-16 11:10:00,7779.011,7790.574,7771.112,7776.004,267193600,4826382336.0000
2026-07-16 11:15:00,7776.452,7779.848,7759.333,7759.333,237671300,4574380032.0000
2026-07-16 11:20:00,7758.891,7767.917,7738.764,7738.764,282973600,5056086016.0000
2026-07-16 11:25:00,7738.456,7743.466,7725.374,7725.879,269915300,5482610688.0000
2026-07-16 11:30:00,7726.209,7762.734,7726.209,7760.731,224197000,4295360512.0000
2026-07-16 13:05:00,7762.014,7762.063,7733.879,7751.863,398870400,7721943040.0000
2026-07-16 13:10:00,7753.926,7761.196,7726.819,7726.819,302161600,5693112320.0000
2026-07-16 13:15:00,7726.555,7738.827,7714.088,7738.542,373305800,6791266304.0000
2026-07-16 13:20:00,7738.876,7761.153,7723.553,7758.944,317063900,6018105344.0000
2026-07-16 13:25:00,7759.019,7770.053,7731.961,7732.065,295700900,5587337216.0000
2026-07-16 13:30:00,7731.188,7731.188,7712.097,7718.267,336877800,6754828288.0000
2026-07-16 13:35:00,7717.988,7717.988,7695.056,7712.848,408603300,8118730752.0000
2026-07-16 13:40:00,7711.743,7711.743,7684.670,7690.558,371039700,7196573696.0000
2026-07-16 13:45:00,7691.292,7700.920,7683.554,7695.684,358261900,6720487424.0000
2026-07-16 13:50:00,7697.907,7701.083,7679.188,7681.427,380701100,7908884480.0000
2026-07-16 13:55:00,7680.674,7704.691,7677.243,7678.153,353031500,7238516736.0000
2026-07-16 14:00:00,7678.269,7683.903,7674.364,7682.797,285962600,5758779392.0000
2026-07-16 14:05:00,7683.533,7693.851,7663.930,7677.305,375278100,6735462400.0000
2026-07-16 14:10:00,7677.037,7703.557,7671.670,7675.212,277081500,5769363456.0000
2026-07-16 14:15:00,7673.786,7679.441,7659.242,7661.844,326203700,6198657024.0000
2026-07-16 14:20:00,7661.182,7661.777,7655.946,7657.671,314475100,6324748288.0000
2026-07-16 14:25:00,7657.958,7664.882,7649.117,7653.040,352974800,7183237120.0000
2026-07-16 14:30:00,7652.486,7662.352,7644.883,7647.641,318356000,6579585024.0000
2026-07-16 14:35:00,7648.708,7648.708,7617.624,7617.928,525983900,9581756416.0000
2026-07-16 14:40:00,7617.966,7621.466,7604.542,7618.479,498641200,9898950656.0000
2026-07-16 14:45:00,7618.550,7630.624,7608.700,7610.376,477614500,9672294400.0000
2026-07-16 14:50:00,7610.481,7613.999,7591.421,7592.132,602734900,12186353664.0000
2026-07-16 14:55:00,7592.481,7623.808,7592.481,7621.921,761538300,14018150400.0000
2026-07-16 15:00:00,7621.866,7632.224,7621.604,7631.762,551850100,9958490112.0000
2026-07-17 09:35:00,7599.388,7605.613,7506.587,7512.805,2834770200,50791284736.0000
2026-07-17 09:40:00,7512.194,7540.201,7488.395,7535.563,2079390900,36269785088.0000
2026-07-17 09:45:00,7531.632,7542.388,7495.593,7495.593,1398548300,23432478720.0000
2026-07-17 09:50:00,7494.909,7494.909,7451.208,7481.203,1340631300,23518584832.0000
2026-07-17 09:55:00,7482.140,7531.208,7474.564,7525.921,1059514300,18214281216.0000
2026-07-17 10:00:00,7525.215,7542.863,7514.594,7521.255,756678600,13806387200.0000
2026-07-17 10:05:00,7520.644,7544.085,7485.436,7544.085,811741800,13824950272.0000
2026-07-17 10:10:00,7545.004,7545.004,7498.619,7498.619,641679300,11510251520.0000
2026-07-17 10:15:00,7497.585,7502.093,7468.480,7491.729,626435300,10480664576.0000
2026-07-17 10:20:00,7491.083,7528.400,7478.813,7496.467,479761200,8359575552.0000
2026-07-17 10:25:00,7496.866,7496.866,7457.547,7481.038,528876900,8817786880.0000
2026-07-17 10:30:00,7482.461,7482.461,7454.978,7455.228,430405900,7615119360.0000
2026-07-17 10:35:00,7454.140,7454.140,7421.691,7421.691,509483800,9006465024.0000
2026-07-17 10:40:00,7421.983,7431.945,7408.057,7429.628,552654200,10004185088.0000
2026-07-17 10:45:00,7429.163,7438.278,7394.884,7395.153,459334200,8265072640.0000
2026-07-17 10:50:00,7394.878,7415.789,7362.426,7364.534,562939500,9794256896.0000
2026-07-17 10:55:00,7364.712,7383.555,7364.024,7367.558,419706200,7730413568.0000
2026-07-17 11:00:00,7369.764,7417.318,7369.764,7402.908,380795700,6948143104.0000
2026-07-17 11:05:00,7404.052,7474.797,7404.052,7466.766,427353300,7927988224.0000
2026-07-17 11:10:00,7468.546,7471.008,7435.199,7437.104,442094400,7294746624.0000
2026-07-17 11:15:00,7440.643,7442.748,7412.229,7427.085,334700300,5373067264.0000
2026-07-17 11:20:00,7427.165,7441.646,7398.812,7403.535,299007100,5234425856.0000
2026-07-17 11:25:00,7404.689,7409.879,7390.142,7391.821,274068500,4786028544.0000
2026-07-17 11:30:00,7391.761,7403.450,7379.912,7392.215,268503300,4687003648.0000
2026-07-17 13:05:00,7389.058,7389.058,7337.567,7339.750,591785800,9849536512.0000
2026-07-17 13:10:00,7340.337,7342.837,7306.981,7316.820,478977000,8440479744.0000
2026-07-17 13:15:00,7318.585,7331.511,7300.698,7302.905,495554300,8871673856.0000
2026-07-17 13:20:00,7304.267,7308.963,7279.807,7279.807,463100000,8482095104.0000
2026-07-17 13:25:00,7278.559,7280.237,7257.604,7257.604,567110300,9386196992.0000
2026-07-17 13:30:00,7256.932,7290.669,7248.240,7272.809,552243700,8208777216.0000
2026-07-17 13:35:00,7273.492,7284.947,7242.266,7244.729,422249600,6960021504.0000
2026-07-17 13:40:00,7245.082,7246.833,7202.249,7202.249,625266300,9522479104.0000
2026-07-17 13:45:00,7201.124,7213.525,7178.544,7178.970,613219400,9732489216.0000
2026-07-17 13:50:00,7178.967,7211.628,7163.309,7209.725,654990400,10603036672.0000
2026-07-17 13:55:00,7212.101,7226.873,7188.564,7203.619,436787900,7312244736.0000
2026-07-17 14:00:00,7203.198,7263.684,7190.041,7257.378,419142500,7156760576.0000
2026-07-17 14:05:00,7256.610,7326.444,7256.435,7299.016,603950600,10529767424.0000
2026-07-17 14:10:00,7297.453,7326.591,7277.026,7320.984,372933200,6576439296.0000
2026-07-17 14:15:00,7320.479,7359.058,7320.479,7352.327,401346700,7890206720.0000
2026-07-17 14:20:00,7351.921,7357.987,7298.310,7301.341,341705100,6868664320.0000
2026-07-17 14:25:00,7300.735,7328.549,7296.764,7308.194,297584100,5520064512.0000
2026-07-17 14:30:00,7308.152,7324.207,7280.326,7282.265,292381200,5056069632.0000
2026-07-17 14:35:00,7282.908,7296.607,7274.369,7291.521,343156500,5851447296.0000
2026-07-17 14:40:00,7290.477,7290.477,7238.088,7239.622,413993000,6711672832.0000
2026-07-17 14:45:00,7239.383,7241.809,7209.729,7210.951,504975200,8206024704.0000
2026-07-17 14:50:00,7210.959,7210.959,7191.550,7194.491,553439300,9031090176.0000
2026-07-17 14:55:00,7194.007,7197.089,7168.391,7169.188,673712000,11214880768.0000
2026-07-17 15:00:00,7168.573,7171.973,7166.787,7167.996,585545900,9232220160.0000
2026-07-20 09:35:00,7256.267,7281.732,7217.471,7281.732,3251418700,57360818176.0000
2026-07-20 09:40:00,7283.495,7298.122,7247.510,7247.510,1642181900,28447375360.0000
2026-07-20 09:45:00,7244.938,7265.277,7210.361,7246.811,1504497600,25398370304.0000
2026-07-20 09:50:00,7247.352,7247.802,7191.310,7195.942,1257115300,21593628672.0000
2026-07-20 09:55:00,7198.456,7198.456,7144.798,7144.798,1228267500,21397692416.0000
2026-07-20 10:00:00,7146.173,7226.625,7146.173,7218.799,1062145900,17261527040.0000
2026-07-20 10:05:00,7219.091,7251.889,7198.513,7245.204,818807200,12977012736.0000
2026-07-20 10:10:00,7245.384,7245.384,7185.932,7201.825,671607500,11379015680.0000
2026-07-20 10:15:00,7204.039,7204.039,7161.943,7164.617,639203500,12190400512.0000
2026-07-20 10:20:00,7164.162,7165.941,7117.855,7131.459,686365200,12975898624.0000
2026-07-20 10:25:00,7131.818,7134.450,7085.972,7112.621,644888000,11321933824.0000
2026-07-20 10:30:00,7113.130,7128.661,7096.520,7096.520,500446600,8645115904.0000
2026-07-20 10:35:00,7094.603,7099.043,7056.585,7056.585,730696300,13007896576.0000
2026-07-20 10:40:00,7055.780,7100.221,7050.001,7084.784,626887700,10933633024.0000
2026-07-20 10:45:00,7082.899,7111.706,7075.430,7111.270,380205500,6710771712.0000
2026-07-20 10:50:00,7111.431,7161.661,7111.431,7161.661,543237100,9329295360.0000
2026-07-20 10:55:00,7163.117,7164.004,7124.012,7124.012,357292800,6037766144.0000
2026-07-20 11:00:00,7123.495,7181.153,7123.066,7174.947,324153400,5385748480.0000
2026-07-20 11:05:00,7175.745,7210.692,7175.431,7206.546,426468800,7668957184.0000
2026-07-20 11:10:00,7206.360,7208.330,7164.100,7175.393,285709200,5157715968.0000
2026-07-20 11:15:00,7175.940,7184.221,7149.594,7150.132,218869400,4110155776.0000
2026-07-20 11:20:00,7151.278,7163.069,7124.481,7126.048,233928000,4016308224.0000
2026-07-20 11:25:00,7125.609,7125.609,7100.518,7116.143,248905400,4124049408.0000
2026-07-20 11:30:00,7116.893,7127.596,7095.778,7100.051,237780900,4126998528.0000
2026-07-20 13:05:00,7102.395,7122.761,7064.722,7083.759,547708000,9032368128.0000
2026-07-20 13:10:00,7087.382,7087.382,7056.416,7071.697,341918000,6156189696.0000
2026-07-20 13:15:00,7071.739,7080.141,7041.120,7041.473,409430800,7110197248.0000
2026-07-20 13:20:00,7041.385,7041.572,7011.248,7033.030,467680600,8236728320.0000
2026-07-20 13:25:00,7030.126,7030.687,7001.428,7001.775,395793300,6931349504.0000
2026-07-20 13:30:00,7001.474,7008.036,6983.211,6983.720,417518100,7651196928.0000
2026-07-20 13:35:00,6983.719,6995.399,6955.029,6958.586,502229800,9279733760.0000
2026-07-20 13:40:00,6959.902,6971.255,6908.020,6908.020,762282200,10981572608.0000
2026-07-20 13:45:00,6907.570,6937.401,6885.667,6885.667,639513700,9538207744.0000
2026-07-20 13:50:00,6884.451,6929.228,6856.653,6914.193,801159500,11573559296.0000
2026-07-20 13:55:00,6914.914,6936.327,6871.488,6871.488,430595800,6930104320.0000
2026-07-20 14:00:00,6871.642,6875.323,6852.746,6867.636,556201700,8033927168.0000
2026-07-20 14:05:00,6868.911,6947.328,6862.167,6946.032,484059700,7619510272.0000
2026-07-20 14:10:00,6945.396,6955.556,6893.314,6893.925,367070600,6132989952.0000
2026-07-20 14:15:00,6892.169,6915.668,6887.403,6915.668,425583300,6627655680.0000
2026-07-20 14:20:00,6915.484,6934.223,6902.521,6934.223,353118300,5205590016.0000
2026-07-20 14:25:00,6934.391,6941.644,6866.853,6866.853,445251400,6591053824.0000
2026-07-20 14:30:00,6865.005,6902.094,6863.654,6873.238,490226200,7888928768.0000
2026-07-20 14:35:00,6873.164,6876.150,6828.416,6838.627,591587100,9807233024.0000
2026-07-20 14:40:00,6837.880,6852.758,6824.145,6834.390,556362300,9175498752.0000
2026-07-20 14:45:00,6835.559,6913.794,6835.559,6913.794,563606900,9011691520.0000
2026-07-20 14:50:00,6915.999,6937.139,6908.770,6926.194,566366900,9129984000.0000
2026-07-20 14:55:00,6927.304,6952.469,6926.364,6951.740,626050000,10015178752.0000
2026-07-20 15:00:00,6951.786,6965.376,6951.786,6965.376,556297800,7903313920.0000
2026-07-21 09:35:00,6975.893,6987.580,6929.588,6973.690,3179455300,51142168576.0000
2026-07-21 09:40:00,6974.122,7038.179,6970.454,7003.517,1944564400,30523748352.0000
2026-07-21 09:45:00,7004.679,7015.892,6962.503,6962.503,1542451200,24574648320.0000
2026-07-21 09:50:00,6962.267,6991.203,6932.143,6933.034,1329775600,20708253696.0000
2026-07-21 09:55:00,6932.033,6932.033,6882.988,6882.988,1184267400,20263469056.0000
2026-07-21 10:00:00,6881.734,6881.734,6807.176,6834.016,1151536100,20168359936.0000
2026-07-21 10:05:00,6832.271,6834.981,6770.508,6770.508,1244295700,20101005312.0000
2026-07-21 10:10:00,6771.591,6814.901,6719.583,6719.583,1142062400,18051203072.0000
2026-07-21 10:15:00,6719.040,6797.051,6714.187,6785.577,1063787700,16896344064.0000
2026-07-21 10:20:00,6786.122,6830.572,6773.186,6776.834,718250800,11433623552.0000
2026-07-21 10:25:00,6775.545,6883.605,6773.275,6879.676,851167100,13085114368.0000
2026-07-21 10:30:00,6879.260,6900.231,6860.630,6900.231,680879500,11083530240.0000
2026-07-21 10:35:00,6901.805,6946.407,6901.805,6929.315,736376600,12095406080.0000
2026-07-21 10:40:00,6929.112,6982.394,6927.298,6982.394,718467600,11848876032.0000
2026-07-21 10:45:00,6984.405,6985.067,6928.627,6933.362,574929000,10523082752.0000
2026-07-21 10:50:00,6932.635,7026.770,6931.616,7021.580,580042300,10037755904.0000
2026-07-21 10:55:00,7018.072,7020.618,6980.369,7017.383,543424900,9982672896.0000
2026-07-21 11:00:00,7018.614,7059.635,7018.614,7045.596,560817800,11717902336.0000
2026-07-21 11:05:00,7045.036,7084.785,7045.036,7084.661,799044800,13886881792.0000
2026-07-21 11:10:00,7084.064,7124.514,7070.437,7114.607,842409500,16932732928.0000
2026-07-21 11:15:00,7113.221,7120.973,7089.994,7093.884,547162200,11179098112.0000
2026-07-21 11:20:00,7092.704,7133.116,7092.704,7099.557,407600500,8033468416.0000
2026-07-21 11:25:00,7101.432,7139.602,7101.432,7139.602,351234200,6739820544.0000
2026-07-21 11:30:00,7140.411,7175.174,7140.101,7175.007,408703900,8600911872.0000
2026-07-21 13:05:00,7180.885,7219.599,7180.885,7212.546,878733000,18858049536.0000
2026-07-21 13:10:00,7212.068,7227.150,7191.811,7207.430,558601300,10677518336.0000
2026-07-21 13:15:00,7207.651,7221.111,7192.148,7193.287,429799800,8096088064.0000
2026-07-21 13:20:00,7195.400,7196.979,7163.581,7173.071,533618300,9511469056.0000
2026-07-21 13:25:00,7172.617,7172.617,7145.869,7167.197,432240900,7724171264.0000
2026-07-21 13:30:00,7165.983,7181.752,7159.301,7177.614,304331600,5470683136.0000
2026-07-21 13:35:00,7177.751,7192.615,7141.256,7141.256,416043300,6709051392.0000
2026-07-21 13:40:00,7142.033,7164.573,7141.630,7157.596,328783900,5475008512.0000
2026-07-21 13:45:00,7159.011,7178.131,7159.011,7173.940,267737000,4848287744.0000
2026-07-21 13:50:00,7174.113,7189.461,7168.382,7187.684,285578700,5044535296.0000
2026-07-21 13:55:00,7188.667,7202.990,7181.545,7202.990,307094100,5559418880.0000
2026-07-21 14:00:00,7203.257,7210.420,7178.031,7179.655,352503600,6249742336.0000
2026-07-21 14:05:00,7180.165,7208.586,7176.308,7208.052,353788500,5668503552.0000
2026-07-21 14:10:00,7208.015,7224.508,7206.193,7221.234,319500100,6226116608.0000
2026-07-21 14:15:00,7221.922,7227.486,7208.140,7223.112,333480700,6095372288.0000
2026-07-21 14:20:00,7223.480,7239.710,7223.480,7235.770,308058700,5962301440.0000
2026-07-21 14:25:00,7235.663,7236.767,7224.899,7231.324,334211900,5959942144.0000
2026-07-21 14:30:00,7231.876,7234.170,7207.961,7219.072,424131500,6911131648.0000
2026-07-21 14:35:00,7218.382,7241.651,7218.382,7241.651,459745900,7049412608.0000
2026-07-21 14:40:00,7241.686,7243.913,7236.340,7243.745,455204600,7586054144.0000
2026-07-21 14:45:00,7243.895,7255.500,7241.577,7255.500,482898900,8191246336.0000
2026-07-21 14:50:00,7254.624,7255.028,7240.438,7247.402,573567200,9475358720.0000
2026-07-21 14:55:00,7247.620,7258.837,7244.637,7258.760,614841800,9939779584.0000
2026-07-21 15:00:00,7259.225,7264.338,7258.975,7259.863,641738100,9969729536.0000
2026-07-22 09:35:00,7196.863,7266.536,7195.273,7265.910,3141778400,58491351040.0000
2026-07-22 09:40:00,7265.562,7302.454,7262.209,7282.353,1973331500,36625608704.0000
2026-07-22 09:45:00,7285.627,7286.789,7223.729,7256.138,1677041100,30461984768.0000
2026-07-22 09:50:00,7257.303,7290.963,7257.303,7270.025,1157427500,21060001792.0000
2026-07-22 09:55:00,7265.827,7293.585,7245.118,7248.151,1190293500,20649115648.0000
2026-07-22 10:00:00,7248.385,7274.309,7239.220,7274.309,973021300,17357422592.0000
2026-07-22 10:05:00,7274.303,7283.198,7251.519,7270.992,824974500,14318551040.0000
2026-07-22 10:10:00,7268.762,7268.762,7243.170,7251.257,704938200,12832456704.0000
2026-07-22 10:15:00,7251.888,7261.147,7239.046,7240.094,701132500,12289294336.0000
2026-07-22 10:20:00,7239.541,7278.417,7238.696,7274.663,768082400,13144145920.0000
2026-07-22 10:25:00,7275.747,7296.178,7269.398,7277.026,725558700,13006143488.0000
2026-07-22 10:30:00,7276.020,7284.862,7266.243,7284.459,553037200,9559638016.0000
2026-07-22 10:35:00,7281.787,7282.562,7250.442,7251.249,627811900,11201036288.0000
2026-07-22 10:40:00,7252.354,7257.530,7227.985,7242.271,550685100,10009329664.0000
2026-07-22 10:45:00,7239.053,7239.053,7197.155,7212.864,681243600,11264491520.0000
2026-07-22 10:50:00,7213.403,7222.821,7207.283,7217.483,427097300,7323910144.0000
2026-07-22 10:55:00,7217.797,7236.189,7211.842,7233.449,401920300,6741032960.0000
2026-07-22 11:00:00,7234.262,7234.262,7212.652,7213.332,339744100,5663522816.0000
2026-07-22 11:05:00,7209.203,7209.308,7181.510,7183.020,570735900,8462336000.0000
2026-07-22 11:10:00,7182.904,7190.200,7169.048,7187.957,457465000,7430275072.0000
2026-07-22 11:15:00,7189.027,7226.752,7189.027,7223.437,379386300,6607437824.0000
2026-07-22 11:20:00,7224.657,7246.838,7224.657,7244.144,309195900,6099697664.0000
2026-07-22 11:25:00,7245.154,7272.041,7245.154,7272.041,339585300,6447104000.0000
2026-07-22 11:30:00,7272.304,7286.919,7271.022,7283.199,335975300,6700204032.0000
2026-07-22 13:05:00,7283.552,7283.552,7245.004,7245.004,632918900,12225675264.0000
2026-07-22 13:10:00,7243.865,7253.306,7230.124,7230.191,360914900,6650429440.0000
2026-07-22 13:15:00,7230.035,7230.035,7210.783,7218.775,317112200,6038487040.0000
2026-07-22 13:20:00,7219.588,7219.588,7187.870,7207.534,375575600,7082934272.0000
2026-07-22 13:25:00,7207.571,7207.571,7176.802,7180.304,377894900,6971457536.0000
2026-07-22 13:30:00,7181.772,7186.680,7166.998,7175.886,452366800,8403451904.0000
2026-07-22 13:35:00,7175.047,7182.626,7159.611,7182.626,420426400,8219656192.0000
2026-07-22 13:40:00,7183.446,7200.543,7175.380,7179.512,378221400,6439305216.0000
2026-07-22 13:45:00,7178.657,7189.731,7169.872,7184.431,271660400,4937416704.0000
2026-07-22 13:50:00,7185.653,7202.781,7181.146,7187.363,249815200,4643389440.0000
2026-07-22 13:55:00,7187.141,7192.001,7171.177,7171.261,264201100,4620189696.0000
2026-07-22 14:00:00,7170.987,7170.987,7145.713,7151.596,347660100,6271467520.0000
2026-07-22 14:05:00,7152.170,7167.664,7151.201,7151.919,378129500,6025478144.0000
2026-07-22 14:10:00,7151.441,7151.441,7127.007,7132.037,453247400,7736393728.0000
2026-07-22 14:15:00,7132.130,7132.460,7118.660,7129.496,372097500,6812205056.0000
2026-07-22 14:20:00,7130.177,7163.761,7127.563,7151.585,313284800,5602574336.0000
2026-07-22 14:25:00,7153.366,7192.498,7153.366,7187.873,275989600,5226627072.0000
2026-07-22 14:30:00,7187.204,7187.204,7152.194,7152.224,262133600,4537942016.0000
2026-07-22 14:35:00,7150.744,7181.667,7144.755,7162.468,454412900,6944522240.0000
2026-07-22 14:40:00,7164.704,7166.176,7149.777,7158.241,348987800,5918851072.0000
2026-07-22 14:45:00,7158.565,7175.100,7153.706,7161.421,412077700,6752174080.0000
2026-07-22 14:50:00,7160.282,7166.779,7153.953,7159.472,454160700,7880572928.0000
2026-07-22 14:55:00,7158.797,7168.801,7158.572,7161.399,582563800,9518546944.0000
2026-07-22 15:00:00,7161.667,7164.426,7158.762,7158.762,590931000,9151741952.0000
2026-07-23 09:35:00,7169.543,7202.236,7146.321,7193.867,2598978600,44737724416.0000
2026-07-23 09:40:00,7194.302,7242.305,7194.302,7200.435,1648371500,28706185216.0000
2026-07-23 09:45:00,7200.185,7219.545,7179.992,7210.699,1076733300,20171677696.0000
2026-07-23 09:50:00,7211.848,7214.491,7180.699,7203.334,939920900,16035430400.0000
2026-07-23 09:55:00,7200.353,7247.141,7194.779,7234.595,852860200,14900912128.0000
2026-07-23 10:00:00,7234.195,7234.967,7207.065,7207.065,746663500,12636299264.0000
2026-07-23 10:05:00,7207.075,7207.075,7176.006,7191.345,939283000,15709241344.0000
2026-07-23 10:10:00,7193.814,7203.263,7179.268,7201.024,746416800,12453756928.0000
2026-07-23 10:15:00,7201.165,7216.173,7194.816,7196.187,588162100,9989701632.0000
2026-07-23 10:20:00,7195.926,7195.926,7171.790,7186.476,631946500,10416357376.0000
2026-07-23 10:25:00,7186.380,7208.570,7171.810,7171.810,554127300,9451438080.0000
2026-07-23 10:30:00,7170.822,7171.365,7151.980,7159.567,554165300,10358456320.0000
2026-07-23 10:35:00,7160.755,7179.776,7160.755,7167.080,424650400,7482966016.0000
2026-07-23 10:40:00,7166.101,7196.000,7165.490,7175.994,366478500,6399344640.0000
2026-07-23 10:45:00,7175.343,7192.853,7170.912,7171.064,374827600,6453313536.0000
2026-07-23 10:50:00,7170.942,7177.475,7161.284,7163.409,379636500,6897844224.0000
2026-07-23 10:55:00,7163.726,7182.529,7162.097,7173.394,396584900,6442172416.0000
2026-07-23 11:00:00,7172.655,7172.655,7156.819,7163.884,313167100,5965496320.0000
2026-07-23 11:05:00,7163.238,7170.387,7130.854,7133.000,427268800,7402668032.0000
2026-07-23 11:10:00,7132.982,7134.400,7117.797,7123.486,365688900,6885523456.0000
2026-07-23 11:15:00,7122.616,7159.413,7113.498,7159.413,308467600,5646680064.0000
2026-07-23 11:20:00,7159.406,7159.406,7136.665,7139.303,244826500,4477255680.0000
2026-07-23 11:25:00,7139.192,7150.789,7130.038,7132.873,219350600,3939155968.0000
2026-07-23 11:30:00,7133.091,7142.132,7122.787,7142.039,237806500,4205428736.0000
2026-07-23 13:05:00,7145.036,7176.667,7145.036,7150.141,504428200,8514469888.0000
2026-07-23 13:10:00,7148.955,7191.293,7142.973,7190.732,410852300,6579585024.0000
2026-07-23 13:15:00,7190.787,7190.787,7165.114,7165.237,370966200,6058999808.0000
2026-07-23 13:20:00,7165.276,7165.276,7139.497,7139.607,313502500,5549522944.0000
2026-07-23 13:25:00,7139.950,7161.275,7139.950,7155.559,235694800,4208230400.0000
2026-07-23 13:30:00,7155.362,7197.008,7155.316,7182.043,399762000,5751177216.0000
2026-07-23 13:35:00,7181.990,7216.348,7175.783,7215.596,435429800,6771179520.0000
2026-07-23 13:40:00,7216.131,7233.979,7204.379,7228.729,455070600,7538769920.0000
2026-07-23 13:45:00,7228.170,7229.202,7194.990,7200.976,323544400,5835718656.0000
2026-07-23 13:50:00,7200.811,7200.811,7177.645,7180.087,268070900,4645978112.0000
2026-07-23 13:55:00,7179.872,7188.850,7177.664,7181.099,265604000,4380196864.0000
2026-07-23 14:00:00,7181.153,7183.964,7175.670,7175.670,298263600,4414636032.0000
2026-07-23 14:05:00,7175.224,7177.919,7164.393,7174.668,368780600,5474025472.0000
2026-07-23 14:10:00,7174.539,7180.724,7171.423,7175.204,241453600,3758489600.0000
2026-07-23 14:15:00,7175.293,7178.391,7172.100,7175.289,245758700,3797516288.0000
2026-07-23 14:20:00,7175.969,7182.897,7167.908,7171.745,315318100,4833705984.0000
2026-07-23 14:25:00,7172.315,7173.610,7167.055,7170.820,226195600,3953164288.0000
2026-07-23 14:30:00,7170.447,7173.446,7163.799,7173.446,280370100,4928831488.0000
2026-07-23 14:35:00,7173.744,7191.323,7171.129,7176.111,482387800,6792970240.0000
2026-07-23 14:40:00,7177.798,7190.284,7177.683,7190.284,341478600,5558370304.0000
2026-07-23 14:45:00,7190.529,7201.291,7188.725,7200.356,410939000,6611763200.0000
2026-07-23 14:50:00,7199.296,7199.296,7186.631,7191.956,515108700,7941816320.0000
2026-07-23 14:55:00,7192.178,7197.053,7190.722,7194.745,691625100,10283417600.0000
2026-07-23 15:00:00,7194.999,7198.575,7194.277,7195.500,713284600,10273521664.0000
2026-07-24 09:35:00,7109.248,7130.965,7079.075,7130.820,2927582000,45967089664.0000
2026-07-24 09:40:00,7130.858,7148.038,7116.539,7130.016,1494036100,25046917120.0000
2026-07-24 09:45:00,7131.661,7173.444,7116.943,7171.340,944672300,17605943296.0000
2026-07-24 09:50:00,7170.993,7173.832,7149.382,7153.362,836154900,14517649408.0000
2026-07-24 09:55:00,7157.290,7174.552,7148.758,7172.802,811977000,13682671616.0000
2026-07-24 10:00:00,7172.394,7172.394,7138.768,7146.438,668640500,11126079488.0000
2026-07-24 10:05:00,7146.744,7148.086,7115.761,7115.761,668187900,11056717824.0000
2026-07-24 10:10:00,7114.678,7150.926,7105.990,7141.533,555293900,9433186304.0000
2026-07-24 10:15:00,7142.991,7146.359,7110.777,7113.170,486156100,8023293952.0000
2026-07-24 10:20:00,7112.058,7114.934,7085.426,7091.252,520766100,9225633792.0000
2026-07-24 10:25:00,7091.351,7095.684,7072.778,7093.105,494257700,8227520512.0000
2026-07-24 10:30:00,7091.935,7105.038,7090.429,7096.363,393990100,6289817600.0000
2026-07-24 10:35:00,7096.232,7096.232,7053.429,7063.868,580806300,8763867136.0000
2026-07-24 10:40:00,7063.245,7071.180,7040.587,7040.974,426829000,7152074752.0000
2026-07-24 10:45:00,7040.627,7052.563,7040.627,7049.606,333250900,5828837376.0000
2026-07-24 10:50:00,7049.851,7058.247,7045.589,7051.408,368641100,5652316160.0000
2026-07-24 10:55:00,7048.280,7072.961,7040.076,7070.558,402166200,6081855488.0000
2026-07-24 11:00:00,7070.648,7074.241,7039.941,7041.582,343016600,5171216384.0000
2026-07-24 11:05:00,7042.727,7042.812,7023.181,7040.041,400303800,5865783296.0000
2026-07-24 11:10:00,7039.768,7046.378,7030.424,7030.424,202602400,3529031680.0000
2026-07-24 11:15:00,7030.280,7039.194,7028.209,7030.949,192703000,3500851200.0000
2026-07-24 11:20:00,7030.598,7031.284,7012.993,7012.993,278229100,4684283904.0000
2026-07-24 11:25:00,7008.535,7011.900,6995.772,7004.898,357806600,5632966656.0000
2026-07-24 11:30:00,7005.172,7038.746,6996.713,7033.979,250312100,4411097088.0000
2026-07-24 13:05:00,7036.331,7067.581,7036.331,7055.335,436796600,8040218624.0000
2026-07-24 13:10:00,7054.686,7109.972,7047.448,7093.897,364659000,7188529152.0000
2026-07-24 13:15:00,7094.501,7126.661,7091.855,7096.946,388577600,7853408256.0000
2026-07-24 13:20:00,7096.045,7101.951,7078.886,7099.779,260556600,5342806016.0000
2026-07-24 13:25:00,7099.999,7100.331,7077.712,7079.834,257145000,4649484288.0000
2026-07-24 13:30:00,7079.554,7112.979,7079.524,7092.496,293291500,5383454720.0000
2026-07-24 13:35:00,7092.526,7092.526,7066.889,7072.542,312639600,5117870080.0000
2026-07-24 13:40:00,7070.437,7070.437,7043.787,7043.787,245500700,4420796416.0000
2026-07-24 13:45:00,7042.581,7049.344,7024.373,7029.404,328138700,4873093120.0000
2026-07-24 13:50:00,7026.884,7034.003,7018.341,7029.627,298125000,4454612992.0000
2026-07-24 13:55:00,7029.106,7029.106,7013.992,7015.701,264340500,4045340672.0000
2026-07-24 14:00:00,7015.286,7024.074,7012.744,7018.121,271630100,3975282688.0000
2026-07-24 14:05:00,7018.453,7018.468,7009.837,7013.857,288881200,4318265344.0000
2026-07-24 14:10:00,7011.992,7022.172,7002.356,7020.896,250826200,4368433152.0000
2026-07-24 14:15:00,7020.915,7032.248,7012.474,7032.057,211993100,3611459584.0000
2026-07-24 14:20:00,7032.125,7039.245,7020.798,7021.858,231079500,3728179200.0000
2026-07-24 14:25:00,7024.195,7052.840,7024.195,7037.664,241654900,4212260864.0000
2026-07-24 14:30:00,7037.528,7046.257,7032.915,7039.934,208503000,3655925760.0000
2026-07-24 14:35:00,7040.650,7051.730,7015.805,7028.672,370753000,5938380800.0000
2026-07-24 14:40:00,7031.341,7033.872,7021.940,7024.905,303932500,5025464320.0000
2026-07-24 14:45:00,7024.154,7024.154,7014.310,7014.710,418661900,6455001088.0000
2026-07-24 14:50:00,7014.506,7014.506,6999.486,7006.270,537565900,8472952832.0000
2026-07-24 14:55:00,7005.832,7014.148,7003.825,7003.825,610836900,9285107712.0000
2026-07-24 15:00:00,7003.735,7004.089,6995.693,6995.693,568192800,8920268800.0000
2026-07-27 09:35:00,6981.165,7045.862,6979.163,7033.547,2108310200,34813874176.0000
2026-07-27 09:40:00,7032.983,7034.645,6972.282,7007.796,1572356400,26754510848.0000
2026-07-27 09:45:00,7007.430,7074.967,7004.488,7046.111,1345762400,22793379840.0000
2026-07-27 09:50:00,7042.542,7072.915,7033.503,7051.037,964154100,16501514240.0000
2026-07-27 09:55:00,7051.324,7111.252,7040.988,7111.252,865630000,15994101760.0000
2026-07-27 10:00:00,7112.140,7165.597,7112.064,7149.420,1005368700,20303880192.0000
2026-07-27 10:05:00,7149.426,7154.716,7131.906,7139.123,815379500,15007219712.0000
2026-07-27 10:10:00,7137.885,7159.235,7133.003,7155.862,539960700,9664380928.0000
2026-07-27 10:15:00,7155.488,7156.790,7139.998,7147.798,472689100,8654897152.0000
2026-07-27 10:20:00,7146.790,7158.579,7134.201,7146.798,512528600,9301229568.0000
2026-07-27 10:25:00,7143.218,7166.805,7141.787,7147.419,512605600,8638283776.0000
2026-07-27 10:30:00,7146.219,7175.488,7146.219,7172.689,428030900,7756070912.0000
2026-07-27 10:35:00,7171.491,7171.491,7138.112,7140.434,462810400,7992524800.0000
2026-07-27 10:40:00,7138.902,7138.902,7108.498,7114.791,425364000,8218198016.0000
2026-07-27 10:45:00,7114.590,7138.471,7113.730,7131.917,356903100,5767282688.0000
2026-07-27 10:50:00,7132.092,7149.910,7130.058,7131.191,356680300,5462654976.0000
2026-07-27 10:55:00,7130.135,7132.661,7119.685,7126.675,295429000,4603019264.0000
2026-07-27 11:00:00,7126.745,7129.389,7119.406,7123.336,259896000,4140924928.0000
2026-07-27 11:05:00,7122.968,7133.249,7118.229,7133.249,219640600,3834036224.0000
2026-07-27 11:10:00,7134.076,7154.517,7129.916,7144.645,233955300,4119805952.0000
2026-07-27 11:15:00,7144.513,7167.238,7141.718,7152.266,220132600,4275519488.0000
2026-07-27 11:20:00,7152.283,7152.898,7132.221,7143.496,194203400,3528572928.0000
2026-07-27 11:25:00,7142.914,7156.688,7139.733,7152.506,184995500,2964963328.0000
2026-07-27 11:30:00,7152.181,7155.653,7141.969,7144.621,190120200,2988261376.0000
2026-07-27 13:05:00,7146.688,7163.522,7135.903,7137.394,384950100,6641369088.0000
2026-07-27 13:10:00,7137.360,7137.360,7115.201,7124.090,298441700,4830822400.0000
2026-07-27 13:15:00,7123.838,7128.319,7096.169,7103.735,394526800,6039568384.0000
2026-07-27 13:20:00,7103.195,7110.058,7095.341,7100.300,253410500,4469014528.0000
2026-07-27 13:25:00,7099.203,7102.027,7093.627,7097.535,212437600,3527475200.0000
2026-07-27 13:30:00,7097.426,7097.426,7083.905,7092.500,332552100,5105188864.0000
2026-07-27 13:35:00,7092.480,7092.480,7066.274,7074.763,354457800,5733777408.0000
2026-07-27 13:40:00,7072.958,7082.224,7069.891,7080.708,217589600,3568140288.0000
2026-07-27 13:45:00,7080.835,7102.847,7080.835,7101.267,206192000,3363831808.0000
2026-07-27 13:50:00,7101.124,7125.796,7097.413,7125.796,236479800,3841654784.0000
2026-07-27 13:55:00,7125.885,7128.979,7112.876,7114.967,206161000,3661168640.0000
2026-07-27 14:00:00,7115.270,7122.492,7113.860,7116.272,188012400,3018915840.0000
2026-07-27 14:05:00,7116.381,7124.993,7111.535,7120.534,301234300,4219338752.0000
2026-07-27 14:10:00,7121.627,7137.377,7121.627,7134.034,331786400,4748804096.0000
2026-07-27 14:15:00,7134.466,7138.851,7127.396,7130.991,250842100,3798237184.0000
2026-07-27 14:20:00,7131.292,7149.042,7127.969,7149.042,249847300,4184145920.0000
2026-07-27 14:25:00,7149.213,7170.314,7148.057,7160.560,304174800,5677940736.0000
2026-07-27 14:30:00,7160.060,7166.946,7155.806,7166.946,246861600,4307910656.0000
2026-07-27 14:35:00,7167.242,7197.364,7167.242,7195.402,467339000,8105328640.0000
2026-07-27 14:40:00,7195.200,7207.281,7189.601,7206.206,432747800,8403353600.0000
2026-07-27 14:45:00,7205.953,7219.626,7205.953,7216.656,463924500,9089515520.0000
2026-07-27 14:50:00,7217.272,7221.786,7212.885,7220.089,483832700,8877735936.0000
2026-07-27 14:55:00,7220.517,7224.586,7215.735,7223.815,647269600,11059363840.0000
2026-07-27 15:00:00,7223.915,7228.784,7223.005,7228.784,588104400,9737928704.0000
2026-07-28 09:35:00,7135.735,7171.628,7127.736,7171.628,2746032600,51374018560.0000
2026-07-28 09:40:00,7174.784,7189.174,7171.145,7174.046,1526320000,27619594240.0000
2026-07-28 09:45:00,7173.017,7186.105,7159.229,7174.681,1114284600,19129802752.0000
2026-07-28 09:50:00,7174.012,7178.211,7150.871,7169.744,1077547900,18226438144.0000
2026-07-28 09:55:00,7168.950,7181.927,7149.199,7168.785,964182800,16490307584.0000
2026-07-28 10:00:00,7169.016,7181.414,7153.974,7163.105,634325600,11434770432.0000
2026-07-28 10:05:00,7162.272,7182.797,7155.088,7164.756,590252500,10876223488.0000
2026-07-28 10:10:00,7163.596,7169.024,7144.886,7146.905,476736600,8453160960.0000
2026-07-28 10:15:00,7146.126,7146.126,7118.591,7129.571,613169000,10009509888.0000
2026-07-28 10:20:00,7126.101,7142.287,7124.718,7135.100,426530600,7371309056.0000
2026-07-28 10:25:00,7135.613,7156.731,7131.486,7132.336,402858100,6801162240.0000
2026-07-28 10:30:00,7132.110,7133.330,7115.520,7118.652,369534400,7379894272.0000
2026-07-28 10:35:00,7118.565,7118.565,7095.284,7101.617,444970500,8321400832.0000
2026-07-28 10:40:00,7100.821,7100.821,7081.649,7082.645,443727900,8274493440.0000
2026-07-28 10:45:00,7084.193,7092.377,7078.667,7079.025,334297100,6020071424.0000
2026-07-28 10:50:00,7078.880,7085.395,7063.347,7072.289,412844800,7577665536.0000
2026-07-28 10:55:00,7072.566,7100.709,7070.002,7086.938,335708900,6121766912.0000
2026-07-28 11:00:00,7087.362,7098.676,7069.506,7069.760,248488700,4544528384.0000
2026-07-28 11:05:00,7069.936,7073.017,7059.004,7060.083,274539200,4895113216.0000
2026-07-28 11:10:00,7059.893,7068.281,7053.189,7059.043,310022700,5617188864.0000
2026-07-28 11:15:00,7060.325,7075.220,7052.699,7073.503,301259400,5259280384.0000
2026-07-28 11:20:00,7073.238,7089.094,7063.201,7073.187,313868600,5478055936.0000
2026-07-28 11:25:00,7073.168,7096.772,7062.712,7089.127,276203600,4721197056.0000
2026-07-28 11:30:00,7089.784,7107.287,7070.712,7078.428,261453800,4423958528.0000
2026-07-28 13:05:00,7080.056,7080.386,7044.894,7045.957,457140200,7696711680.0000
2026-07-28 13:10:00,7044.959,7047.292,7030.118,7046.614,309060500,5265817600.0000
2026-07-28 13:15:00,7046.533,7070.887,7039.561,7060.253,259047600,4521230336.0000
2026-07-28 13:20:00,7060.366,7065.371,7038.838,7041.131,268409400,4420567040.0000
2026-07-28 13:25:00,7040.300,7042.561,7033.078,7033.078,227465200,4219043840.0000
2026-07-28 13:30:00,7032.867,7038.826,7028.688,7032.846,224831700,4185489408.0000
2026-07-28 13:35:00,7032.735,7035.096,7014.254,7014.576,269941800,4869619712.0000
2026-07-28 13:40:00,7013.976,7045.225,7013.770,7045.115,310769300,5063311360.0000
2026-07-28 13:45:00,7045.326,7073.245,7045.326,7056.382,265178000,4564877312.0000
2026-07-28 13:50:00,7055.787,7062.029,7027.911,7029.193,211401400,3659890688.0000
2026-07-28 13:55:00,7028.190,7033.961,7026.580,7027.483,175593200,3342860288.0000
2026-07-28 14:00:00,7026.964,7033.165,7026.711,7032.034,177723000,3137929216.0000
2026-07-28 14:05:00,7031.568,7044.958,7029.926,7036.123,329903400,4517724160.0000
2026-07-28 14:10:00,7036.196,7036.840,7026.009,7026.009,231059800,4024172544.0000
2026-07-28 14:15:00,7026.290,7032.589,7017.044,7017.207,271050600,4672716800.0000
2026-07-28 14:20:00,7017.284,7017.284,7005.324,7016.452,328442100,5585666048.0000
2026-07-28 14:25:00,7016.641,7030.363,7016.641,7020.505,246619200,4228808704.0000
2026-07-28 14:30:00,7022.714,7023.573,7016.248,7023.573,211490700,3700195328.0000
2026-07-28 14:35:00,7023.433,7024.382,7009.363,7013.968,340350800,5847711744.0000
2026-07-28 14:40:00,7013.714,7016.153,6994.659,7007.690,435791800,7430897664.0000
2026-07-28 14:45:00,7008.369,7015.499,6993.704,6993.704,433709500,6907461632.0000
2026-07-28 14:50:00,6993.510,7008.964,6992.944,7008.964,543593400,8211234816.0000
2026-07-28 14:55:00,7011.542,7031.830,7011.542,7025.404,629223800,9492692992.0000
2026-07-28 15:00:00,7025.370,7030.135,7025.285,7026.276,520717200,7779352576.0000
2026-07-29 09:35:00,7020.223,7036.308,7001.518,7028.036,2510513900,42730536960.0000
2026-07-29 09:40:00,7024.888,7073.144,7019.617,7051.294,1435603100,24596975616.0000
2026-07-29 09:45:00,7052.035,7052.035,6967.429,6971.243,1184567700,21806911488.0000
2026-07-29 09:50:00,6975.803,6976.715,6928.058,6928.058,1126300700,21349318656.0000
2026-07-29 09:55:00,6924.562,6953.302,6910.797,6946.708,983903500,18032033792.0000
2026-07-29 10:00:00,6945.301,6957.015,6912.924,6926.566,785368600,13372416000.0000
2026-07-29 10:05:00,6925.940,6933.123,6902.460,6909.238,916124500,14734655488.0000
2026-07-29 10:10:00,6909.356,6922.729,6897.392,6916.072,794122100,14584020992.0000
2026-07-29 10:15:00,6915.966,6967.816,6915.966,6951.125,671521500,11566432256.0000
2026-07-29 10:20:00,6949.989,6956.675,6931.012,6935.962,496487000,8540372992.0000
2026-07-29 10:25:00,6935.445,6961.883,6916.801,6961.883,578911500,8744910848.0000
2026-07-29 10:30:00,6964.391,7045.873,6964.391,7033.264,917798200,14299054080.0000
2026-07-29 10:35:00,7035.315,7057.131,7021.165,7022.079,890354100,13552353280.0000
2026-07-29 10:40:00,7021.715,7030.885,7001.536,7007.616,502491500,8226684928.0000
2026-07-29 10:45:00,7008.597,7026.075,6997.917,6997.917,381179900,6783860736.0000
2026-07-29 10:50:00,6997.002,6998.443,6969.676,6970.521,371155000,6618562560.0000
2026-07-29 10:55:00,6969.886,6969.886,6942.597,6942.803,341947400,6170836992.0000
2026-07-29 11:00:00,6942.954,6943.935,6933.505,6934.672,309817300,5653528576.0000
2026-07-29 11:05:00,6935.298,6952.024,6930.208,6938.557,338156100,5618581504.0000
2026-07-29 11:10:00,6939.090,6961.550,6916.209,6961.550,414406700,6910345216.0000
2026-07-29 11:15:00,6962.446,6984.192,6948.549,6948.765,394364700,6958432256.0000
2026-07-29 11:20:00,6948.457,6958.338,6936.553,6937.693,197579400,3683811328.0000
2026-07-29 11:25:00,6937.395,6943.641,6931.605,6933.984,191139300,3887005696.0000
2026-07-29 11:30:00,6933.788,6944.243,6929.888,6942.956,215652300,4107468800.0000
2026-07-29 13:05:00,6940.275,6993.427,6918.214,6990.551,647119200,10777985024.0000
2026-07-29 13:10:00,6990.034,7042.402,6974.414,7042.402,442849400,7816839168.0000
2026-07-29 13:15:00,7043.987,7087.778,7035.990,7084.383,626732000,11340021760.0000
2026-07-29 13:20:00,7082.184,7083.215,7031.283,7037.168,499916900,8923512832.0000
2026-07-29 13:25:00,7036.432,7074.175,7029.593,7050.630,413962600,6731333632.0000
2026-07-29 13:30:00,7053.937,7085.617,7053.937,7080.211,353368200,6730776576.0000
2026-07-29 13:35:00,7079.945,7109.091,7056.738,7109.091,547024900,8227028992.0000
2026-07-29 13:40:00,7109.218,7121.490,7092.311,7120.879,542801200,8679653376.0000
2026-07-29 13:45:00,7120.963,7132.352,7113.482,7113.634,532366900,9041444864.0000
2026-07-29 13:50:00,7113.559,7122.059,7082.265,7082.600,397718500,6494420992.0000
2026-07-29 13:55:00,7082.822,7091.605,7064.522,7064.522,314369500,5275090944.0000
2026-07-29 14:00:00,7064.359,7084.668,7064.204,7078.118,259039000,4125065216.0000
2026-07-29 14:05:00,7077.604,7095.284,7063.870,7063.870,363471500,5292621824.0000
2026-07-29 14:10:00,7062.661,7063.820,7048.886,7055.698,264615800,4443144192.0000
2026-07-29 14:15:00,7056.403,7071.452,7047.691,7070.457,265598100,4357488640.0000
2026-07-29 14:20:00,7070.773,7093.900,7064.845,7089.804,272806300,4592566272.0000
2026-07-29 14:25:00,7087.944,7090.048,7070.288,7074.774,228578100,3935436800.0000
2026-07-29 14:30:00,7075.294,7088.822,7072.164,7085.432,288804800,4578443264.0000
2026-07-29 14:35:00,7085.023,7099.005,7080.431,7080.431,382855500,5710872576.0000
2026-07-29 14:40:00,7080.530,7086.797,7070.838,7071.218,350594900,5478875136.0000
2026-07-29 14:45:00,7071.047,7083.914,7071.047,7080.152,375479500,5947621376.0000
2026-07-29 14:50:00,7080.107,7099.371,7079.399,7099.030,559547800,8457617408.0000
2026-07-29 14:55:00,7099.511,7099.511,7091.702,7095.279,655793100,10408525824.0000
2026-07-29 15:00:00,7095.155,7096.314,7093.816,7095.186,602528600,8984592384.0000
2026-07-30 09:35:00,7053.090,7121.523,7053.090,7108.550,2613149400,43475824640.0000
2026-07-30 09:40:00,7108.228,7113.028,7078.017,7105.151,1562065700,26180579328.0000
2026-07-30 09:45:00,7105.765,7106.801,7079.003,7095.851,1155315400,19325108224.0000
2026-07-30 09:50:00,7097.322,7097.343,7054.069,7062.394,1119970600,19258548224.0000
2026-07-30 09:55:00,7061.531,7099.459,7060.513,7099.459,852202700,14082072576.0000
2026-07-30 10:00:00,7101.287,7110.797,7071.799,7073.201,777400100,12883918848.0000
2026-07-30 10:05:00,7072.467,7075.685,7048.526,7053.848,823709500,13630218240.0000
2026-07-30 10:10:00,7053.815,7054.067,7023.678,7034.416,702629900,12439977984.0000
2026-07-30 10:15:00,7034.131,7043.950,7006.761,7007.295,647171300,10916806656.0000
2026-07-30 10:20:00,7007.747,7037.275,7006.932,7034.166,641821300,10441441280.0000
2026-07-30 10:25:00,7031.243,7032.740,6993.229,6998.570,536308600,8555773952.0000
2026-07-30 10:30:00,6996.036,7002.422,6985.348,6985.348,462362300,8156102656.0000
2026-07-30 10:35:00,6987.011,6995.525,6963.962,6963.962,554541800,9101492224.0000
2026-07-30 10:40:00,6964.068,6967.511,6955.556,6957.232,457157000,8542437376.0000
2026-07-30 10:45:00,6957.764,6973.351,6953.334,6961.624,405362800,7288602624.0000
2026-07-30 10:50:00,6962.018,6982.187,6957.919,6971.757,336573900,5883723776.0000
2026-07-30 10:55:00,6970.204,6970.204,6957.579,6957.877,328090900,5112070144.0000
2026-07-30 11:00:00,6958.470,6959.306,6943.791,6953.489,315173500,5460443136.0000
2026-07-30 11:05:00,6953.331,6955.091,6939.275,6947.987,359124000,5994594304.0000
2026-07-30 11:10:00,6947.893,6969.710,6937.203,6937.322,355194200,6054412288.0000
2026-07-30 11:15:00,6936.615,6939.941,6915.215,6915.546,383919200,6679183360.0000
2026-07-30 11:20:00,6915.445,6921.144,6901.028,6901.572,319542400,5646188544.0000
2026-07-30 11:25:00,6902.304,6912.860,6892.110,6903.491,409881700,6465241088.0000
2026-07-30 11:30:00,6907.934,6909.108,6887.466,6893.240,301265600,4995022848.0000
2026-07-30 13:05:00,6891.965,6891.965,6852.895,6857.619,665603200,10289217536.0000
2026-07-30 13:10:00,6857.349,6917.383,6857.349,6902.041,532555400,9163177984.0000
2026-07-30 13:15:00,6903.434,6903.434,6862.979,6881.695,395710800,6440255488.0000
2026-07-30 13:20:00,6880.606,6886.262,6841.751,6860.495,475766300,6862798848.0000
2026-07-30 13:25:00,6861.036,6936.273,6856.021,6929.609,444989800,8358887424.0000
2026-07-30 13:30:00,6930.421,6948.123,6912.969,6929.742,526355500,9331671040.0000
2026-07-30 13:35:00,6927.786,6927.786,6897.312,6910.364,351830500,6116343808.0000
2026-07-30 13:40:00,6910.780,6916.474,6858.790,6865.001,333864600,5429395456.0000
2026-07-30 13:45:00,6866.397,6896.180,6864.916,6888.723,253883900,4466868224.0000
2026-07-30 13:50:00,6889.867,6936.551,6889.867,6901.629,296950300,5187633152.0000
2026-07-30 13:55:00,6902.399,6920.585,6883.957,6916.538,252125900,4084695040.0000
2026-07-30 14:00:00,6915.477,6932.470,6901.379,6912.195,227415400,4352475136.0000
2026-07-30 14:05:00,6911.908,6924.895,6898.295,6924.895,273800700,4859330560.0000
2026-07-30 14:10:00,6925.940,6940.799,6919.115,6921.295,284736600,5424545792.0000
2026-07-30 14:15:00,6921.292,6927.838,6906.438,6920.796,259503300,4813619200.0000
2026-07-30 14:20:00,6919.429,6962.276,6914.482,6962.276,330786100,5637046272.0000
2026-07-30 14:25:00,6962.748,6999.104,6962.748,6981.682,509632600,8792571904.0000
2026-07-30 14:30:00,6979.831,6980.273,6954.816,6965.774,306431400,5240127488.0000
2026-07-30 14:35:00,6966.166,6977.903,6939.585,6954.210,443826900,6893568000.0000
2026-07-30 14:40:00,6955.784,6955.784,6920.719,6920.888,331299200,5791612928.0000
2026-07-30 14:45:00,6920.738,6924.304,6913.653,6920.961,432863500,6872694784.0000
2026-07-30 14:50:00,6920.379,6927.520,6904.455,6904.455,517072900,8084684800.0000
2026-07-30 14:55:00,6902.559,6912.039,6902.062,6907.042,567192400,9117761536.0000
2026-07-30 15:00:00,6906.822,6907.247,6900.658,6900.658,516650400,8050900992.0000
2026-07-31 09:35:00,7082.753,7145.423,7082.753,7136.104,3928775500,77622075392.0000
2026-07-31 09:40:00,7136.734,7171.194,7122.982,7163.789,1816536100,33130946560.0000
2026-07-31 09:45:00,7164.850,7179.130,7162.916,7174.572,1646434800,28769484800.0000
2026-07-31 09:50:00,7174.311,7202.390,7173.684,7202.390,1206822200,22184591360.0000
2026-07-31 09:55:00,7203.038,7205.291,7193.720,7196.849,1032692200,18404179968.0000
2026-07-31 10:00:00,7197.494,7218.061,7197.494,7213.366,923952200,15720579072.0000
2026-07-31 10:05:00,7211.823,7215.943,7182.872,7186.627,939059500,16123904000.0000
2026-07-31 10:10:00,7186.263,7197.969,7181.732,7182.010,775245900,13440761856.0000
2026-07-31 10:15:00,7182.436,7193.589,7162.091,7162.091,694949300,11827249152.0000
2026-07-31 10:20:00,7159.159,7159.159,7131.033,7149.047,733084800,13528465408.0000
2026-07-31 10:25:00,7149.236,7163.818,7125.971,7125.971,601426600,11971362816.0000
2026-07-31 10:30:00,7125.452,7148.270,7125.089,7138.739,540959700,9790177280.0000
2026-07-31 10:35:00,7138.897,7147.692,7135.439,7146.793,496768700,8598634496.0000
2026-07-31 10:40:00,7146.194,7159.075,7130.710,7138.833,409637700,6981189632.0000
2026-07-31 10:45:00,7138.213,7167.226,7138.213,7162.831,395063700,6630899712.0000
2026-07-31 10:50:00,7162.727,7169.860,7145.748,7145.748,350504200,6002671616.0000
2026-07-31 10:55:00,7145.496,7156.821,7135.610,7156.653,364303400,5873500160.0000
2026-07-31 11:00:00,7156.696,7167.302,7156.541,7158.815,323687900,5370970112.0000
2026-07-31 11:05:00,7158.828,7159.207,7141.002,7141.002,503845200,7667220480.0000
2026-07-31 11:10:00,7140.516,7149.972,7126.013,7126.013,378861400,6553993216.0000
2026-07-31 11:15:00,7126.364,7128.719,7103.205,7109.469,469419700,8236990464.0000
2026-07-31 11:20:00,7108.957,7136.211,7108.785,7136.211,326612400,6270124032.0000
2026-07-31 11:25:00,7136.589,7154.684,7127.118,7128.090,260910700,4832165888.0000
2026-07-31 11:30:00,7126.966,7149.190,7124.737,7145.922,215858100,3695181824.0000
2026-07-31 13:05:00,7149.798,7177.584,7149.798,7165.540,513397100,9334456320.0000
2026-07-31 13:10:00,7166.813,7171.762,7153.670,7154.301,277851400,5189533696.0000
2026-07-31 13:15:00,7154.605,7170.244,7154.605,7169.666,261250500,4877451264.0000
2026-07-31 13:20:00,7169.699,7190.950,7168.706,7187.316,306556700,5914951680.0000
2026-07-31 13:25:00,7187.738,7198.206,7181.020,7181.020,318733800,6059032576.0000
2026-07-31 13:30:00,7180.908,7180.908,7164.767,7173.992,262553800,4646797312.0000
2026-07-31 13:35:00,7172.862,7172.862,7158.247,7160.117,257411400,4445929472.0000
2026-07-31 13:40:00,7159.894,7159.894,7144.398,7151.229,300199200,4728422400.0000
2026-07-31 13:45:00,7151.178,7153.718,7143.191,7144.702,245401500,4025679872.0000
2026-07-31 13:50:00,7145.201,7150.681,7135.437,7150.681,268624000,4219404288.0000
2026-07-31 13:55:00,7150.725,7151.806,7139.026,7140.076,228817800,3702882304.0000
2026-07-31 14:00:00,7139.118,7143.007,7128.511,7142.000,270767300,4546002944.0000
2026-07-31 14:05:00,7141.764,7151.791,7135.045,7137.515,321127100,4809162752.0000
2026-07-31 14:10:00,7137.399,7138.339,7130.968,7130.968,244513400,4235198464.0000
2026-07-31 14:15:00,7130.727,7130.727,7122.415,7127.226,318873400,5316444160.0000
2026-07-31 14:20:00,7126.720,7127.409,7117.233,7122.115,316619700,4923752448.0000
2026-07-31 14:25:00,7120.873,7140.627,7117.191,7140.627,387902900,5882707968.0000
2026-07-31 14:30:00,7141.194,7149.352,7134.337,7146.087,326138700,5130223616.0000
2026-07-31 14:35:00,7144.525,7144.525,7122.328,7124.773,401517800,6024003584.0000
2026-07-31 14:40:00,7124.403,7129.118,7117.682,7117.962,362633600,6031998976.0000
2026-07-31 14:45:00,7118.006,7118.381,7087.408,7088.211,664293900,10681810944.0000
2026-07-31 14:50:00,7086.518,7088.486,7072.591,7075.787,674941900,11410112512.0000
2026-07-31 14:55:00,7076.099,7079.741,7071.048,7077.610,728956100,12145852416.0000
2026-07-31 15:00:00,7077.917,7081.256,7075.507,7075.507,727447200,11093016576.0000
2026-08-03 09:35:00,7055.271,7105.970,7051.630,7099.235,2779345500,49387814912.0000
2026-08-03 09:40:00,7098.859,7118.097,7070.081,7070.081,1556752800,27815190528.0000
2026-08-03 09:45:00,7070.705,7085.511,7053.372,7055.485,1301590700,23317209088.0000
2026-08-03 09:50:00,7055.108,7083.747,7042.902,7081.686,1218473200,20684537856.0000
2026-08-03 09:55:00,7081.468,7097.810,7070.510,7086.834,939825000,15564103680.0000
2026-08-03 10:00:00,7085.652,7101.548,7075.635,7085.952,747240500,12551380992.0000
2026-08-03 10:05:00,7087.957,7103.614,7081.372,7093.543,738339400,12487098368.0000
2026-08-03 10:10:00,7094.611,7109.107,7088.702,7089.926,617983500,10151591936.0000
2026-08-03 10:15:00,7089.913,7109.739,7087.068,7108.116,655779100,10427105280.0000
2026-08-03 10:20:00,7108.214,7108.214,7076.145,7080.202,578117500,9139585024.0000
2026-08-03 10:25:00,7079.896,7108.676,7075.989,7077.656,515462400,8562868224.0000
2026-08-03 10:30:00,7078.353,7082.889,7066.001,7066.001,432815200,7399817216.0000
2026-08-03 10:35:00,7065.452,7088.958,7061.986,7088.614,460098700,7366787072.0000
2026-08-03 10:40:00,7088.232,7100.661,7083.648,7086.879,451315000,7942864896.0000
2026-08-03 10:45:00,7086.342,7106.030,7081.214,7094.702,351467200,5933776896.0000
2026-08-03 10:50:00,7093.532,7096.647,7069.953,7072.101,333017500,5776474112.0000
2026-08-03 10:55:00,7072.784,7082.364,7069.012,7077.323,284144400,4930355200.0000
2026-08-03 11:00:00,7078.387,7099.843,7066.922,7090.483,267987100,4712005632.0000
2026-08-03 11:05:00,7090.627,7103.526,7085.643,7085.993,334060500,5896028160.0000
2026-08-03 11:10:00,7085.503,7085.503,7064.729,7065.890,270948700,4984946688.0000
2026-08-03 11:15:00,7065.798,7076.497,7064.043,7067.364,253595000,4213473280.0000
2026-08-03 11:20:00,7066.912,7077.010,7065.041,7075.243,244293400,3817111552.0000
2026-08-03 11:25:00,7076.586,7086.486,7065.611,7084.237,211292700,3709992960.0000
2026-08-03 11:30:00,7083.466,7091.256,7073.612,7084.881,211569900,3841884160.0000
2026-08-03 13:05:00,7086.674,7100.724,7085.698,7088.495,387912100,7250771968.0000
2026-08-03 13:10:00,7088.182,7088.252,7067.254,7074.634,277894800,5122883584.0000
2026-08-03 13:15:00,7072.535,7079.403,7067.216,7072.507,217404600,3890872320.0000
2026-08-03 13:20:00,7072.219,7079.732,7068.641,7071.195,235997500,3896705024.0000
2026-08-03 13:25:00,7070.693,7076.071,7065.407,7073.333,227268600,3719987200.0000
2026-08-03 13:30:00,7072.716,7078.058,7067.759,7071.718,186930800,3270279168.0000
2026-08-03 13:35:00,7071.667,7076.303,7067.224,7074.665,235886700,3823960064.0000
2026-08-03 13:40:00,7074.648,7077.498,7067.119,7069.688,224095400,3707797504.0000
2026-08-03 13:45:00,7069.766,7079.887,7066.226,7076.253,226757700,3434905600.0000
2026-08-03 13:50:00,7076.004,7082.701,7073.549,7075.230,249323300,3520692224.0000
2026-08-03 13:55:00,7074.793,7083.497,7074.755,7077.510,266487700,3647340544.0000
2026-08-03 14:00:00,7077.473,7078.521,7065.915,7065.915,263601000,4315316224.0000
2026-08-03 14:05:00,7065.613,7069.341,7061.688,7061.817,311684000,4841537536.0000
2026-08-03 14:10:00,7061.732,7066.465,7053.471,7054.463,295020300,5036212224.0000
2026-08-03 14:15:00,7055.604,7083.106,7055.604,7083.106,343998300,4901797888.0000
2026-08-03 14:20:00,7085.379,7085.379,7071.641,7075.569,272568900,3996090368.0000
2026-08-03 14:25:00,7075.998,7096.634,7073.819,7095.694,291475700,4607901696.0000
2026-08-03 14:30:00,7096.365,7099.672,7084.639,7084.639,275099200,4372070400.0000
2026-08-03 14:35:00,7084.626,7087.202,7074.107,7078.310,330146500,4976541696.0000
2026-08-03 14:40:00,7078.469,7081.802,7071.529,7071.529,311396100,5147033600.0000
2026-08-03 14:45:00,7071.579,7074.074,7069.598,7072.853,382067100,6038487040.0000
2026-08-03 14:50:00,7072.639,7076.471,7070.931,7075.672,473817200,7489224704.0000
2026-08-03 14:55:00,7075.322,7078.115,7073.510,7077.067,649499800,10037952512.0000
2026-08-03 15:00:00,7076.068,7080.950,7076.068,7079.776,647389900,9522675712.0000
2026-08-04 09:35:00,7128.493,7134.312,7102.460,7129.037,2522508100,44746047488.0000
2026-08-04 09:40:00,7132.036,7169.949,7130.373,7169.043,1523883200,27246903296.0000
2026-08-04 09:45:00,7168.731,7173.505,7149.237,7157.371,1279980800,20919853056.0000
2026-08-04 09:50:00,7158.133,7200.972,7158.133,7199.333,982996700,17523671040.0000
2026-08-04 09:55:00,7200.386,7215.538,7196.986,7200.435,900319500,16040624128.0000
2026-08-04 10:00:00,7200.103,7200.213,7180.304,7180.304,946153300,15529549824.0000
2026-08-04 10:05:00,7179.742,7182.056,7172.830,7179.683,859409300,14726971392.0000
2026-08-04 10:10:00,7180.414,7195.315,7173.013,7185.827,618234600,10977820672.0000
2026-08-04 10:15:00,7184.636,7185.419,7175.669,7183.825,653579900,10507943936.0000
2026-08-04 10:20:00,7184.618,7202.091,7184.514,7202.091,524593500,8481783808.0000
2026-08-04 10:25:00,7202.488,7204.919,7190.094,7191.802,410451000,7447805952.0000
2026-08-04 10:30:00,7191.682,7205.244,7188.454,7201.948,371318100,6817366016.0000
2026-08-04 10:35:00,7201.343,7207.595,7194.993,7200.707,502528400,7767490560.0000
2026-08-04 10:40:00,7200.881,7229.456,7200.383,7222.827,414175300,7815659520.0000
2026-08-04 10:45:00,7222.699,7234.211,7212.696,7217.710,335619000,6856720384.0000
2026-08-04 10:50:00,7217.872,7228.983,7214.472,7222.720,330629200,6389334016.0000
2026-08-04 10:55:00,7222.391,7222.391,7213.199,7215.951,281060100,5203148800.0000
2026-08-04 11:00:00,7215.306,7225.569,7214.073,7214.073,259793100,4612702208.0000
2026-08-04 11:05:00,7213.624,7214.107,7203.814,7207.842,248335600,4619337728.0000
2026-08-04 11:10:00,7207.923,7228.644,7206.753,7228.644,240765400,4240785408.0000
2026-08-04 11:15:00,7229.047,7233.341,7224.087,7231.888,237435900,4443422720.0000
2026-08-04 11:20:00,7232.126,7236.632,7225.959,7235.654,250690400,4572790784.0000
2026-08-04 11:25:00,7235.779,7240.476,7235.332,7239.440,253416900,4874862592.0000
2026-08-04 11:30:00,7239.813,7263.716,7239.813,7261.929,318836800,6640140288.0000
2026-08-04 13:05:00,7264.280,7273.851,7255.571,7264.746,612491500,12038438912.0000
2026-08-04 13:10:00,7264.696,7266.969,7256.702,7259.036,350375800,6932365312.0000
2026-08-04 13:15:00,7258.392,7263.338,7251.767,7258.658,329417400,6126895104.0000
2026-08-04 13:20:00,7259.000,7261.004,7246.464,7248.293,338901700,5944901632.0000
2026-08-04 13:25:00,7248.847,7263.056,7247.558,7261.011,309813900,5977702400.0000
2026-08-04 13:30:00,7260.859,7271.447,7260.859,7271.447,336698000,6137905152.0000
2026-08-04 13:35:00,7271.760,7283.279,7271.760,7276.092,393737800,7403208704.0000
2026-08-04 13:40:00,7276.548,7293.126,7275.534,7288.600,338519300,6428786688.0000
2026-08-04 13:45:00,7288.537,7291.069,7285.399,7289.019,311452600,5560729600.0000
2026-08-04 13:50:00,7289.100,7300.944,7288.714,7294.918,402234500,6375702528.0000
2026-08-04 13:55:00,7294.620,7298.880,7290.746,7296.982,340422400,5541363712.0000
2026-08-04 14:00:00,7296.792,7297.648,7292.925,7297.255,271304600,4721049600.0000
2026-08-04 14:05:00,7297.375,7307.171,7297.375,7302.717,380991300,6340509696.0000
2026-08-04 14:10:00,7302.807,7306.058,7299.188,7305.110,331680700,5245272064.0000
2026-08-04 14:15:00,7305.024,7305.132,7289.750,7289.750,381388900,6277791744.0000
2026-08-04 14:20:00,7289.216,7289.216,7269.742,7272.878,538265600,8337489920.0000
2026-08-04 14:25:00,7273.491,7277.658,7270.830,7276.113,317286500,5377458176.0000
2026-08-04 14:30:00,7276.262,7283.475,7276.262,7281.863,271492800,4540727296.0000
2026-08-04 14:35:00,7281.918,7284.054,7260.228,7260.434,447235400,7257620480.0000
2026-08-04 14:40:00,7260.384,7267.236,7258.960,7261.794,386116400,6359416832.0000
2026-08-04 14:45:00,7261.794,7263.614,7258.031,7258.787,429754300,6659407872.0000
2026-08-04 14:50:00,7259.095,7266.196,7259.095,7265.488,494421400,7957938176.0000
2026-08-04 14:55:00,7265.800,7277.342,7264.486,7277.342,702527200,10811408384.0000
2026-08-04 15:00:00,7277.194,7281.232,7275.819,7279.193,725117200,10953392128.0000
2026-08-05 09:35:00,7253.225,7322.040,7253.225,7322.040,2657589600,54277324800.0000
2026-08-05 09:40:00,7322.704,7365.825,7322.704,7365.825,1552805100,30713962496.0000
2026-08-05 09:45:00,7365.634,7389.890,7365.634,7386.604,1208349900,24276664320.0000
2026-08-05 09:50:00,7386.983,7405.847,7385.702,7397.106,1105608300,21424029696.0000
2026-08-05 09:55:00,7398.538,7402.389,7383.469,7390.694,985503800,17958002688.0000
2026-08-05 10:00:00,7390.241,7416.379,7386.059,7402.771,929826900,16461365248.0000
2026-08-05 10:05:00,7402.367,7410.951,7398.878,7408.732,813118600,14638694400.0000
2026-08-05 10:10:00,7408.616,7414.801,7390.395,7401.095,686338500,13343571968.0000
2026-08-05 10:15:00,7400.859,7400.953,7374.063,7390.731,858947800,16409296896.0000
2026-08-05 10:20:00,7389.269,7396.500,7368.929,7395.044,760404000,14671921152.0000
2026-08-05 10:25:00,7395.725,7414.708,7385.113,7407.044,644635400,11022811136.0000
2026-08-05 10:30:00,7407.019,7416.066,7400.180,7413.601,482445600,8631353344.0000
2026-08-05 10:35:00,7413.857,7413.857,7401.073,7411.898,500185200,8749826048.0000
2026-08-05 10:40:00,7411.645,7426.753,7407.431,7424.317,375798800,7428538368.0000
2026-08-05 10:45:00,7424.196,7440.332,7422.744,7437.789,356863100,7432994816.0000
2026-08-05 10:50:00,7437.252,7455.247,7435.898,7455.247,398652400,8375992320.0000
2026-08-05 10:55:00,7455.474,7455.474,7443.524,7449.537,375990600,7646674944.0000
2026-08-05 11:00:00,7449.659,7451.350,7443.778,7447.141,272505200,5558763520.0000
2026-08-05 11:05:00,7447.676,7462.640,7447.676,7461.253,313382700,6766297088.0000
2026-08-05 11:10:00,7460.906,7467.919,7454.538,7467.681,324848500,6200197120.0000
2026-08-05 11:15:00,7467.585,7480.102,7467.256,7480.102,312424500,6025248768.0000
2026-08-05 11:20:00,7480.542,7496.509,7480.243,7486.767,355854500,7579926528.0000
2026-08-05 11:25:00,7486.666,7498.377,7482.537,7497.932,273899800,5752291328.0000
2026-08-05 11:30:00,7497.269,7498.901,7494.334,7495.606,272515800,5463834624.0000
2026-08-05 13:05:00,7497.182,7499.128,7488.000,7495.746,630114900,12393775104.0000
2026-08-05 13:10:00,7495.769,7496.191,7480.817,7492.928,445301400,8310358016.0000
2026-08-05 13:15:00,7488.588,7511.373,7486.554,7504.481,372937000,7662501888.0000
2026-08-05 13:20:00,7503.995,7514.742,7499.834,7512.443,353118300,6833209344.0000
2026-08-05 13:25:00,7512.582,7523.498,7511.212,7518.053,378347400,7909867520.0000
2026-08-05 13:30:00,7518.213,7523.047,7507.375,7508.338,412358800,7203094528.0000
2026-08-05 13:35:00,7508.463,7518.176,7508.187,7511.046,363173500,6488424448.0000
2026-08-05 13:40:00,7511.616,7511.654,7488.736,7497.138,483217100,8306360320.0000
2026-08-05 13:45:00,7497.948,7504.491,7489.307,7503.677,376646400,7163183104.0000
2026-08-05 13:50:00,7503.480,7513.332,7503.480,7505.230,326678100,5851774976.0000
2026-08-05 13:55:00,7506.245,7515.141,7504.451,7508.322,278135300,4965335040.0000
2026-08-05 14:00:00,7508.321,7508.425,7498.370,7500.784,273708900,4623695872.0000
2026-08-05 14:05:00,7500.630,7500.630,7479.152,7483.226,545229400,8086880256.0000
2026-08-05 14:10:00,7483.047,7483.047,7462.728,7475.998,580058900,9602236416.0000
2026-08-05 14:15:00,7476.306,7478.309,7462.993,7462.993,319583200,5804916736.0000
2026-08-05 14:20:00,7464.072,7465.431,7443.133,7446.181,433943200,8608972800.0000
2026-08-05 14:25:00,7448.216,7456.151,7442.448,7452.034,383524700,7565443072.0000
2026-08-05 14:30:00,7452.350,7467.074,7452.350,7467.074,327725800,5795381248.0000
2026-08-05 14:35:00,7467.194,7473.241,7463.493,7472.931,410887900,6559006720.0000
2026-08-05 14:40:00,7472.766,7476.333,7469.475,7470.917,398573600,6768164864.0000
2026-08-05 14:45:00,7470.982,7475.424,7469.231,7475.131,398746300,6899335168.0000
2026-08-05 14:50:00,7475.174,7484.438,7475.174,7484.438,500592800,8423702528.0000
2026-08-05 14:55:00,7484.476,7488.438,7482.419,7487.285,700794200,11375050752.0000
2026-08-05 15:00:00,7487.676,7494.240,7487.676,7493.048,727793000,11638767616.0000
