time,open,close,high,low,volume,amount
2026-06-23 09:35,5048.02,5063.54,5063.79,5039.58,32062736.0,96321714688.0
2026-06-23 09:40,5064.27,5037.89,5064.27,5037.44,19323884.0,61582187008.0
2026-06-23 09:45,5037.4,5029.56,5047.68,5027.6,18988874.0,55644380672.0
2026-06-23 09:50,5029.24,5008.47,5029.24,5005.83,20947423.0,61596444672.0
2026-06-23 09:55,5008.18,5028.75,5028.75,5003.09,15287514.0,44915860992.0
2026-06-23 10:00,5028.69,5015.07,5028.69,5015.07,10111569.0,30850079232.0
2026-06-23 10:05,5014.94,5020.35,5026.63,5013.14,10417451.0,30062781440.0
2026-06-23 10:10,5020.14,5008.45,5020.14,5002.7,8650867.0,26034985392.0
2026-06-23 10:15,5008.23,5004.99,5009.42,5000.58,8856682.0,23663551232.0
2026-06-23 10:20,5004.45,5009.46,5010.57,5002.24,9015897.0,23378146960.0
2026-06-23 10:25,5009.33,5022.64,5022.64,5008.56,7217838.0,23257803472.0
2026-06-23 10:30,5023.08,5028.02,5031.9,5022.74,6739017.0,24016805888.0
2026-06-23 10:35,5027.73,5025.78,5031.13,5024.71,6106071.0,19361128784.0
2026-06-23 10:40,5025.53,5022.75,5028.64,5019.46,5147915.0,17452347488.0
2026-06-23 10:45,5022.52,5016.67,5022.52,5011.02,4719261.0,16113518416.0
2026-06-23 10:50,5016.91,5011.65,5020.0,5011.65,4805817.0,14840562976.0
2026-06-23 10:55,5011.75,5016.34,5016.34,5004.88,5379044.0,15270835776.0
2026-06-23 11:00,5016.29,5004.24,5020.72,5002.15,4708890.0,13265878752.0
2026-06-23 11:05,5004.55,4998.43,5005.87,4994.28,4695524.0,14159085392.0
2026-06-23 11:10,4998.27,4987.38,4998.27,4985.77,4507408.0,13402587696.0
2026-06-23 11:15,4988.38,4980.65,4990.03,4980.65,3654825.0,12150573536.0
2026-06-23 11:20,4980.19,4973.0,4986.29,4973.0,4504083.0,15261819936.0
2026-06-23 11:25,4972.78,4973.05,4979.0,4972.68,4056855.0,12861485648.0
2026-06-23 11:30,4973.11,4982.18,4983.47,4969.52,3411982.0,11206994992.0
2026-06-23 13:05,4981.75,4969.22,4981.75,4963.87,7153781.0,21818028656.0
2026-06-23 13:10,4969.17,4961.06,4975.26,4960.48,4244643.0,14256363296.0
2026-06-23 13:15,4960.95,4964.1,4964.67,4956.59,3620574.0,13333792224.0
2026-06-23 13:20,4964.62,4954.05,4966.19,4954.05,4648484.0,13242543584.0
2026-06-23 13:25,4954.15,4964.73,4967.83,4953.58,3352625.0,11585289648.0
2026-06-23 13:30,4964.15,4953.9,4964.15,4952.58,3725496.0,11760896784.0
2026-06-23 13:35,4953.82,4962.91,4963.38,4952.97,3982165.0,11032939616.0
2026-06-23 13:40,4962.84,4955.34,4963.15,4949.45,4389042.0,12768107008.0
2026-06-23 13:45,4955.42,4961.53,4961.53,4955.22,3079233.0,9262310128.0
2026-06-23 13:50,4961.54,4957.44,4964.12,4954.6,3592246.0,10953073712.0
2026-06-23 13:55,4957.56,4942.58,4958.56,4942.58,4789536.0,12782544448.0
2026-06-23 14:00,4942.31,4935.78,4943.22,4935.65,5130513.0,14525393296.0
2026-06-23 14:05,4935.6,4929.74,4936.54,4929.74,5087538.0,13940056624.0
2026-06-23 14:10,4929.61,4917.96,4929.61,4914.88,5754094.0,18311746384.0
2026-06-23 14:15,4917.94,4924.69,4924.69,4915.31,4235814.0,14139549616.0
2026-06-23 14:20,4924.77,4907.79,4924.86,4907.79,4800818.0,16088444176.0
2026-06-23 14:25,4907.4,4906.78,4913.82,4906.78,5058207.0,15246297408.0
2026-06-23 14:30,4906.84,4892.27,4907.45,4892.26,6398976.0,20960918704.0
2026-06-23 14:35,4892.09,4905.0,4911.64,4892.09,6328451.0,19958735104.0
2026-06-23 14:40,4904.78,4904.56,4910.81,4898.96,5228663.0,15861444176.0
2026-06-23 14:45,4905.23,4907.74,4908.22,4898.23,5760973.0,17500015536.0
2026-06-23 14:50,4907.76,4908.32,4912.17,4905.64,5756009.0,18528575680.0
2026-06-23 14:55,4908.76,4922.39,4924.02,4908.76,6922357.0,23164163584.0
2026-06-23 15:00,4922.49,4919.39,4922.49,4919.18,6361671.0,19360068640.0
2026-06-24 09:35,4900.38,4921.56,4921.56,4900.38,23043114.0,75094042624.0
2026-06-24 09:40,4922.0,4924.63,4924.69,4915.98,17105622.0,51196051712.0
2026-06-24 09:45,4924.76,4910.48,4933.04,4905.5,19254308.0,49145638144.0
2026-06-24 09:50,4910.99,4919.22,4923.46,4908.9,12457598.0,35846449408.0
2026-06-24 09:55,4919.96,4929.2,4931.43,4919.47,11698270.0,32920677376.0
2026-06-24 10:00,4929.33,4939.89,4945.02,4929.33,9151815.0,33168624896.0
2026-06-24 10:05,4940.05,4929.22,4941.49,4929.22,10376191.0,31145808384.0
2026-06-24 10:10,4928.87,4927.88,4933.28,4923.64,8890157.0,24822402336.0
2026-06-24 10:15,4928.22,4929.82,4931.76,4920.22,7601594.0,23657699328.0
2026-06-24 10:20,4929.38,4927.6,4930.43,4924.67,7181042.0,21346688992.0
2026-06-24 10:25,4927.92,4923.88,4929.75,4921.27,6293332.0,19944112288.0
2026-06-24 10:30,4924.06,4935.3,4936.72,4923.64,5999197.0,19729205248.0
2026-06-24 10:35,4934.75,4925.74,4934.75,4923.1,7088317.0,18110739072.0
2026-06-24 10:40,4926.29,4923.1,4929.46,4920.21,4964899.0,15218846128.0
2026-06-24 10:45,4923.47,4914.99,4928.1,4914.99,5052445.0,16774994496.0
2026-06-24 10:50,4914.69,4902.02,4916.15,4902.01,5838592.0,20506940320.0
2026-06-24 10:55,4901.72,4895.13,4904.95,4895.13,4904921.0,18081001312.0
2026-06-24 11:00,4895.06,4899.99,4899.99,4892.27,4630444.0,17295755456.0
2026-06-24 11:05,4900.25,4896.39,4909.95,4895.73,4590001.0,15455395040.0
2026-06-24 11:10,4896.73,4903.87,4904.66,4893.88,3707510.0,11721276496.0
2026-06-24 11:15,4904.17,4898.07,4905.1,4897.83,3446878.0,9863710128.0
2026-06-24 11:20,4898.22,4897.27,4901.28,4894.62,2826086.0,9223812752.0
2026-06-24 11:25,4898.48,4906.41,4909.31,4898.45,3109055.0,10035041776.0
2026-06-24 11:30,4906.01,4925.42,4925.42,4905.57,3640131.0,12610568528.0
2026-06-24 13:05,4927.3,4927.46,4933.29,4923.67,7362870.0,26948344976.0
2026-06-24 13:10,4927.46,4932.33,4932.33,4925.28,4579273.0,17085911248.0
2026-06-24 13:15,4932.22,4931.05,4936.05,4929.21,4517562.0,15674171424.0
2026-06-24 13:20,4931.65,4944.34,4945.26,4931.29,5387998.0,17646399024.0
2026-06-24 13:25,4944.53,4948.23,4949.17,4943.85,5168836.0,17139483344.0
2026-06-24 13:30,4948.36,4949.74,4953.23,4947.5,5551773.0,18955519424.0
2026-06-24 13:35,4949.65,4946.75,4949.84,4940.92,4491575.0,15820428416.0
2026-06-24 13:40,4946.66,4944.58,4949.91,4944.57,3969792.0,14120665808.0
2026-06-24 13:45,4944.27,4942.49,4944.74,4939.22,3877812.0,12662628240.0
2026-06-24 13:50,4942.21,4933.52,4945.81,4933.52,3900282.0,12921078016.0
2026-06-24 13:55,4933.23,4934.66,4937.65,4928.03,4361851.0,12133753648.0
2026-06-24 14:00,4934.32,4928.38,4934.69,4928.38,3563320.0,10419069920.0
2026-06-24 14:05,4928.88,4931.44,4933.06,4923.15,4587144.0,12353983056.0
2026-06-24 14:10,4931.5,4933.08,4939.88,4931.5,4727594.0,12424298960.0
2026-06-24 14:15,4933.35,4937.76,4941.06,4932.1,4457851.0,13294160992.0
2026-06-24 14:20,4937.98,4939.52,4942.48,4936.59,4329074.0,13180854576.0
2026-06-24 14:25,4939.56,4937.77,4942.08,4936.64,3813308.0,12090793952.0
2026-06-24 14:30,4936.9,4942.9,4944.81,4936.9,4135799.0,12303367360.0
2026-06-24 14:35,4942.89,4938.15,4947.19,4938.15,5699832.0,14573006416.0
2026-06-24 14:40,4937.94,4937.75,4941.68,4936.94,5466302.0,14346367808.0
2026-06-24 14:45,4937.76,4936.45,4937.76,4932.44,5661629.0,15272733168.0
2026-06-24 14:50,4936.67,4938.35,4938.97,4935.22,5825219.0,16823694688.0
2026-06-24 14:55,4938.15,4941.01,4941.92,4937.25,7046678.0,21995249264.0
2026-06-24 15:00,4941.37,4943.02,4945.6,4940.83,6914132.0,21844404592.0
2026-06-25 09:35,4950.98,4968.99,4969.53,4944.88,37214263.0,113942336256.0
2026-06-25 09:40,4969.17,4968.17,4969.17,4960.62,19923624.0,64344512768.0
2026-06-25 09:45,4968.19,4981.77,4985.03,4968.19,18066096.0,52978339072.0
2026-06-25 09:50,4981.77,4987.38,4995.62,4981.77,16379080.0,46598444544.0
2026-06-25 09:55,4988.05,4968.27,4990.29,4968.27,14169942.0,40270595072.0
2026-06-25 10:00,4968.4,4979.18,4986.89,4968.4,11577278.0,35955913728.0
2026-06-25 10:05,4978.96,4988.5,4992.45,4978.09,10153737.0,30294347008.0
2026-06-25 10:10,4988.17,4980.6,4989.96,4975.26,9930206.0,30746057472.0
2026-06-25 10:15,4980.8,4975.3,4980.92,4972.79,7943340.0,23462816576.0
2026-06-25 10:20,4975.85,4994.28,4994.28,4975.85,7333630.0,21835546752.0
2026-06-25 10:25,4994.73,4977.66,4997.77,4977.66,10211953.0,28962602496.0
2026-06-25 10:30,4977.88,4983.21,4986.73,4969.02,7785286.0,26689646848.0
2026-06-25 10:35,4983.07,4975.62,4984.97,4975.53,5467450.0,19669100848.0
2026-06-25 10:40,4975.77,4982.72,4983.85,4972.72,8300341.0,23906392912.0
2026-06-25 10:45,4982.58,4974.7,4983.23,4966.81,8934920.0,30737399808.0
2026-06-25 10:50,4974.66,4981.02,4982.43,4969.72,5729665.0,19792450624.0
2026-06-25 10:55,4979.04,4985.16,4985.16,4972.09,5811395.0,17894104480.0
2026-06-25 11:00,4984.41,4993.95,4995.96,4981.18,5753696.0,17822223840.0
2026-06-25 11:05,4994.02,4994.54,5005.25,4992.56,5945126.0,16960632672.0
2026-06-25 11:10,4993.81,5002.38,5008.18,4993.81,4682961.0,16946398896.0
2026-06-25 11:15,5001.7,5003.94,5008.08,4997.71,3718764.0,12709222752.0
2026-06-25 11:20,5004.48,5018.86,5021.26,5004.48,4662895.0,15936401024.0
2026-06-25 11:25,5018.54,5022.42,5025.2,5016.3,4902575.0,19037925792.0
2026-06-25 11:30,5022.85,5022.46,5028.34,5017.3,4333136.0,17065785616.0
2026-06-25 13:05,5025.24,5017.84,5032.0,5017.84,7914320.0,27419396640.0
2026-06-25 13:10,5017.01,5011.94,5017.42,5008.32,4803276.0,15726961136.0
2026-06-25 13:15,5011.65,5001.32,5011.69,5001.32,4527025.0,14621051936.0
2026-06-25 13:20,5000.66,5001.03,5005.91,4999.54,5021547.0,13417781744.0
2026-06-25 13:25,5001.2,4994.37,5001.58,4993.66,3938211.0,11806649744.0
2026-06-25 13:30,4994.77,5004.73,5005.96,4992.77,4266567.0,13983000704.0
2026-06-25 13:35,5004.88,5001.89,5011.58,5001.7,4579624.0,16365794400.0
2026-06-25 13:40,5002.38,5002.27,5007.65,5001.69,3772768.0,13743763840.0
2026-06-25 13:45,5002.56,5001.75,5007.38,5000.92,3237449.0,12118960656.0
2026-06-25 13:50,5001.38,5002.42,5003.63,4995.33,3590585.0,13250429328.0
2026-06-25 13:55,5002.52,5000.42,5008.25,5000.42,3307129.0,13399423504.0
2026-06-25 14:00,5000.08,4986.15,5000.08,4986.15,4493628.0,14790316432.0
2026-06-25 14:05,4986.26,4995.62,4995.95,4986.26,3612486.0,11596127888.0
2026-06-25 14:10,4995.54,5007.48,5007.53,4995.44,3641560.0,11720385568.0
2026-06-25 14:15,5007.27,5010.91,5011.74,5007.27,3346472.0,12715951600.0
2026-06-25 14:20,5011.33,5010.2,5015.59,5009.35,3336527.0,12976815312.0
2026-06-25 14:25,5010.2,5007.55,5013.78,5007.55,3336222.0,11527966368.0
2026-06-25 14:30,5007.38,5014.5,5017.26,5007.38,3439613.0,11650392512.0
2026-06-25 14:35,5014.58,5013.02,5016.44,5011.05,4191537.0,13385687152.0
2026-06-25 14:40,5013.13,5010.52,5017.93,5010.52,5048350.0,16822608000.0
2026-06-25 14:45,5010.71,5012.91,5013.92,5007.93,4546769.0,15493838688.0
2026-06-25 14:50,5013.04,5020.71,5020.84,5012.49,5945812.0,19777857728.0
2026-06-25 14:55,5020.96,5024.76,5025.6,5020.96,6971238.0,24409659648.0
2026-06-25 15:00,5024.7,5020.1,5026.44,5020.1,6864214.0,22760873392.0
2026-06-26 09:35,4981.83,4966.52,4981.98,4966.52,33677565.0,106901019648.0
2026-06-26 09:40,4965.83,4975.35,4980.32,4963.78,18086802.0,56838153984.0
2026-06-26 09:45,4975.83,4969.25,4975.89,4965.51,18374788.0,53559745536.0
2026-06-26 09:50,4969.05,4939.77,4969.05,4939.44,14413630.0,49057130752.0
2026-06-26 09:55,4939.96,4939.32,4949.08,4936.33,14553011.0,48747119616.0
2026-06-26 10:00,4939.06,4946.42,4946.42,4936.74,9954815.0,31264950016.0
2026-06-26 10:05,4946.72,4940.68,4948.98,4940.68,8722704.0,27799607040.0
2026-06-26 10:10,4939.72,4939.08,4943.89,4934.2,9250274.0,24956253696.0
2026-06-26 10:15,4939.24,4933.78,4940.02,4925.76,11323904.0,24986296448.0
2026-06-26 10:20,4933.52,4924.36,4934.75,4924.36,8471806.0,21572921536.0
2026-06-26 10:25,4924.56,4924.33,4926.98,4922.15,6906727.0,19306673376.0
2026-06-26 10:30,4924.54,4900.28,4924.54,4899.78,7173671.0,24482395360.0
2026-06-26 10:35,4900.27,4897.48,4901.77,4891.42,6900307.0,26897771056.0
2026-06-26 10:40,4898.06,4897.46,4901.27,4890.08,5886612.0,19780303360.0
2026-06-26 10:45,4897.31,4895.66,4897.31,4890.16,4945843.0,15740626944.0
2026-06-26 10:50,4895.68,4879.44,4895.77,4879.44,6465772.0,17531331840.0
2026-06-26 10:55,4879.23,4863.79,4879.23,4863.27,6875664.0,24922422528.0
2026-06-26 11:00,4863.47,4867.54,4867.57,4845.19,8990624.0,29969163008.0
2026-06-26 11:05,4865.56,4868.12,4875.24,4862.38,7077871.0,20773631968.0
2026-06-26 11:10,4868.77,4878.97,4883.22,4865.28,5957775.0,17406411760.0
2026-06-26 11:15,4879.14,4870.89,4881.29,4863.41,5753371.0,19155698544.0
2026-06-26 11:20,4871.02,4879.17,4880.17,4868.4,4315060.0,13942512320.0
2026-06-26 11:25,4879.0,4856.91,4879.86,4856.19,4195351.0,13820583360.0
2026-06-26 11:30,4856.33,4878.74,4879.46,4854.37,3443277.0,11675293376.0
2026-06-26 13:05,4879.96,4881.23,4881.75,4866.42,6095233.0,20248707456.0
2026-06-26 13:10,4881.24,4879.86,4881.24,4871.34,3588708.0,13125893456.0
2026-06-26 13:15,4880.28,4893.9,4894.75,4879.88,4156569.0,14254810480.0
2026-06-26 13:20,4893.85,4899.81,4905.08,4893.85,4598519.0,16120711888.0
2026-06-26 13:25,4900.18,4904.96,4914.4,4900.18,3535130.0,15061487792.0
2026-06-26 13:30,4904.4,4896.53,4911.96,4896.36,4541474.0,14900591664.0
2026-06-26 13:35,4896.65,4907.94,4908.48,4894.06,4579085.0,13241356944.0
2026-06-26 13:40,4907.56,4905.85,4911.24,4903.04,3931229.0,12509410704.0
2026-06-26 13:45,4905.92,4909.72,4909.72,4900.38,3373285.0,11127494672.0
2026-06-26 13:50,4910.03,4909.48,4910.03,4899.94,3492737.0,12133723136.0
2026-06-26 13:55,4909.95,4919.84,4920.01,4909.95,3905202.0,12830648768.0
2026-06-26 14:00,4919.74,4911.18,4924.1,4911.18,3428574.0,11859810368.0
2026-06-26 14:05,4911.21,4904.77,4911.21,4902.28,3849398.0,11536877072.0
2026-06-26 14:10,4904.13,4889.33,4904.13,4887.19,5079366.0,13153754928.0
2026-06-26 14:15,4888.95,4876.7,4888.95,4876.58,4514697.0,12082347088.0
2026-06-26 14:20,4877.57,4877.99,4882.42,4875.79,3893452.0,12496686912.0
2026-06-26 14:25,4878.53,4882.18,4887.18,4878.14,3375903.0,10682659856.0
2026-06-26 14:30,4882.57,4880.45,4888.39,4879.59,3583696.0,10809347520.0
2026-06-26 14:35,4880.45,4875.4,4881.44,4874.88,4641455.0,13559136176.0
2026-06-26 14:40,4874.94,4892.73,4894.33,4874.35,4828944.0,13994794704.0
2026-06-26 14:45,4893.17,4891.46,4894.66,4884.84,4666275.0,15295871344.0
2026-06-26 14:50,4891.36,4884.77,4891.37,4884.64,5741744.0,17458217584.0
2026-06-26 14:55,4885.0,4870.94,4885.69,4870.17,8283292.0,25395003136.0
2026-06-26 15:00,4870.56,4868.22,4870.71,4867.82,7778047.0,23115302048.0
2026-06-29 09:35,4866.04,4855.19,4869.63,4848.36,33852641.0,102397793536.0
2026-06-29 09:40,4854.69,4874.31,4878.25,4854.69,17370146.0,55695638016.0
2026-06-29 09:45,4874.64,4888.56,4895.83,4874.63,15446258.0,46539652096.0
2026-06-29 09:50,4888.64,4879.85,4889.5,4879.08,15099656.0,43757876736.0
2026-06-29 09:55,4880.17,4876.04,4880.17,4870.61,13687230.0,43044983808.0
2026-06-29 10:00,4876.71,4879.72,4883.74,4871.95,13578682.0,41921840128.0
2026-06-29 10:05,4880.89,4872.14,4889.78,4871.88,12624315.0,42287276544.0
2026-06-29 10:10,4871.99,4846.69,4874.54,4846.69,11047146.0,40023948544.0
2026-06-29 10:15,4847.13,4830.47,4857.87,4829.83,10584680.0,43787425536.0
2026-06-29 10:20,4830.41,4843.63,4860.35,4827.15,10441569.0,38557051136.0
2026-06-29 10:25,4843.2,4871.17,4871.17,4840.98,10129423.0,30618734336.0
2026-06-29 10:30,4870.95,4883.72,4885.82,4870.95,8609988.0,27707885824.0
2026-06-29 10:35,4884.29,4847.58,4885.29,4847.58,8373091.0,28707211776.0
2026-06-29 10:40,4846.67,4851.14,4851.14,4834.53,7906318.0,29828326768.0
2026-06-29 10:45,4850.6,4855.86,4855.86,4840.62,5155044.0,19658176928.0
2026-06-29 10:50,4856.19,4868.02,4868.02,4856.19,4804009.0,17391423616.0
2026-06-29 10:55,4868.9,4867.39,4875.62,4862.58,4254323.0,14476568192.0
2026-06-29 11:00,4867.3,4879.1,4881.1,4866.54,4355828.0,13688179696.0
2026-06-29 11:05,4879.37,4879.55,4888.89,4878.8,4028530.0,13944557312.0
2026-06-29 11:10,4879.59,4893.92,4893.92,4879.59,3580843.0,12311583872.0
2026-06-29 11:15,4893.86,4889.86,4893.86,4876.33,3430790.0,11028421120.0
2026-06-29 11:20,4889.95,4885.94,4892.23,4883.19,2836027.0,9711550880.0
2026-06-29 11:25,4885.84,4873.81,4887.08,4871.64,2858125.0,8994670560.0
2026-06-29 11:30,4873.79,4871.03,4875.06,4864.7,2732918.0,8614902432.0
2026-06-29 13:05,4871.93,4860.13,4871.93,4858.77,6185442.0,16648874608.0
2026-06-29 13:10,4860.23,4851.44,4860.23,4850.74,3603127.0,10531354480.0
2026-06-29 13:15,4851.37,4848.52,4851.82,4845.6,3400589.0,10385498448.0
2026-06-29 13:20,4848.56,4854.03,4859.33,4846.62,3082964.0,9866229936.0
2026-06-29 13:25,4854.35,4862.31,4863.41,4851.76,2922414.0,9520367168.0
2026-06-29 13:30,4862.25,4868.63,4870.98,4862.25,3198005.0,10684857168.0
2026-06-29 13:35,4868.65,4873.72,4873.82,4863.22,3374644.0,11238918688.0
2026-06-29 13:40,4873.93,4875.56,4879.32,4869.0,3386102.0,11399801632.0
2026-06-29 13:45,4875.78,4891.77,4891.77,4875.75,3783110.0,12281301120.0
2026-06-29 13:50,4892.37,4889.79,4892.37,4887.04,3164912.0,11357805104.0
2026-06-29 13:55,4889.01,4912.78,4912.78,4888.89,4309989.0,14521006784.0
2026-06-29 14:00,4912.67,4909.79,4918.82,4909.67,4113422.0,15757844864.0
2026-06-29 14:05,4909.56,4903.6,4917.67,4903.6,3785532.0,13082987168.0
2026-06-29 14:10,4903.24,4896.11,4903.27,4890.69,3285884.0,10547627472.0
2026-06-29 14:15,4896.24,4887.04,4897.46,4885.87,3164472.0,9671023648.0
2026-06-29 14:20,4887.69,4894.71,4900.36,4887.69,3219836.0,9975650208.0
2026-06-29 14:25,4894.78,4889.15,4897.33,4889.15,3051235.0,9663032848.0
2026-06-29 14:30,4889.25,4893.49,4893.49,4886.46,3416058.0,9951502688.0
2026-06-29 14:35,4893.84,4904.4,4909.05,4893.84,4496609.0,12211567376.0
2026-06-29 14:40,4904.34,4915.68,4916.2,4903.98,3925387.0,15069173360.0
2026-06-29 14:45,4915.77,4911.07,4916.01,4908.73,4333829.0,15190966496.0
2026-06-29 14:50,4911.01,4921.35,4921.76,4911.01,5530154.0,17655124448.0
2026-06-29 14:55,4921.59,4928.54,4928.54,4920.79,7075295.0,21840151840.0
2026-06-29 15:00,4928.6,4926.92,4928.6,4926.24,6619543.0,19975476608.0
2026-06-30 09:35,4914.49,4928.42,4930.42,4914.49,27369835.0,90876326912.0
2026-06-30 09:40,4928.37,4932.68,4941.17,4926.59,19762521.0,62213039872.0
2026-06-30 09:45,4933.32,4940.34,4940.34,4916.9,15711938.0,48672482304.0
2026-06-30 09:50,4940.96,4937.06,4945.69,4934.56,15203752.0,46792988672.0
2026-06-30 09:55,4937.57,4940.65,4943.04,4936.74,12153912.0,38239762944.0
2026-06-30 10:00,4940.28,4942.5,4942.74,4934.0,11195331.0,31017438208.0
2026-06-30 10:05,4942.3,4941.27,4943.53,4938.86,9626708.0,28530687744.0
2026-06-30 10:10,4941.13,4943.53,4947.68,4941.13,7012854.0,24462842320.0
2026-06-30 10:15,4943.7,4941.61,4945.89,4932.65,6570779.0,22027184976.0
2026-06-30 10:20,4941.7,4933.55,4944.13,4930.45,5372049.0,20134526528.0
2026-06-30 10:25,4933.29,4931.88,4937.4,4930.45,6098024.0,19768667024.0
2026-06-30 10:30,4932.08,4944.86,4945.65,4927.81,4885503.0,17271465424.0
2026-06-30 10:35,4944.83,4949.46,4950.01,4940.84,5839957.0,19068803440.0
2026-06-30 10:40,4949.48,4950.24,4950.6,4943.67,5736366.0,17088061312.0
2026-06-30 10:45,4950.38,4954.17,4955.94,4950.32,4154914.0,15476714800.0
2026-06-30 10:50,4954.13,4957.32,4958.4,4948.7,4124588.0,14927294592.0
2026-06-30 10:55,4957.48,4958.32,4960.47,4957.11,4289805.0,14972568208.0
2026-06-30 11:00,4958.26,4948.52,4960.67,4948.52,4310027.0,15600085808.0
2026-06-30 11:05,4948.4,4954.11,4954.83,4948.4,3491149.0,13754477872.0
2026-06-30 11:10,4954.29,4959.31,4960.89,4953.12,3262365.0,11463044176.0
2026-06-30 11:15,4959.56,4965.52,4965.65,4957.46,3359193.0,12910517696.0
2026-06-30 11:20,4965.13,4976.35,4976.35,4963.44,4304185.0,15093660064.0
2026-06-30 11:25,4976.39,4981.54,4984.64,4976.1,4049396.0,16856427936.0
2026-06-30 11:30,4981.34,4982.06,4983.66,4977.31,3374865.0,14181735392.0
2026-06-30 13:05,4983.85,4977.73,4986.76,4976.95,7493392.0,27362000048.0
2026-06-30 13:10,4977.4,4974.57,4980.44,4971.48,5850470.0,17796018864.0
2026-06-30 13:15,4974.63,4969.33,4976.79,4964.78,4049805.0,15844574608.0
2026-06-30 13:20,4969.82,4966.81,4974.18,4966.81,4435718.0,13411673536.0
2026-06-30 13:25,4966.59,4970.09,4971.19,4965.04,4175936.0,12324457136.0
2026-06-30 13:30,4970.07,4970.22,4971.63,4965.44,5355798.0,13957780064.0
2026-06-30 13:35,4970.39,4967.27,4977.02,4966.99,4750967.0,14248361632.0
2026-06-30 13:40,4967.51,4961.76,4967.9,4960.97,4707757.0,13968061328.0
2026-06-30 13:45,4961.8,4962.63,4974.21,4961.36,6041319.0,16869555440.0
2026-06-30 13:50,4962.77,4965.4,4970.53,4962.76,4008130.0,13102431008.0
2026-06-30 13:55,4965.47,4964.12,4967.71,4963.44,3713657.0,11648987312.0
2026-06-30 14:00,4964.47,4965.53,4965.53,4959.63,3840682.0,10752826928.0
2026-06-30 14:05,4965.89,4965.51,4972.7,4964.86,3522993.0,11100060912.0
2026-06-30 14:10,4965.41,4968.15,4969.81,4965.41,3249741.0,10314728000.0
2026-06-30 14:15,4968.22,4964.04,4968.22,4959.49,3426453.0,10899762880.0
2026-06-30 14:20,4964.74,4964.09,4964.74,4959.27,3288093.0,10233493360.0
2026-06-30 14:25,4964.15,4960.65,4965.52,4960.31,3305964.0,10204369072.0
2026-06-30 14:30,4961.27,4965.82,4965.82,4959.16,3847214.0,11386818784.0
2026-06-30 14:35,4965.97,4975.81,4975.81,4965.8,4783290.0,13767920016.0
2026-06-30 14:40,4976.19,4971.44,4978.14,4968.51,4818492.0,13980185984.0
2026-06-30 14:45,4971.42,4977.01,4978.85,4970.45,5730455.0,16161224512.0
2026-06-30 14:50,4977.31,4981.22,4981.22,4974.19,5966263.0,18359048656.0
2026-06-30 14:55,4981.65,4985.9,4987.56,4981.18,6821497.0,22968808336.0
2026-06-30 15:00,4985.82,4979.43,4986.1,4979.43,7706123.0,23731252816.0
2026-07-01 09:35,4972.69,4981.7,4984.91,4971.34,30225589.0,93277207808.0
2026-07-01 09:40,4981.41,4976.35,4983.65,4971.26,19111037.0,60283241728.0
2026-07-01 09:45,4976.0,4983.48,4989.72,4969.18,15219004.0,50237715712.0
2026-07-01 09:50,4983.4,4978.33,4989.27,4974.5,13416851.0,43157024000.0
2026-07-01 09:55,4978.14,4980.89,4984.07,4975.76,10802925.0,33231979776.0
2026-07-01 10:00,4981.37,4968.28,4981.37,4966.89,10145147.0,35856547328.0
2026-07-01 10:05,4968.67,4976.46,4983.29,4967.96,8911754.0,32222441728.0
2026-07-01 10:10,4976.55,4974.32,4977.17,4969.94,9841524.0,32867328512.0
2026-07-01 10:15,4974.15,4970.65,4983.32,4969.66,9206599.0,31258465792.0
2026-07-01 10:20,4970.49,4989.71,4989.71,4970.49,10112005.0,31226319616.0
2026-07-01 10:25,4989.81,4988.26,4991.76,4982.97,8281625.0,22336672240.0
2026-07-01 10:30,4987.52,4990.0,4990.0,4978.13,7401139.0,24212755216.0
2026-07-01 10:35,4990.39,4986.48,4990.69,4983.54,8456484.0,27774187520.0
2026-07-01 10:40,4986.51,4992.07,4994.11,4980.02,10937145.0,34320062720.0
2026-07-01 10:45,4992.12,4994.39,4994.88,4980.77,11093006.0,32390767360.0
2026-07-01 10:50,4994.94,5008.44,5008.44,4994.94,7829319.0,21583855408.0
2026-07-01 10:55,5008.65,5007.92,5017.38,5006.33,5587173.0,16602816128.0
2026-07-01 11:00,5007.58,5004.75,5012.38,5004.46,5179630.0,14742030960.0
2026-07-01 11:05,5004.73,5002.71,5008.15,5000.68,4625713.0,13255601344.0
2026-07-01 11:10,5002.48,5008.16,5010.02,4998.5,4405572.0,13217177296.0
2026-07-01 11:15,5008.29,5002.99,5008.29,4999.79,4393138.0,13932359248.0
2026-07-01 11:20,5003.38,5004.25,5010.49,5001.87,4495628.0,14098504128.0
2026-07-01 11:25,5003.92,4995.39,5003.92,4987.56,4714903.0,15630116464.0
2026-07-01 11:30,4995.59,5001.54,5001.73,4995.3,3406429.0,11570924032.0
2026-07-01 13:05,5001.98,4989.64,5002.84,4989.64,7302755.0,24907920752.0
2026-07-01 13:10,4989.34,4984.76,4995.56,4984.76,4946080.0,19105894448.0
2026-07-01 13:15,4984.43,4973.64,4987.55,4973.42,5484756.0,21200061040.0
2026-07-01 13:20,4973.53,4995.57,4995.57,4971.87,4903650.0,18284372720.0
2026-07-01 13:25,4995.39,4997.08,5000.7,4990.92,4776724.0,14624852768.0
2026-07-01 13:30,4996.58,4981.7,4996.58,4981.7,5626716.0,16183385056.0
2026-07-01 13:35,4981.99,4976.19,4986.23,4976.05,4289810.0,14068481200.0
2026-07-01 13:40,4975.38,4971.73,4978.8,4967.91,4063223.0,13927605264.0
2026-07-01 13:45,4971.31,4957.12,4971.77,4957.12,3807032.0,15975327808.0
2026-07-01 13:50,4957.47,4954.72,4963.78,4954.65,4087875.0,14620041696.0
2026-07-01 13:55,4954.37,4934.02,4954.37,4934.02,6273540.0,21487127552.0
2026-07-01 14:00,4933.99,4954.5,4955.27,4931.25,5475334.0,16712422816.0
2026-07-01 14:05,4954.04,4963.65,4964.2,4950.1,4348270.0,13338649472.0
2026-07-01 14:10,4963.51,4956.79,4965.52,4956.79,3736210.0,11067801904.0
2026-07-01 14:15,4956.64,4952.98,4958.17,4952.28,3371990.0,10190634464.0
2026-07-01 14:20,4952.76,4942.08,4952.99,4942.08,3094065.0,10729965296.0
2026-07-01 14:25,4941.86,4941.26,4952.31,4941.21,3177459.0,10607294272.0
2026-07-01 14:30,4940.88,4939.57,4942.23,4936.07,3209126.0,11456239504.0
2026-07-01 14:35,4939.32,4938.64,4945.99,4938.64,3980671.0,13620187280.0
2026-07-01 14:40,4938.63,4927.67,4938.68,4925.63,5471990.0,18691098416.0
2026-07-01 14:45,4928.1,4944.75,4945.16,4928.1,4658521.0,15334719264.0
2026-07-01 14:50,4944.45,4949.01,4950.24,4944.35,4915806.0,16228530480.0
2026-07-01 14:55,4949.03,4961.5,4961.5,4947.88,7373037.0,20978144384.0
2026-07-01 15:00,4961.56,4958.98,4961.73,4958.41,6760765.0,19090665552.0
2026-07-02 09:35,4865.17,4849.08,4869.92,4837.25,42994268.0,135108929536.0
2026-07-02 09:40,4849.15,4872.45,4873.1,4847.71,18137946.0,61044544256.0
2026-07-02 09:45,4872.2,4859.04,4876.97,4859.04,17305001.0,50212461312.0
2026-07-02 09:50,4858.95,4861.2,4874.17,4850.63,14121289.0,45018502144.0
2026-07-02 09:55,4862.56,4875.91,4877.74,4862.56,10821778.0,33949691648.0
2026-07-02 10:00,4875.08,4865.14,4881.67,4864.35,8540348.0,28172905216.0
2026-07-02 10:05,4865.8,4879.1,4879.34,4864.4,9006088.0,27730561024.0
2026-07-02 10:10,4879.38,4879.9,4881.41,4870.65,7933518.0,23505707664.0
2026-07-02 10:15,4879.49,4873.81,4879.52,4867.89,6265397.0,21168244128.0
2026-07-02 10:20,4873.56,4863.09,4874.02,4858.63,6003153.0,20940381488.0
2026-07-02 10:25,4863.57,4869.22,4871.38,4858.76,6223829.0,19094671344.0
2026-07-02 10:30,4869.29,4879.32,4879.68,4868.97,6565429.0,19078183248.0
2026-07-02 10:35,4878.27,4889.11,4889.11,4874.81,6468178.0,18580512496.0
2026-07-02 10:40,4889.23,4895.19,4896.99,4887.96,6595847.0,18843440400.0
2026-07-02 10:45,4894.73,4888.34,4894.87,4888.07,5571504.0,16334146016.0
2026-07-02 10:50,4888.28,4883.16,4888.28,4883.11,5846267.0,16745413760.0
2026-07-02 10:55,4882.88,4878.73,4883.44,4874.15,5385430.0,16206684032.0
2026-07-02 11:00,4878.43,4871.41,4878.61,4871.24,4085230.0,13155393472.0
2026-07-02 11:05,4871.17,4867.22,4871.17,4864.98,4244472.0,13579369968.0
2026-07-02 11:10,4866.87,4872.27,4872.27,4862.99,3633498.0,12101259424.0
2026-07-02 11:15,4871.78,4879.33,4879.33,4868.29,5243423.0,11801519568.0
2026-07-02 11:20,4879.17,4874.48,4883.58,4874.24,6849198.0,13614982976.0
2026-07-02 11:25,4874.08,4869.11,4876.78,4864.63,5482823.0,11248262416.0
2026-07-02 11:30,4869.09,4867.42,4869.09,4863.59,5350345.0,12127753648.0
2026-07-02 13:05,4868.66,4871.81,4871.81,4862.29,8393894.0,22122684592.0
2026-07-02 13:10,4872.52,4870.12,4874.4,4870.12,5392316.0,13126793520.0
2026-07-02 13:15,4870.14,4862.92,4870.14,4862.46,4884634.0,14406101680.0
2026-07-02 13:20,4862.65,4850.75,4863.18,4850.75,4385802.0,14106879968.0
2026-07-02 13:25,4850.55,4851.43,4853.91,4847.89,4909848.0,16398872256.0
2026-07-02 13:30,4851.39,4844.04,4854.04,4844.04,3789088.0,13693440096.0
2026-07-02 13:35,4844.05,4836.09,4846.59,4836.09,5071750.0,15038819824.0
2026-07-02 13:40,4835.34,4834.18,4837.47,4829.22,4589456.0,15077972304.0
2026-07-02 13:45,4834.25,4832.56,4839.31,4831.63,4331656.0,13802539072.0
2026-07-02 13:50,4832.42,4825.99,4833.67,4823.9,4852147.0,16307232816.0
2026-07-02 13:55,4826.71,4833.5,4836.24,4826.71,4170907.0,13510985360.0
2026-07-02 14:00,4833.27,4834.62,4842.14,4833.27,3587534.0,11602564512.0
2026-07-02 14:05,4834.49,4833.07,4841.08,4833.07,4522783.0,12405013376.0
2026-07-02 14:10,4833.27,4845.92,4846.17,4830.41,4276643.0,13517319664.0
2026-07-02 14:15,4846.13,4841.86,4851.04,4840.73,3724167.0,11326063168.0
2026-07-02 14:20,4841.95,4833.6,4842.07,4833.51,3997481.0,10988207152.0
2026-07-02 14:25,4833.39,4829.83,4835.13,4829.83,3913694.0,11476754576.0
2026-07-02 14:30,4829.83,4825.46,4830.27,4824.74,4304627.0,13248760480.0
2026-07-02 14:35,4825.48,4824.94,4834.06,4824.94,4739380.0,14313847248.0
2026-07-02 14:40,4824.94,4819.4,4828.94,4819.4,5209955.0,15387481104.0
2026-07-02 14:45,4818.91,4812.91,4818.91,4809.83,8214982.0,22572037728.0
2026-07-02 14:50,4812.98,4806.3,4812.98,4805.35,7726430.0,20786496944.0
2026-07-02 14:55,4806.07,4808.82,4808.96,4800.48,8691041.0,23867329168.0
2026-07-02 15:00,4808.87,4812.29,4812.85,4808.87,6889284.0,19349116400.0
2026-07-03 09:35,4809.5,4819.19,4833.78,4809.5,32450014.0,106985910528.0
2026-07-03 09:40,4819.3,4842.11,4843.08,4819.3,19188442.0,57776848896.0
2026-07-03 09:45,4842.73,4841.88,4848.06,4836.23,14890861.0,47530050304.0
2026-07-03 09:50,4842.02,4824.62,4844.63,4824.23,13264314.0,37447793920.0
2026-07-03 09:55,4824.86,4827.58,4834.87,4818.15,12090643.0,36227569408.0
2026-07-03 10:00,4828.19,4837.55,4838.11,4828.19,9213145.0,26547806208.0
2026-07-03 10:05,4838.04,4842.02,4846.15,4835.22,9852529.0,27627847680.0
2026-07-03 10:10,4841.19,4850.23,4852.17,4839.09,6587770.0,22904642304.0
2026-07-03 10:15,4849.43,4839.51,4849.43,4836.4,6532826.0,20565354448.0
2026-07-03 10:20,4838.66,4841.24,4854.38,4838.66,5777555.0,16788532704.0
2026-07-03 10:25,4841.2,4843.03,4846.51,4833.28,4905450.0,15841233504.0
2026-07-03 10:30,4843.2,4845.67,4849.29,4843.2,4009566.0,13886636048.0
2026-07-03 10:35,4846.49,4856.61,4856.61,4844.39,4097976.0,13851350896.0
2026-07-03 10:40,4857.16,4862.78,4862.78,4852.22,5137202.0,16730446272.0
2026-07-03 10:45,4862.29,4867.0,4867.0,4858.61,4771353.0,17734835616.0
2026-07-03 10:50,4867.19,4876.74,4876.74,4867.19,5074914.0,19384636976.0
2026-07-03 10:55,4876.57,4875.75,4882.48,4868.74,5471883.0,18617729888.0
2026-07-03 11:00,4875.76,4879.15,4880.76,4874.91,4451001.0,14733285840.0
2026-07-03 11:05,4879.49,4879.41,4884.71,4876.12,3760961.0,14144441760.0
2026-07-03 11:10,4879.24,4874.44,4880.56,4871.92,4659576.0,14559256464.0
2026-07-03 11:15,4874.32,4872.61,4874.32,4865.86,4155019.0,13454533728.0
2026-07-03 11:20,4872.71,4867.21,4875.15,4867.21,3365402.0,10741878464.0
2026-07-03 11:25,4867.14,4861.49,4868.77,4861.43,3632357.0,11567941840.0
2026-07-03 11:30,4861.6,4867.59,4869.16,4861.03,3155720.0,9990985712.0
2026-07-03 13:05,4872.94,4889.48,4890.96,4872.94,6576707.0,25977364928.0
2026-07-03 13:10,4889.0,4880.89,4890.81,4880.69,4888035.0,16833930128.0
2026-07-03 13:15,4880.11,4868.39,4881.7,4868.39,4786927.0,14939227024.0
2026-07-03 13:20,4868.32,4865.64,4872.82,4862.77,5623106.0,15092914192.0
2026-07-03 13:25,4865.54,4855.52,4865.54,4850.85,4048446.0,14647482816.0
2026-07-03 13:30,4854.73,4854.36,4858.87,4849.95,3662805.0,12924242096.0
2026-07-03 13:35,4853.96,4862.68,4863.42,4853.46,3525501.0,11561213072.0
2026-07-03 13:40,4862.03,4853.12,4862.03,4853.0,4113641.0,11147407680.0
2026-07-03 13:45,4853.07,4865.86,4866.22,4853.07,3746089.0,10404766448.0
2026-07-03 13:50,4866.23,4865.54,4868.94,4862.56,3893794.0,10105748352.0
2026-07-03 13:55,4865.5,4874.68,4874.8,4864.95,3699407.0,9750606048.0
2026-07-03 14:00,4874.46,4875.19,4877.33,4872.38,4033351.0,10295934480.0
2026-07-03 14:05,4875.09,4880.22,4880.79,4874.11,4156483.0,11334910720.0
2026-07-03 14:10,4880.24,4879.57,4886.99,4878.6,3999988.0,11773186272.0
2026-07-03 14:15,4879.33,4869.1,4879.33,4869.07,3352561.0,11651461952.0
2026-07-03 14:20,4868.87,4869.35,4869.81,4866.73,3355244.0,10093413344.0
2026-07-03 14:25,4869.04,4860.71,4869.88,4859.44,4002552.0,12066339216.0
2026-07-03 14:30,4860.56,4857.7,4860.64,4856.09,3491240.0,12268648480.0
2026-07-03 14:35,4857.53,4848.49,4864.17,4848.49,5157792.0,15938156992.0
2026-07-03 14:40,4848.32,4855.85,4855.93,4847.1,4455177.0,15420638240.0
2026-07-03 14:45,4855.61,4855.76,4856.91,4853.48,4843424.0,13907450208.0
2026-07-03 14:50,4855.55,4852.34,4859.58,4852.34,5346400.0,15839527024.0
2026-07-03 14:55,4852.15,4841.39,4852.15,4841.13,8670168.0,23366198464.0
2026-07-03 15:00,4841.44,4842.17,4842.72,4841.31,7142250.0,19587577328.0
2026-07-06 09:35,4868.54,4851.19,4870.91,4851.19,28523193.0,98111680512.0
2026-07-06 09:40,4849.81,4851.52,4856.51,4836.66,19039936.0,56658439680.0
2026-07-06 09:45,4851.45,4866.19,4866.27,4846.12,12640016.0,40516226816.0
2026-07-06 09:50,4865.56,4873.57,4875.56,4864.42,10924849.0,34959002624.0
2026-07-06 09:55,4873.94,4876.05,4878.32,4865.44,9984291.0,29813262336.0
2026-07-06 10:00,4876.25,4861.7,4876.25,4861.11,8982335.0,28648219648.0
2026-07-06 10:05,4861.94,4858.71,4862.61,4854.97,11150957.0,31936180992.0
2026-07-06 10:10,4858.08,4867.37,4867.51,4855.65,6863788.0,21371036000.0
2026-07-06 10:15,4867.31,4851.1,4867.31,4850.09,7563067.0,22879860928.0
2026-07-06 10:20,4851.04,4836.69,4851.2,4836.69,7414013.0,25148932864.0
2026-07-06 10:25,4837.08,4829.07,4841.02,4828.29,7383612.0,26467212032.0
2026-07-06 10:30,4829.23,4819.4,4834.42,4818.3,7068236.0,24446721984.0
2026-07-06 10:35,4818.94,4807.66,4823.67,4807.66,7250510.0,24664997888.0
2026-07-06 10:40,4807.25,4822.31,4825.75,4801.17,7162512.0,24866558512.0
2026-07-06 10:45,4822.38,4806.71,4823.59,4806.71,7133586.0,19582324656.0
2026-07-06 10:50,4806.38,4793.77,4808.98,4791.36,6907795.0,20388305824.0
2026-07-06 10:55,4793.98,4801.32,4805.31,4789.79,6378911.0,19650652784.0
2026-07-06 11:00,4801.34,4818.77,4818.99,4795.21,5379799.0,15945646784.0
2026-07-06 11:05,4817.76,4821.41,4824.17,4813.99,4157943.0,13757121248.0
2026-07-06 11:10,4821.15,4832.63,4832.63,4821.15,4460011.0,14395949168.0
2026-07-06 11:15,4832.57,4842.26,4843.3,4832.41,4065888.0,14618735376.0
2026-07-06 11:20,4842.63,4841.85,4843.26,4833.14,2999153.0,11142549184.0
2026-07-06 11:25,4841.86,4847.25,4847.99,4841.82,3207111.0,12462744144.0
2026-07-06 11:30,4847.17,4856.07,4856.65,4841.2,3023843.0,11703762848.0
2026-07-06 13:05,4858.26,4856.82,4859.59,4849.46,5323090.0,18642303664.0
2026-07-06 13:10,4856.8,4845.03,4858.7,4844.96,3978456.0,12736269488.0
2026-07-06 13:15,4844.5,4844.42,4854.76,4841.39,3288954.0,10203328512.0
2026-07-06 13:20,4844.48,4840.1,4850.45,4840.1,2804906.0,8745642784.0
2026-07-06 13:25,4839.4,4836.29,4843.37,4836.29,3145956.0,8706376496.0
2026-07-06 13:30,4837.67,4848.84,4852.86,4837.67,2888267.0,9339258848.0
2026-07-06 13:35,4847.33,4834.37,4847.33,4833.71,3554168.0,8660943184.0
2026-07-06 13:40,4834.9,4847.04,4847.66,4834.84,2680420.0,7951623184.0
2026-07-06 13:45,4847.22,4860.13,4860.13,4847.22,2943397.0,10440024336.0
2026-07-06 13:50,4860.74,4858.29,4861.23,4853.05,3120004.0,10341257552.0
2026-07-06 13:55,4858.41,4860.98,4864.19,4858.41,2538405.0,9157657840.0
2026-07-06 14:00,4860.78,4858.71,4864.03,4858.19,2533273.0,8811088592.0
2026-07-06 14:05,4857.99,4850.63,4857.99,4850.14,4180149.0,9549470384.0
2026-07-06 14:10,4851.28,4850.06,4858.56,4849.85,3787173.0,9283199936.0
2026-07-06 14:15,4850.15,4850.63,4855.92,4849.4,4774045.0,10955006112.0
2026-07-06 14:20,4850.27,4848.57,4850.27,4845.65,3807581.0,9534880912.0
2026-07-06 14:25,4848.54,4844.59,4851.04,4843.29,4627572.0,11151848032.0
2026-07-06 14:30,4844.5,4844.35,4844.65,4838.91,3816847.0,10132126656.0
2026-07-06 14:35,4844.47,4848.13,4852.54,4844.35,4351939.0,11285587456.0
2026-07-06 14:40,4848.21,4842.07,4853.73,4842.07,4509507.0,11585036448.0
2026-07-06 14:45,4842.1,4836.11,4842.1,4836.08,4892744.0,12850874496.0
2026-07-06 14:50,4836.26,4839.51,4840.77,4836.26,5005016.0,13586463104.0
2026-07-06 14:55,4839.34,4838.94,4841.47,4838.94,6141900.0,15679939552.0
2026-07-06 15:00,4838.99,4842.0,4842.0,4838.06,5691417.0,14479684992.0
2026-07-07 09:35,4813.87,4818.56,4824.82,4807.05,21327904.0,68368166656.0
2026-07-07 09:40,4818.86,4829.87,4829.95,4813.17,14646482.0,41349164800.0
2026-07-07 09:45,4830.56,4834.47,4836.34,4828.59,11498012.0,36657878528.0
2026-07-07 09:50,4834.65,4830.51,4839.51,4829.94,11208785.0,32311615488.0
2026-07-07 09:55,4830.32,4828.5,4831.94,4823.95,10404436.0,28467892480.0
2026-07-07 10:00,4828.69,4824.94,4829.32,4819.3,7624497.0,23158235024.0
2026-07-07 10:05,4824.76,4826.91,4832.58,4821.54,9057807.0,22552987792.0
2026-07-07 10:10,4827.2,4823.56,4833.74,4822.69,6277725.0,18273868064.0
2026-07-07 10:15,4823.32,4823.05,4827.25,4815.5,5086313.0,17976790768.0
2026-07-07 10:20,4822.67,4817.76,4823.56,4816.79,4224061.0,14121696768.0
2026-07-07 10:25,4816.58,4806.7,4816.58,4806.7,4432818.0,15141868304.0
2026-07-07 10:30,4806.63,4806.69,4809.75,4800.78,5888578.0,16998498496.0
2026-07-07 10:35,4806.17,4811.16,4811.18,4800.91,4745794.0,13650767616.0
2026-07-07 10:40,4811.6,4817.79,4818.24,4811.6,4921224.0,15160356768.0
2026-07-07 10:45,4817.42,4817.18,4818.69,4812.38,3448271.0,12414926576.0
2026-07-07 10:50,4816.13,4809.99,4816.13,4807.19,3909501.0,10903192064.0
2026-07-07 10:55,4809.95,4811.6,4812.92,4803.18,3062713.0,9128125200.0
2026-07-07 11:00,4811.94,4801.77,4812.45,4801.77,3173679.0,8495658960.0
2026-07-07 11:05,4801.7,4809.94,4810.52,4798.93,3408313.0,9718539296.0
2026-07-07 11:10,4809.68,4814.42,4815.87,4809.68,3558867.0,9675453792.0
2026-07-07 11:15,4814.58,4803.0,4816.98,4800.33,2840115.0,8969071168.0
2026-07-07 11:20,4803.1,4799.96,4803.85,4797.05,2596949.0,8980197184.0
2026-07-07 11:25,4799.93,4795.15,4800.22,4795.02,2370200.0,7804186912.0
2026-07-07 11:30,4795.18,4802.0,4804.56,4793.1,2465415.0,8574675056.0
2026-07-07 13:05,4799.82,4779.58,4799.82,4778.59,5949841.0,19803293376.0
2026-07-07 13:10,4779.92,4765.49,4782.17,4763.54,4750669.0,17125139392.0
2026-07-07 13:15,4765.51,4760.02,4771.83,4760.02,4142944.0,14884745376.0
2026-07-07 13:20,4760.03,4766.45,4769.67,4756.73,3753769.0,13758389840.0
2026-07-07 13:25,4766.6,4771.39,4771.5,4763.04,3666108.0,12777804768.0
2026-07-07 13:30,4771.65,4793.76,4794.19,4771.65,3563913.0,14262528416.0
2026-07-07 13:35,4793.14,4801.43,4805.39,4793.14,4022682.0,16276192112.0
2026-07-07 13:40,4801.17,4800.1,4805.6,4795.63,3542643.0,13402033712.0
2026-07-07 13:45,4799.46,4807.41,4807.41,4798.58,2988859.0,11439412208.0
2026-07-07 13:50,4807.05,4799.2,4809.39,4797.0,4112815.0,15631927824.0
2026-07-07 13:55,4799.14,4804.35,4805.23,4799.14,2844608.0,10350537792.0
2026-07-07 14:00,4804.8,4793.67,4805.93,4793.67,2630438.0,9639184144.0
2026-07-07 14:05,4793.74,4788.33,4797.9,4788.33,3096327.0,9598912960.0
2026-07-07 14:10,4788.34,4777.05,4788.34,4777.05,3311664.0,10027514944.0
2026-07-07 14:15,4777.11,4778.41,4780.0,4771.86,3854606.0,10713827552.0
2026-07-07 14:20,4778.02,4780.21,4783.48,4773.98,3141616.0,9265159792.0
2026-07-07 14:25,4780.26,4775.65,4781.22,4775.11,2719401.0,7843121584.0
2026-07-07 14:30,4775.5,4781.82,4781.82,4773.0,3169922.0,8928721040.0
2026-07-07 14:35,4782.46,4787.63,4791.8,4781.14,4918766.0,11568838304.0
2026-07-07 14:40,4786.68,4800.04,4800.79,4786.33,3927492.0,10821758400.0
2026-07-07 14:45,4800.39,4796.0,4800.46,4794.23,3704309.0,11085853520.0
2026-07-07 14:50,4796.16,4793.68,4796.16,4787.01,5617744.0,13560734640.0
2026-07-07 14:55,4793.56,4787.76,4793.73,4786.53,5452811.0,16011267072.0
2026-07-07 15:00,4787.94,4792.26,4792.26,4787.37,5243593.0,14986793436.0
2026-07-08 09:35,4804.48,4788.24,4810.36,4786.67,20611147.0,74064555520.0
2026-07-08 09:40,4788.21,4781.94,4790.4,4781.35,14112942.0,42059544576.0
2026-07-08 09:45,4782.35,4767.23,4784.69,4766.84,12662219.0,36266059520.0
2026-07-08 09:50,4768.17,4784.43,4787.29,4766.51,11545985.0,34885848320.0
2026-07-08 09:55,4783.79,4778.68,4784.65,4764.85,11333065.0,33567340032.0
2026-07-08 10:00,4779.1,4768.68,4779.4,4762.67,9538462.0,29662085632.0
2026-07-08 10:05,4768.56,4752.19,4768.56,4752.1,8977284.0,30443019520.0
2026-07-08 10:10,4751.47,4770.52,4771.75,4751.4,6689168.0,22253326864.0
2026-07-08 10:15,4771.13,4763.44,4771.13,4756.93,6415987.0,18122504672.0
2026-07-08 10:20,4763.42,4785.48,4785.48,4763.42,5734100.0,18667081792.0
2026-07-08 10:25,4785.95,4778.39,4789.2,4778.39,4834121.0,17090463040.0
2026-07-08 10:30,4777.85,4792.01,4792.01,4774.52,3940110.0,11832526240.0
2026-07-08 10:35,4792.59,4794.5,4798.32,4787.25,4576426.0,16185871120.0
2026-07-08 10:40,4795.42,4802.32,4802.32,4794.1,4812883.0,15443566464.0
2026-07-08 10:45,4802.69,4799.74,4802.69,4795.79,4573573.0,13433853984.0
2026-07-08 10:50,4799.57,4789.16,4801.42,4788.93,4822668.0,13278143888.0
2026-07-08 10:55,4790.17,4792.04,4795.81,4787.68,2963064.0,10100651296.0
2026-07-08 11:00,4791.54,4783.94,4791.66,4781.58,2355543.0,8798329280.0
2026-07-08 11:05,4783.76,4787.42,4792.36,4783.2,2588487.0,8367564992.0
2026-07-08 11:10,4787.75,4795.32,4795.32,4784.46,2341094.0,7718801568.0
2026-07-08 11:15,4796.32,4807.45,4808.24,4795.83,2887949.0,11987102864.0
2026-07-08 11:20,4807.17,4811.52,4811.53,4803.54,3091407.0,12390483296.0
2026-07-08 11:25,4811.74,4823.51,4823.51,4810.26,4058282.0,14134691216.0
2026-07-08 11:30,4823.95,4821.65,4830.05,4820.72,4368478.0,16468680160.0
2026-07-08 13:05,4810.56,4801.73,4810.56,4783.7,6767601.0,26061902912.0
2026-07-08 13:10,4802.12,4801.82,4810.5,4800.3,3359879.0,12677521568.0
2026-07-08 13:15,4801.99,4806.08,4807.52,4799.15,2775832.0,10300699504.0
2026-07-08 13:20,4806.26,4805.72,4808.37,4801.93,3306918.0,9432183680.0
2026-07-08 13:25,4805.85,4800.43,4806.13,4800.03,2397879.0,8222663616.0
2026-07-08 13:30,4800.48,4790.82,4800.79,4789.5,2792197.0,8485839072.0
2026-07-08 13:35,4790.79,4786.51,4790.96,4778.91,3390950.0,10244103888.0
2026-07-08 13:40,4786.41,4784.86,4788.15,4781.12,2457053.0,7734034368.0
2026-07-08 13:45,4785.09,4780.36,4785.09,4779.01,2508174.0,7610610656.0
2026-07-08 13:50,4780.61,4772.07,4781.91,4771.75,2729080.0,8560523072.0
2026-07-08 13:55,4771.9,4788.9,4788.9,4771.9,2825565.0,8057832208.0
2026-07-08 14:00,4789.27,4795.73,4797.95,4789.27,3106045.0,8246041088.0
2026-07-08 14:05,4795.54,4793.17,4796.71,4787.38,2488269.0,8128185920.0
2026-07-08 14:10,4792.17,4787.87,4792.43,4786.45,2149059.0,7452987184.0
2026-07-08 14:15,4787.69,4782.42,4787.69,4779.0,2777589.0,9024042816.0
2026-07-08 14:20,4783.11,4790.27,4790.27,4782.54,3163075.0,8730130944.0
2026-07-08 14:25,4790.38,4790.88,4791.82,4785.65,2620739.0,8417511648.0
2026-07-08 14:30,4790.66,4780.41,4790.66,4778.38,3140647.0,9310621984.0
2026-07-08 14:35,4780.86,4776.89,4785.86,4776.1,3546865.0,11075978080.0
2026-07-08 14:40,4776.51,4776.08,4781.79,4776.08,3157926.0,10089487168.0
2026-07-08 14:45,4775.87,4768.19,4775.87,4767.87,4383205.0,14364630480.0
2026-07-08 14:50,4768.13,4756.76,4770.14,4755.71,5958753.0,17190786368.0
2026-07-08 14:55,4757.38,4754.39,4760.04,4754.29,6318393.0,19051027024.0
2026-07-08 15:00,4753.75,4755.53,4755.53,4752.47,5972610.0,17557537552.0
2026-07-09 09:35,4774.4,4774.83,4781.17,4771.67,25125408.0,86652732672.0
2026-07-09 09:40,4775.35,4785.74,4790.04,4771.97,14728735.0,48438523136.0
2026-07-09 09:45,4785.43,4775.09,4787.81,4774.25,10890937.0,35714240000.0
2026-07-09 09:50,4775.36,4768.94,4778.16,4768.94,10042641.0,33924447232.0
2026-07-09 09:55,4767.99,4772.13,4774.99,4762.7,9128778.0,30987790592.0
2026-07-09 10:00,4772.21,4763.77,4772.21,4762.17,8531386.0,31070183424.0
2026-07-09 10:05,4763.4,4761.99,4765.26,4754.55,7370456.0,24748809104.0
2026-07-09 10:10,4761.93,4773.29,4773.29,4757.98,5917368.0,20164265008.0
2026-07-09 10:15,4772.03,4774.42,4777.47,4769.98,5305485.0,19285754688.0
2026-07-09 10:20,4774.34,4779.56,4779.56,4771.43,4807604.0,17651800784.0
2026-07-09 10:25,4778.84,4774.56,4783.52,4771.87,5149568.0,17279543488.0
2026-07-09 10:30,4774.38,4766.19,4775.15,4765.7,5218705.0,16248452288.0
2026-07-09 10:35,4766.12,4759.96,4769.12,4759.54,5727178.0,16965332848.0
2026-07-09 10:40,4760.23,4757.65,4760.23,4754.62,5894470.0,16727290304.0
2026-07-09 10:45,4758.53,4759.54,4764.75,4754.72,4990410.0,14794590240.0
2026-07-09 10:50,4759.1,4746.85,4759.13,4746.85,4653860.0,14003253248.0
2026-07-09 10:55,4746.78,4757.08,4757.08,4745.98,5432012.0,14370535376.0
2026-07-09 11:00,4757.25,4745.47,4759.76,4745.35,3981042.0,10305216336.0
2026-07-09 11:05,4745.39,4746.71,4748.37,4742.47,3597313.0,10356183904.0
2026-07-09 11:10,4746.74,4750.6,4750.88,4740.41,3805072.0,10721082416.0
2026-07-09 11:15,4751.22,4740.06,4751.67,4737.48,4115974.0,11261798672.0
2026-07-09 11:20,4740.38,4736.33,4744.97,4734.87,3900253.0,10303672560.0
2026-07-09 11:25,4736.89,4752.08,4752.08,4735.25,3285025.0,10096943776.0
2026-07-09 11:30,4752.14,4758.39,4763.0,4751.5,2854378.0,12412045008.0
2026-07-09 13:05,4759.72,4767.88,4770.1,4759.72,4866235.0,20943553152.0
2026-07-09 13:10,4768.17,4786.93,4786.93,4766.33,4297257.0,20233680624.0
2026-07-09 13:15,4786.6,4796.05,4796.82,4786.6,4411782.0,20229211776.0
2026-07-09 13:20,4796.35,4783.34,4796.43,4781.98,4430183.0,18388783776.0
2026-07-09 13:25,4783.34,4781.98,4783.77,4777.97,3628036.0,12619890880.0
2026-07-09 13:30,4782.17,4793.81,4798.4,4780.44,3552244.0,15452129552.0
2026-07-09 13:35,4793.77,4785.77,4793.77,4777.69,3503278.0,13953094464.0
2026-07-09 13:40,4786.49,4802.19,4802.4,4786.49,3809223.0,15541357808.0
2026-07-09 13:45,4802.6,4812.28,4812.28,4802.59,4073077.0,19466671664.0
2026-07-09 13:50,4813.1,4825.11,4825.23,4813.1,4547713.0,18701672160.0
2026-07-09 13:55,4824.77,4833.59,4838.36,4824.77,4849496.0,20192711488.0
2026-07-09 14:00,4833.47,4844.2,4844.2,4832.18,4869094.0,17450741968.0
2026-07-09 14:05,4844.93,4844.64,4848.5,4838.31,5292709.0,17278784320.0
2026-07-09 14:10,4844.72,4849.31,4849.54,4841.64,4284091.0,15596925424.0
2026-07-09 14:15,4849.62,4854.94,4855.17,4847.17,5129087.0,16279425168.0
2026-07-09 14:20,4855.32,4841.1,4858.86,4841.01,5056246.0,16563716656.0
2026-07-09 14:25,4840.88,4848.26,4848.33,4840.88,4114841.0,13044639296.0
2026-07-09 14:30,4848.34,4857.73,4857.73,4848.16,4298452.0,11611607472.0
2026-07-09 14:35,4857.67,4862.08,4862.08,4857.67,6021319.0,14682250208.0
2026-07-09 14:40,4862.21,4870.04,4870.32,4862.21,5674369.0,16220851520.0
2026-07-09 14:45,4870.13,4877.79,4878.0,4869.21,5714688.0,18254519792.0
2026-07-09 14:50,4878.15,4882.72,4882.85,4878.02,6702436.0,18785606512.0
2026-07-09 14:55,4882.54,4874.93,4882.54,4872.79,7615520.0,22249121600.0
2026-07-09 15:00,4874.71,4876.31,4878.15,4874.36,6432271.0,18893963392.0
2026-07-10 09:35,4887.54,4872.76,4888.66,4872.76,27568183.0,118402174976.0
2026-07-10 09:40,4873.58,4886.89,4889.12,4867.31,15417811.0,61108471040.0
2026-07-10 09:45,4886.95,4889.7,4892.43,4883.77,13323909.0,51349900288.0
2026-07-10 09:50,4889.47,4891.47,4893.84,4880.29,10891694.0,42672271104.0
2026-07-10 09:55,4891.42,4902.06,4903.01,4890.79,9188580.0,35815750912.0
2026-07-10 10:00,4902.31,4888.68,4902.83,4888.67,10580543.0,37057711360.0
2026-07-10 10:05,4888.48,4881.04,4893.12,4880.82,12133984.0,42026438656.0
2026-07-10 10:10,4880.88,4894.31,4894.39,4880.88,10297541.0,34615621632.0
2026-07-10 10:15,4894.5,4893.28,4895.83,4880.9,8814513.0,31360036352.0
2026-07-10 10:20,4893.11,4897.32,4899.54,4892.61,7406410.0,24014823088.0
2026-07-10 10:25,4898.42,4897.41,4899.04,4893.84,7245221.0,20631651600.0
2026-07-10 10:30,4898.21,4900.57,4906.49,4896.01,6164735.0,20725204464.0
2026-07-10 10:35,4900.91,4893.09,4902.14,4888.21,7110219.0,22732380272.0
2026-07-10 10:40,4892.2,4887.18,4893.6,4879.7,6208467.0,20723246864.0
2026-07-10 10:45,4887.41,4890.36,4894.06,4886.2,4447379.0,15447123664.0
2026-07-10 10:50,4890.64,4889.96,4890.68,4884.01,5083040.0,17298232224.0
2026-07-10 10:55,4889.79,4891.72,4898.79,4889.79,4486776.0,14000039632.0
2026-07-10 11:00,4892.49,4895.79,4899.7,4887.34,4520844.0,13586844576.0
2026-07-10 11:05,4896.0,4888.92,4896.0,4888.65,3825859.0,10885959184.0
2026-07-10 11:10,4889.13,4899.85,4900.61,4889.13,5476117.0,12467019424.0
2026-07-10 11:15,4899.78,4895.58,4901.18,4895.44,3853596.0,10440177088.0
2026-07-10 11:20,4895.46,4899.38,4900.54,4895.31,2683394.0,8943965472.0
2026-07-10 11:25,4898.97,4895.94,4902.28,4895.94,3607878.0,11448145360.0
2026-07-10 11:30,4895.57,4900.2,4900.2,4890.13,3915857.0,13211948864.0
2026-07-10 13:05,4901.02,4881.61,4901.02,4881.19,8127312.0,26289841984.0
2026-07-10 13:10,4880.92,4893.38,4893.38,4876.89,4339801.0,15050898960.0
2026-07-10 13:15,4892.97,4894.0,4898.32,4892.97,3683495.0,12197059424.0
2026-07-10 13:20,4893.54,4890.44,4896.63,4890.44,3478776.0,11683819024.0
2026-07-10 13:25,4890.85,4885.92,4891.82,4885.75,3509217.0,10347388912.0
2026-07-10 13:30,4885.91,4879.46,4885.91,4877.77,3864633.0,11821879616.0
2026-07-10 13:35,4879.6,4867.47,4879.7,4867.47,3495938.0,11952737472.0
2026-07-10 13:40,4867.38,4852.54,4868.11,4852.54,5281460.0,17412333776.0
2026-07-10 13:45,4852.54,4848.16,4857.87,4847.71,4679124.0,16142137504.0
2026-07-10 13:50,4848.17,4843.8,4848.17,4838.27,4632684.0,17753650432.0
2026-07-10 13:55,4844.34,4853.34,4853.38,4843.25,4504761.0,12628677200.0
2026-07-10 14:00,4853.47,4836.6,4853.47,4836.6,3606338.0,12401410048.0
2026-07-10 14:05,4836.29,4832.0,4836.74,4824.57,4830245.0,17470621920.0
2026-07-10 14:10,4832.24,4815.82,4832.45,4814.22,4108534.0,16946802432.0
2026-07-10 14:15,4816.36,4816.23,4826.79,4814.33,3852934.0,14900898512.0
2026-07-10 14:20,4816.68,4837.03,4837.03,4816.68,3419183.0,13374773984.0
2026-07-10 14:25,4837.19,4823.88,4837.28,4822.5,2934736.0,12591804000.0
2026-07-10 14:30,4823.85,4813.67,4823.89,4813.62,3270622.0,13524953456.0
2026-07-10 14:35,4813.52,4807.04,4815.67,4802.42,4552209.0,18567929472.0
2026-07-10 14:40,4807.86,4802.35,4809.26,4800.26,4032787.0,16483650640.0
2026-07-10 14:45,4801.91,4791.4,4801.91,4790.38,5377917.0,22206607104.0
2026-07-10 14:50,4790.77,4788.46,4802.08,4788.46,5748947.0,21798821392.0
2026-07-10 14:55,4788.96,4784.76,4791.03,4784.76,7180703.0,24894452736.0
2026-07-10 15:00,4784.49,4780.79,4784.49,4780.75,7365378.0,24504784912.0
2026-07-13 09:35,4745.44,4770.72,4773.13,4745.44,25472553.0,96108681472.0
2026-07-13 09:40,4770.44,4759.34,4770.52,4755.79,16145876.0,58707972352.0
2026-07-13 09:45,4760.57,4768.62,4768.62,4751.65,13321259.0,43302505216.0
2026-07-13 09:50,4769.78,4751.98,4772.9,4751.77,11646474.0,38163504896.0
2026-07-13 09:55,4751.53,4745.88,4755.54,4743.72,10414315.0,33912872448.0
2026-07-13 10:00,4746.05,4733.83,4746.05,4732.85,10961020.0,31320058368.0
2026-07-13 10:05,4733.25,4744.31,4744.31,4724.49,7970831.0,28129028352.0
2026-07-13 10:10,4742.97,4751.56,4752.37,4740.48,8512001.0,22415637056.0
2026-07-13 10:15,4751.94,4761.78,4762.3,4749.12,6413402.0,20622653120.0
2026-07-13 10:20,4761.34,4755.41,4765.42,4754.79,5338048.0,18079743680.0
2026-07-13 10:25,4755.39,4765.6,4765.6,4754.46,5285928.0,15965499088.0
2026-07-13 10:30,4765.71,4770.91,4772.42,4760.02,4866191.0,15656677776.0
2026-07-13 10:35,4770.83,4765.84,4775.23,4764.92,4905867.0,15660547728.0
2026-07-13 10:40,4765.72,4750.34,4771.75,4750.34,4456513.0,13827307520.0
2026-07-13 10:45,4749.98,4742.73,4751.25,4742.73,4283361.0,13067854576.0
2026-07-13 10:50,4742.85,4739.42,4749.46,4738.25,3751751.0,12552488704.0
2026-07-13 10:55,4738.47,4741.61,4741.95,4734.14,3784277.0,12355690000.0
2026-07-13 11:00,4741.44,4737.04,4743.77,4733.66,3443536.0,10319879104.0
2026-07-13 11:05,4736.8,4724.44,4737.05,4724.44,3720152.0,12204909616.0
2026-07-13 11:10,4724.44,4720.6,4725.64,4717.91,4021912.0,15620943120.0
2026-07-13 11:15,4721.08,4713.62,4722.01,4711.15,4230586.0,16845504176.0
2026-07-13 11:20,4713.67,4723.06,4728.95,4713.01,3797940.0,12604136512.0
2026-07-13 11:25,4722.97,4718.29,4724.71,4714.19,3287805.0,11303426816.0
2026-07-13 11:30,4720.66,4716.67,4722.41,4715.54,2971931.0,10504405616.0
2026-07-13 13:05,4715.1,4716.52,4716.52,4695.98,6347742.0,22601960256.0
2026-07-13 13:10,4716.69,4706.6,4719.51,4702.74,3496689.0,12590971760.0
2026-07-13 13:15,4706.58,4702.19,4714.21,4702.19,3546654.0,11656383472.0
2026-07-13 13:20,4703.02,4690.47,4703.13,4687.54,6077469.0,17709246336.0
2026-07-13 13:25,4690.94,4678.52,4691.0,4676.64,4641779.0,16194040032.0
2026-07-13 13:30,4678.22,4681.54,4687.49,4676.67,4292572.0,13415106416.0
2026-07-13 13:35,4682.34,4723.94,4724.2,4682.34,4881309.0,16456381952.0
2026-07-13 13:40,4723.97,4735.15,4738.89,4720.08,5326152.0,16470148000.0
2026-07-13 13:45,4735.04,4721.81,4738.63,4718.46,3735458.0,12142225408.0
2026-07-13 13:50,4722.23,4703.85,4722.3,4702.46,3285997.0,9943853616.0
2026-07-13 13:55,4704.73,4717.75,4728.47,4704.73,3036786.0,9912804864.0
2026-07-13 14:00,4718.17,4715.61,4721.81,4710.4,2909398.0,9426994704.0
2026-07-13 14:05,4715.42,4710.95,4715.42,4708.66,3282606.0,8841344160.0
2026-07-13 14:10,4711.17,4695.52,4712.02,4693.68,3577240.0,11158831600.0
2026-07-13 14:15,4695.64,4689.82,4700.67,4689.52,3933707.0,11149231168.0
2026-07-13 14:20,4689.62,4691.02,4696.95,4688.13,3733908.0,11254245664.0
2026-07-13 14:25,4691.07,4681.19,4691.81,4680.54,3212225.0,10990325920.0
2026-07-13 14:30,4681.46,4685.81,4688.4,4679.89,3880293.0,11565540560.0
2026-07-13 14:35,4685.99,4677.65,4685.99,4670.25,5146224.0,15429104528.0
2026-07-13 14:40,4677.58,4684.2,4692.71,4677.58,4391190.0,13020160288.0
2026-07-13 14:45,4684.98,4685.94,4686.98,4677.79,5270952.0,15144875392.0
2026-07-13 14:50,4686.47,4704.5,4707.11,4686.47,6092176.0,18009601344.0
2026-07-13 14:55,4704.64,4689.82,4704.64,4689.6,6107377.0,17520332896.0
2026-07-13 15:00,4689.45,4695.38,4695.38,4689.34,5425419.0,16089040688.0
2026-07-14 09:35,4691.12,4677.05,4706.18,4677.05,23043701.0,72870785792.0
2026-07-14 09:40,4676.63,4680.1,4693.77,4676.63,15602195.0,46855758080.0
2026-07-14 09:45,4679.57,4679.02,4681.13,4668.12,12158428.0,38984402176.0
2026-07-14 09:50,4679.14,4679.85,4680.52,4669.81,9738598.0,31554310656.0
2026-07-14 09:55,4680.44,4704.2,4706.57,4678.15,9041626.0,31789957632.0
2026-07-14 10:00,4703.25,4698.25,4704.02,4695.29,6191139.0,22986814384.0
2026-07-14 10:05,4697.55,4704.54,4705.54,4693.25,5393998.0,19834779392.0
2026-07-14 10:10,4705.02,4700.12,4706.75,4696.87,5910627.0,19807311680.0
2026-07-14 10:15,4699.8,4712.35,4712.35,4696.06,6307125.0,19643838896.0
2026-07-14 10:20,4713.66,4726.02,4726.04,4711.69,5175346.0,19835782064.0
2026-07-14 10:25,4726.26,4719.56,4727.96,4718.67,6082737.0,21680594144.0
2026-07-14 10:30,4719.77,4714.71,4719.8,4710.41,4267024.0,16234177536.0
2026-07-14 10:35,4715.63,4711.08,4724.98,4711.08,4050909.0,13526870096.0
2026-07-14 10:40,4710.69,4706.55,4710.69,4700.11,4273213.0,14971925744.0
2026-07-14 10:45,4706.39,4702.95,4714.28,4702.82,3719425.0,12385648096.0
2026-07-14 10:50,4702.91,4689.07,4705.4,4688.01,4667856.0,17946740256.0
2026-07-14 10:55,4688.85,4692.68,4699.55,4684.07,5282470.0,15872328960.0
2026-07-14 11:00,4692.09,4681.38,4695.28,4679.94,4433834.0,17513657968.0
2026-07-14 11:05,4681.96,4681.8,4691.22,4681.8,4119648.0,13328697264.0
2026-07-14 11:10,4682.19,4669.49,4683.68,4667.52,4949967.0,17569737856.0
2026-07-14 11:15,4669.29,4661.28,4669.4,4651.94,6337543.0,19477599248.0
2026-07-14 11:20,4662.02,4662.68,4672.72,4659.5,3668321.0,13550264720.0
2026-07-14 11:25,4663.64,4655.28,4663.64,4649.04,4001169.0,12567939440.0
2026-07-14 11:30,4654.89,4677.31,4677.31,4653.81,3438099.0,11519438160.0
2026-07-14 13:05,4690.83,4735.03,4735.03,4690.83,9201566.0,37463250688.0
2026-07-14 13:10,4734.34,4750.97,4751.16,4734.07,6397689.0,24299165952.0
2026-07-14 13:15,4751.65,4745.42,4759.96,4740.98,6348762.0,23232329104.0
2026-07-14 13:20,4745.26,4735.77,4750.07,4731.31,4695883.0,15626318272.0
2026-07-14 13:25,4735.96,4752.38,4754.12,4735.96,3872993.0,14121444960.0
2026-07-14 13:30,4752.44,4756.63,4757.52,4745.74,4699193.0,16746377456.0
2026-07-14 13:35,4757.25,4760.42,4772.88,4757.14,6819686.0,22355352368.0
2026-07-14 13:40,4760.75,4758.75,4765.69,4756.97,4264417.0,14847662000.0
2026-07-14 13:45,4759.02,4758.57,4759.4,4749.44,4700247.0,14391449136.0
2026-07-14 13:50,4757.06,4750.75,4757.06,4745.36,4654469.0,12767585024.0
2026-07-14 13:55,4750.75,4743.87,4750.97,4735.05,3733463.0,12314278416.0
2026-07-14 14:00,4743.07,4749.77,4754.3,4742.47,4126016.0,12102854400.0
2026-07-14 14:05,4749.66,4757.97,4758.58,4748.5,4646758.0,10984982784.0
2026-07-14 14:10,4758.52,4759.0,4766.6,4758.1,3872006.0,10534692144.0
2026-07-14 14:15,4759.06,4771.28,4771.28,4758.78,3623690.0,10035397232.0
2026-07-14 14:20,4771.27,4767.34,4771.27,4767.34,5196101.0,11457349136.0
2026-07-14 14:25,4767.08,4763.24,4767.08,4759.93,3446686.0,10062529920.0
2026-07-14 14:30,4763.67,4768.51,4768.55,4763.33,3265779.0,9443929408.0
2026-07-14 14:35,4768.6,4783.83,4784.54,4767.96,4593746.0,13865529808.0
2026-07-14 14:40,4782.93,4789.0,4789.0,4781.56,4486211.0,13565237104.0
2026-07-14 14:45,4788.74,4783.49,4788.91,4780.73,5449784.0,15367293120.0
2026-07-14 14:50,4783.81,4790.28,4790.9,4783.58,5535075.0,15915551824.0
2026-07-14 14:55,4790.52,4791.74,4792.0,4787.17,6814970.0,19945159648.0
2026-07-14 15:00,4792.02,4796.5,4796.5,4791.85,6950795.0,20342065520.0
2026-07-15 09:35,4797.94,4791.82,4802.64,4789.75,24640977.0,95254966528.0
2026-07-15 09:40,4791.96,4789.61,4791.96,4778.07,19375731.0,56878542080.0
2026-07-15 09:45,4789.32,4799.2,4799.2,4772.04,15456506.0,48186202880.0
2026-07-15 09:50,4798.49,4802.69,4809.26,4796.95,11586625.0,38359014400.0
2026-07-15 09:55,4802.69,4801.59,4804.96,4796.32,9694919.0,31015572992.0
2026-07-15 10:00,4802.9,4808.17,4812.61,4799.48,7318923.0,24770733568.0
2026-07-15 10:05,4808.41,4819.03,4820.23,4806.25,7207456.0,22152474256.0
2026-07-15 10:10,4818.04,4802.57,4818.04,4802.57,8142536.0,22381269920.0
2026-07-15 10:15,4802.05,4803.94,4804.71,4793.32,6671013.0,21076001616.0
2026-07-15 10:20,4804.6,4804.2,4811.18,4803.09,5465803.0,17899043968.0
2026-07-15 10:25,4804.56,4814.97,4814.97,4803.02,5120684.0,17951108016.0
2026-07-15 10:30,4814.76,4817.2,4818.46,4808.68,4258954.0,15856712896.0
2026-07-15 10:35,4817.67,4820.47,4824.26,4815.92,5625195.0,18880792784.0
2026-07-15 10:40,4819.58,4812.34,4819.99,4812.34,4942018.0,16624019696.0
2026-07-15 10:45,4812.53,4809.12,4816.21,4805.33,4475052.0,13851058048.0
2026-07-15 10:50,4810.14,4807.68,4818.45,4807.68,4364489.0,12488818208.0
2026-07-15 10:55,4807.69,4800.5,4807.69,4798.22,4351163.0,14137895584.0
2026-07-15 11:00,4800.57,4798.51,4804.22,4797.77,3472987.0,9913832448.0
2026-07-15 11:05,4798.46,4793.79,4798.46,4791.9,3908623.0,11389040896.0
2026-07-15 11:10,4793.2,4800.31,4800.31,4789.8,3771900.0,11829411824.0
2026-07-15 11:15,4800.33,4804.82,4805.46,4796.25,3636449.0,9923096032.0
2026-07-15 11:20,4804.81,4789.43,4805.45,4788.12,3896777.0,10363936016.0
2026-07-15 11:25,4788.97,4783.85,4788.97,4782.26,3966694.0,13061848880.0
2026-07-15 11:30,4783.69,4798.61,4798.94,4783.69,3774396.0,10561363424.0
2026-07-15 13:05,4800.07,4790.2,4801.48,4790.2,6656733.0,19470060336.0
2026-07-15 13:10,4789.69,4784.72,4791.16,4780.04,4065553.0,14110311856.0
2026-07-15 13:15,4785.02,4782.23,4788.28,4778.36,5115007.0,14342598592.0
2026-07-15 13:20,4782.33,4805.3,4806.7,4782.05,4580627.0,12594146896.0
2026-07-15 13:25,4805.32,4806.21,4807.49,4797.5,3843894.0,11227829168.0
2026-07-15 13:30,4805.94,4815.61,4818.63,4805.94,4178103.0,12811067184.0
2026-07-15 13:35,4815.57,4810.02,4818.94,4810.02,3457557.0,11119002464.0
2026-07-15 13:40,4809.18,4812.61,4816.02,4804.57,3516077.0,10290003984.0
2026-07-15 13:45,4812.28,4823.54,4826.86,4812.28,3808852.0,11661908960.0
2026-07-15 13:50,4823.06,4810.61,4823.06,4810.19,5838073.0,14105071984.0
2026-07-15 13:55,4810.95,4815.42,4815.59,4808.83,3466476.0,8942686672.0
2026-07-15 14:00,4814.89,4804.27,4814.89,4802.2,2876321.0,8073323296.0
2026-07-15 14:05,4804.44,4797.81,4804.44,4797.49,3590125.0,9498191264.0
2026-07-15 14:10,4798.68,4794.23,4799.66,4794.23,3096115.0,8421646128.0
2026-07-15 14:15,4793.78,4798.13,4799.79,4790.73,3401950.0,9427519072.0
2026-07-15 14:20,4798.13,4793.22,4802.23,4793.22,3230690.0,8719347776.0
2026-07-15 14:25,4793.16,4788.21,4793.25,4787.06,3447387.0,10298315600.0
2026-07-15 14:30,4788.26,4794.38,4799.94,4788.26,5131420.0,11588842992.0
2026-07-15 14:35,4794.26,4784.21,4794.98,4782.04,4501040.0,13681159248.0
2026-07-15 14:40,4784.21,4784.63,4788.57,4782.43,4454096.0,13244039360.0
2026-07-15 14:45,4784.51,4791.62,4791.62,4782.41,4960611.0,13711056704.0
2026-07-15 14:50,4791.8,4785.23,4795.54,4783.22,4689741.0,14161436928.0
2026-07-15 14:55,4785.5,4786.41,4790.67,4784.04,5786953.0,16136972160.0
2026-07-15 15:00,4786.29,4786.78,4787.34,4785.78,5873397.0,15871214448.0
2026-07-16 09:35,4711.53,4698.75,4728.21,4698.27,24963544.0,88377166592.0
2026-07-16 09:40,4699.56,4728.15,4731.35,4699.56,15564519.0,51054536960.0
2026-07-16 09:45,4726.89,4738.18,4738.95,4726.08,11996420.0,38634798336.0
2026-07-16 09:50,4737.63,4748.65,4749.95,4735.97,9863679.0,30928302080.0
2026-07-16 09:55,4747.87,4744.48,4750.46,4739.04,7514387.0,24036200160.0
2026-07-16 10:00,4744.72,4758.16,4760.6,4744.72,8990639.0,25070501120.0
2026-07-16 10:05,4758.42,4749.31,4758.47,4748.72,6022720.0,19533095072.0
2026-07-16 10:10,4748.56,4763.28,4763.28,4744.55,5614933.0,17334447952.0
2026-07-16 10:15,4764.19,4756.47,4764.46,4754.35,5850245.0,18769825104.0
2026-07-16 10:20,4756.79,4760.95,4766.88,4756.79,4939710.0,17062333856.0
2026-07-16 10:25,4760.36,4756.92,4764.76,4756.49,4501883.0,14064268624.0
2026-07-16 10:30,4757.48,4762.29,4763.21,4754.81,4693746.0,14077485008.0
2026-07-16 10:35,4762.37,4761.28,4766.26,4755.87,5791377.0,16601144112.0
2026-07-16 10:40,4761.64,4752.3,4763.45,4752.21,4712760.0,14294243904.0
2026-07-16 10:45,4751.58,4766.64,4766.64,4747.88,4308650.0,15142361728.0
2026-07-16 10:50,4766.67,4763.73,4771.06,4762.25,3972264.0,11422714016.0
2026-07-16 10:55,4763.62,4763.51,4768.1,4759.3,2894359.0,9416193344.0
2026-07-16 11:00,4762.9,4759.6,4763.2,4759.26,2716906.0,7877340912.0
2026-07-16 11:05,4758.78,4751.67,4761.81,4751.67,2282859.0,7715262192.0
2026-07-16 11:10,4751.69,4752.89,4756.83,4749.71,2895574.0,8746777136.0
2026-07-16 11:15,4752.89,4744.51,4754.82,4744.44,2580736.0,8903883104.0
2026-07-16 11:20,4744.55,4735.54,4748.13,4735.54,2603078.0,9660862688.0
2026-07-16 11:25,4735.62,4727.48,4737.31,4727.32,3098822.0,11854247808.0
2026-07-16 11:30,4727.35,4743.28,4743.77,4727.35,2232164.0,8279140704.0
2026-07-16 13:05,4745.61,4743.35,4745.61,4734.21,4711690.0,16456442112.0
2026-07-16 13:10,4743.4,4737.81,4746.07,4737.0,3307505.0,10327219232.0
2026-07-16 13:15,4737.63,4744.46,4745.1,4732.47,3647093.0,11305889296.0
2026-07-16 13:20,4744.49,4750.38,4751.06,4739.55,3187440.0,10997429856.0
2026-07-16 13:25,4750.06,4743.1,4754.16,4743.1,3255652.0,9560707808.0
2026-07-16 13:30,4742.9,4736.1,4742.99,4736.1,3827792.0,11015842048.0
2026-07-16 13:35,4735.83,4731.76,4735.83,4726.74,3590699.0,13268538080.0
2026-07-16 13:40,4731.66,4721.3,4731.66,4720.13,3780299.0,12453331264.0
2026-07-16 13:45,4721.73,4723.75,4726.98,4718.8,3267968.0,10707133680.0
2026-07-16 13:50,4724.18,4714.98,4725.2,4713.59,3931654.0,13700694336.0
2026-07-16 13:55,4714.49,4712.06,4722.21,4711.55,3492832.0,11120567872.0
2026-07-16 14:00,4712.47,4710.55,4714.14,4709.15,3121286.0,9908985456.0
2026-07-16 14:05,4711.32,4710.16,4716.28,4705.53,3788531.0,11226994576.0
2026-07-16 14:10,4710.25,4709.38,4721.9,4709.12,3429366.0,11032666800.0
2026-07-16 14:15,4709.03,4703.79,4711.73,4703.79,3474087.0,10856315616.0
2026-07-16 14:20,4704.0,4699.0,4704.0,4698.96,3414900.0,11083912112.0
2026-07-16 14:25,4699.03,4699.5,4703.78,4696.42,3632616.0,11618922176.0
2026-07-16 14:30,4699.49,4697.66,4701.79,4695.85,3792543.0,10544012768.0
2026-07-16 14:35,4697.64,4686.5,4698.71,4686.5,5124402.0,13648830912.0
2026-07-16 14:40,4686.28,4681.11,4687.24,4676.81,6527672.0,17783816464.0
2026-07-16 14:45,4681.98,4685.14,4690.91,4681.98,5773364.0,16307485040.0
2026-07-16 14:50,4685.53,4674.48,4686.24,4674.34,6060342.0,18107673136.0
2026-07-16 14:55,4674.59,4688.09,4688.25,4673.35,6885782.0,20420317136.0
2026-07-16 15:00,4688.48,4698.43,4698.43,4688.48,5929488.0,16519525888.0
2026-07-17 09:35,4661.62,4603.12,4663.53,4600.34,23128712.0,93502952704.0
2026-07-17 09:40,4603.34,4628.83,4628.83,4603.34,17078525.0,61056164608.0
2026-07-17 09:45,4627.05,4623.78,4630.59,4619.91,11410209.0,37813085184.0
2026-07-17 09:50,4623.08,4624.16,4624.16,4607.61,11348740.0,33767056896.0
2026-07-17 09:55,4624.53,4629.75,4634.97,4619.21,10368396.0,29819152384.0
2026-07-17 10:00,4629.29,4625.98,4634.55,4623.53,8207580.0,25413862400.0
2026-07-17 10:05,4626.02,4626.8,4626.8,4613.17,7267263.0,21345319712.0
2026-07-17 10:10,4626.67,4609.35,4626.98,4609.35,5922003.0,16449551840.0
2026-07-17 10:15,4609.12,4609.32,4613.52,4601.86,5509877.0,17052863504.0
2026-07-17 10:20,4609.16,4604.3,4613.7,4601.19,4603092.0,13407602320.0
2026-07-17 10:25,4604.71,4604.7,4604.71,4596.38,4402019.0,13519054464.0
2026-07-17 10:30,4604.86,4593.67,4604.86,4589.85,4117708.0,13706656240.0
2026-07-17 10:35,4593.71,4588.45,4593.71,4586.24,5510023.0,15111181824.0
2026-07-17 10:40,4588.93,4585.21,4589.73,4578.19,5371699.0,18098439776.0
2026-07-17 10:45,4584.72,4574.79,4589.25,4574.36,5447531.0,17101491040.0
2026-07-17 10:50,4574.04,4562.09,4581.87,4560.48,5492646.0,18971935920.0
2026-07-17 10:55,4562.01,4561.37,4571.55,4559.62,3987467.0,14297176000.0
2026-07-17 11:00,4561.5,4578.44,4582.81,4561.5,4356265.0,12909679232.0
2026-07-17 11:05,4578.88,4603.2,4605.59,4578.88,4737127.0,13890306416.0
2026-07-17 11:10,4603.29,4597.8,4609.4,4597.8,5342037.0,13245615600.0
2026-07-17 11:15,4598.08,4595.52,4598.08,4583.17,3776432.0,10538402304.0
2026-07-17 11:20,4596.02,4585.6,4601.95,4584.38,3939213.0,10933197280.0
2026-07-17 11:25,4585.8,4581.98,4588.54,4581.76,3085954.0,9136930464.0
2026-07-17 11:30,4581.75,4583.23,4587.98,4581.66,2950554.0,8866345088.0
2026-07-17 13:05,4580.62,4565.23,4580.62,4564.6,6081528.0,17904722496.0
2026-07-17 13:10,4565.67,4564.34,4566.98,4558.78,5273455.0,14659726368.0
2026-07-17 13:15,4565.84,4557.47,4574.24,4555.41,5467345.0,15707570704.0
2026-07-17 13:20,4557.51,4550.46,4560.53,4550.46,4988248.0,15272691072.0
2026-07-17 13:25,4550.54,4542.49,4550.54,4541.77,6053349.0,16212539456.0
2026-07-17 13:30,4542.66,4550.37,4559.15,4537.66,6322386.0,14915858496.0
2026-07-17 13:35,4550.21,4533.83,4553.26,4532.96,4600368.0,13229826544.0
2026-07-17 13:40,4533.69,4513.54,4533.69,4513.24,6661575.0,17745474944.0
2026-07-17 13:45,4513.75,4497.74,4516.56,4497.74,7615829.0,19522766096.0
2026-07-17 13:50,4497.67,4519.02,4520.19,4492.08,7344826.0,20298788432.0
2026-07-17 13:55,4520.65,4514.72,4527.45,4509.33,4810468.0,13076880240.0
2026-07-17 14:00,4515.58,4549.61,4549.77,4511.48,4848712.0,14291208432.0
2026-07-17 14:05,4550.3,4568.63,4579.6,4550.3,6085514.0,20094952256.0
2026-07-17 14:10,4568.83,4580.66,4581.09,4556.04,4453896.0,13952757664.0
2026-07-17 14:15,4580.66,4604.82,4607.04,4580.62,5712399.0,18740981008.0
2026-07-17 14:20,4605.01,4584.65,4605.78,4584.64,4573152.0,15436139696.0
2026-07-17 14:25,4584.22,4591.51,4599.14,4581.89,4195816.0,11979369712.0
2026-07-17 14:30,4590.94,4584.46,4599.52,4583.67,4882055.0,11543543728.0
2026-07-17 14:35,4583.59,4589.31,4590.02,4581.05,4384777.0,11970491200.0
2026-07-17 14:40,4589.17,4568.56,4589.17,4568.56,5058429.0,13242422064.0
2026-07-17 14:45,4569.19,4558.37,4570.07,4557.16,5391938.0,15024682592.0
2026-07-17 14:50,4557.56,4547.68,4557.58,4547.24,6498142.0,16758108976.0
2026-07-17 14:55,4546.91,4526.97,4546.91,4526.36,7384837.0,20419073152.0
2026-07-17 15:00,4527.59,4529.1,4534.16,4526.83,6579770.0,18867814928.0
2026-07-20 09:35,4575.67,4615.64,4615.64,4575.67,26728078.0,99067949056.0
2026-07-20 09:40,4616.33,4606.99,4618.72,4606.96,14873544.0,49394377984.0
2026-07-20 09:45,4606.98,4606.98,4612.93,4595.97,13079842.0,42014192640.0
2026-07-20 09:50,4606.48,4600.06,4607.95,4600.06,13478393.0,35937245440.0
2026-07-20 09:55,4600.32,4580.73,4601.57,4580.73,11765124.0,41010680832.0
2026-07-20 10:00,4580.69,4615.42,4616.49,4580.69,10597428.0,32800041472.0
2026-07-20 10:05,4614.88,4626.38,4628.8,4607.89,8112744.0,23250949008.0
2026-07-20 10:10,4626.6,4612.6,4626.6,4612.03,9739404.0,25091071488.0
2026-07-20 10:15,4613.15,4598.83,4613.46,4598.38,8280684.0,25877600768.0
2026-07-20 10:20,4598.82,4591.29,4599.02,4582.66,7622421.0,22864196704.0
2026-07-20 10:25,4592.16,4580.29,4593.67,4576.22,6069056.0,19654722992.0
2026-07-20 10:30,4580.07,4569.22,4587.57,4569.22,5550157.0,15232896688.0
2026-07-20 10:35,4567.78,4562.42,4573.57,4558.57,8176979.0,21821868720.0
2026-07-20 10:40,4561.81,4574.44,4576.05,4555.2,6750193.0,19051012832.0
2026-07-20 10:45,4574.14,4591.41,4591.41,4572.81,4704655.0,14364886736.0
2026-07-20 10:50,4591.62,4606.64,4607.23,4591.62,5113369.0,14153023536.0
2026-07-20 10:55,4606.99,4600.86,4610.84,4600.86,3915746.0,11519240144.0
2026-07-20 11:00,4600.57,4618.08,4618.21,4600.34,3678138.0,10343055344.0
2026-07-20 11:05,4618.51,4622.87,4625.65,4615.29,5047215.0,14656281552.0
2026-07-20 11:10,4623.52,4619.15,4623.97,4613.61,3715290.0,11220766144.0
2026-07-20 11:15,4619.26,4611.83,4624.26,4611.83,2728771.0,8766497424.0
2026-07-20 11:20,4612.15,4603.17,4615.4,4603.06,2809971.0,7525711904.0
2026-07-20 11:25,4602.77,4601.99,4603.2,4593.55,4085744.0,8404827264.0
2026-07-20 11:30,4602.91,4599.32,4607.95,4598.05,3487092.0,7810501408.0
2026-07-20 13:05,4600.33,4602.44,4605.97,4592.79,7480962.0,16156700880.0
2026-07-20 13:10,4603.27,4598.27,4603.49,4590.96,4604837.0,10454504224.0
2026-07-20 13:15,4597.76,4590.48,4601.05,4587.78,6035163.0,12351154000.0
2026-07-20 13:20,4590.19,4593.93,4594.3,4580.46,4590067.0,11693449632.0
2026-07-20 13:25,4592.77,4581.08,4592.77,4580.22,3798305.0,9221266736.0
2026-07-20 13:30,4581.22,4576.35,4586.67,4576.35,5044365.0,11609287120.0
2026-07-20 13:35,4576.18,4573.63,4580.33,4573.1,8200419.0,17433901584.0
2026-07-20 13:40,4574.16,4556.04,4579.65,4556.04,6843864.0,15959809328.0
2026-07-20 13:45,4555.87,4547.74,4570.71,4547.74,5768527.0,14339484912.0
2026-07-20 13:50,4547.38,4557.56,4565.45,4534.91,7242862.0,17400384720.0
2026-07-20 13:55,4557.13,4541.7,4567.98,4540.71,4328586.0,11276477024.0
2026-07-20 14:00,4541.44,4541.23,4544.99,4535.28,4582181.0,12019798160.0
2026-07-20 14:05,4542.43,4575.29,4575.29,4539.57,4676047.0,12977612816.0
2026-07-20 14:10,4574.66,4551.22,4577.79,4551.22,4127169.0,10680771776.0
2026-07-20 14:15,4550.74,4547.08,4553.4,4540.09,5965889.0,11824742496.0
2026-07-20 14:20,4546.85,4546.33,4550.75,4542.4,3984218.0,9898361680.0
2026-07-20 14:25,4546.77,4529.12,4551.86,4529.12,4809067.0,11412499024.0
2026-07-20 14:30,4527.72,4541.54,4555.26,4526.94,6215832.0,14693826032.0
2026-07-20 14:35,4541.58,4530.06,4543.94,4521.18,6051830.0,17443006016.0
2026-07-20 14:40,4530.51,4534.04,4540.04,4528.14,7119834.0,18448780480.0
2026-07-20 14:45,4534.52,4571.81,4574.11,4534.52,8439306.0,22370671728.0
2026-07-20 14:50,4571.96,4587.35,4587.35,4571.96,7942672.0,22070104752.0
2026-07-20 14:55,4587.76,4593.57,4597.97,4587.71,7764622.0,22683729648.0
2026-07-20 15:00,4593.55,4598.32,4598.32,4590.76,7389395.0,17149286400.0
2026-07-21 09:35,4630.85,4614.23,4630.85,4599.35,25395762.0,75011320064.0
2026-07-21 09:40,4614.0,4612.6,4621.91,4609.72,17013015.0,44564471040.0
2026-07-21 09:45,4613.65,4612.34,4619.62,4609.73,13472893.0,38459921664.0
2026-07-21 09:50,4612.94,4609.53,4621.39,4609.53,12912283.0,33589800960.0
2026-07-21 09:55,4610.35,4603.81,4611.22,4600.58,12306791.0,35536401664.0
2026-07-21 10:00,4603.1,4594.07,4606.18,4587.59,10758848.0,31168569600.0
2026-07-21 10:05,4594.01,4578.61,4596.53,4577.58,11415569.0,33357044992.0
2026-07-21 10:10,4578.39,4569.77,4589.72,4568.88,11225724.0,31663737856.0
2026-07-21 10:15,4568.71,4580.65,4580.75,4566.28,10448726.0,29585732096.0
2026-07-21 10:20,4581.02,4578.65,4589.74,4577.85,7245559.0,19695197184.0
2026-07-21 10:25,4578.73,4610.23,4610.94,4578.05,8385053.0,23172693264.0
2026-07-21 10:30,4610.69,4613.7,4618.24,4603.51,6733309.0,21230338608.0
2026-07-21 10:35,4614.32,4621.88,4628.29,4614.32,8427819.0,23293444720.0
2026-07-21 10:40,4621.45,4628.24,4632.67,4619.79,9119050.0,25177069312.0
2026-07-21 10:45,4628.07,4615.97,4628.98,4615.21,6335715.0,18399897792.0
2026-07-21 10:50,4615.92,4640.11,4640.11,4615.92,7517025.0,21433184272.0
2026-07-21 10:55,4639.54,4646.57,4646.57,4634.44,7642988.0,23774271120.0
2026-07-21 11:00,4647.64,4651.22,4655.99,4647.44,6974154.0,23056778032.0
2026-07-21 11:05,4651.55,4665.39,4665.59,4651.55,8571447.0,26400616256.0
2026-07-21 11:10,4664.61,4672.09,4675.45,4661.74,8446903.0,29867697408.0
2026-07-21 11:15,4671.07,4660.19,4672.36,4656.8,6532011.0,21938073792.0
2026-07-21 11:20,4660.0,4661.48,4672.21,4660.0,4776622.0,15613840720.0
2026-07-21 11:25,4662.03,4666.11,4666.28,4655.96,4684538.0,14376245744.0
2026-07-21 11:30,4666.07,4679.41,4679.64,4664.82,5023899.0,17719873520.0
2026-07-21 13:05,4681.42,4700.94,4704.13,4681.42,9944377.0,36029017600.0
2026-07-21 13:10,4701.14,4692.37,4705.24,4690.28,5558598.0,19471210000.0
2026-07-21 13:15,4692.5,4689.42,4697.46,4688.41,4617302.0,14987222592.0
2026-07-21 13:20,4689.59,4681.36,4689.92,4676.69,5499388.0,16990301024.0
2026-07-21 13:25,4681.42,4681.71,4682.37,4672.81,4109174.0,13236723296.0
2026-07-21 13:30,4680.71,4688.48,4691.67,4679.98,3701753.0,10933441616.0
2026-07-21 13:35,4688.42,4681.75,4693.55,4681.14,3806680.0,10711504048.0
2026-07-21 13:40,4681.9,4689.67,4689.81,4681.55,3235630.0,9446896384.0
2026-07-21 13:45,4690.69,4695.47,4696.94,4690.28,3070419.0,9399220496.0
2026-07-21 13:50,4694.79,4703.52,4703.52,4693.79,3249197.0,10151386192.0
2026-07-21 13:55,4703.58,4710.65,4711.23,4702.56,3537449.0,11639336672.0
2026-07-21 14:00,4711.22,4699.23,4713.73,4699.23,3909302.0,11400046048.0
2026-07-21 14:05,4699.48,4714.27,4714.53,4699.48,3621196.0,10170530368.0
2026-07-21 14:10,4714.22,4717.15,4718.56,4711.6,3638427.0,11539770720.0
2026-07-21 14:15,4717.32,4719.6,4720.0,4712.28,3882145.0,11473388768.0
2026-07-21 14:20,4719.71,4722.99,4724.17,4719.07,3901406.0,12502815376.0
2026-07-21 14:25,4722.6,4721.38,4723.04,4718.69,3509925.0,10789273872.0
2026-07-21 14:30,4721.67,4714.88,4722.41,4711.09,4810129.0,11977106736.0
2026-07-21 14:35,4715.02,4724.65,4724.66,4715.02,4696652.0,12986416848.0
2026-07-21 14:40,4724.74,4730.94,4731.02,4724.74,6624030.0,16178848896.0
2026-07-21 14:45,4730.88,4737.19,4737.19,4730.88,5899444.0,15265374368.0
2026-07-21 14:50,4737.44,4732.44,4737.77,4730.06,5921773.0,16078996656.0
2026-07-21 14:55,4732.05,4735.24,4735.64,4732.05,6874124.0,18005799744.0
2026-07-21 15:00,4735.23,4739.23,4739.23,4735.23,6419364.0,17276421024.0
2026-07-22 09:35,4710.66,4737.72,4738.33,4709.36,27581014.0,102046485248.0
2026-07-22 09:40,4737.6,4732.22,4739.83,4732.14,18229120.0,60631850240.0
2026-07-22 09:45,4732.37,4739.71,4739.77,4729.44,14429568.0,48899152896.0
2026-07-22 09:50,4739.08,4743.69,4749.88,4739.08,10991037.0,40850740992.0
2026-07-22 09:55,4743.74,4742.64,4751.61,4742.54,11380108.0,37944185600.0
2026-07-22 10:00,4742.13,4757.32,4757.32,4739.31,11173401.0,34936065024.0
2026-07-22 10:05,4758.07,4757.14,4760.32,4749.74,7862138.0,24110731264.0
2026-07-22 10:10,4757.26,4757.84,4761.06,4750.91,5727027.0,20067635712.0
2026-07-22 10:15,4757.79,4755.35,4761.84,4754.22,5936669.0,18769159056.0
2026-07-22 10:20,4755.32,4760.26,4762.83,4755.32,6300553.0,20562603888.0
2026-07-22 10:25,4760.46,4759.98,4766.06,4758.21,5971581.0,20933679824.0
2026-07-22 10:30,4760.29,4766.63,4766.87,4759.77,4760545.0,14868114720.0
2026-07-22 10:35,4765.58,4759.79,4765.58,4758.3,6808589.0,20174730944.0
2026-07-22 10:40,4759.75,4755.97,4762.23,4752.13,6540786.0,20370665936.0
2026-07-22 10:45,4755.44,4751.7,4757.7,4743.01,6094776.0,20655184928.0
2026-07-22 10:50,4752.17,4760.53,4760.53,4751.31,5610381.0,15215472320.0
2026-07-22 10:55,4760.86,4769.63,4769.67,4759.67,4167538.0,11968478416.0
2026-07-22 11:00,4769.4,4763.94,4769.4,4761.28,3174771.0,9964382688.0
2026-07-22 11:05,4763.44,4747.58,4763.44,4747.17,4348766.0,12166621744.0
2026-07-22 11:10,4747.72,4746.54,4748.28,4740.3,4075776.0,12192356720.0
2026-07-22 11:15,4746.18,4749.28,4752.08,4743.85,3449503.0,9755317776.0
2026-07-22 11:20,4749.73,4754.83,4756.58,4748.54,2706326.0,8992301936.0
2026-07-22 11:25,4754.57,4763.51,4763.51,4754.57,3214379.0,10310986112.0
2026-07-22 11:30,4763.27,4771.1,4772.08,4763.27,2894326.0,10241797440.0
2026-07-22 13:05,4770.28,4748.13,4770.28,4747.72,5173726.0,16966460176.0
2026-07-22 13:10,4747.61,4746.1,4752.33,4745.03,2801945.0,9792000256.0
2026-07-22 13:15,4746.2,4747.51,4747.51,4742.38,3094828.0,11308156112.0
2026-07-22 13:20,4747.42,4743.39,4747.59,4733.71,3745287.0,12736060016.0
2026-07-22 13:25,4742.46,4739.55,4742.46,4737.3,5516342.0,14104749104.0
2026-07-22 13:30,4740.1,4733.92,4743.36,4730.0,6088718.0,18687053600.0
2026-07-22 13:35,4733.27,4734.42,4734.42,4723.03,5366984.0,17752332480.0
2026-07-22 13:40,4734.3,4731.75,4741.78,4730.52,4497725.0,12605328832.0
2026-07-22 13:45,4731.47,4732.25,4738.63,4725.68,3263102.0,10172220720.0
2026-07-22 13:50,4732.45,4733.84,4736.84,4731.17,2917400.0,8601538032.0
2026-07-22 13:55,4733.77,4726.01,4734.48,4726.01,3268015.0,9545148096.0
2026-07-22 14:00,4725.78,4717.9,4725.78,4713.82,3855571.0,13870028128.0
2026-07-22 14:05,4718.3,4711.48,4725.69,4711.14,4995228.0,12941750592.0
2026-07-22 14:10,4711.03,4703.14,4711.03,4700.95,4719898.0,15888805040.0
2026-07-22 14:15,4702.89,4698.51,4702.89,4692.83,4577826.0,15747415680.0
2026-07-22 14:20,4698.85,4708.75,4715.37,4697.58,3411922.0,12286005456.0
2026-07-22 14:25,4709.74,4721.84,4723.98,4709.74,3216111.0,10626935984.0
2026-07-22 14:30,4721.75,4706.75,4721.75,4706.75,2830914.0,8344160432.0
2026-07-22 14:35,4706.69,4713.26,4720.02,4704.34,3832273.0,10216676128.0
2026-07-22 14:40,4713.6,4710.69,4715.31,4707.49,3644077.0,10311377040.0
2026-07-22 14:45,4710.69,4714.57,4719.7,4708.99,3856827.0,11534803760.0
2026-07-22 14:50,4714.92,4708.6,4714.92,4708.56,4588136.0,14229791184.0
2026-07-22 14:55,4708.78,4711.1,4713.31,4707.86,5870646.0,17373986432.0
2026-07-22 15:00,4711.22,4717.24,4717.24,4708.15,6994177.0,19247788640.0
2026-07-23 09:35,4735.17,4720.92,4736.74,4709.7,21212073.0,73269459712.0
2026-07-23 09:40,4720.58,4723.75,4729.81,4715.77,13240878.0,42880077312.0
2026-07-23 09:45,4723.31,4718.43,4723.31,4709.53,10192730.0,35976805376.0
2026-07-23 09:50,4718.58,4725.63,4725.63,4716.03,8461866.0,28379520000.0
2026-07-23 09:55,4725.31,4732.13,4732.7,4717.6,7263923.0,24833349056.0
2026-07-23 10:00,4731.84,4722.86,4734.27,4719.92,6642766.0,21918030480.0
2026-07-23 10:05,4722.44,4719.78,4723.7,4714.69,9537882.0,27054376704.0
2026-07-23 10:10,4720.23,4720.53,4727.25,4714.94,7547070.0,22542449984.0
2026-07-23 10:15,4720.57,4719.52,4725.02,4719.26,6658033.0,19756596784.0
2026-07-23 10:20,4719.66,4722.25,4726.48,4717.51,8043783.0,20155043712.0
2026-07-23 10:25,4722.34,4720.74,4729.26,4719.59,6882937.0,18107869104.0
2026-07-23 10:30,4720.47,4711.36,4720.71,4705.5,6347247.0,22064398848.0
2026-07-23 10:35,4711.93,4712.59,4720.22,4711.8,4501517.0,13916600704.0
2026-07-23 10:40,4712.51,4717.82,4721.25,4712.14,5231051.0,12190810256.0
2026-07-23 10:45,4717.42,4714.91,4723.98,4714.91,5142260.0,13185239760.0
2026-07-23 10:50,4714.74,4714.27,4719.99,4710.49,4711070.0,14782028288.0
2026-07-23 10:55,4714.36,4716.89,4722.37,4713.81,4161314.0,12961694224.0
2026-07-23 11:00,4716.56,4718.16,4719.86,4713.38,3553836.0,13062852544.0
2026-07-23 11:05,4718.21,4707.89,4718.74,4707.59,3934600.0,12062598128.0
2026-07-23 11:10,4707.55,4702.18,4708.89,4699.37,4153539.0,14068374384.0
2026-07-23 11:15,4702.01,4715.61,4715.61,4698.87,3407442.0,10916556816.0
2026-07-23 11:20,4716.19,4713.43,4719.74,4710.95,2727153.0,8734108496.0
2026-07-23 11:25,4713.52,4705.92,4717.77,4705.92,2701964.0,7796028656.0
2026-07-23 11:30,4705.77,4707.96,4708.07,4700.87,2636432.0,7349537200.0
2026-07-23 13:05,4710.45,4712.52,4720.31,4710.45,4766376.0,14910584064.0
2026-07-23 13:10,4712.46,4731.66,4731.73,4712.25,4056228.0,11647095360.0
2026-07-23 13:15,4732.02,4722.92,4732.02,4720.62,3494557.0,10916455808.0
2026-07-23 13:20,4722.85,4713.6,4726.09,4713.47,3475723.0,9918186064.0
2026-07-23 13:25,4713.9,4717.54,4721.84,4713.9,2593329.0,7751312576.0
2026-07-23 13:30,4717.3,4726.19,4730.49,4717.3,3604337.0,9647204752.0
2026-07-23 13:35,4726.29,4732.77,4732.81,4723.48,3640051.0,10604213536.0
2026-07-23 13:40,4732.64,4731.69,4737.51,4728.21,3633604.0,10924523264.0
2026-07-23 13:45,4731.22,4726.45,4731.22,4723.78,3359070.0,9909452288.0
2026-07-23 13:50,4726.18,4723.32,4728.28,4722.33,2959284.0,8125632272.0
2026-07-23 13:55,4723.29,4719.1,4724.35,4719.1,2700415.0,7054962224.0
2026-07-23 14:00,4719.2,4719.68,4722.84,4717.82,3336673.0,7585174032.0
2026-07-23 14:05,4719.49,4718.53,4720.68,4715.98,3441644.0,8531681184.0
2026-07-23 14:10,4718.13,4719.74,4721.97,4716.6,2779801.0,6677444272.0
2026-07-23 14:15,4719.74,4716.01,4720.54,4715.85,2541608.0,7105227504.0
2026-07-23 14:20,4716.27,4717.4,4719.94,4715.83,3137474.0,8193306736.0
2026-07-23 14:25,4717.55,4715.43,4718.08,4714.92,3040806.0,8478586928.0
2026-07-23 14:30,4715.35,4720.26,4720.26,4712.67,3179191.0,9078984624.0
2026-07-23 14:35,4720.6,4718.72,4727.03,4717.59,4300020.0,10999967152.0
2026-07-23 14:40,4718.65,4726.27,4726.27,4718.65,3462595.0,9770992256.0
2026-07-23 14:45,4726.68,4729.09,4730.31,4725.19,3925883.0,11296499696.0
2026-07-23 14:50,4728.87,4724.6,4728.87,4723.33,4850046.0,13096153488.0
2026-07-23 14:55,4725.12,4727.0,4727.53,4724.57,5927424.0,15753656976.0
2026-07-23 15:00,4726.57,4728.0,4728.71,4726.38,6232169.0,15876876994.0
2026-07-24 09:35,4685.41,4687.51,4688.26,4670.29,23028851.0,66520546560.0
2026-07-24 09:40,4687.11,4686.21,4690.77,4682.08,13132054.0,36663003136.0
2026-07-24 09:45,4686.81,4702.01,4702.96,4685.99,8641677.0,27452848384.0
2026-07-24 09:50,4701.66,4696.89,4703.76,4695.94,7467176.0,22374708912.0
2026-07-24 09:55,4697.36,4697.59,4701.26,4692.98,7715324.0,21394246160.0
2026-07-24 10:00,4697.33,4696.86,4698.94,4692.42,6445902.0,17839436928.0
2026-07-24 10:05,4697.1,4690.55,4699.12,4690.13,5601896.0,15811985968.0
2026-07-24 10:10,4690.46,4700.8,4704.08,4689.11,5253523.0,15141886992.0
2026-07-24 10:15,4701.43,4696.93,4703.71,4695.52,5072362.0,14371492736.0
2026-07-24 10:20,4696.48,4692.84,4698.58,4687.16,4395005.0,13228884192.0
2026-07-24 10:25,4692.49,4692.97,4693.53,4684.49,3760766.0,12057744400.0
2026-07-24 10:30,4692.82,4692.46,4698.19,4691.88,3519867.0,11146368256.0
2026-07-24 10:35,4692.86,4687.97,4693.39,4681.85,4510377.0,11224236064.0
2026-07-24 10:40,4687.38,4676.42,4687.38,4676.42,3809163.0,10894881328.0
2026-07-24 10:45,4676.21,4676.55,4679.8,4673.13,3658843.0,9784010432.0
2026-07-24 10:50,4676.91,4681.13,4683.8,4675.25,3627667.0,9475148000.0
2026-07-24 10:55,4679.77,4685.86,4686.82,4676.93,3434077.0,9055610096.0
2026-07-24 11:00,4685.84,4675.02,4686.33,4674.6,2974546.0,8417104336.0
2026-07-24 11:05,4675.4,4673.19,4675.4,4668.11,3689811.0,9574500896.0
2026-07-24 11:10,4673.25,4667.49,4674.72,4667.4,2219374.0,6263730272.0
2026-07-24 11:15,4667.21,4668.19,4672.11,4665.83,2356117.0,6723621792.0
2026-07-24 11:20,4668.19,4665.4,4668.63,4663.56,2872854.0,7919477952.0
2026-07-24 11:25,4664.57,4662.31,4665.58,4659.02,3785823.0,8947025680.0
2026-07-24 11:30,4662.22,4672.64,4673.74,4660.03,3245691.0,8077915728.0
2026-07-24 13:05,4673.35,4675.97,4679.67,4673.35,3946714.0,12155225136.0
2026-07-24 13:10,4675.69,4690.03,4695.23,4674.85,3547721.0,11946460400.0
2026-07-24 13:15,4689.76,4687.77,4700.3,4687.23,3949313.0,13599246048.0
2026-07-24 13:20,4687.52,4688.42,4690.03,4682.28,2752228.0,9961311792.0
2026-07-24 13:25,4688.76,4677.05,4688.76,4677.05,2505022.0,8102433280.0
2026-07-24 13:30,4676.78,4683.21,4688.69,4676.56,3131609.0,9451758592.0
2026-07-24 13:35,4683.17,4677.01,4683.17,4674.79,3175794.0,8469411008.0
2026-07-24 13:40,4675.88,4667.56,4676.28,4667.56,2731388.0,7528192688.0
2026-07-24 13:45,4667.72,4666.29,4671.25,4666.02,2700598.0,7299088832.0
2026-07-24 13:50,4665.23,4667.01,4670.6,4664.49,3003826.0,7389364576.0
2026-07-24 13:55,4666.59,4660.85,4666.86,4660.06,2586055.0,6945049984.0
2026-07-24 14:00,4660.9,4661.51,4663.01,4659.43,3179303.0,7233887488.0
2026-07-24 14:05,4661.42,4658.84,4662.31,4658.84,3265091.0,7726028224.0
2026-07-24 14:10,4658.45,4660.29,4660.29,4651.71,3407979.0,9689157296.0
2026-07-24 14:15,4660.32,4670.09,4670.09,4657.28,2682570.0,7454424224.0
2026-07-24 14:20,4670.57,4664.98,4673.01,4664.6,2831740.0,7385056144.0
2026-07-24 14:25,4665.98,4671.04,4676.66,4665.98,2630090.0,8294050112.0
2026-07-24 14:30,4671.26,4672.16,4674.88,4669.06,2678241.0,7797168352.0
2026-07-24 14:35,4672.39,4662.52,4676.5,4657.27,4038053.0,10699765872.0
2026-07-24 14:40,4663.67,4655.57,4664.07,4654.95,3879755.0,10061248720.0
2026-07-24 14:45,4655.56,4650.41,4655.92,4650.31,4965666.0,12807271856.0
2026-07-24 14:50,4650.59,4646.76,4650.59,4642.94,6056067.0,16642638800.0
2026-07-24 14:55,4646.7,4645.94,4649.76,4645.04,6800928.0,18252949520.0
2026-07-24 15:00,4646.06,4649.19,4649.19,4644.36,6596715.0,19127040544.0
2026-07-27 09:35,4656.03,4631.63,4656.03,4631.63,17493065.0,54183154944.0
2026-07-27 09:40,4631.25,4627.42,4631.25,4615.53,13219442.0,45072627968.0
2026-07-27 09:45,4627.45,4639.36,4647.29,4626.7,9772729.0,34652952320.0
2026-07-27 09:50,4638.64,4647.27,4651.17,4634.48,7365135.0,23961086480.0
2026-07-27 09:55,4647.72,4661.23,4661.32,4644.04,7027314.0,22330894688.0
2026-07-27 10:00,4661.87,4671.7,4677.04,4661.87,8193398.0,27713439744.0
2026-07-27 10:05,4671.92,4670.63,4677.88,4665.6,7432531.0,21852116384.0
2026-07-27 10:10,4671.17,4679.95,4679.95,4668.32,4532814.0,14657154688.0
2026-07-27 10:15,4679.64,4666.19,4679.64,4665.25,3902883.0,12874571584.0
2026-07-27 10:20,4665.35,4663.07,4665.75,4657.97,4236259.0,13386869504.0
2026-07-27 10:25,4661.69,4661.89,4669.01,4660.64,3981690.0,11684094032.0
2026-07-27 10:30,4661.88,4669.68,4670.67,4661.86,4118359.0,10077988464.0
2026-07-27 10:35,4669.42,4661.19,4669.42,4659.22,3984632.0,11084260144.0
2026-07-27 10:40,4659.92,4653.86,4659.92,4652.26,3975424.0,12994674272.0
2026-07-27 10:45,4653.64,4657.6,4658.43,4652.99,3268400.0,8944853184.0
2026-07-27 10:50,4657.6,4656.56,4662.4,4655.29,2922595.0,7899404368.0
2026-07-27 10:55,4656.6,4657.94,4659.56,4654.54,2328495.0,6982543904.0
2026-07-27 11:00,4657.38,4655.35,4660.12,4655.35,2064440.0,6127769968.0
2026-07-27 11:05,4654.73,4659.17,4660.62,4654.65,2538573.0,6293770480.0
2026-07-27 11:10,4659.15,4660.24,4664.27,4657.03,2515280.0,5874948848.0
2026-07-27 11:15,4660.88,4663.33,4667.33,4660.23,2543028.0,5948700848.0
2026-07-27 11:20,4663.03,4659.62,4663.37,4655.85,2095695.0,5532983040.0
2026-07-27 11:25,4659.52,4663.43,4665.0,4657.58,1588778.0,4632415584.0
2026-07-27 11:30,4663.46,4661.02,4664.63,4660.17,1597589.0,4417829680.0
2026-07-27 13:05,4661.99,4661.11,4667.38,4659.87,3890975.0,10940431456.0
2026-07-27 13:10,4661.1,4660.39,4661.94,4657.94,3349994.0,8071698512.0
2026-07-27 13:15,4660.04,4655.93,4661.31,4651.72,3575409.0,8873545808.0
2026-07-27 13:20,4655.05,4651.16,4656.38,4650.29,2810319.0,7599607360.0
2026-07-27 13:25,4651.08,4648.85,4651.85,4648.0,2585811.0,6836248944.0
2026-07-27 13:30,4648.85,4646.33,4648.99,4643.4,3119587.0,8450368320.0
2026-07-27 13:35,4646.16,4639.52,4646.16,4632.81,3330330.0,9875478832.0
2026-07-27 13:40,4638.81,4640.77,4642.49,4636.07,2252683.0,6313552224.0
2026-07-27 13:45,4640.7,4645.38,4648.27,4640.69,1935565.0,5524940320.0
2026-07-27 13:50,4645.42,4654.7,4654.85,4641.91,2097581.0,6617428832.0
2026-07-27 13:55,4654.68,4650.82,4655.82,4650.12,2573246.0,6811868576.0
2026-07-27 14:00,4650.41,4652.11,4653.34,4649.67,1981429.0,5228649424.0
2026-07-27 14:05,4652.12,4657.08,4657.08,4651.44,2830716.0,6486400864.0
2026-07-27 14:10,4657.36,4664.55,4665.55,4657.36,3116741.0,7405839488.0
2026-07-27 14:15,4664.79,4662.43,4667.36,4659.68,2528209.0,6269676528.0
2026-07-27 14:20,4662.45,4664.87,4665.04,4659.0,2903661.0,6769534816.0
2026-07-27 14:25,4665.46,4668.6,4670.21,4664.37,3637885.0,9006700816.0
2026-07-27 14:30,4668.61,4673.37,4673.37,4667.02,2686948.0,7430154272.0
2026-07-27 14:35,4673.39,4686.09,4687.36,4673.39,4602142.0,13356313184.0
2026-07-27 14:40,4686.08,4692.85,4692.93,4683.04,3968559.0,13703425344.0
2026-07-27 14:45,4692.92,4694.58,4698.02,4691.82,4889961.0,15528172528.0
2026-07-27 14:50,4695.09,4697.47,4697.57,4692.66,4630488.0,14552838496.0
2026-07-27 14:55,4697.55,4700.42,4701.13,4696.08,6682415.0,17365960608.0
2026-07-27 15:00,4700.47,4702.43,4702.52,4700.47,6107738.0,16352417744.0
2026-07-28 09:35,4623.8,4644.13,4644.13,4621.03,16492637.0,59373441024.0
2026-07-28 09:40,4644.63,4633.81,4646.49,4633.81,10552084.0,32654892288.0
2026-07-28 09:45,4633.65,4632.56,4641.34,4631.22,7735831.0,25730963552.0
2026-07-28 09:50,4632.46,4625.93,4633.77,4623.52,8724872.0,27983992832.0
2026-07-28 09:55,4625.78,4635.72,4636.49,4622.29,7742717.0,25057930432.0
2026-07-28 10:00,4635.97,4628.96,4637.88,4625.88,4987216.0,18408166352.0
2026-07-28 10:05,4628.73,4631.08,4639.44,4626.85,4835114.0,16567083120.0
2026-07-28 10:10,4630.58,4627.01,4633.14,4627.01,5799010.0,14498571136.0
2026-07-28 10:15,4627.3,4620.06,4627.3,4617.02,5355252.0,14769520864.0
2026-07-28 10:20,4619.2,4611.09,4619.2,4611.09,4812314.0,13795880048.0
2026-07-28 10:25,4611.71,4604.01,4614.38,4603.29,3804181.0,12474623040.0
2026-07-28 10:30,4604.34,4598.85,4604.34,4594.49,3998378.0,14015731056.0
2026-07-28 10:35,4598.77,4595.66,4600.71,4593.9,3565568.0,11606167440.0
2026-07-28 10:40,4595.3,4585.84,4595.3,4584.19,4227795.0,14150037568.0
2026-07-28 10:45,4587.03,4582.03,4589.09,4582.03,3490776.0,12387936144.0
2026-07-28 10:50,4582.32,4579.72,4585.11,4574.93,4113481.0,14172091520.0
2026-07-28 10:55,4579.98,4586.37,4592.58,4578.45,3226399.0,11612882272.0
2026-07-28 11:00,4587.03,4580.19,4589.81,4579.58,3008627.0,8668941024.0
2026-07-28 11:05,4580.1,4573.15,4580.92,4572.69,3001822.0,9415993152.0
2026-07-28 11:10,4573.39,4571.76,4574.51,4569.52,2819551.0,9282268256.0
2026-07-28 11:15,4572.1,4591.05,4591.86,4570.49,3633783.0,10733017072.0
2026-07-28 11:20,4591.44,4597.39,4603.86,4585.73,4083553.0,10849155424.0
2026-07-28 11:25,4596.83,4603.5,4607.1,4593.4,3523963.0,9276421200.0
2026-07-28 11:30,4603.28,4596.76,4609.09,4595.77,2778443.0,7592796640.0
2026-07-28 13:05,4595.35,4582.89,4595.35,4582.86,4616142.0,12813634624.0
2026-07-28 13:10,4582.16,4586.18,4586.77,4577.66,3049509.0,8230720464.0
2026-07-28 13:15,4586.67,4591.9,4594.93,4584.08,3086294.0,8565479984.0
2026-07-28 13:20,4591.85,4585.36,4594.6,4585.36,2968339.0,9442009200.0
2026-07-28 13:25,4585.02,4581.45,4586.18,4580.57,2887922.0,8907031312.0
2026-07-28 13:30,4581.19,4578.59,4581.85,4576.59,2740544.0,8421624912.0
2026-07-28 13:35,4578.39,4569.38,4578.95,4569.38,3105953.0,10411954688.0
2026-07-28 13:40,4569.58,4583.81,4583.81,4569.38,3187354.0,10040870640.0
2026-07-28 13:45,4583.73,4586.95,4592.2,4583.0,3268148.0,9135795648.0
2026-07-28 13:50,4586.86,4573.83,4589.54,4573.06,2436062.0,7391507552.0
2026-07-28 13:55,4573.77,4570.92,4575.77,4570.92,2422067.0,7515865376.0
2026-07-28 14:00,4571.14,4575.29,4576.37,4571.14,2396301.0,6592584256.0
2026-07-28 14:05,4575.46,4579.09,4581.97,4574.96,4853291.0,8475397072.0
2026-07-28 14:10,4579.02,4574.27,4579.02,4574.27,2588677.0,7033863584.0
2026-07-28 14:15,4573.97,4570.29,4575.9,4569.46,2924625.0,8886514592.0
2026-07-28 14:20,4569.91,4569.99,4570.82,4562.84,4588534.0,12226173040.0
2026-07-28 14:25,4570.25,4570.19,4575.33,4568.42,3072056.0,8369401376.0
2026-07-28 14:30,4570.5,4571.77,4571.77,4566.55,2668017.0,7473741872.0
2026-07-28 14:35,4571.73,4562.4,4571.73,4561.92,4106749.0,11279227568.0
2026-07-28 14:40,4562.21,4560.14,4562.84,4553.74,5424396.0,15772370624.0
2026-07-28 14:45,4560.36,4552.65,4564.0,4552.26,4766458.0,13510478080.0
2026-07-28 14:50,4552.23,4558.65,4558.65,4552.23,5895743.0,14939649280.0
2026-07-28 14:55,4559.62,4563.56,4569.83,4559.62,6008515.0,15459908928.0
2026-07-28 15:00,4563.42,4569.52,4569.52,4563.42,6329982.0,16052586119.0
2026-07-29 09:35,4582.09,4568.02,4586.12,4557.58,19369179.0,65027539968.0
2026-07-29 09:40,4567.42,4579.53,4584.8,4566.99,11021407.0,37717935872.0
2026-07-29 09:45,4579.57,4549.88,4579.92,4549.73,9775445.0,36908249856.0
2026-07-29 09:50,4550.46,4537.31,4553.02,4537.09,10880177.0,39245915392.0
2026-07-29 09:55,4536.98,4535.82,4540.7,4531.45,9222096.0,29436205568.0
2026-07-29 10:00,4535.7,4531.65,4538.56,4526.31,8367501.0,24813921376.0
2026-07-29 10:05,4531.45,4523.25,4531.45,4521.01,7526110.0,23881707856.0
2026-07-29 10:10,4522.89,4529.0,4529.0,4516.32,7887534.0,26886858240.0
2026-07-29 10:15,4529.42,4545.9,4553.41,4529.0,6230756.0,20887649984.0
2026-07-29 10:20,4545.01,4540.27,4549.07,4538.76,4746747.0,13584248864.0
2026-07-29 10:25,4539.65,4548.12,4548.28,4534.49,4894361.0,13405179920.0
2026-07-29 10:30,4548.67,4570.68,4574.01,4548.67,7733159.0,24050558688.0
2026-07-29 10:35,4571.24,4570.24,4580.13,4569.33,6554004.0,20179136224.0
2026-07-29 10:40,4570.04,4563.68,4571.89,4561.02,5062427.0,13682163136.0
2026-07-29 10:45,4564.26,4562.83,4571.62,4562.83,3704401.0,11406976512.0
2026-07-29 10:50,4562.52,4553.92,4564.77,4553.92,3706500.0,11539032736.0
2026-07-29 10:55,4553.8,4548.07,4554.29,4548.07,3411679.0,9708014672.0
2026-07-29 11:00,4548.0,4554.75,4556.94,4547.95,3501111.0,9701991472.0
2026-07-29 11:05,4555.0,4562.89,4563.4,4554.44,3509568.0,9286050432.0
2026-07-29 11:10,4563.17,4572.93,4573.14,4552.4,3853370.0,10905036224.0
2026-07-29 11:15,4573.4,4570.75,4581.14,4570.35,4579272.0,12187061552.0
2026-07-29 11:20,4570.55,4566.61,4575.86,4566.12,2347340.0,7106854864.0
2026-07-29 11:25,4566.57,4558.83,4567.55,4557.37,2177654.0,6490831664.0
2026-07-29 11:30,4558.85,4558.37,4561.38,4555.67,2410209.0,6672519328.0
2026-07-29 13:05,4553.25,4573.18,4574.01,4542.87,5533486.0,16737266960.0
2026-07-29 13:10,4573.22,4582.23,4582.23,4567.47,4208648.0,12236586864.0
2026-07-29 13:15,4582.38,4597.38,4597.38,4579.68,5224765.0,17734117600.0
2026-07-29 13:20,4596.45,4585.08,4596.55,4582.67,4481192.0,13943630384.0
2026-07-29 13:25,4585.53,4591.09,4594.81,4581.86,3634937.0,10006048272.0
2026-07-29 13:30,4592.4,4598.29,4599.46,4592.4,4076241.0,12258370912.0
2026-07-29 13:35,4598.24,4609.71,4609.71,4592.89,5505168.0,13017301520.0
2026-07-29 13:40,4610.34,4619.51,4619.51,4608.13,4606035.0,14857316064.0
2026-07-29 13:45,4619.33,4620.79,4626.71,4619.33,5242465.0,16762879440.0
2026-07-29 13:50,4620.77,4604.97,4623.09,4604.71,3599561.0,10648444224.0
2026-07-29 13:55,4604.37,4595.19,4606.44,4594.48,3257928.0,8785496048.0
2026-07-29 14:00,4595.16,4598.66,4601.03,4595.16,2740309.0,7398822864.0
2026-07-29 14:05,4598.79,4591.08,4604.31,4591.08,3421590.0,8063285584.0
2026-07-29 14:10,4590.31,4587.01,4590.31,4584.73,2783143.0,7718139840.0
2026-07-29 14:15,4586.86,4592.7,4593.3,4584.14,2278515.0,6472996224.0
2026-07-29 14:20,4592.77,4598.94,4600.87,4591.6,2656447.0,7313195920.0
2026-07-29 14:25,4598.04,4590.83,4599.42,4588.84,2675689.0,7066135120.0
2026-07-29 14:30,4590.5,4595.91,4598.01,4589.12,2464295.0,6559392640.0
2026-07-29 14:35,4595.6,4595.25,4601.3,4595.23,3544462.0,8243998608.0
2026-07-29 14:40,4595.18,4588.78,4595.86,4588.78,3164565.0,8076483456.0
2026-07-29 14:45,4589.63,4595.22,4595.79,4589.38,3589241.0,9609094912.0
2026-07-29 14:50,4595.44,4606.29,4606.72,4595.44,5080681.0,12908526192.0
2026-07-29 14:55,4606.63,4601.22,4606.63,4600.79,5815881.0,15299930496.0
2026-07-29 15:00,4600.9,4600.26,4603.53,4600.26,6025106.0,15115993834.0
2026-07-30 09:35,4566.05,4593.15,4593.95,4566.05,19568824.0,61038867968.0
2026-07-30 09:40,4593.42,4588.46,4596.21,4582.67,14343321.0,40151227392.0
2026-07-30 09:45,4588.49,4576.72,4588.49,4573.61,10819376.0,34425023488.0
2026-07-30 09:50,4577.58,4569.71,4577.68,4561.62,12541825.0,38439116288.0
2026-07-30 09:55,4569.45,4582.34,4582.34,4568.96,8638119.0,25614775808.0
2026-07-30 10:00,4583.33,4575.0,4585.06,4573.35,7846614.0,22932681056.0
2026-07-30 10:05,4574.92,4568.75,4577.5,4567.86,8585307.0,23925103744.0
2026-07-30 10:10,4568.49,4556.22,4568.49,4552.77,7444203.0,24213780256.0
2026-07-30 10:15,4555.72,4539.8,4556.14,4539.21,6751986.0,21930465056.0
2026-07-30 10:20,4539.7,4545.47,4545.82,4538.73,7099623.0,20919528800.0
2026-07-30 10:25,4545.2,4539.36,4547.49,4537.39,4749324.0,14496613088.0
2026-07-30 10:30,4538.68,4540.46,4546.31,4538.53,5187332.0,13976771824.0
2026-07-30 10:35,4541.14,4532.25,4545.88,4532.25,4826204.0,13911379280.0
2026-07-30 10:40,4531.63,4528.13,4533.1,4527.23,5059805.0,15798086560.0
2026-07-30 10:45,4528.4,4526.1,4536.35,4524.98,4830331.0,12972760256.0
2026-07-30 10:50,4526.75,4526.04,4531.59,4524.01,3822793.0,10714818400.0
2026-07-30 10:55,4525.31,4512.76,4525.31,4512.76,3735572.0,10637385328.0
2026-07-30 11:00,4512.51,4510.66,4512.85,4506.29,3631362.0,13096329968.0
2026-07-30 11:05,4510.34,4514.22,4514.49,4504.11,4739913.0,12153318480.0
2026-07-30 11:10,4514.5,4515.33,4526.75,4513.63,3956633.0,10829111472.0
2026-07-30 11:15,4515.34,4507.61,4517.7,4507.16,3534688.0,10248153584.0
2026-07-30 11:20,4507.33,4502.63,4510.93,4501.93,3421514.0,9860670064.0
2026-07-30 11:25,4503.72,4505.7,4512.06,4499.23,4215207.0,11182666928.0
2026-07-30 11:30,4507.82,4500.16,4508.88,4498.41,3130884.0,10125830912.0
2026-07-30 13:05,4498.82,4482.99,4498.82,4478.21,7203814.0,21254805696.0
2026-07-30 13:10,4482.71,4516.02,4518.44,4482.67,5878498.0,16864077472.0
2026-07-30 13:15,4516.45,4513.39,4516.63,4503.02,3844803.0,11848921824.0
2026-07-30 13:20,4513.37,4511.75,4516.02,4501.1,3819449.0,10436335440.0
2026-07-30 13:25,4511.89,4541.87,4544.14,4510.28,5196098.0,17270799408.0
2026-07-30 13:30,4542.16,4554.51,4555.7,4540.17,6641226.0,21261005424.0
2026-07-30 13:35,4554.27,4544.37,4554.27,4539.52,5346573.0,13649206864.0
2026-07-30 13:40,4543.82,4530.27,4544.9,4527.4,3973600.0,10199377024.0
2026-07-30 13:45,4530.53,4544.01,4547.3,4530.53,3844270.0,10332063264.0
2026-07-30 13:50,4544.58,4550.82,4561.22,4544.58,3765730.0,12157634704.0
2026-07-30 13:55,4551.7,4558.04,4558.91,4542.07,2876040.0,8771766976.0
2026-07-30 14:00,4557.78,4558.33,4564.23,4553.37,2848403.0,10275577648.0
2026-07-30 14:05,4557.92,4563.8,4563.8,4552.41,3469757.0,9951578544.0
2026-07-30 14:10,4564.64,4569.9,4572.57,4564.64,3399060.0,12177588368.0
2026-07-30 14:15,4569.44,4565.95,4572.36,4561.75,3348223.0,10610300128.0
2026-07-30 14:20,4566.11,4584.13,4584.13,4565.73,3716091.0,11091542656.0
2026-07-30 14:25,4584.66,4589.19,4594.0,4584.66,4798532.0,16477533232.0
2026-07-30 14:30,4589.33,4583.33,4589.52,4576.19,4203474.0,10667780800.0
2026-07-30 14:35,4583.2,4572.45,4588.88,4568.26,5430917.0,11964242784.0
2026-07-30 14:40,4573.03,4557.85,4573.03,4557.27,4132836.0,11382433792.0
2026-07-30 14:45,4557.99,4555.96,4559.79,4553.45,5227514.0,13131362384.0
2026-07-30 14:50,4555.39,4544.96,4556.23,4544.96,5520623.0,14718787536.0
2026-07-30 14:55,4544.49,4544.35,4552.08,4543.93,6846641.0,16431005472.0
2026-07-30 15:00,4544.32,4549.72,4549.72,4540.88,6838198.0,17176777129.0
2026-07-31 09:35,4623.85,4608.65,4623.85,4607.93,36793785.0,134965013248.0
2026-07-31 09:40,4608.29,4618.13,4619.01,4599.9,14912286.0,52356070400.0
2026-07-31 09:45,4617.73,4623.71,4623.71,4617.1,16763979.0,47446099200.0
2026-07-31 09:50,4623.09,4630.03,4634.01,4623.09,13137784.0,39468393216.0
2026-07-31 09:55,4629.82,4630.9,4633.46,4626.32,11403647.0,30765723136.0
2026-07-31 10:00,4631.14,4632.8,4633.87,4629.19,10116109.0,25851925760.0
2026-07-31 10:05,4633.32,4627.85,4635.59,4627.67,10137997.0,26956666880.0
2026-07-31 10:10,4628.0,4629.44,4632.48,4626.82,7065044.0,22740557648.0
2026-07-31 10:15,4629.31,4624.37,4631.78,4623.6,6611164.0,18788916992.0
2026-07-31 10:20,4624.35,4623.05,4624.35,4614.23,6504927.0,25884742176.0
2026-07-31 10:25,4622.63,4614.47,4625.7,4613.64,5653882.0,21135385600.0
2026-07-31 10:30,4614.11,4612.39,4617.19,4610.21,4622786.0,16189186768.0
2026-07-31 10:35,4612.5,4609.02,4613.96,4608.5,4155352.0,14541064768.0
2026-07-31 10:40,4608.36,4602.06,4611.37,4601.64,4213729.0,12624681296.0
2026-07-31 10:45,4601.54,4612.23,4614.96,4601.3,3259886.0,10787318736.0
2026-07-31 10:50,4612.09,4601.56,4614.83,4601.56,3305639.0,10166413664.0
2026-07-31 10:55,4601.23,4606.57,4607.6,4598.95,3326983.0,10568732080.0
2026-07-31 11:00,4606.41,4608.49,4613.41,4606.25,3380038.0,10209628256.0
2026-07-31 11:05,4608.44,4601.42,4609.83,4601.42,4733673.0,12337061952.0
2026-07-31 11:10,4601.23,4595.5,4601.71,4595.25,3306179.0,10486493152.0
2026-07-31 11:15,4595.4,4590.58,4597.14,4588.53,3997257.0,10905058512.0
2026-07-31 11:20,4590.04,4601.58,4602.23,4590.04,2705795.0,8515654944.0
2026-07-31 11:25,4601.87,4594.79,4606.05,4593.91,2847446.0,8939415904.0
2026-07-31 11:30,4594.94,4605.92,4607.02,4594.5,2688174.0,7180028224.0
2026-07-31 13:05,4608.85,4606.43,4616.2,4601.63,4352727.0,13649615536.0
2026-07-31 13:10,4606.92,4601.47,4610.34,4601.44,2628285.0,8405282800.0
2026-07-31 13:15,4601.59,4605.18,4605.39,4598.13,2853839.0,7914904448.0
2026-07-31 13:20,4605.35,4613.05,4613.86,4604.4,3225701.0,10250624800.0
2026-07-31 13:25,4613.42,4610.06,4617.94,4610.06,3556296.0,10860179952.0
2026-07-31 13:30,4609.97,4608.8,4609.97,4605.89,3312869.0,8285208544.0
2026-07-31 13:35,4608.43,4603.94,4608.43,4601.31,2940395.0,8001324928.0
2026-07-31 13:40,4603.77,4605.69,4606.17,4602.0,2723377.0,7558841056.0
2026-07-31 13:45,4605.92,4606.15,4608.05,4605.06,2882278.0,7119422928.0
2026-07-31 13:50,4606.39,4608.96,4609.09,4605.74,3194380.0,7515452688.0
2026-07-31 13:55,4608.41,4605.63,4608.9,4603.98,2829851.0,6994431104.0
2026-07-31 14:00,4606.13,4607.88,4608.32,4602.55,3112205.0,7631156032.0
2026-07-31 14:05,4607.81,4605.37,4610.14,4604.92,3768179.0,7967284544.0
2026-07-31 14:10,4605.48,4602.77,4606.43,4602.77,2881820.0,7154398480.0
2026-07-31 14:15,4603.1,4600.55,4603.22,4600.38,3784452.0,8912872576.0
2026-07-31 14:20,4600.43,4602.02,4602.26,4596.82,3496688.0,8224265728.0
2026-07-31 14:25,4602.29,4612.17,4612.17,4600.95,4211053.0,9899658672.0
2026-07-31 14:30,4612.3,4615.5,4616.24,4610.27,3515437.0,8915641984.0
2026-07-31 14:35,4614.84,4606.55,4614.84,4603.1,4185345.0,9569098800.0
2026-07-31 14:40,4606.58,4608.33,4610.39,4606.58,4185425.0,10472146112.0
2026-07-31 14:45,4608.41,4597.88,4608.41,4597.19,5477933.0,15302847504.0
2026-07-31 14:50,4597.71,4593.9,4597.79,4592.76,5595253.0,15854353072.0
2026-07-31 14:55,4593.43,4592.05,4593.43,4591.6,6660851.0,17267689392.0
2026-07-31 15:00,4591.8,4588.2,4593.65,4588.2,8225518.0,19372175552.0
2026-08-03 09:35,4561.82,4566.53,4572.59,4556.09,23484020.0,65890801664.0
2026-08-03 09:40,4566.36,4553.41,4570.71,4553.41,14924580.0,41077790208.0
2026-08-03 09:45,4553.47,4542.07,4554.56,4541.61,12253095.0,35561435136.0
2026-08-03 09:50,4542.47,4555.16,4555.37,4539.25,12190984.0,30480968704.0
2026-08-03 09:55,4556.01,4558.35,4561.18,4551.69,7775584.0,22041575712.0
2026-08-03 10:00,4557.96,4562.2,4563.66,4555.28,7556652.0,19174025648.0
2026-08-03 10:05,4561.9,4561.28,4566.05,4559.89,7597930.0,19146835200.0
2026-08-03 10:10,4561.32,4554.84,4562.72,4553.75,7023669.0,16294672432.0
2026-08-03 10:15,4555.54,4555.94,4559.06,4550.81,6586139.0,16936832480.0
2026-08-03 10:20,4556.01,4552.53,4556.12,4549.17,5577307.0,14526257952.0
2026-08-03 10:25,4552.55,4550.25,4560.4,4550.25,4852718.0,13960563696.0
2026-08-03 10:30,4550.42,4541.09,4550.66,4541.09,4541043.0,12064615584.0
2026-08-03 10:35,4540.84,4549.55,4549.55,4539.09,4517925.0,11771576272.0
2026-08-03 10:40,4549.67,4548.08,4555.24,4546.96,4155347.0,11284445408.0
2026-08-03 10:45,4547.96,4553.45,4558.48,4545.95,3675303.0,8713065424.0
2026-08-03 10:50,4553.13,4548.13,4555.86,4547.59,3960846.0,8441928240.0
2026-08-03 10:55,4548.49,4551.38,4552.9,4546.21,3273427.0,7987186576.0
2026-08-03 11:00,4551.25,4559.97,4562.58,4548.0,3080843.0,9429540096.0
2026-08-03 11:05,4560.17,4559.09,4567.71,4558.83,3606158.0,11534847344.0
2026-08-03 11:10,4558.8,4551.17,4558.8,4549.62,2961172.0,7897525680.0
2026-08-03 11:15,4550.98,4550.68,4554.19,4549.38,2881507.0,7138224224.0
2026-08-03 11:20,4550.55,4552.92,4553.78,4548.54,2876266.0,7436735344.0
2026-08-03 11:25,4554.17,4555.47,4556.49,4548.34,2696377.0,7385083392.0
2026-08-03 11:30,4554.99,4554.62,4557.86,4550.46,2856959.0,7528497152.0
2026-08-03 13:05,4556.04,4556.05,4560.6,4554.98,4150344.0,11476269888.0
2026-08-03 13:10,4555.9,4551.3,4556.26,4548.35,2946152.0,8290319552.0
2026-08-03 13:15,4550.23,4549.74,4553.54,4547.65,2333204.0,6082727888.0
2026-08-03 13:20,4549.71,4544.0,4551.08,4543.97,2755353.0,6797411472.0
2026-08-03 13:25,4543.92,4544.43,4547.08,4542.67,2403967.0,6578635872.0
2026-08-03 13:30,4544.6,4543.17,4546.02,4541.94,2528298.0,6869578336.0
2026-08-03 13:35,4543.26,4539.74,4544.74,4539.19,2913383.0,7444761312.0
2026-08-03 13:40,4539.82,4535.71,4539.93,4535.71,2860474.0,7191650512.0
2026-08-03 13:45,4535.98,4539.54,4542.13,4535.29,2763273.0,6912323120.0
2026-08-03 13:50,4539.38,4538.45,4540.63,4538.32,2188760.0,5866536976.0
2026-08-03 13:55,4538.6,4539.35,4542.87,4538.06,3162328.0,6612142736.0
2026-08-03 14:00,4539.41,4535.7,4540.41,4535.7,2537172.0,8033522144.0
2026-08-03 14:05,4535.6,4532.85,4535.96,4532.85,3173529.0,8282823136.0
2026-08-03 14:10,4532.6,4529.99,4534.3,4529.19,2824443.0,9218273264.0
2026-08-03 14:15,4530.45,4543.26,4543.26,4530.45,3144184.0,8828893248.0
2026-08-03 14:20,4543.68,4540.16,4544.15,4538.94,2956352.0,7384836416.0
2026-08-03 14:25,4540.15,4551.71,4552.46,4540.09,3465825.0,8391618176.0
2026-08-03 14:30,4552.17,4545.64,4553.83,4545.64,3209345.0,8067682592.0
2026-08-03 14:35,4545.5,4540.37,4547.18,4539.84,3162657.0,8045606960.0
2026-08-03 14:40,4540.34,4536.96,4542.25,4536.62,3274629.0,8886595184.0
2026-08-03 14:45,4536.9,4537.63,4538.51,4535.75,3600275.0,9442739840.0
2026-08-03 14:50,4537.73,4539.89,4540.37,4537.02,4390444.0,11129079600.0
2026-08-03 14:55,4539.41,4538.98,4542.13,4538.4,5224850.0,13249068848.0
2026-08-03 15:00,4538.56,4543.18,4543.18,4538.29,5167491.0,12962824172.0
2026-08-04 09:35,4566.94,4560.47,4569.11,4555.25,17734561.0,62975734272.0
2026-08-04 09:40,4561.2,4567.89,4572.92,4560.64,12914773.0,37020293376.0
2026-08-04 09:45,4567.64,4561.6,4569.19,4559.53,13525153.0,37844172288.0
2026-08-04 09:50,4561.25,4569.11,4570.18,4561.25,9809769.0,30668283392.0
2026-08-04 09:55,4569.08,4578.59,4579.03,4569.08,7846721.0,26302585856.0
2026-08-04 10:00,4578.35,4569.89,4578.35,4569.89,10828672.0,28482390784.0
2026-08-04 10:05,4569.34,4561.75,4570.26,4560.81,7883452.0,25117364224.0
2026-08-04 10:10,4561.9,4569.14,4571.53,4560.31,6099240.0,17396820992.0
2026-08-04 10:15,4569.07,4566.33,4569.07,4562.4,6020787.0,16499784352.0
2026-08-04 10:20,4566.56,4570.83,4571.02,4563.56,4210110.0,12397451200.0
2026-08-04 10:25,4570.99,4562.37,4571.72,4562.37,3870193.0,11464516512.0
2026-08-04 10:30,4562.36,4567.47,4569.23,4560.83,3653593.0,10779170992.0
2026-08-04 10:35,4567.2,4567.44,4569.84,4565.87,5047255.0,11052958688.0
2026-08-04 10:40,4567.13,4572.17,4574.12,4567.13,4000379.0,11166346976.0
2026-08-04 10:45,4572.18,4572.61,4574.98,4566.72,3766205.0,10423238480.0
2026-08-04 10:50,4572.92,4571.77,4574.54,4571.72,3815301.0,9944907808.0
2026-08-04 10:55,4571.52,4566.05,4571.52,4566.05,3059421.0,7793878928.0
2026-08-04 11:00,4566.16,4566.69,4572.6,4566.16,2874097.0,7134765168.0
2026-08-04 11:05,4566.63,4565.45,4566.68,4563.4,2469991.0,7644343824.0
2026-08-04 11:10,4565.51,4575.28,4575.28,4564.22,2576263.0,6953417088.0
2026-08-04 11:15,4575.45,4575.88,4577.13,4572.53,2436904.0,7047463104.0
2026-08-04 11:20,4575.94,4577.07,4577.73,4572.91,2277668.0,6684710608.0
2026-08-04 11:25,4577.44,4578.16,4579.43,4576.75,2395162.0,8968042096.0
2026-08-04 11:30,4578.27,4585.65,4586.33,4578.27,3651674.0,12777195424.0
2026-08-04 13:05,4586.38,4593.94,4595.67,4586.21,6594633.0,22187291488.0
2026-08-04 13:10,4593.94,4591.07,4594.48,4590.94,4097422.0,12407357936.0
2026-08-04 13:15,4590.69,4590.17,4592.11,4585.66,3508187.0,10134513376.0
2026-08-04 13:20,4590.75,4585.58,4591.37,4584.13,3259638.0,9341146096.0
2026-08-04 13:25,4585.4,4591.32,4592.21,4584.72,3065423.0,9106968560.0
2026-08-04 13:30,4591.3,4598.47,4598.47,4591.3,3803230.0,11455450576.0
2026-08-04 13:35,4598.4,4601.2,4603.03,4598.18,4157279.0,13559480928.0
2026-08-04 13:40,4601.15,4604.62,4605.67,4599.94,3699458.0,12199042208.0
2026-08-04 13:45,4604.72,4605.6,4607.17,4603.38,3412526.0,10407852800.0
2026-08-04 13:50,4605.75,4606.09,4609.19,4605.75,3202284.0,10262508768.0
2026-08-04 13:55,4606.54,4606.37,4608.47,4603.73,3629859.0,9271384720.0
2026-08-04 14:00,4606.35,4608.39,4608.39,4604.27,2917177.0,8298436624.0
2026-08-04 14:05,4608.49,4609.91,4611.08,4607.42,4361468.0,11040728736.0
2026-08-04 14:10,4610.31,4612.47,4612.68,4607.95,3246527.0,8909678640.0
2026-08-04 14:15,4612.52,4605.88,4613.69,4605.88,4202229.0,10934407216.0
2026-08-04 14:20,4605.86,4601.32,4605.86,4599.58,4532042.0,12423111968.0
2026-08-04 14:25,4601.56,4602.85,4603.48,4599.82,3043210.0,8334764816.0
2026-08-04 14:30,4602.86,4605.12,4606.37,4602.86,3070719.0,8142711728.0
2026-08-04 14:35,4605.29,4595.49,4606.85,4595.49,4413824.0,11315195008.0
2026-08-04 14:40,4595.37,4596.56,4599.04,4594.98,3855165.0,10085877408.0
2026-08-04 14:45,4596.41,4593.1,4596.57,4593.08,4616476.0,11126078112.0
2026-08-04 14:50,4593.31,4594.84,4596.12,4592.91,5451545.0,12489060992.0
2026-08-04 14:55,4594.99,4599.5,4599.5,4594.99,6127551.0,15007401584.0
2026-08-04 15:00,4599.33,4600.93,4602.88,4599.33,7038393.0,15837827104.0
2026-08-05 09:35,4550.19,4578.97,4584.92,4550.19,22610133.0,98853965312.0
2026-08-05 09:40,4579.42,4593.46,4595.98,4579.42,15012870.0,56347010816.0
2026-08-05 09:45,4593.33,4603.24,4605.97,4593.33,12645573.0,43000839680.0
2026-08-05 09:50,4603.08,4607.66,4614.44,4602.68,11557137.0,37203798784.0
2026-08-05 09:55,4607.04,4609.84,4613.51,4604.06,9436398.0,27995000832.0
2026-08-05 10:00,4609.64,4605.31,4614.31,4605.31,9677980.0,26368343040.0
2026-08-05 10:05,4605.26,4605.42,4608.87,4603.96,8280147.0,23657792560.0
2026-08-05 10:10,4604.98,4602.32,4607.53,4600.31,7428139.0,24594253280.0
2026-08-05 10:15,4602.33,4598.07,4603.04,4592.16,8547335.0,28808106240.0
2026-08-05 10:20,4597.47,4602.92,4602.94,4591.18,7682938.0,24503889952.0
2026-08-05 10:25,4602.95,4612.39,4613.92,4601.02,6043386.0,19347859808.0
2026-08-05 10:30,4612.49,4610.68,4614.5,4608.67,5706956.0,14311802720.0
2026-08-05 10:35,4610.65,4614.34,4615.3,4607.56,4894876.0,15234438816.0
2026-08-05 10:40,4614.65,4614.1,4619.96,4612.64,4005805.0,12241064384.0
2026-08-05 10:45,4613.82,4619.36,4620.27,4612.59,3359532.0,10594585168.0
2026-08-05 10:50,4619.47,4625.89,4625.89,4618.88,3587483.0,11474337792.0
2026-08-05 10:55,4625.86,4624.92,4625.86,4619.69,3743347.0,11518470848.0
2026-08-05 11:00,4624.96,4621.58,4626.68,4620.93,3018464.0,9426199904.0
2026-08-05 11:05,4621.85,4625.47,4627.32,4621.85,2887834.0,10051424016.0
2026-08-05 11:10,4625.35,4629.21,4629.21,4622.33,2715193.0,9137985232.0
2026-08-05 11:15,4629.05,4636.68,4636.68,4629.05,3408275.0,10378395312.0
2026-08-05 11:20,4636.74,4640.16,4645.43,4636.74,4237979.0,15460879792.0
2026-08-05 11:25,4639.77,4646.99,4647.77,4637.98,3351242.0,11148680864.0
2026-08-05 11:30,4646.91,4646.25,4649.92,4645.71,3586296.0,11712145072.0
2026-08-05 13:05,4648.26,4656.46,4658.13,4648.26,8244293.0,26399557136.0
2026-08-05 13:10,4656.95,4649.54,4657.15,4644.98,5274703.0,15394689952.0
2026-08-05 13:15,4648.06,4659.77,4662.47,4646.46,4793905.0,16008975680.0
2026-08-05 13:20,4659.55,4665.01,4667.22,4657.45,4435677.0,14336297376.0
2026-08-05 13:25,4665.92,4672.9,4672.93,4665.62,3859492.0,14164917472.0
2026-08-05 13:30,4673.21,4668.59,4678.34,4668.58,4790527.0,14854252704.0
2026-08-05 13:35,4668.6,4674.32,4675.16,4668.6,3710529.0,11965045280.0
2026-08-05 13:40,4674.59,4667.11,4674.81,4663.33,5158600.0,12958725296.0
2026-08-05 13:45,4667.42,4674.8,4675.31,4666.32,3609049.0,10615855008.0
2026-08-05 13:50,4675.38,4673.97,4679.2,4673.22,4217815.0,10913599744.0
2026-08-05 13:55,4674.24,4676.39,4679.86,4674.22,3192504.0,8897112800.0
2026-08-05 14:00,4676.67,4673.07,4676.68,4670.93,3400927.0,9349945600.0
2026-08-05 14:05,4672.8,4664.68,4672.86,4662.76,4928412.0,11884594352.0
2026-08-05 14:10,4664.59,4660.38,4664.59,4653.42,4590764.0,13373697840.0
2026-08-05 14:15,4660.47,4652.02,4661.8,4651.74,2990772.0,9122745408.0
2026-08-05 14:20,4653.02,4640.91,4653.15,4640.19,5042360.0,14575026800.0
2026-08-05 14:25,4641.81,4646.41,4646.77,4640.06,3780147.0,12190961312.0
2026-08-05 14:30,4646.64,4652.74,4653.25,4646.64,3347963.0,9202254880.0
2026-08-05 14:35,4653.12,4653.77,4654.47,4650.05,3851039.0,9818481632.0
2026-08-05 14:40,4653.85,4649.86,4655.72,4649.53,3761242.0,10253169552.0
2026-08-05 14:45,4649.98,4651.85,4652.24,4649.52,4136560.0,11174630928.0
2026-08-05 14:50,4651.93,4655.74,4655.74,4651.93,4780559.0,12814992592.0
2026-08-05 14:55,4655.69,4657.14,4657.49,4654.39,6413239.0,17275437408.0
2026-08-05 15:00,4657.35,4658.15,4659.43,4657.35,7185523.0,18244916816.0
