time,open,close,high,low,volume,amount
2026-06-24 09:35,8638.66,8700.8,8702.77,8638.66,22353787.0,62118474496.0
2026-06-24 09:40,8700.9,8684.45,8707.39,8676.24,16006261.0,40036103168.0
2026-06-24 09:45,8685.73,8624.98,8691.15,8613.13,12717128.0,34082786304.0
2026-06-24 09:50,8625.74,8651.85,8656.46,8613.08,11875636.0,27708923648.0
2026-06-24 09:55,8652.47,8705.64,8705.64,8650.54,9640885.0,24218968576.0
2026-06-24 10:00,8706.68,8750.36,8756.15,8706.68,7437494.0,23410072880.0
2026-06-24 10:05,8749.29,8728.17,8752.87,8726.62,8719227.0,21740858768.0
2026-06-24 10:10,8727.58,8723.95,8739.29,8719.63,7179345.0,17860562048.0
2026-06-24 10:15,8724.6,8731.9,8737.16,8706.11,5884684.0,16020132032.0
2026-06-24 10:20,8731.86,8745.15,8746.53,8728.39,5487412.0,15734994688.0
2026-06-24 10:25,8745.56,8756.24,8757.71,8740.75,5225091.0,15028547280.0
2026-06-24 10:30,8756.41,8765.98,8769.52,8756.41,5351552.0,13906045104.0
2026-06-24 10:35,8765.48,8750.66,8767.01,8742.84,5749236.0,13405104272.0
2026-06-24 10:40,8750.72,8755.12,8768.36,8750.72,4327305.0,12696248192.0
2026-06-24 10:45,8755.13,8726.02,8769.45,8726.02,4324107.0,13489781040.0
2026-06-24 10:50,8724.91,8689.17,8725.42,8689.17,4649508.0,15046122400.0
2026-06-24 10:55,8688.91,8681.43,8707.52,8681.07,3989046.0,12826003056.0
2026-06-24 11:00,8681.2,8684.53,8688.61,8666.57,3650900.0,12455470496.0
2026-06-24 11:05,8685.16,8672.0,8708.26,8671.57,3300708.0,10473117472.0
2026-06-24 11:10,8673.39,8702.02,8703.69,8666.9,2775267.0,8237377632.0
2026-06-24 11:15,8702.74,8693.16,8707.72,8692.68,2538425.0,7352210112.0
2026-06-24 11:20,8692.43,8689.09,8703.64,8684.85,2408993.0,6394889200.0
2026-06-24 11:25,8692.04,8713.93,8724.12,8692.04,2236398.0,6794338256.0
2026-06-24 11:30,8714.85,8757.59,8757.59,8714.18,2727477.0,7758372320.0
2026-06-24 13:05,8762.93,8771.29,8779.3,8762.93,6244741.0,19284111968.0
2026-06-24 13:10,8771.39,8784.09,8784.09,8769.7,4048894.0,11772488016.0
2026-06-24 13:15,8784.87,8783.49,8790.84,8778.46,3383842.0,10780699472.0
2026-06-24 13:20,8783.16,8820.56,8820.59,8782.31,4336286.0,11613901664.0
2026-06-24 13:25,8820.46,8834.32,8837.16,8819.94,3732590.0,11503046848.0
2026-06-24 13:30,8834.26,8843.29,8849.01,8834.26,3267912.0,11044670736.0
2026-06-24 13:35,8842.73,8843.71,8849.83,8830.14,3359022.0,10224823888.0
2026-06-24 13:40,8844.45,8842.75,8850.79,8841.44,3083887.0,9653374848.0
2026-06-24 13:45,8842.19,8836.73,8845.42,8828.45,3241600.0,9746640752.0
2026-06-24 13:50,8836.75,8821.6,8849.17,8821.6,3191963.0,9882913120.0
2026-06-24 13:55,8820.83,8829.53,8833.53,8805.2,2979518.0,9245783024.0
2026-06-24 14:00,8829.31,8819.76,8829.86,8819.42,2391645.0,7162140416.0
2026-06-24 14:05,8819.2,8820.65,8829.62,8808.12,2939619.0,8501677984.0
2026-06-24 14:10,8821.17,8828.39,8838.53,8820.55,2753529.0,7530365104.0
2026-06-24 14:15,8828.14,8835.96,8841.82,8826.83,2363112.0,6774726496.0
2026-06-24 14:20,8835.65,8839.6,8846.19,8835.65,2553133.0,7431084240.0
2026-06-24 14:25,8839.62,8834.52,8844.21,8833.6,2744976.0,7689264704.0
2026-06-24 14:30,8834.3,8840.51,8843.54,8833.75,2517705.0,7190821088.0
2026-06-24 14:35,8839.87,8828.72,8850.55,8828.72,3558651.0,9598323888.0
2026-06-24 14:40,8828.18,8830.67,8836.99,8825.71,3035027.0,8643004944.0
2026-06-24 14:45,8830.54,8828.76,8830.59,8821.18,3666061.0,9567940384.0
2026-06-24 14:50,8829.64,8834.25,8836.33,8826.71,4298220.0,11368885760.0
2026-06-24 14:55,8834.09,8841.68,8843.21,8832.28,5651897.0,14832024336.0
2026-06-24 15:00,8841.11,8842.94,8846.86,8841.11,5411771.0,14181387551.0
2026-06-25 09:35,8844.85,8839.83,8849.38,8803.6,26974766.0,83667538944.0
2026-06-25 09:40,8838.27,8879.66,8880.51,8835.59,16120776.0,47770993408.0
2026-06-25 09:45,8878.36,8915.08,8920.52,8870.89,13009423.0,38126191872.0
2026-06-25 09:50,8915.3,8907.08,8928.81,8899.75,10890548.0,32863758336.0
2026-06-25 09:55,8906.84,8859.39,8913.51,8858.23,10531089.0,29154121728.0
2026-06-25 10:00,8860.15,8871.11,8887.78,8854.39,8952137.0,25057520896.0
2026-06-25 10:05,8871.46,8892.02,8906.73,8865.43,7748959.0,21928232784.0
2026-06-25 10:10,8891.77,8863.4,8891.97,8850.62,7578238.0,21719940032.0
2026-06-25 10:15,8863.29,8864.87,8870.64,8842.63,7155696.0,17642913056.0
2026-06-25 10:20,8864.45,8887.49,8887.49,8864.45,6259842.0,15482095040.0
2026-06-25 10:25,8887.79,8846.45,8888.19,8845.68,7502713.0,18306974928.0
2026-06-25 10:30,8847.8,8866.06,8867.12,8826.16,6002109.0,16985705584.0
2026-06-25 10:35,8866.18,8854.45,8867.05,8853.16,4830169.0,12451522368.0
2026-06-25 10:40,8855.05,8864.1,8869.48,8850.48,6603892.0,14644673056.0
2026-06-25 10:45,8863.89,8836.58,8864.03,8817.67,5498030.0,16550702768.0
2026-06-25 10:50,8836.55,8856.08,8861.49,8833.75,4199522.0,11619081232.0
2026-06-25 10:55,8853.1,8854.12,8854.38,8832.42,3913711.0,12172160272.0
2026-06-25 11:00,8854.85,8860.99,8870.65,8848.02,4197394.0,10655485280.0
2026-06-25 11:05,8860.54,8860.5,8877.25,8851.45,3900018.0,9437813664.0
2026-06-25 11:10,8860.91,8871.93,8888.37,8860.91,3063761.0,8600433600.0
2026-06-25 11:15,8871.3,8875.99,8877.16,8859.91,2791433.0,7639935088.0
2026-06-25 11:20,8876.32,8905.1,8906.35,8876.32,3134809.0,8504188528.0
2026-06-25 11:25,8905.17,8914.14,8917.47,8901.36,2871399.0,8906907728.0
2026-06-25 11:30,8913.89,8909.16,8923.33,8905.2,3052275.0,8796696944.0
2026-06-25 13:05,8912.55,8901.55,8922.88,8900.21,5790191.0,17286228816.0
2026-06-25 13:10,8901.21,8904.36,8915.1,8899.04,3640619.0,12188970336.0
2026-06-25 13:15,8905.02,8897.72,8906.04,8894.86,4415592.0,11715441728.0
2026-06-25 13:20,8896.73,8914.21,8919.32,8896.22,3888866.0,10924105968.0
2026-06-25 13:25,8914.28,8902.22,8915.05,8901.76,3054366.0,9602955888.0
2026-06-25 13:30,8902.04,8918.91,8920.13,8898.07,2812957.0,10001291184.0
2026-06-25 13:35,8918.77,8915.2,8937.32,8915.2,2986913.0,9531423392.0
2026-06-25 13:40,8916.16,8929.27,8934.4,8916.16,2866341.0,10118454320.0
2026-06-25 13:45,8929.22,8925.42,8936.32,8920.41,2672821.0,8844618608.0
2026-06-25 13:50,8925.22,8916.79,8926.33,8907.99,2773410.0,7958993792.0
2026-06-25 13:55,8916.6,8913.04,8925.79,8913.04,2346085.0,7467421168.0
2026-06-25 14:00,8913.22,8881.3,8913.22,8881.18,3318076.0,10646742848.0
2026-06-25 14:05,8881.57,8899.7,8900.08,8881.57,2899397.0,8150468432.0
2026-06-25 14:10,8899.6,8924.01,8924.01,8899.2,2714376.0,7751398176.0
2026-06-25 14:15,8924.02,8925.98,8927.73,8923.38,2460416.0,7636457216.0
2026-06-25 14:20,8925.81,8919.22,8931.41,8919.22,2375694.0,7801217936.0
2026-06-25 14:25,8919.38,8923.75,8928.02,8919.38,2572642.0,7440225104.0
2026-06-25 14:30,8924.06,8933.58,8938.06,8923.02,2903539.0,7692086976.0
2026-06-25 14:35,8933.9,8935.45,8939.38,8928.19,3586494.0,9463941952.0
2026-06-25 14:40,8934.68,8919.34,8939.08,8919.34,3529175.0,9553033376.0
2026-06-25 14:45,8919.0,8923.19,8927.11,8911.43,3911058.0,10899977840.0
2026-06-25 14:50,8922.36,8932.62,8933.22,8921.32,4562837.0,12182759360.0
2026-06-25 14:55,8932.09,8937.54,8938.54,8932.09,5793969.0,16020816688.0
2026-06-25 15:00,8937.42,8938.01,8940.96,8936.63,5443543.0,14555399827.0
2026-06-26 09:35,8891.03,8883.91,8892.88,8865.16,26202949.0,82100509184.0
2026-06-26 09:40,8881.75,8910.49,8920.38,8877.8,14864302.0,45337911296.0
2026-06-26 09:45,8911.57,8925.79,8926.09,8899.43,16185867.0,40097245440.0
2026-06-26 09:50,8926.75,8850.14,8926.75,8848.38,11543386.0,34538649600.0
2026-06-26 09:55,8851.33,8823.86,8863.43,8803.67,10214871.0,32750409472.0
2026-06-26 10:00,8823.73,8851.88,8853.41,8818.42,8615782.0,22392982032.0
2026-06-26 10:05,8851.11,8862.89,8873.53,8851.11,8091075.0,22342397344.0
2026-06-26 10:10,8860.42,8856.58,8870.92,8852.77,6390848.0,17631903712.0
2026-06-26 10:15,8857.39,8841.26,8857.39,8831.51,6451407.0,15801398128.0
2026-06-26 10:20,8841.45,8844.61,8860.22,8832.74,5653472.0,14806731984.0
2026-06-26 10:25,8844.77,8843.72,8856.99,8840.32,5176100.0,15114499360.0
2026-06-26 10:30,8842.6,8790.4,8842.6,8790.4,5106352.0,16517796176.0
2026-06-26 10:35,8790.4,8787.55,8801.08,8781.06,5155941.0,16442048992.0
2026-06-26 10:40,8788.73,8779.58,8798.22,8767.05,4951801.0,13059056048.0
2026-06-26 10:45,8779.48,8779.17,8780.21,8761.79,3821131.0,10759295344.0
2026-06-26 10:50,8778.68,8734.99,8778.68,8734.26,4173720.0,11874230448.0
2026-06-26 10:55,8734.01,8694.92,8734.01,8694.92,4993069.0,15637552192.0
2026-06-26 11:00,8694.46,8696.82,8698.5,8647.77,6455062.0,20599811184.0
2026-06-26 11:05,8693.91,8721.67,8729.07,8693.4,4819301.0,13593000912.0
2026-06-26 11:10,8722.44,8717.25,8733.15,8706.65,3987241.0,10356004240.0
2026-06-26 11:15,8716.28,8692.6,8720.21,8676.2,4209065.0,11524682288.0
2026-06-26 11:20,8693.1,8733.49,8733.49,8687.77,2950828.0,9169010416.0
2026-06-26 11:25,8733.56,8684.82,8739.49,8681.6,3493286.0,9809326272.0
2026-06-26 11:30,8683.82,8734.6,8737.29,8679.83,2590613.0,8091761984.0
2026-06-26 13:05,8736.05,8735.42,8743.82,8706.95,4863977.0,13924044464.0
2026-06-26 13:10,8735.35,8731.48,8735.83,8718.08,2859250.0,9355607520.0
2026-06-26 13:15,8731.71,8744.17,8749.14,8731.71,2820735.0,8907197344.0
2026-06-26 13:20,8744.26,8753.83,8764.37,8739.96,3446639.0,10029154368.0
2026-06-26 13:25,8755.55,8773.98,8788.89,8755.55,2779060.0,9726903104.0
2026-06-26 13:30,8772.91,8745.65,8786.86,8744.29,3221575.0,10291850816.0
2026-06-26 13:35,8746.13,8773.57,8777.96,8746.13,3185927.0,8457869904.0
2026-06-26 13:40,8773.16,8776.29,8789.03,8763.33,2903228.0,8958617152.0
2026-06-26 13:45,8775.91,8800.92,8801.09,8772.09,2608879.0,8862559584.0
2026-06-26 13:50,8800.66,8802.15,8803.12,8777.18,2455163.0,8373480208.0
2026-06-26 13:55,8802.19,8815.96,8817.67,8798.85,2790381.0,8965076176.0
2026-06-26 14:00,8815.76,8797.82,8823.2,8797.82,2620915.0,8185345216.0
2026-06-26 14:05,8797.33,8783.2,8797.33,8776.41,2958310.0,8780598000.0
2026-06-26 14:10,8782.18,8748.79,8782.18,8742.39,3770078.0,8928516000.0
2026-06-26 14:15,8749.21,8726.88,8752.36,8725.77,3213753.0,7846660112.0
2026-06-26 14:20,8728.57,8730.93,8739.96,8724.37,2939811.0,7764780320.0
2026-06-26 14:25,8731.26,8742.62,8752.24,8730.34,2659686.0,7467167440.0
2026-06-26 14:30,8742.66,8738.34,8753.66,8735.38,2507608.0,6993763504.0
2026-06-26 14:35,8738.74,8719.75,8742.7,8718.83,3623970.0,9526880832.0
2026-06-26 14:40,8719.37,8760.73,8764.38,8717.59,3802063.0,9640931456.0
2026-06-26 14:45,8760.92,8754.64,8765.62,8743.25,3656421.0,9718537360.0
2026-06-26 14:50,8754.66,8745.27,8757.49,8744.67,4240151.0,12266957376.0
2026-06-26 14:55,8745.5,8709.89,8749.02,8709.89,6673273.0,16775563744.0
2026-06-26 15:00,8709.79,8703.57,8710.79,8703.57,5859973.0,15441959072.0
2026-06-29 09:35,8731.58,8758.88,8758.88,8731.58,27342177.0,81405571584.0
2026-06-29 09:40,8757.86,8796.83,8796.83,8757.86,15624287.0,46284503296.0
2026-06-29 09:45,8796.33,8830.49,8837.03,8796.33,12286732.0,36534595584.0
2026-06-29 09:50,8830.46,8781.04,8836.79,8781.04,12428674.0,32280599040.0
2026-06-29 09:55,8780.92,8762.84,8791.27,8745.4,10687523.0,29213665280.0
2026-06-29 10:00,8764.54,8750.59,8765.89,8731.03,10188417.0,28427918080.0
2026-06-29 10:05,8752.49,8736.39,8787.16,8730.72,10950388.0,30404294144.0
2026-06-29 10:10,8735.03,8687.68,8771.32,8687.16,8816276.0,28342412800.0
2026-06-29 10:15,8687.61,8625.86,8695.73,8621.62,8915789.0,31031260416.0
2026-06-29 10:20,8625.07,8632.82,8678.42,8622.46,7966209.0,26208454912.0
2026-06-29 10:25,8631.93,8696.83,8696.83,8624.12,7543814.0,21743013376.0
2026-06-29 10:30,8697.61,8711.83,8721.43,8697.61,6364327.0,18051643328.0
2026-06-29 10:35,8713.04,8611.6,8713.04,8611.6,5790598.0,17449898448.0
2026-06-29 10:40,8610.52,8631.0,8631.0,8587.88,5614425.0,18339636208.0
2026-06-29 10:45,8631.24,8662.79,8662.79,8625.31,3886881.0,12077071136.0
2026-06-29 10:50,8663.75,8676.24,8682.47,8663.64,3720611.0,11306352784.0
2026-06-29 10:55,8677.96,8688.59,8698.38,8669.9,3184673.0,10173907280.0
2026-06-29 11:00,8687.7,8695.48,8710.79,8685.0,3259490.0,8839180640.0
2026-06-29 11:05,8697.04,8695.08,8718.17,8692.17,3280095.0,9645364848.0
2026-06-29 11:10,8695.84,8718.9,8718.9,8693.67,2740883.0,8045797008.0
2026-06-29 11:15,8719.19,8704.13,8719.19,8662.36,2776903.0,7886402352.0
2026-06-29 11:20,8705.23,8712.8,8724.77,8705.08,2210771.0,6586086976.0
2026-06-29 11:25,8713.97,8675.14,8715.28,8669.62,2192218.0,6012055504.0
2026-06-29 11:30,8675.17,8676.33,8676.64,8655.12,2207335.0,6515280048.0
2026-06-29 13:05,8677.99,8642.53,8680.36,8642.53,4549516.0,11123105360.0
2026-06-29 13:10,8642.03,8636.35,8644.45,8631.47,3006975.0,8004011808.0
2026-06-29 13:15,8636.66,8635.27,8636.75,8619.93,2778179.0,7539007472.0
2026-06-29 13:20,8634.52,8649.01,8662.78,8633.15,2608919.0,7081098144.0
2026-06-29 13:25,8649.61,8694.65,8694.65,8649.61,2304093.0,7122683872.0
2026-06-29 13:30,8694.37,8718.16,8719.64,8694.2,2254849.0,7713119760.0
2026-06-29 13:35,8718.4,8739.93,8739.93,8708.91,2949867.0,8385394624.0
2026-06-29 13:40,8740.44,8741.82,8752.83,8725.37,2668341.0,8351217792.0
2026-06-29 13:45,8742.46,8780.78,8780.78,8742.46,3089142.0,10067874928.0
2026-06-29 13:50,8780.86,8762.7,8782.73,8762.7,2608023.0,8068326224.0
2026-06-29 13:55,8761.71,8802.94,8802.94,8758.38,3061877.0,8942077200.0
2026-06-29 14:00,8802.42,8792.03,8812.5,8790.83,2699012.0,8696396816.0
2026-06-29 14:05,8791.51,8784.6,8810.62,8784.6,2679773.0,8204668080.0
2026-06-29 14:10,8783.75,8768.56,8783.75,8750.42,2333514.0,7278608016.0
2026-06-29 14:15,8768.42,8757.51,8774.29,8755.86,2271605.0,6683278880.0
2026-06-29 14:20,8758.82,8771.69,8780.89,8758.82,2188851.0,6762534960.0
2026-06-29 14:25,8772.89,8755.45,8778.82,8755.45,2245813.0,6248565472.0
2026-06-29 14:30,8755.51,8760.49,8760.49,8748.97,2391674.0,6686175952.0
2026-06-29 14:35,8760.86,8776.76,8789.3,8760.86,2746531.0,7796801888.0
2026-06-29 14:40,8777.39,8802.55,8802.55,8777.39,2983327.0,8755305024.0
2026-06-29 14:45,8802.27,8787.72,8803.29,8784.6,3292837.0,10268289216.0
2026-06-29 14:50,8788.34,8807.05,8808.3,8788.34,3828791.0,11207220800.0
2026-06-29 14:55,8806.65,8822.55,8824.79,8805.95,5095650.0,14511546336.0
2026-06-29 15:00,8823.6,8821.09,8825.39,8821.09,4844410.0,13265802195.0
2026-06-30 09:35,8815.11,8812.93,8826.87,8794.38,23763108.0,79450856704.0
2026-06-30 09:40,8812.47,8817.25,8838.93,8800.91,15666438.0,46106979840.0
2026-06-30 09:45,8818.53,8842.14,8842.14,8771.66,13169254.0,39417032960.0
2026-06-30 09:50,8842.91,8836.36,8854.51,8828.73,10573306.0,30928613888.0
2026-06-30 09:55,8837.21,8862.76,8867.95,8837.21,8411396.0,24332202752.0
2026-06-30 10:00,8862.33,8867.85,8870.27,8853.74,6656245.0,21421313296.0
2026-06-30 10:05,8869.28,8878.53,8882.85,8859.74,6967766.0,19807800880.0
2026-06-30 10:10,8878.45,8890.75,8892.49,8878.45,5569926.0,16805725216.0
2026-06-30 10:15,8891.08,8889.4,8902.66,8871.11,5038563.0,16032069872.0
2026-06-30 10:20,8889.01,8881.86,8894.43,8870.15,4734141.0,14864566048.0
2026-06-30 10:25,8881.39,8882.3,8887.08,8873.66,4705593.0,15840310304.0
2026-06-30 10:30,8881.45,8908.45,8912.23,8875.78,4009446.0,13936909744.0
2026-06-30 10:35,8908.11,8915.21,8916.88,8894.36,4845123.0,14560510688.0
2026-06-30 10:40,8913.65,8915.18,8922.16,8908.97,3613671.0,11578696544.0
2026-06-30 10:45,8915.67,8927.23,8928.59,8914.6,2987210.0,10054443632.0
2026-06-30 10:50,8927.34,8941.12,8945.17,8919.77,3140438.0,10464840528.0
2026-06-30 10:55,8941.47,8946.03,8947.86,8939.46,3378074.0,10214437168.0
2026-06-30 11:00,8946.15,8923.26,8949.06,8922.55,3199586.0,10170248336.0
2026-06-30 11:05,8923.36,8926.73,8934.91,8921.8,2613426.0,9228050688.0
2026-06-30 11:10,8926.36,8948.14,8948.6,8924.67,2536994.0,8707690816.0
2026-06-30 11:15,8947.8,8965.14,8965.14,8945.6,2374985.0,8392965152.0
2026-06-30 11:20,8965.44,8973.34,8973.34,8958.66,2604367.0,8432422512.0
2026-06-30 11:25,8972.94,8980.62,8983.23,8972.35,2570874.0,8611118928.0
2026-06-30 11:30,8980.11,8989.11,8990.39,8978.59,2408803.0,8545213136.0
2026-06-30 13:05,8994.1,8989.05,9008.14,8984.31,5639332.0,19804554368.0
2026-06-30 13:10,8988.35,8972.04,8992.1,8971.98,2995406.0,10733964448.0
2026-06-30 13:15,8972.56,8969.78,8977.71,8958.04,3010918.0,11166509088.0
2026-06-30 13:20,8969.25,8965.82,8979.65,8965.82,3194157.0,8935527040.0
2026-06-30 13:25,8965.1,8979.71,8979.71,8961.4,2469761.0,8048593008.0
2026-06-30 13:30,8979.77,8983.19,8983.76,8968.8,2777864.0,8822390112.0
2026-06-30 13:35,8984.2,8983.18,8998.2,8980.24,2789679.0,9431251600.0
2026-06-30 13:40,8983.88,8970.5,8986.21,8970.5,2809789.0,9380491344.0
2026-06-30 13:45,8971.1,8961.6,8986.67,8960.6,4395661.0,10245592144.0
2026-06-30 13:50,8961.06,8988.38,8988.38,8960.87,2224401.0,7100446272.0
2026-06-30 13:55,8988.36,8996.1,8998.97,8987.96,2132765.0,7409971056.0
2026-06-30 14:00,8996.28,8995.18,8997.2,8989.42,2395567.0,7425018080.0
2026-06-30 14:05,8995.74,9003.54,9014.91,8995.36,2949025.0,7963054176.0
2026-06-30 14:10,9003.08,9008.36,9009.36,9002.53,2255029.0,6944599056.0
2026-06-30 14:15,9008.37,8998.92,9008.54,8991.01,2700094.0,7244233344.0
2026-06-30 14:20,8999.3,8989.59,8999.71,8984.2,2173572.0,7011897568.0
2026-06-30 14:25,8989.69,8985.99,8992.88,8983.15,2282389.0,7211376384.0
2026-06-30 14:30,8986.34,8991.71,8996.83,8980.0,2963019.0,8168117152.0
2026-06-30 14:35,8991.82,9013.96,9013.96,8991.81,3723977.0,10449816336.0
2026-06-30 14:40,9014.14,9001.71,9018.1,9000.03,3297977.0,10192995376.0
2026-06-30 14:45,9002.06,9010.48,9013.23,9001.3,4113980.0,11065740160.0
2026-06-30 14:50,9011.23,9028.55,9028.61,9010.35,4727961.0,12250234784.0
2026-06-30 14:55,9027.91,9039.5,9040.13,9025.14,5477089.0,15605394896.0
2026-06-30 15:00,9039.24,9031.38,9039.24,9031.38,5292663.0,14579231271.0
2026-07-01 09:35,9052.04,9068.86,9085.64,9041.74,22240183.0,75427278592.0
2026-07-01 09:40,9069.65,9043.92,9074.64,9041.18,15146750.0,44593972480.0
2026-07-01 09:45,9044.44,9104.77,9104.77,9030.39,12286699.0,33773394944.0
2026-07-01 09:50,9104.51,9090.45,9114.61,9082.41,9739714.0,28591987456.0
2026-07-01 09:55,9089.33,9100.25,9108.29,9085.57,8735437.0,26239472896.0
2026-07-01 10:00,9100.18,9088.17,9104.14,9079.72,8748961.0,24771958528.0
2026-07-01 10:05,9087.75,9109.97,9124.59,9084.99,6936402.0,20454193504.0
2026-07-01 10:10,9108.98,9091.33,9111.27,9087.24,8164040.0,21189379488.0
2026-07-01 10:15,9091.61,9076.66,9113.25,9074.33,9058496.0,21704216704.0
2026-07-01 10:20,9074.7,9123.27,9123.27,9074.7,7771456.0,21380665360.0
2026-07-01 10:25,9124.02,9131.59,9139.06,9118.91,5288327.0,15993727568.0
2026-07-01 10:30,9132.26,9118.38,9132.49,9095.36,5466236.0,16242788976.0
2026-07-01 10:35,9118.21,9094.84,9118.21,9093.98,6221363.0,17954042928.0
2026-07-01 10:40,9094.03,9085.73,9100.54,9071.11,7315729.0,21040873488.0
2026-07-01 10:45,9084.93,9087.79,9089.49,9051.77,6866496.0,20672725136.0
2026-07-01 10:50,9088.71,9120.15,9120.15,9078.19,5708812.0,13978854736.0
2026-07-01 10:55,9121.31,9123.78,9137.81,9119.35,4201855.0,11048539744.0
2026-07-01 11:00,9124.15,9128.69,9147.56,9123.75,3927406.0,10030355680.0
2026-07-01 11:05,9128.1,9132.44,9147.4,9127.99,3582511.0,8667869808.0
2026-07-01 11:10,9131.94,9138.27,9144.69,9116.43,4261522.0,8666029360.0
2026-07-01 11:15,9138.73,9126.66,9138.73,9117.83,3528501.0,9047858944.0
2026-07-01 11:20,9126.43,9116.48,9134.04,9114.07,3712039.0,9184159616.0
2026-07-01 11:25,9115.57,9102.95,9115.57,9080.74,3518864.0,10162168864.0
2026-07-01 11:30,9103.98,9121.63,9122.34,9103.48,2893556.0,8440287040.0
2026-07-01 13:05,9122.81,9094.15,9124.52,9094.15,6386955.0,16937014480.0
2026-07-01 13:10,9093.38,9080.49,9113.78,9080.49,5353816.0,13429943808.0
2026-07-01 13:15,9080.51,9045.75,9088.53,9045.75,4497474.0,13797913440.0
2026-07-01 13:20,9045.97,9099.93,9100.3,9041.61,4115404.0,12642123680.0
2026-07-01 13:25,9100.55,9099.26,9115.47,9096.75,3267476.0,9665749136.0
2026-07-01 13:30,9099.32,9060.87,9099.32,9059.63,3417369.0,9930901312.0
2026-07-01 13:35,9061.73,9070.18,9081.45,9060.43,3245392.0,9285702624.0
2026-07-01 13:40,9070.15,9060.23,9075.46,9055.22,2865037.0,8152344064.0
2026-07-01 13:45,9059.84,9018.82,9059.84,9018.53,3335409.0,11235392656.0
2026-07-01 13:50,9019.11,9015.48,9035.9,9015.48,3352913.0,9957987328.0
2026-07-01 13:55,9014.98,8978.78,9014.98,8978.78,5050916.0,13875458768.0
2026-07-01 14:00,8978.26,9025.98,9026.71,8975.81,3372723.0,10062128032.0
2026-07-01 14:05,9026.22,9035.25,9040.84,9019.33,2806972.0,8824257392.0
2026-07-01 14:10,9035.65,9037.22,9050.29,9032.2,2408691.0,7631396704.0
2026-07-01 14:15,9036.64,9019.94,9039.24,9019.94,2387516.0,8067889200.0
2026-07-01 14:20,9020.01,8994.44,9020.95,8994.2,2435435.0,8313334912.0
2026-07-01 14:25,8994.51,8995.33,9016.96,8994.26,2747313.0,8047497584.0
2026-07-01 14:30,8994.97,8990.4,8995.52,8982.37,2898602.0,8444890960.0
2026-07-01 14:35,8990.54,8985.1,9004.42,8985.1,3138937.0,8904118960.0
2026-07-01 14:40,8984.94,8962.89,8984.94,8956.18,4104738.0,12668174688.0
2026-07-01 14:45,8963.13,9002.41,9002.41,8963.13,3497389.0,10579987472.0
2026-07-01 14:50,9002.15,9007.48,9010.71,9002.15,3730709.0,11136341808.0
2026-07-01 14:55,9006.97,9026.97,9027.07,9005.95,4798853.0,14286595744.0
2026-07-01 15:00,9027.15,9028.93,9029.82,9024.91,4567184.0,12508561274.0
2026-07-02 09:35,8829.62,8799.82,8843.87,8749.97,34742371.0,97280007936.0
2026-07-02 09:40,8801.33,8834.75,8841.6,8789.01,16261523.0,46693448960.0
2026-07-02 09:45,8834.46,8792.83,8847.41,8792.83,14194212.0,38387152384.0
2026-07-02 09:50,8791.85,8824.94,8849.34,8765.93,11934782.0,33785909504.0
2026-07-02 09:55,8829.29,8873.49,8874.16,8829.29,8578186.0,24754641152.0
2026-07-02 10:00,8873.66,8853.36,8884.22,8850.49,7597871.0,20564241040.0
2026-07-02 10:05,8855.18,8889.37,8896.01,8854.28,7036751.0,19711331760.0
2026-07-02 10:10,8889.89,8896.37,8898.63,8869.84,6477129.0,18318936848.0
2026-07-02 10:15,8895.41,8890.69,8895.84,8874.84,5637726.0,16688901312.0
2026-07-02 10:20,8890.33,8863.74,8890.39,8851.04,5218746.0,16095449488.0
2026-07-02 10:25,8862.89,8869.17,8879.42,8848.35,4805462.0,14149436704.0
2026-07-02 10:30,8868.16,8874.32,8879.89,8859.97,4760098.0,12518245008.0
2026-07-02 10:35,8872.78,8912.56,8912.56,8868.83,4549196.0,12507391536.0
2026-07-02 10:40,8913.49,8925.74,8931.19,8911.02,4401356.0,11689408992.0
2026-07-02 10:45,8926.08,8925.47,8930.57,8915.14,4284126.0,12165254320.0
2026-07-02 10:50,8925.16,8917.87,8932.65,8915.77,4298607.0,12260397504.0
2026-07-02 10:55,8917.49,8901.36,8919.36,8888.96,3926258.0,11304513120.0
2026-07-02 11:00,8901.92,8880.91,8901.92,8880.91,2896876.0,8843691248.0
2026-07-02 11:05,8881.1,8876.45,8881.1,8868.53,3059665.0,8901171584.0
2026-07-02 11:10,8875.41,8891.0,8891.0,8859.94,2550291.0,7503156352.0
2026-07-02 11:15,8890.76,8913.84,8913.84,8884.27,3214049.0,8301970656.0
2026-07-02 11:20,8913.67,8904.25,8931.67,8904.25,3396712.0,8837052464.0
2026-07-02 11:25,8905.06,8886.06,8912.47,8875.31,2503371.0,6952685984.0
2026-07-02 11:30,8885.17,8877.03,8887.23,8866.78,2621936.0,7128005248.0
2026-07-02 13:05,8878.31,8875.98,8879.28,8851.39,5127473.0,14649939600.0
2026-07-02 13:10,8877.72,8861.54,8886.52,8861.54,3243507.0,8853703024.0
2026-07-02 13:15,8861.63,8863.22,8864.05,8847.97,2977082.0,9199414864.0
2026-07-02 13:20,8863.06,8825.75,8863.06,8824.57,2907446.0,8577312912.0
2026-07-02 13:25,8825.96,8818.77,8831.58,8811.09,3358303.0,10488351552.0
2026-07-02 13:30,8818.97,8805.4,8826.72,8803.44,2835312.0,9516350832.0
2026-07-02 13:35,8804.67,8787.74,8808.54,8787.74,3373619.0,9695085936.0
2026-07-02 13:40,8787.38,8793.04,8801.03,8781.63,4076683.0,11030743056.0
2026-07-02 13:45,8792.82,8776.58,8800.07,8775.51,3742402.0,10350903776.0
2026-07-02 13:50,8776.4,8765.84,8780.6,8757.62,3757813.0,11764473088.0
2026-07-02 13:55,8767.2,8775.28,8785.96,8762.61,3291719.0,9976462528.0
2026-07-02 14:00,8776.55,8775.44,8796.37,8775.25,2880274.0,8657023568.0
2026-07-02 14:05,8774.81,8756.94,8785.53,8756.94,3201773.0,8659160224.0
2026-07-02 14:10,8756.82,8793.51,8793.51,8754.21,3239337.0,9159194064.0
2026-07-02 14:15,8793.31,8780.36,8810.86,8780.36,2686501.0,7710936512.0
2026-07-02 14:20,8780.38,8757.75,8781.1,8756.58,3074836.0,7954064736.0
2026-07-02 14:25,8757.78,8748.94,8764.7,8748.94,2950630.0,8434766080.0
2026-07-02 14:30,8748.01,8743.42,8754.2,8740.08,3340880.0,9441561808.0
2026-07-02 14:35,8743.14,8736.94,8763.02,8736.94,3957411.0,10105603808.0
2026-07-02 14:40,8736.09,8723.41,8748.4,8723.41,3902658.0,10825917888.0
2026-07-02 14:45,8723.38,8697.76,8723.38,8694.96,6282117.0,15814850176.0
2026-07-02 14:50,8698.08,8680.73,8698.08,8679.28,5721463.0,14994712256.0
2026-07-02 14:55,8680.4,8683.81,8685.2,8667.42,6930385.0,17980010304.0
2026-07-02 15:00,8683.67,8694.17,8694.17,8683.51,5474482.0,13772288864.0
2026-07-03 09:35,8702.33,8683.08,8728.54,8655.6,24130947.0,73236867072.0
2026-07-03 09:40,8680.41,8735.18,8735.3,8680.41,14468918.0,39320187392.0
2026-07-03 09:45,8735.09,8737.22,8748.02,8704.17,12228691.0,32160417536.0
2026-07-03 09:50,8736.72,8667.33,8738.39,8667.33,9424426.0,26156160768.0
2026-07-03 09:55,8667.38,8677.3,8680.22,8636.15,10710648.0,28030395136.0
2026-07-03 10:00,8677.31,8704.77,8706.08,8672.4,6775984.0,19139969824.0
2026-07-03 10:05,8705.59,8716.8,8734.92,8698.55,6678864.0,19371775760.0
2026-07-03 10:10,8715.22,8732.87,8740.75,8712.1,5397201.0,17352450944.0
2026-07-03 10:15,8731.05,8685.0,8731.3,8685.0,5478446.0,15647636928.0
2026-07-03 10:20,8683.92,8681.61,8716.28,8680.01,4696819.0,14038003456.0
2026-07-03 10:25,8681.61,8687.99,8695.92,8659.42,4212982.0,12722251920.0
2026-07-03 10:30,8688.03,8704.91,8710.89,8688.03,3956764.0,9876669632.0
2026-07-03 10:35,8706.08,8737.68,8737.68,8705.16,3776502.0,11317722720.0
2026-07-03 10:40,8738.0,8752.0,8752.0,8728.66,4039117.0,11977919984.0
2026-07-03 10:45,8751.68,8769.28,8769.28,8744.09,4040575.0,12614228704.0
2026-07-03 10:50,8768.83,8785.91,8787.68,8768.83,3677080.0,12451124272.0
2026-07-03 10:55,8785.89,8798.26,8807.92,8772.91,4595391.0,14508773168.0
2026-07-03 11:00,8799.05,8801.67,8809.5,8793.67,3317723.0,10592361120.0
2026-07-03 11:05,8799.47,8812.05,8815.88,8791.11,3163650.0,10602906048.0
2026-07-03 11:10,8811.24,8798.71,8815.58,8792.79,3288226.0,9699544608.0
2026-07-03 11:15,8798.48,8789.36,8798.48,8771.13,3060063.0,9237332192.0
2026-07-03 11:20,8789.63,8783.8,8804.2,8779.7,2507047.0,7356045840.0
2026-07-03 11:25,8783.41,8770.02,8786.42,8768.35,2749115.0,7641338000.0
2026-07-03 11:30,8770.06,8794.84,8795.49,8769.93,2640959.0,7447614640.0
2026-07-03 13:05,8804.67,8848.59,8860.42,8804.67,4863505.0,17393987376.0
2026-07-03 13:10,8848.78,8839.14,8859.79,8839.14,3541364.0,11918310000.0
2026-07-03 13:15,8838.95,8817.23,8841.98,8816.01,3398531.0,11630839680.0
2026-07-03 13:20,8817.02,8810.68,8828.16,8802.41,3752676.0,10980611920.0
2026-07-03 13:25,8810.68,8781.47,8810.68,8778.4,3299882.0,10233993568.0
2026-07-03 13:30,8781.57,8787.25,8795.79,8778.33,2787268.0,8421488560.0
2026-07-03 13:35,8786.89,8818.53,8820.19,8785.84,2344720.0,7382620576.0
2026-07-03 13:40,8817.79,8814.26,8820.74,8812.26,2068195.0,6772336016.0
2026-07-03 13:45,8814.23,8822.91,8831.01,8814.23,2246616.0,6730728368.0
2026-07-03 13:50,8823.26,8807.73,8828.21,8804.49,2767543.0,7374679664.0
2026-07-03 13:55,8807.39,8823.14,8826.32,8805.02,2676128.0,6333195712.0
2026-07-03 14:00,8823.21,8828.1,8830.83,8818.29,2635922.0,6253837616.0
2026-07-03 14:05,8827.66,8823.72,8827.66,8816.91,2757745.0,7303138512.0
2026-07-03 14:10,8823.67,8819.35,8839.35,8818.42,2990177.0,7627533472.0
2026-07-03 14:15,8819.25,8799.94,8819.25,8799.94,2860174.0,8115165216.0
2026-07-03 14:20,8799.44,8801.1,8805.31,8793.22,2349007.0,7378071152.0
2026-07-03 14:25,8801.19,8775.05,8802.12,8774.08,3493043.0,8591133872.0
2026-07-03 14:30,8775.22,8769.08,8775.22,8764.25,2920943.0,8519255104.0
2026-07-03 14:35,8769.56,8749.77,8780.04,8749.77,3847353.0,10735400848.0
2026-07-03 14:40,8749.48,8770.25,8770.25,8745.96,3657822.0,9980093616.0
2026-07-03 14:45,8770.38,8765.83,8770.38,8760.76,3475870.0,9304692720.0
2026-07-03 14:50,8766.25,8761.5,8771.56,8761.31,4571698.0,11305610848.0
2026-07-03 14:55,8760.93,8747.44,8760.97,8746.96,6339860.0,15207922320.0
2026-07-03 15:00,8747.17,8745.26,8747.76,8745.26,5486244.0,13136884807.0
2026-07-06 09:35,8790.97,8762.06,8795.88,8750.87,23856071.0,72250196480.0
2026-07-06 09:40,8762.34,8762.87,8773.61,8718.91,15123177.0,42696407808.0
2026-07-06 09:45,8762.35,8784.72,8785.1,8738.43,12536753.0,32697951232.0
2026-07-06 09:50,8786.51,8810.0,8818.11,8782.82,9005610.0,27878398720.0
2026-07-06 09:55,8809.78,8822.84,8822.84,8788.66,7953291.0,23809917952.0
2026-07-06 10:00,8822.77,8779.42,8823.05,8779.42,7980315.0,22214360560.0
2026-07-06 10:05,8779.23,8760.34,8779.23,8743.64,8381985.0,22400109568.0
2026-07-06 10:10,8757.14,8767.38,8773.16,8750.84,5375107.0,15753362464.0
2026-07-06 10:15,8767.01,8725.29,8772.23,8725.29,5638178.0,15625763584.0
2026-07-06 10:20,8725.16,8686.4,8728.19,8685.81,6417318.0,17785589312.0
2026-07-06 10:25,8685.76,8671.65,8697.83,8667.0,5751107.0,17623361312.0
2026-07-06 10:30,8671.78,8645.06,8679.76,8642.6,5619383.0,16507709696.0
2026-07-06 10:35,8643.51,8615.08,8653.5,8615.08,5631613.0,16578375456.0
2026-07-06 10:40,8614.53,8641.2,8646.87,8600.75,5588668.0,16657019424.0
2026-07-06 10:45,8641.11,8601.3,8643.79,8601.22,4812937.0,12867533456.0
2026-07-06 10:50,8600.16,8582.13,8610.28,8574.71,4518052.0,12719244496.0
2026-07-06 10:55,8582.56,8587.21,8598.96,8570.89,4125893.0,11730445760.0
2026-07-06 11:00,8587.34,8616.44,8616.44,8571.34,3640784.0,10253220320.0
2026-07-06 11:05,8615.26,8634.44,8641.35,8610.73,3362023.0,10031844048.0
2026-07-06 11:10,8635.84,8653.97,8653.97,8632.4,3758443.0,9969160240.0
2026-07-06 11:15,8655.25,8681.42,8688.21,8655.25,2956660.0,9506486640.0
2026-07-06 11:20,8683.32,8685.66,8685.66,8655.33,2551310.0,7740085248.0
2026-07-06 11:25,8685.17,8701.7,8703.95,8685.17,2770771.0,8048475920.0
2026-07-06 11:30,8702.24,8722.84,8722.84,8691.23,2435911.0,7818903376.0
2026-07-06 13:05,8728.98,8736.17,8739.14,8712.68,4719246.0,14112650192.0
2026-07-06 13:10,8737.22,8702.1,8743.76,8701.39,2989253.0,9476147328.0
2026-07-06 13:15,8700.73,8692.5,8723.47,8689.28,2396130.0,7471188832.0
2026-07-06 13:20,8692.09,8677.51,8709.67,8677.51,2272835.0,6399351024.0
2026-07-06 13:25,8677.78,8662.66,8686.27,8662.18,2273999.0,6492393008.0
2026-07-06 13:30,8664.98,8691.57,8706.34,8664.98,2129231.0,6619287392.0
2026-07-06 13:35,8687.79,8657.91,8687.79,8655.78,2762733.0,6724890576.0
2026-07-06 13:40,8659.8,8691.36,8691.47,8659.8,2000596.0,5287055184.0
2026-07-06 13:45,8692.32,8722.98,8722.98,8692.32,2240186.0,6340367264.0
2026-07-06 13:50,8724.26,8710.18,8725.66,8704.86,1993806.0,6303141760.0
2026-07-06 13:55,8711.04,8718.55,8725.37,8711.04,2036809.0,6238368528.0
2026-07-06 14:00,8718.05,8714.6,8728.5,8711.75,2185971.0,6385482592.0
2026-07-06 14:05,8712.55,8686.76,8712.55,8684.58,2690546.0,6787367264.0
2026-07-06 14:10,8687.77,8676.21,8704.95,8676.21,2412652.0,6085777424.0
2026-07-06 14:15,8676.14,8669.19,8687.2,8668.06,2403572.0,6266170928.0
2026-07-06 14:20,8669.72,8664.96,8669.72,8658.14,2440257.0,6332375936.0
2026-07-06 14:25,8664.22,8651.84,8668.38,8646.59,3188744.0,7243342416.0
2026-07-06 14:30,8651.55,8656.88,8658.07,8640.67,2526185.0,6785494224.0
2026-07-06 14:35,8657.35,8671.58,8675.71,8657.29,4051856.0,7906000288.0
2026-07-06 14:40,8671.29,8653.82,8683.02,8653.82,3178270.0,7588301184.0
2026-07-06 14:45,8654.18,8646.73,8654.18,8643.33,3732898.0,9831810192.0
2026-07-06 14:50,8647.56,8647.51,8659.94,8647.35,4048773.0,10081565760.0
2026-07-06 14:55,8648.06,8652.37,8656.58,8648.06,4727219.0,11897982400.0
2026-07-06 15:00,8652.13,8651.13,8652.13,8648.56,4959782.0,11492931194.0
2026-07-07 09:35,8604.08,8616.89,8623.32,8575.93,19895553.0,53423646720.0
2026-07-07 09:40,8612.72,8644.07,8644.07,8591.84,11597504.0,30283164928.0
2026-07-07 09:45,8646.57,8652.43,8663.6,8643.38,8715348.0,24420708096.0
2026-07-07 09:50,8651.92,8638.39,8663.67,8638.39,8762078.0,21857533440.0
2026-07-07 09:55,8640.04,8632.54,8642.42,8619.0,7745366.0,20032155040.0
2026-07-07 10:00,8633.13,8623.71,8640.72,8617.13,7170966.0,16391673200.0
2026-07-07 10:05,8623.29,8633.8,8647.12,8608.97,6109022.0,16299758736.0
2026-07-07 10:10,8634.22,8614.31,8648.65,8611.96,4901642.0,13414573088.0
2026-07-07 10:15,8614.88,8613.92,8623.05,8590.71,4748086.0,13446835920.0
2026-07-07 10:20,8613.4,8604.52,8618.49,8597.8,3973947.0,10697588064.0
2026-07-07 10:25,8601.28,8585.98,8607.7,8585.98,3754509.0,10275691264.0
2026-07-07 10:30,8585.04,8586.11,8589.58,8567.18,4944046.0,11914678528.0
2026-07-07 10:35,8585.46,8601.41,8601.41,8571.71,4517591.0,12030239232.0
2026-07-07 10:40,8602.38,8626.14,8627.37,8602.38,4045319.0,11411049472.0
2026-07-07 10:45,8624.78,8619.82,8628.4,8610.42,3346867.0,9524784608.0
2026-07-07 10:50,8619.75,8596.06,8619.75,8586.27,4154133.0,9590740256.0
2026-07-07 10:55,8595.54,8598.71,8602.09,8578.06,3225917.0,8218831600.0
2026-07-07 11:00,8599.0,8568.91,8602.98,8568.91,3242004.0,6986741872.0
2026-07-07 11:05,8568.43,8573.63,8586.87,8563.23,2766888.0,7127158208.0
2026-07-07 11:10,8574.39,8581.92,8590.95,8569.57,3562895.0,6856646464.0
2026-07-07 11:15,8582.35,8555.65,8589.35,8548.38,2789841.0,7014316208.0
2026-07-07 11:20,8556.31,8544.99,8556.92,8536.89,2534158.0,7410780080.0
2026-07-07 11:25,8543.97,8530.35,8544.09,8530.26,2139797.0,6432006960.0
2026-07-07 11:30,8529.42,8552.19,8557.25,8523.34,2607934.0,6863447920.0
2026-07-07 13:05,8549.17,8507.54,8549.17,8503.43,4345146.0,12355838352.0
2026-07-07 13:10,8508.5,8481.69,8513.77,8476.7,3344967.0,9849986304.0
2026-07-07 13:15,8480.97,8466.11,8493.16,8464.14,3153614.0,9566285840.0
2026-07-07 13:20,8465.91,8476.39,8481.47,8457.58,3183461.0,9037401456.0
2026-07-07 13:25,8476.75,8481.64,8483.24,8462.04,2879908.0,8068587696.0
2026-07-07 13:30,8481.78,8517.56,8519.67,8481.78,2591161.0,7841690752.0
2026-07-07 13:35,8516.75,8541.14,8549.32,8516.37,2705635.0,9060145200.0
2026-07-07 13:40,8541.3,8542.29,8551.8,8527.99,2297660.0,7660151280.0
2026-07-07 13:45,8539.85,8553.89,8554.03,8537.52,1975032.0,6674758192.0
2026-07-07 13:50,8554.55,8535.49,8560.68,8531.36,3183609.0,8774192768.0
2026-07-07 13:55,8536.36,8551.15,8551.15,8531.19,2057725.0,6407759888.0
2026-07-07 14:00,8551.34,8533.31,8560.68,8533.31,1737970.0,5881031088.0
2026-07-07 14:05,8532.44,8517.68,8543.06,8516.53,2314553.0,6143385904.0
2026-07-07 14:10,8517.34,8486.97,8517.34,8486.77,2572202.0,6449524496.0
2026-07-07 14:15,8486.87,8488.02,8491.5,8476.31,2583355.0,6654411696.0
2026-07-07 14:20,8487.25,8491.36,8497.39,8477.22,2291366.0,5825399808.0
2026-07-07 14:25,8491.57,8477.78,8492.55,8477.03,2124069.0,5383448960.0
2026-07-07 14:30,8478.07,8495.15,8495.15,8473.47,2279529.0,5797674608.0
2026-07-07 14:35,8495.49,8502.12,8513.78,8487.04,3003113.0,6984340848.0
2026-07-07 14:40,8501.09,8533.16,8534.05,8500.15,2663913.0,6545412240.0
2026-07-07 14:45,8533.86,8520.84,8534.99,8514.56,2789637.0,7362270272.0
2026-07-07 14:50,8520.71,8517.49,8520.71,8501.51,3595777.0,8988649136.0
2026-07-07 14:55,8517.71,8508.05,8519.06,8506.82,4331640.0,11115911856.0
2026-07-07 15:00,8507.8,8508.79,8510.14,8506.69,4382737.0,10585127864.0
2026-07-08 09:35,8539.01,8506.6,8554.83,8506.11,18358970.0,54262364592.0
2026-07-08 09:40,8505.4,8481.14,8515.56,8478.69,11942711.0,32096319232.0
2026-07-08 09:45,8481.95,8424.73,8488.44,8424.06,10452226.0,27884141312.0
2026-07-08 09:50,8427.36,8430.01,8470.7,8418.13,10254009.0,26194412032.0
2026-07-08 09:55,8428.27,8435.34,8435.34,8382.77,10012525.0,25992320000.0
2026-07-08 10:00,8435.92,8393.71,8437.66,8376.05,8636318.0,22209288736.0
2026-07-08 10:05,8392.39,8349.74,8397.18,8346.41,7933711.0,22362151968.0
2026-07-08 10:10,8347.82,8411.26,8413.07,8343.92,6306294.0,17198593632.0
2026-07-08 10:15,8411.59,8386.87,8411.59,8371.49,4607780.0,13009924816.0
2026-07-08 10:20,8387.41,8430.29,8430.29,8387.41,3872757.0,11245980032.0
2026-07-08 10:25,8431.97,8410.83,8438.61,8410.83,3422307.0,9849057184.0
2026-07-08 10:30,8410.36,8452.87,8452.87,8401.37,3035288.0,7887813248.0
2026-07-08 10:35,8454.5,8460.14,8473.75,8442.27,3264404.0,9758637152.0
2026-07-08 10:40,8461.57,8477.77,8478.36,8460.19,2807004.0,8518118256.0
2026-07-08 10:45,8478.18,8477.07,8482.8,8465.01,2707295.0,8601704512.0
2026-07-08 10:50,8476.74,8445.84,8485.21,8445.84,2879496.0,8907718128.0
2026-07-08 10:55,8447.58,8462.63,8477.61,8447.58,2087373.0,6722573056.0
2026-07-08 11:00,8462.44,8441.62,8462.44,8438.45,1866890.0,5679808608.0
2026-07-08 11:05,8441.87,8453.14,8474.67,8441.47,2009397.0,6422210704.0
2026-07-08 11:10,8454.66,8490.24,8490.24,8448.16,1866265.0,6884775200.0
2026-07-08 11:15,8490.06,8522.54,8523.76,8490.06,2309766.0,8551611776.0
2026-07-08 11:20,8519.87,8533.9,8536.37,8515.29,2457103.0,8757473616.0
2026-07-08 11:25,8533.98,8558.1,8558.1,8526.53,2790736.0,9129151440.0
2026-07-08 11:30,8558.05,8546.14,8571.52,8545.64,2789092.0,9871490096.0
2026-07-08 13:05,8527.01,8497.39,8527.01,8457.45,5236507.0,16514809104.0
2026-07-08 13:10,8498.32,8498.13,8525.71,8491.01,2361825.0,8020900992.0
2026-07-08 13:15,8498.65,8497.52,8506.29,8484.8,2008411.0,6540941152.0
2026-07-08 13:20,8497.34,8497.74,8500.66,8485.18,2993147.0,7401356992.0
2026-07-08 13:25,8497.49,8488.52,8502.84,8483.75,2218939.0,6316263328.0
2026-07-08 13:30,8488.71,8463.9,8488.98,8461.95,2381509.0,6178936832.0
2026-07-08 13:35,8463.39,8453.01,8463.74,8438.26,3746845.0,7686296160.0
2026-07-08 13:40,8453.77,8451.81,8460.12,8443.65,2088049.0,5738135952.0
2026-07-08 13:45,8451.32,8432.71,8452.11,8432.12,2103098.0,6008450368.0
2026-07-08 13:50,8433.44,8421.61,8439.11,8419.32,2487298.0,6205041824.0
2026-07-08 13:55,8421.39,8464.98,8464.98,8420.53,2422481.0,5938774688.0
2026-07-08 14:00,8465.19,8472.67,8486.04,8464.64,2117329.0,5496189616.0
2026-07-08 14:05,8471.94,8466.69,8476.29,8451.45,1820354.0,5157256752.0
2026-07-08 14:10,8464.75,8448.98,8465.03,8448.98,1685694.0,4428137648.0
2026-07-08 14:15,8448.96,8439.31,8448.96,8430.9,2265056.0,5828421792.0
2026-07-08 14:20,8441.68,8457.89,8457.89,8437.46,2331650.0,5403054016.0
2026-07-08 14:25,8457.95,8457.12,8459.48,8445.13,2044683.0,5401619696.0
2026-07-08 14:30,8456.42,8435.69,8456.42,8429.67,2244357.0,6060286864.0
2026-07-08 14:35,8436.19,8425.62,8445.87,8423.87,2896998.0,7489260848.0
2026-07-08 14:40,8425.64,8425.74,8442.55,8425.64,2650277.0,7079153712.0
2026-07-08 14:45,8425.75,8412.6,8426.58,8412.3,3797380.0,10237024608.0
2026-07-08 14:50,8412.69,8390.02,8417.47,8387.81,4521760.0,11644056496.0
2026-07-08 14:55,8393.63,8394.6,8404.93,8392.63,5348327.0,13609126416.0
2026-07-08 15:00,8393.94,8390.02,8394.42,8389.63,4778473.0,12317045449.0
2026-07-09 09:35,8437.15,8435.65,8451.24,8422.35,19596340.0,56755759696.0
2026-07-09 09:40,8434.82,8486.54,8490.02,8423.69,10866413.0,30149721600.0
2026-07-09 09:45,8484.93,8468.11,8492.01,8458.21,8730875.0,23150520288.0
2026-07-09 09:50,8470.74,8417.99,8470.74,8417.99,8492015.0,23765104128.0
2026-07-09 09:55,8415.66,8431.15,8437.23,8403.82,7762556.0,21962287040.0
2026-07-09 10:00,8430.93,8384.18,8431.51,8384.18,6731921.0,19417634592.0
2026-07-09 10:05,8384.79,8383.45,8394.98,8367.51,6116887.0,17304639264.0
2026-07-09 10:10,8384.66,8403.71,8403.71,8368.28,4718794.0,13558683968.0
2026-07-09 10:15,8401.34,8414.7,8424.5,8396.94,4744112.0,13497829168.0
2026-07-09 10:20,8415.02,8428.53,8428.53,8408.25,4086166.0,10700004368.0
2026-07-09 10:25,8427.89,8416.94,8427.89,8406.16,4020505.0,11130548448.0
2026-07-09 10:30,8416.43,8397.37,8419.17,8391.46,4610570.0,10338148800.0
2026-07-09 10:35,8398.47,8373.63,8403.24,8372.84,4541904.0,10085668256.0
2026-07-09 10:40,8372.73,8363.12,8372.73,8353.76,4459879.0,10553034320.0
2026-07-09 10:45,8363.11,8366.42,8377.24,8350.89,3708520.0,9032980544.0
2026-07-09 10:50,8366.47,8331.42,8366.47,8331.19,3390494.0,8572281616.0
2026-07-09 10:55,8330.43,8347.41,8347.41,8323.7,3931915.0,9713288608.0
2026-07-09 11:00,8347.89,8321.17,8351.67,8318.87,3635379.0,6955139216.0
2026-07-09 11:05,8320.57,8322.07,8329.31,8309.29,3269083.0,7236414336.0
2026-07-09 11:10,8321.08,8331.63,8331.88,8302.36,2843301.0,7076570144.0
2026-07-09 11:15,8332.99,8299.88,8336.43,8289.21,3221350.0,7895001296.0
2026-07-09 11:20,8300.22,8290.52,8311.67,8285.08,3207707.0,7762007088.0
2026-07-09 11:25,8291.21,8328.25,8328.25,8281.95,3164071.0,7597009600.0
2026-07-09 11:30,8328.65,8342.49,8353.0,8328.38,2280082.0,6860691872.0
2026-07-09 13:05,8343.56,8353.92,8361.87,8343.56,3668461.0,10709372896.0
2026-07-09 13:10,8353.94,8402.19,8402.19,8351.32,2597314.0,8449171136.0
2026-07-09 13:15,8403.09,8427.09,8427.38,8403.09,2886866.0,10504169088.0
2026-07-09 13:20,8426.61,8398.62,8426.84,8391.77,2901325.0,9294474352.0
2026-07-09 13:25,8398.07,8396.48,8398.07,8385.9,2345256.0,7785878048.0
2026-07-09 13:30,8395.64,8430.95,8442.13,8393.92,2771625.0,10067878592.0
2026-07-09 13:35,8430.51,8425.03,8430.83,8401.97,2591772.0,9062007232.0
2026-07-09 13:40,8425.13,8464.39,8464.55,8425.13,2783930.0,9632908960.0
2026-07-09 13:45,8464.79,8484.39,8484.39,8464.79,3295897.0,12221646592.0
2026-07-09 13:50,8485.17,8517.31,8517.73,8485.17,3518437.0,13437861920.0
2026-07-09 13:55,8517.65,8530.96,8542.97,8517.65,3825084.0,13436963664.0
2026-07-09 14:00,8530.07,8559.21,8559.21,8527.58,3566626.0,10823718624.0
2026-07-09 14:05,8560.06,8559.4,8569.47,8546.09,3939615.0,10670371312.0
2026-07-09 14:10,8559.86,8575.93,8575.93,8555.56,3012022.0,9852584544.0
2026-07-09 14:15,8576.26,8596.68,8597.35,8575.47,3462278.0,10800526064.0
2026-07-09 14:20,8597.06,8566.02,8610.77,8566.02,3670898.0,11092517760.0
2026-07-09 14:25,8565.58,8582.8,8582.81,8565.58,2621344.0,8129434768.0
2026-07-09 14:30,8582.27,8601.63,8601.66,8581.89,2562455.0,7501638736.0
2026-07-09 14:35,8601.78,8605.67,8605.67,8596.35,3427401.0,9025888912.0
2026-07-09 14:40,8606.54,8617.09,8620.46,8606.5,3926070.0,9765541920.0
2026-07-09 14:45,8616.12,8646.01,8646.01,8615.47,3972191.0,10561170480.0
2026-07-09 14:50,8646.6,8659.65,8659.65,8645.18,5167752.0,12336325904.0
2026-07-09 14:55,8658.36,8651.13,8658.36,8642.63,5586445.0,14267558544.0
2026-07-09 15:00,8649.58,8652.79,8655.33,8648.33,4848584.0,12226245365.0
2026-07-10 09:35,8672.36,8689.96,8694.68,8663.4,22859959.0,74765640448.0
2026-07-10 09:40,8688.9,8736.3,8737.16,8675.84,12692763.0,41775118080.0
2026-07-10 09:45,8736.16,8740.07,8748.28,8723.65,11284786.0,33162887680.0
2026-07-10 09:50,8740.98,8752.32,8758.58,8720.34,9827278.0,27896614400.0
2026-07-10 09:55,8752.23,8782.34,8782.34,8751.66,8387097.0,23641599392.0
2026-07-10 10:00,8782.43,8730.72,8783.25,8729.98,8343665.0,24560397568.0
2026-07-10 10:05,8729.72,8698.85,8744.29,8698.63,11102053.0,29348956928.0
2026-07-10 10:10,8698.2,8713.14,8727.53,8696.53,9460151.0,24659722752.0
2026-07-10 10:15,8713.54,8720.62,8720.74,8678.96,7605130.0,22095373104.0
2026-07-10 10:20,8718.4,8734.89,8745.42,8718.4,6549316.0,17781347136.0
2026-07-10 10:25,8738.59,8736.48,8738.88,8721.59,5395476.0,13144966064.0
2026-07-10 10:30,8737.51,8742.16,8753.43,8728.25,4613039.0,13105834064.0
2026-07-10 10:35,8743.0,8729.46,8749.05,8712.57,5010578.0,13712752816.0
2026-07-10 10:40,8726.9,8723.82,8731.51,8705.3,4261592.0,12738213264.0
2026-07-10 10:45,8725.01,8726.8,8736.25,8716.56,4566059.0,11389928816.0
2026-07-10 10:50,8726.47,8722.19,8726.47,8711.13,3808975.0,10825074704.0
2026-07-10 10:55,8722.71,8721.68,8737.22,8716.75,3660428.0,8580209376.0
2026-07-10 11:00,8721.29,8742.96,8752.62,8713.31,2889812.0,8403206224.0
2026-07-10 11:05,8742.84,8721.09,8743.47,8719.74,2787726.0,7169781808.0
2026-07-10 11:10,8722.08,8733.1,8737.19,8717.76,3130167.0,7224577952.0
2026-07-10 11:15,8732.89,8717.65,8739.86,8717.65,2402352.0,7132893152.0
2026-07-10 11:20,8718.12,8724.41,8734.21,8718.12,1986399.0,5447579920.0
2026-07-10 11:25,8723.83,8715.64,8733.58,8715.64,2856736.0,6435382992.0
2026-07-10 11:30,8714.64,8727.56,8727.74,8700.95,2501184.0,7313059840.0
2026-07-10 13:05,8733.28,8719.86,8738.29,8717.66,7893814.0,21536805968.0
2026-07-10 13:10,8718.65,8746.76,8746.76,8714.66,4300116.0,11860785840.0
2026-07-10 13:15,8747.31,8754.92,8764.66,8747.31,3513347.0,9774599152.0
2026-07-10 13:20,8753.97,8750.65,8763.23,8748.16,3013067.0,8716569216.0
2026-07-10 13:25,8751.93,8756.97,8759.81,8744.65,3159404.0,8725909536.0
2026-07-10 13:30,8757.27,8754.74,8759.34,8747.98,3067668.0,9257051680.0
2026-07-10 13:35,8755.11,8736.12,8763.66,8736.12,3048524.0,8277323856.0
2026-07-10 13:40,8735.77,8692.21,8736.29,8692.21,4656678.0,11048513712.0
2026-07-10 13:45,8690.48,8678.82,8703.27,8678.0,4091635.0,9735980720.0
2026-07-10 13:50,8678.09,8672.26,8678.09,8653.85,4214466.0,10739626768.0
2026-07-10 13:55,8671.75,8684.14,8686.86,8669.17,3038082.0,7397484256.0
2026-07-10 14:00,8684.39,8647.4,8684.39,8647.4,3046888.0,7801311360.0
2026-07-10 14:05,8646.4,8645.89,8646.4,8626.78,3677017.0,10198203040.0
2026-07-10 14:10,8645.94,8604.3,8647.07,8602.21,3169492.0,10098361008.0
2026-07-10 14:15,8604.24,8606.01,8620.77,8598.37,3642345.0,11170677984.0
2026-07-10 14:20,8607.55,8655.88,8655.95,8607.55,2545562.0,7892784320.0
2026-07-10 14:25,8656.57,8627.8,8656.57,8624.24,2091308.0,6731310624.0
2026-07-10 14:30,8627.49,8602.01,8627.49,8602.01,2235287.0,7161143136.0
2026-07-10 14:35,8601.18,8587.05,8604.76,8575.59,3497273.0,10275920272.0
2026-07-10 14:40,8586.77,8567.53,8592.59,8565.45,2965619.0,9362038448.0
2026-07-10 14:45,8567.53,8537.39,8567.53,8535.05,4266742.0,13604040320.0
2026-07-10 14:50,8535.57,8530.01,8560.59,8529.21,4558246.0,13266237008.0
2026-07-10 14:55,8529.68,8512.79,8537.68,8512.52,6960291.0,18714413632.0
2026-07-10 15:00,8511.96,8503.97,8512.33,8503.24,6778796.0,17747338560.0
2026-07-13 09:35,8409.14,8428.51,8457.69,8408.58,24908425.0,67727707392.0
2026-07-13 09:40,8426.17,8391.35,8426.17,8382.82,14314167.0,39215868416.0
2026-07-13 09:45,8390.87,8417.74,8420.83,8365.65,11749267.0,30321398272.0
2026-07-13 09:50,8418.82,8360.79,8429.53,8360.38,8975577.0,25597134592.0
2026-07-13 09:55,8363.29,8358.21,8377.65,8349.23,8302814.0,22171330496.0
2026-07-13 10:00,8358.82,8320.18,8358.88,8315.51,7273510.0,20599556944.0
2026-07-13 10:05,8318.84,8343.47,8343.47,8294.88,7563403.0,20327036352.0
2026-07-13 10:10,8339.8,8331.28,8347.63,8308.84,6272591.0,14415153920.0
2026-07-13 10:15,8331.11,8354.01,8354.48,8316.7,5120659.0,12209674960.0
2026-07-13 10:20,8351.81,8320.62,8355.12,8319.68,4562027.0,11307107600.0
2026-07-13 10:25,8319.67,8341.9,8342.59,8313.57,4211782.0,10070133408.0
2026-07-13 10:30,8342.32,8364.89,8368.28,8332.31,3622640.0,9223315840.0
2026-07-13 10:35,8363.98,8329.48,8366.02,8327.07,4659608.0,9355236080.0
2026-07-13 10:40,8329.3,8296.16,8342.53,8296.16,4022174.0,9699308256.0
2026-07-13 10:45,8296.62,8275.0,8298.15,8275.0,3788982.0,9135076112.0
2026-07-13 10:50,8274.93,8275.36,8294.24,8272.17,2872589.0,7856055616.0
2026-07-13 10:55,8272.8,8277.43,8283.23,8264.48,2781928.0,7901859584.0
2026-07-13 11:00,8278.67,8264.83,8283.99,8261.58,2644714.0,6512159936.0
2026-07-13 11:05,8264.51,8240.84,8269.04,8240.84,2887156.0,7732962128.0
2026-07-13 11:10,8241.75,8226.45,8244.27,8224.21,3088628.0,9464805744.0
2026-07-13 11:15,8227.95,8216.9,8229.37,8211.99,3379701.0,9546377136.0
2026-07-13 11:20,8217.26,8244.29,8262.2,8217.26,3166498.0,7685498640.0
2026-07-13 11:25,8243.79,8238.29,8249.62,8226.47,2686254.0,6977917184.0
2026-07-13 11:30,8244.7,8233.65,8246.75,8230.93,2544594.0,6530317568.0
2026-07-13 13:05,8231.31,8233.68,8233.68,8201.14,4817104.0,12442569600.0
2026-07-13 13:10,8233.25,8214.77,8237.32,8205.19,2660332.0,6683123632.0
2026-07-13 13:15,8215.41,8193.47,8227.65,8193.47,2427004.0,6155392384.0
2026-07-13 13:20,8195.31,8171.38,8199.47,8160.23,3737931.0,9815985328.0
2026-07-13 13:25,8172.16,8145.14,8173.27,8140.35,3647626.0,9589262480.0
2026-07-13 13:30,8145.11,8149.86,8158.31,8131.96,3470227.0,8520425664.0
2026-07-13 13:35,8152.4,8237.23,8237.53,8152.4,4033765.0,9621649600.0
2026-07-13 13:40,8236.67,8253.92,8260.94,8214.51,3281867.0,8641641264.0
2026-07-13 13:45,8252.67,8224.74,8264.89,8219.96,3154349.0,7691094528.0
2026-07-13 13:50,8225.05,8179.09,8225.69,8177.15,2916485.0,6064642576.0
2026-07-13 13:55,8180.17,8209.51,8233.84,8180.17,2313998.0,5476167520.0
2026-07-13 14:00,8209.87,8197.32,8213.04,8184.74,2114979.0,5462111632.0
2026-07-13 14:05,8197.17,8183.44,8197.17,8180.94,2151268.0,5082068720.0
2026-07-13 14:10,8186.47,8149.85,8188.1,8145.62,2952988.0,7056235488.0
2026-07-13 14:15,8151.99,8139.88,8160.32,8138.89,2703579.0,6487128064.0
2026-07-13 14:20,8141.16,8144.08,8157.93,8135.86,2614784.0,6381370480.0
2026-07-13 14:25,8142.66,8130.21,8146.78,8128.1,2456204.0,6633862064.0
2026-07-13 14:30,8130.92,8137.97,8145.36,8127.74,3132801.0,7653053264.0
2026-07-13 14:35,8139.71,8124.84,8139.81,8106.27,4098114.0,9665178352.0
2026-07-13 14:40,8124.6,8130.62,8159.58,8122.93,3235160.0,7973033360.0
2026-07-13 14:45,8130.65,8133.97,8139.03,8113.4,3613127.0,8318590032.0
2026-07-13 14:50,8133.93,8163.36,8178.42,8133.93,4250153.0,9823838768.0
2026-07-13 14:55,8162.87,8126.64,8162.87,8126.64,4554678.0,10620469232.0
2026-07-13 15:00,8125.6,8138.14,8138.14,8124.52,4299420.0,9533876230.0
2026-07-14 09:35,8135.04,8086.19,8147.63,8086.19,19190202.0,47491996080.0
2026-07-14 09:40,8085.21,8083.99,8136.18,8083.99,13245322.0,31630832384.0
2026-07-14 09:45,8080.01,8091.18,8092.45,8049.32,11396437.0,27210653536.0
2026-07-14 09:50,8090.31,8089.45,8094.24,8059.64,9602740.0,20071259664.0
2026-07-14 09:55,8089.86,8146.67,8148.36,8079.72,7105763.0,18597926064.0
2026-07-14 10:00,8144.74,8118.86,8147.34,8118.8,4916479.0,14161501152.0
2026-07-14 10:05,8117.9,8118.32,8123.82,8098.45,5122465.0,13647130336.0
2026-07-14 10:10,8119.46,8088.33,8125.47,8088.33,4229769.0,12469833280.0
2026-07-14 10:15,8087.77,8122.06,8122.43,8078.65,4269085.0,11429056016.0
2026-07-14 10:20,8123.33,8166.82,8167.54,8114.6,3749492.0,10588397520.0
2026-07-14 10:25,8167.38,8138.66,8171.23,8138.66,4458275.0,12380897424.0
2026-07-14 10:30,8138.09,8114.15,8139.15,8099.93,3457819.0,10289696208.0
2026-07-14 10:35,8116.38,8107.62,8137.86,8107.62,3495541.0,8436683648.0
2026-07-14 10:40,8105.1,8100.42,8105.1,8084.12,2987512.0,8992404704.0
2026-07-14 10:45,8101.41,8082.97,8111.3,8082.97,2820935.0,7397327312.0
2026-07-14 10:50,8083.0,8045.77,8087.41,8044.71,3735485.0,11053946848.0
2026-07-14 10:55,8045.85,8052.87,8066.66,8032.87,3829943.0,10503436400.0
2026-07-14 11:00,8052.58,8037.33,8061.78,8032.79,3906575.0,9510554864.0
2026-07-14 11:05,8037.01,8033.58,8054.42,8030.75,3082851.0,7835944512.0
2026-07-14 11:10,8032.97,8008.38,8041.4,8001.71,3577173.0,10365059040.0
2026-07-14 11:15,8007.58,7982.03,8007.58,7964.92,4078075.0,11375853424.0
2026-07-14 11:20,7984.0,7988.06,8011.33,7975.73,3283806.0,8316873664.0
2026-07-14 11:25,7988.8,7967.05,7988.8,7955.31,2641985.0,7609625600.0
2026-07-14 11:30,7966.71,8024.59,8024.79,7964.94,2442170.0,6662191392.0
2026-07-14 13:05,8050.46,8176.44,8176.44,8050.46,6719107.0,19494244848.0
2026-07-14 13:10,8174.79,8215.9,8215.9,8167.72,4190583.0,14758869392.0
2026-07-14 13:15,8216.51,8194.91,8229.0,8186.25,4184290.0,13646845280.0
2026-07-14 13:20,8194.2,8158.33,8210.07,8153.55,3188884.0,10095368176.0
2026-07-14 13:25,8159.29,8211.86,8213.9,8159.29,2782990.0,9346700688.0
2026-07-14 13:30,8211.49,8240.91,8240.91,8202.3,3353978.0,10853913536.0
2026-07-14 13:35,8242.18,8237.1,8273.98,8233.95,4586777.0,13539892288.0
2026-07-14 13:40,8237.76,8221.5,8247.61,8217.72,3039788.0,8751371616.0
2026-07-14 13:45,8222.25,8216.76,8222.25,8191.56,3072767.0,8834097328.0
2026-07-14 13:50,8215.07,8194.86,8215.07,8178.24,2843424.0,6989413792.0
2026-07-14 13:55,8193.86,8169.07,8193.86,8150.64,2498073.0,6615500144.0
2026-07-14 14:00,8166.69,8176.37,8191.52,8163.32,3165074.0,6363220992.0
2026-07-14 14:05,8175.84,8192.38,8192.38,8170.06,3730381.0,6005885808.0
2026-07-14 14:10,8193.76,8193.57,8212.86,8192.85,2896840.0,6094868064.0
2026-07-14 14:15,8193.5,8219.39,8219.39,8193.33,2291137.0,5549578848.0
2026-07-14 14:20,8219.86,8205.34,8219.86,8205.34,2653224.0,5980589088.0
2026-07-14 14:25,8205.02,8193.49,8205.02,8180.59,2421929.0,5969599408.0
2026-07-14 14:30,8194.65,8209.29,8212.2,8192.96,2376570.0,5283082512.0
2026-07-14 14:35,8209.49,8251.88,8253.41,8207.29,3527966.0,8472374320.0
2026-07-14 14:40,8248.89,8264.14,8264.14,8244.92,3017892.0,8300441040.0
2026-07-14 14:45,8265.04,8251.76,8265.84,8244.13,3950163.0,9580801200.0
2026-07-14 14:50,8252.75,8271.89,8272.15,8249.25,4381164.0,10039297792.0
2026-07-14 14:55,8269.93,8271.86,8272.07,8261.95,5343519.0,12630845680.0
2026-07-14 15:00,8272.29,8275.94,8275.96,8269.49,4998670.0,11716633193.0
2026-07-15 09:35,8294.14,8260.61,8303.14,8260.36,22284356.0,64676815104.0
2026-07-15 09:40,8260.15,8226.09,8261.54,8218.07,15538133.0,37639284480.0
2026-07-15 09:45,8226.5,8249.08,8249.08,8194.53,11752947.0,29424068608.0
2026-07-15 09:50,8246.27,8288.47,8301.83,8242.49,9549911.0,24832005808.0
2026-07-15 09:55,8289.13,8247.88,8295.3,8245.01,8284298.0,18232043328.0
2026-07-15 10:00,8250.74,8268.82,8274.96,8245.51,6812134.0,14666316736.0
2026-07-15 10:05,8269.67,8282.91,8305.27,8264.21,5596468.0,13120332144.0
2026-07-15 10:10,8280.0,8239.56,8280.0,8239.56,5053937.0,12463009056.0
2026-07-15 10:15,8238.87,8248.95,8251.69,8221.4,5261680.0,13625493472.0
2026-07-15 10:20,8249.55,8244.34,8270.5,8244.34,4542169.0,9886819648.0
2026-07-15 10:25,8248.43,8292.51,8292.51,8248.43,3786830.0,9833023360.0
2026-07-15 10:30,8292.91,8293.14,8301.25,8279.43,3265215.0,9197883728.0
2026-07-15 10:35,8294.01,8281.34,8304.79,8266.84,3873252.0,9351246272.0
2026-07-15 10:40,8278.25,8252.99,8278.25,8252.99,3503139.0,8614726784.0
2026-07-15 10:45,8253.15,8245.94,8267.02,8239.27,3506883.0,8088997056.0
2026-07-15 10:50,8246.37,8233.06,8264.01,8233.06,3211801.0,7947429440.0
2026-07-15 10:55,8232.57,8222.07,8235.6,8219.24,2850996.0,8252425888.0
2026-07-15 11:00,8222.58,8210.59,8229.91,8210.59,2894777.0,6142066624.0
2026-07-15 11:05,8210.7,8197.81,8210.7,8194.1,2922927.0,7153745344.0
2026-07-15 11:10,8198.17,8208.84,8208.84,8188.55,2447597.0,6555072592.0
2026-07-15 11:15,8208.6,8222.55,8224.41,8198.43,2170489.0,5517298080.0
2026-07-15 11:20,8222.66,8183.76,8223.06,8181.47,2418420.0,6235869152.0
2026-07-15 11:25,8183.82,8168.42,8183.82,8165.35,2621612.0,6910173488.0
2026-07-15 11:30,8168.6,8205.12,8205.95,8168.6,2634904.0,6076294480.0
2026-07-15 13:05,8208.65,8171.73,8212.13,8171.73,4584888.0,11045806480.0
2026-07-15 13:10,8171.67,8161.91,8175.41,8151.44,3069495.0,8006436784.0
2026-07-15 13:15,8162.12,8145.56,8167.05,8135.2,4092515.0,8725892224.0
2026-07-15 13:20,8145.83,8192.44,8196.29,8145.55,2833851.0,6913775776.0
2026-07-15 13:25,8193.29,8203.37,8206.84,8173.83,2289010.0,5781487376.0
2026-07-15 13:30,8201.09,8223.52,8232.47,8201.09,3013070.0,7502878240.0
2026-07-15 13:35,8224.48,8202.08,8234.11,8202.08,2482350.0,6369233456.0
2026-07-15 13:40,8200.91,8195.69,8211.03,8191.15,2852028.0,5896619952.0
2026-07-15 13:45,8196.39,8218.37,8232.89,8196.39,2652844.0,5841255600.0
2026-07-15 13:50,8218.43,8181.2,8218.43,8180.34,2867840.0,6122051568.0
2026-07-15 13:55,8182.17,8194.86,8195.58,8181.27,2266428.0,4546554400.0
2026-07-15 14:00,8194.0,8170.67,8194.0,8167.21,2022900.0,4589032256.0
2026-07-15 14:05,8170.27,8155.12,8170.27,8154.3,2494553.0,5420244448.0
2026-07-15 14:10,8156.2,8145.18,8157.85,8145.18,2102994.0,4886596464.0
2026-07-15 14:15,8144.03,8153.4,8157.38,8139.34,2271756.0,5534110208.0
2026-07-15 14:20,8152.95,8138.6,8158.09,8138.6,2056854.0,5013210752.0
2026-07-15 14:25,8139.1,8129.3,8139.25,8125.79,2418051.0,6468015824.0
2026-07-15 14:30,8129.22,8142.17,8155.44,8129.22,3233604.0,6316933184.0
2026-07-15 14:35,8141.88,8128.48,8146.82,8117.46,3354923.0,8440676192.0
2026-07-15 14:40,8128.61,8132.88,8141.0,8125.5,2852774.0,7268089920.0
2026-07-15 14:45,8133.62,8160.35,8160.6,8129.22,3597126.0,8684734432.0
2026-07-15 14:50,8160.02,8141.91,8169.71,8133.94,3872748.0,9100348400.0
2026-07-15 14:55,8141.52,8146.43,8159.95,8139.79,4742457.0,10501499296.0
2026-07-15 15:00,8146.63,8147.58,8147.87,8143.8,4305589.0,9170848669.0
2026-07-16 09:35,8006.45,7943.25,8023.29,7941.77,21817705.0,58042864896.0
2026-07-16 09:40,7944.12,8011.89,8023.08,7944.12,13354282.0,31311688448.0
2026-07-16 09:45,8007.88,8046.59,8046.59,7999.61,10700070.0,24668042496.0
2026-07-16 09:50,8045.1,8069.73,8069.91,8043.77,7445928.0,17936626608.0
2026-07-16 09:55,8068.23,8060.31,8071.53,8041.63,5985684.0,14707152240.0
2026-07-16 10:00,8060.36,8112.17,8124.39,8060.36,6188164.0,14755352192.0
2026-07-16 10:05,8111.67,8095.87,8111.67,8086.92,4726486.0,11632093440.0
2026-07-16 10:10,8094.79,8140.48,8140.48,8086.76,3725543.0,9723087104.0
2026-07-16 10:15,8139.53,8113.16,8141.23,8108.29,3943580.0,10445362688.0
2026-07-16 10:20,8113.47,8134.27,8148.04,8113.47,3243733.0,9431368688.0
2026-07-16 10:25,8133.85,8110.72,8145.0,8107.21,3720569.0,9468056976.0
2026-07-16 10:30,8112.14,8116.43,8126.28,8104.82,4483890.0,9920174176.0
2026-07-16 10:35,8116.02,8103.96,8116.26,8090.12,4568538.0,10747160064.0
2026-07-16 10:40,8106.71,8076.68,8107.69,8076.42,3624953.0,9043906560.0
2026-07-16 10:45,8075.65,8121.22,8121.22,8067.79,3443535.0,8571162448.0
2026-07-16 10:50,8121.93,8134.69,8139.18,8116.72,3533923.0,8296829616.0
2026-07-16 10:55,8135.12,8131.1,8147.59,8125.29,2733572.0,6979114816.0
2026-07-16 11:00,8129.2,8121.49,8132.0,8115.88,2112975.0,5003702656.0
2026-07-16 11:05,8121.2,8102.07,8126.67,8102.07,1835389.0,4468430512.0
2026-07-16 11:10,8103.0,8101.38,8115.21,8095.34,2212361.0,4448928400.0
2026-07-16 11:15,8101.56,8082.67,8103.86,8082.67,1999290.0,4495703744.0
2026-07-16 11:20,8082.67,8062.24,8091.09,8062.24,2147475.0,4889624288.0
2026-07-16 11:25,8061.73,8045.45,8067.46,8044.66,2268410.0,5430971920.0
2026-07-16 11:30,8046.48,8083.77,8085.87,8046.48,1654363.0,4038904512.0
2026-07-16 13:05,8084.9,8077.11,8085.88,8057.65,3174664.0,7849071616.0
2026-07-16 13:10,8078.76,8051.57,8086.98,8051.57,2215152.0,5302294336.0
2026-07-16 13:15,8050.74,8067.7,8068.67,8039.96,2670087.0,6207777824.0
2026-07-16 13:20,8067.95,8083.81,8087.33,8050.42,2218245.0,5784804608.0
2026-07-16 13:25,8083.93,8053.95,8095.69,8053.95,2256123.0,5321106000.0
2026-07-16 13:30,8052.6,8039.92,8052.98,8036.9,2599288.0,6505181712.0
2026-07-16 13:35,8039.14,8028.94,8039.14,8017.71,2749569.0,7078008512.0
2026-07-16 13:40,8028.48,8004.99,8028.48,7999.72,2869272.0,6933625072.0
2026-07-16 13:45,8004.79,8007.68,8016.31,7998.16,2489348.0,6300356224.0
2026-07-16 13:50,8009.3,7989.33,8012.16,7987.08,2405575.0,6684701392.0
2026-07-16 13:55,7988.69,7988.66,8017.36,7987.6,2597945.0,6567381104.0
2026-07-16 14:00,7989.58,7996.62,7998.16,7987.96,2330585.0,5482423408.0
2026-07-16 14:05,7996.24,7991.25,8008.27,7979.77,2745837.0,6498167328.0
2026-07-16 14:10,7992.46,7986.41,8019.69,7986.3,2373338.0,5993128784.0
2026-07-16 14:15,7986.41,7969.38,7992.35,7968.0,2283388.0,5871754896.0
2026-07-16 14:20,7968.69,7961.39,7968.69,7960.98,2259605.0,6062202448.0
2026-07-16 14:25,7961.24,7962.61,7974.12,7953.68,2840711.0,7428906688.0
2026-07-16 14:30,7962.39,7961.93,7972.49,7956.74,2500508.0,6171120624.0
2026-07-16 14:35,7961.65,7935.4,7963.03,7935.4,3922938.0,8630285232.0
2026-07-16 14:40,7934.65,7931.46,7939.15,7918.94,4055326.0,10112055856.0
2026-07-16 14:45,7932.8,7925.51,7948.57,7923.53,3789473.0,9562437520.0
2026-07-16 14:50,7925.41,7907.13,7930.5,7907.1,4531872.0,11623215296.0
2026-07-16 14:55,7909.02,7940.51,7944.61,7907.45,5550520.0,12756907040.0
2026-07-16 15:00,7940.74,7955.66,7955.66,7940.74,4210815.0,9424018358.0
2026-07-17 09:35,7900.1,7795.3,7908.74,7788.22,20744432.0,52312504256.0
2026-07-17 09:40,7796.32,7821.61,7823.59,7773.79,14330094.0,35091789312.0
2026-07-17 09:45,7817.53,7792.08,7828.59,7791.96,9764587.0,23005702976.0
2026-07-17 09:50,7791.87,7780.88,7791.87,7751.11,11023767.0,22828457088.0
2026-07-17 09:55,7781.32,7827.92,7831.8,7771.95,8996905.0,17773079712.0
2026-07-17 10:00,7825.84,7821.53,7847.59,7815.88,6607416.0,15475201968.0
2026-07-17 10:05,7821.68,7830.91,7830.91,7783.36,6423453.0,13917769456.0
2026-07-17 10:10,7830.44,7785.83,7830.64,7785.83,4709099.0,10366178528.0
2026-07-17 10:15,7785.77,7786.1,7793.46,7761.05,4802311.0,9878112800.0
2026-07-17 10:20,7785.82,7787.74,7815.61,7769.93,4072029.0,8611094032.0
2026-07-17 10:25,7788.34,7766.75,7788.34,7748.65,3860423.0,8225483664.0
2026-07-17 10:30,7767.16,7743.94,7767.5,7739.49,3497226.0,7768341888.0
2026-07-17 10:35,7742.84,7719.27,7742.84,7719.27,5412066.0,9764674048.0
2026-07-17 10:40,7720.01,7727.64,7728.62,7700.4,5317165.0,9783129392.0
2026-07-17 10:45,7727.54,7696.52,7737.74,7696.52,4688413.0,8438921840.0
2026-07-17 10:50,7696.63,7670.99,7716.45,7668.1,4777368.0,9254520576.0
2026-07-17 10:55,7670.22,7672.15,7690.33,7668.66,3411075.0,7632822880.0
2026-07-17 11:00,7674.05,7708.94,7723.14,7674.05,3169212.0,6974293728.0
2026-07-17 11:05,7709.47,7770.06,7775.7,7709.47,3303402.0,7914296064.0
2026-07-17 11:10,7771.09,7736.96,7772.35,7736.14,3273372.0,6879400816.0
2026-07-17 11:15,7738.67,7723.32,7738.67,7705.74,2680331.0,5674274992.0
2026-07-17 11:20,7724.28,7694.94,7738.16,7690.12,2473113.0,5237585040.0
2026-07-17 11:25,7694.71,7687.9,7702.92,7685.51,2281233.0,5094517936.0
2026-07-17 11:30,7688.35,7691.88,7701.33,7683.73,2138542.0,4617735184.0
2026-07-17 13:05,7688.74,7644.71,7688.74,7643.74,5178753.0,10171820528.0
2026-07-17 13:10,7645.35,7630.48,7647.98,7617.89,3203526.0,7698055152.0
2026-07-17 13:15,7633.3,7615.74,7647.38,7613.0,3449407.0,8034843856.0
2026-07-17 13:20,7616.03,7591.15,7619.15,7591.15,3351689.0,8185744144.0
2026-07-17 13:25,7589.89,7573.8,7592.47,7571.84,4825182.0,9274564736.0
2026-07-17 13:30,7572.97,7594.22,7613.47,7564.2,4469849.0,8108250528.0
2026-07-17 13:35,7595.8,7565.62,7608.31,7563.58,3107942.0,6529945216.0
2026-07-17 13:40,7565.74,7518.5,7565.74,7518.5,5379863.0,9968051728.0
2026-07-17 13:45,7518.05,7489.17,7528.62,7488.88,5114551.0,11026710496.0
2026-07-17 13:50,7488.65,7530.09,7530.25,7474.15,6225661.0,11411595200.0
2026-07-17 13:55,7532.88,7522.0,7548.67,7505.67,3625246.0,7261872528.0
2026-07-17 14:00,7523.53,7578.76,7589.57,7508.0,3651761.0,7273356144.0
2026-07-17 14:05,7579.11,7628.48,7653.25,7577.78,4628035.0,10181800816.0
2026-07-17 14:10,7629.42,7650.98,7655.2,7608.4,3072946.0,6761165120.0
2026-07-17 14:15,7650.4,7695.58,7703.73,7650.4,4076408.0,9867988048.0
2026-07-17 14:20,7697.13,7637.67,7700.37,7636.25,2771529.0,7214588848.0
2026-07-17 14:25,7636.29,7648.45,7670.44,7633.95,2520198.0,5799682288.0
2026-07-17 14:30,7647.78,7626.95,7662.25,7626.64,2355148.0,4969084816.0
2026-07-17 14:35,7627.43,7638.16,7641.87,7620.97,2412908.0,5484198240.0
2026-07-17 14:40,7636.66,7588.11,7636.66,7586.98,2960402.0,6435169264.0
2026-07-17 14:45,7587.67,7559.93,7589.56,7557.67,3877755.0,8023809552.0
2026-07-17 14:50,7559.4,7541.51,7559.4,7539.79,4340504.0,8783962240.0
2026-07-17 14:55,7541.35,7513.42,7543.57,7511.87,5506432.0,11420420608.0
2026-07-17 15:00,7513.15,7513.76,7518.16,7512.01,4883013.0,9553230491.0
2026-07-20 09:35,7597.77,7613.67,7618.16,7551.86,24760660.0,58905468160.0
2026-07-20 09:40,7614.42,7592.87,7626.49,7592.55,12871411.0,28472465920.0
2026-07-20 09:45,7589.83,7589.69,7606.43,7555.29,11306092.0,24666904320.0
2026-07-20 09:50,7590.57,7541.32,7591.4,7539.51,9304477.0,19789542384.0
2026-07-20 09:55,7542.77,7491.65,7545.81,7491.02,9340701.0,21110284320.0
2026-07-20 10:00,7494.48,7567.24,7577.95,7494.48,9071842.0,17516582624.0
2026-07-20 10:05,7567.56,7598.71,7604.54,7549.85,6498654.0,13037035088.0
2026-07-20 10:10,7599.55,7551.31,7599.55,7543.44,6061890.0,11407194368.0
2026-07-20 10:15,7553.42,7512.79,7553.62,7511.7,6647202.0,13404990272.0
2026-07-20 10:20,7512.56,7480.46,7514.48,7463.03,5544635.0,13588553824.0
2026-07-20 10:25,7481.6,7455.85,7485.6,7438.33,5081165.0,12433611856.0
2026-07-20 10:30,7456.52,7444.22,7477.73,7444.22,5449569.0,10842435520.0
2026-07-20 10:35,7441.07,7409.86,7446.91,7409.86,6486971.0,14210870320.0
2026-07-20 10:40,7409.4,7444.51,7457.65,7405.06,5487797.0,12236286416.0
2026-07-20 10:45,7442.04,7481.67,7481.67,7434.74,3334593.0,7829251216.0
2026-07-20 10:50,7481.68,7529.12,7530.73,7481.68,4371323.0,10084934336.0
2026-07-20 10:55,7529.41,7503.97,7532.11,7503.97,2934713.0,7110663520.0
2026-07-20 11:00,7502.5,7558.02,7561.85,7501.93,3040366.0,6594253200.0
2026-07-20 11:05,7558.96,7587.63,7587.63,7558.8,3660571.0,8894226096.0
2026-07-20 11:10,7587.93,7561.75,7589.92,7546.94,2437430.0,6303531408.0
2026-07-20 11:15,7561.39,7535.65,7573.04,7534.6,2121164.0,4766298288.0
2026-07-20 11:20,7536.73,7513.34,7549.61,7512.24,2192847.0,4848328848.0
2026-07-20 11:25,7512.45,7505.13,7512.45,7486.12,2455475.0,4687069088.0
2026-07-20 11:30,7506.38,7493.45,7520.81,7489.02,2058042.0,4202115456.0
2026-07-20 13:05,7494.67,7478.17,7512.48,7460.5,4965957.0,9480866688.0
2026-07-20 13:10,7480.44,7469.63,7481.31,7450.8,2866393.0,6141830896.0
2026-07-20 13:15,7469.69,7446.32,7479.57,7444.66,3602650.0,6816728768.0
2026-07-20 13:20,7445.92,7443.86,7449.13,7417.9,3646161.0,7130518768.0
2026-07-20 13:25,7438.77,7413.18,7438.77,7410.89,3729418.0,6657524752.0
2026-07-20 13:30,7413.33,7392.79,7419.27,7392.04,3439739.0,7990433472.0
2026-07-20 13:35,7392.26,7369.84,7404.81,7366.83,4393538.0,9651338432.0
2026-07-20 13:40,7370.92,7324.88,7382.85,7324.88,5985430.0,10419027296.0
2026-07-20 13:45,7325.1,7296.38,7353.34,7296.38,5533212.0,9922297360.0
2026-07-20 13:50,7295.27,7325.81,7349.3,7273.58,6988179.0,11438380080.0
2026-07-20 13:55,7326.88,7289.72,7353.27,7288.6,3774352.0,7140572960.0
2026-07-20 14:00,7289.89,7288.36,7292.89,7271.24,4114041.0,7725330912.0
2026-07-20 14:05,7290.79,7374.4,7375.25,7283.38,3977786.0,7929516976.0
2026-07-20 14:10,7373.7,7314.98,7382.24,7314.98,3120346.0,6456945680.0
2026-07-20 14:15,7313.86,7328.95,7329.5,7311.21,2972735.0,5924217888.0
2026-07-20 14:20,7327.91,7330.1,7333.14,7312.79,2514089.0,5002197632.0
2026-07-20 14:25,7331.77,7280.5,7343.54,7280.5,3458843.0,6716317440.0
2026-07-20 14:30,7279.15,7296.6,7326.37,7277.63,3702325.0,7712394080.0
2026-07-20 14:35,7296.41,7272.36,7300.52,7253.52,4272471.0,9703373456.0
2026-07-20 14:40,7272.23,7275.27,7290.47,7260.74,4104015.0,9385138464.0
2026-07-20 14:45,7276.18,7353.41,7356.24,7276.04,5024950.0,10413415344.0
2026-07-20 14:50,7354.71,7383.4,7383.4,7354.71,4815956.0,10281776032.0
2026-07-20 14:55,7385.43,7403.92,7411.16,7385.39,5532230.0,11994088944.0
2026-07-20 15:00,7404.61,7411.31,7411.77,7404.61,4708895.0,8653128996.0
2026-07-21 09:35,7437.45,7443.09,7468.47,7398.28,24237269.0,53742667200.0
2026-07-21 09:40,7444.44,7459.7,7489.09,7430.85,13552321.0,31101918976.0
2026-07-21 09:45,7459.83,7436.95,7470.69,7436.95,12080102.0,25351287616.0
2026-07-21 09:50,7437.26,7427.87,7461.28,7427.53,12997359.0,24313570816.0
2026-07-21 09:55,7427.23,7392.96,7427.23,7389.75,10579234.0,22365731216.0
2026-07-21 10:00,7391.76,7358.34,7394.64,7333.59,8634289.0,19208369952.0
2026-07-21 10:05,7357.41,7307.65,7361.83,7307.65,9914732.0,19537540528.0
2026-07-21 10:10,7307.95,7274.68,7346.42,7274.61,9431419.0,17948956336.0
2026-07-21 10:15,7274.02,7331.39,7338.18,7270.95,8841329.0,16576093024.0
2026-07-21 10:20,7332.63,7312.84,7365.49,7310.69,5737590.0,11526299824.0
2026-07-21 10:25,7311.29,7420.81,7420.81,7309.51,7021489.0,13975080784.0
2026-07-21 10:30,7422.71,7434.62,7439.21,7400.39,5426575.0,12044487728.0
2026-07-21 10:35,7434.45,7467.84,7481.28,7434.44,5847092.0,13442963568.0
2026-07-21 10:40,7467.68,7522.71,7522.71,7465.23,6635766.0,16037478480.0
2026-07-21 10:45,7523.57,7470.34,7525.81,7465.11,4745285.0,11796347008.0
2026-07-21 10:50,7469.73,7557.77,7562.02,7469.42,4645717.0,11754184320.0
2026-07-21 10:55,7554.59,7553.45,7558.25,7520.38,5274337.0,13451618480.0
2026-07-21 11:00,7556.09,7571.1,7587.94,7556.09,4747202.0,13610094672.0
2026-07-21 11:05,7570.71,7616.41,7616.41,7570.71,6196263.0,15244449792.0
2026-07-21 11:10,7615.97,7644.15,7653.37,7606.56,6423997.0,17242096528.0
2026-07-21 11:15,7641.56,7613.94,7644.83,7611.0,4540197.0,12239171104.0
2026-07-21 11:20,7613.46,7615.18,7649.96,7613.46,2901254.0,8266246112.0
2026-07-21 11:25,7617.48,7645.37,7645.37,7610.9,2707467.0,7244738448.0
2026-07-21 11:30,7645.87,7680.63,7680.72,7645.68,3088611.0,8829929392.0
2026-07-21 13:05,7686.27,7705.38,7716.2,7686.27,6665678.0,18451315344.0
2026-07-21 13:10,7704.65,7697.31,7719.22,7682.37,4367404.0,11023777168.0
2026-07-21 13:15,7697.79,7688.66,7714.31,7687.62,3544019.0,8799911728.0
2026-07-21 13:20,7689.11,7666.45,7690.84,7660.07,3883324.0,9919804480.0
2026-07-21 13:25,7666.2,7668.99,7668.99,7641.99,3746417.0,8056739072.0
2026-07-21 13:30,7667.15,7684.39,7687.81,7660.69,2659222.0,6136751728.0
2026-07-21 13:35,7684.8,7657.65,7702.13,7657.5,2865988.0,6586839168.0
2026-07-21 13:40,7657.31,7680.15,7683.2,7657.01,2234492.0,5131892000.0
2026-07-21 13:45,7681.08,7694.19,7698.46,7681.08,1912061.0,5037208896.0
2026-07-21 13:50,7694.59,7707.88,7708.71,7688.46,2280293.0,5380758944.0
2026-07-21 13:55,7708.69,7729.2,7729.2,7707.52,2560826.0,6756592336.0
2026-07-21 14:00,7729.53,7706.0,7736.84,7705.27,2691200.0,6479921984.0
2026-07-21 14:05,7706.4,7737.08,7737.21,7706.4,2541510.0,5746987472.0
2026-07-21 14:10,7736.57,7751.9,7753.35,7734.37,2307702.0,6449435792.0
2026-07-21 14:15,7752.44,7754.98,7758.2,7738.07,2771933.0,6717773808.0
2026-07-21 14:20,7754.45,7763.72,7767.52,7754.45,2855479.0,6924423856.0
2026-07-21 14:25,7764.26,7764.82,7767.95,7757.43,2801553.0,6462117760.0
2026-07-21 14:30,7765.03,7751.67,7765.73,7740.74,3451586.0,6938125200.0
2026-07-21 14:35,7752.23,7776.23,7776.23,7752.23,3735945.0,7606470432.0
2026-07-21 14:40,7776.67,7784.33,7784.94,7773.32,3436960.0,8083177392.0
2026-07-21 14:45,7783.91,7800.38,7800.38,7782.38,4008373.0,8443613792.0
2026-07-21 14:50,7800.8,7789.67,7800.8,7782.93,4458556.0,9159201216.0
2026-07-21 14:55,7788.77,7799.85,7800.0,7787.23,5176757.0,9980796624.0
2026-07-21 15:00,7798.94,7800.61,7802.75,7798.94,5217278.0,9830267418.0
2026-07-22 09:35,7741.91,7815.26,7815.26,7741.91,22581348.0,66245714432.0
2026-07-22 09:40,7815.3,7818.29,7850.13,7810.55,15170232.0,39009745664.0
2026-07-22 09:45,7818.78,7811.37,7818.78,7783.02,12590302.0,32969920256.0
2026-07-22 09:50,7812.22,7826.87,7847.13,7812.22,9413665.0,24465583360.0
2026-07-22 09:55,7824.02,7805.84,7853.28,7803.53,9003112.0,22366463936.0
2026-07-22 10:00,7805.27,7841.96,7842.09,7798.93,9090478.0,19992771392.0
2026-07-22 10:05,7842.25,7840.39,7849.52,7818.77,6807236.0,15608384928.0
2026-07-22 10:10,7839.58,7832.75,7841.53,7824.64,6084876.0,14514490256.0
2026-07-22 10:15,7834.39,7832.15,7845.56,7828.69,5545703.0,12730289232.0
2026-07-22 10:20,7832.55,7867.62,7871.93,7832.55,5812343.0,14220642960.0
2026-07-22 10:25,7867.71,7868.01,7889.44,7860.5,5392710.0,14156883936.0
2026-07-22 10:30,7869.61,7883.92,7883.92,7863.58,3922307.0,10489108848.0
2026-07-22 10:35,7882.1,7852.29,7882.5,7849.56,5769727.0,12868500528.0
2026-07-22 10:40,7852.45,7844.72,7860.65,7829.3,4540077.0,10921151072.0
2026-07-22 10:45,7840.62,7819.88,7845.61,7801.65,4920906.0,11529258960.0
2026-07-22 10:50,7819.2,7832.12,7833.97,7816.78,3508097.0,7980789344.0
2026-07-22 10:55,7832.55,7850.59,7852.39,7827.08,3102006.0,7189194640.0
2026-07-22 11:00,7850.43,7830.0,7850.43,7828.04,2441666.0,6247944720.0
2026-07-22 11:05,7827.29,7801.33,7827.45,7800.01,3961995.0,7813899920.0
2026-07-22 11:10,7800.85,7803.6,7806.15,7786.34,4010446.0,8256191040.0
2026-07-22 11:15,7802.87,7826.44,7831.19,7802.87,2970508.0,6912620720.0
2026-07-22 11:20,7827.13,7845.93,7848.57,7827.13,2667093.0,6751317808.0
2026-07-22 11:25,7845.87,7864.83,7866.7,7845.87,2714272.0,7007450016.0
2026-07-22 11:30,7864.95,7883.45,7885.6,7864.7,2716828.0,7539568848.0
2026-07-22 13:05,7882.44,7835.76,7882.44,7835.76,4462888.0,12922476896.0
2026-07-22 13:10,7834.18,7822.92,7845.27,7821.09,2387301.0,6602001600.0
2026-07-22 13:15,7822.82,7817.96,7822.92,7808.76,2040505.0,6248427344.0
2026-07-22 13:20,7818.09,7806.61,7818.09,7785.19,2808419.0,8308412528.0
2026-07-22 13:25,7805.28,7780.05,7805.28,7778.42,3059940.0,7741394672.0
2026-07-22 13:30,7781.23,7774.8,7788.85,7765.28,4031843.0,10344970464.0
2026-07-22 13:35,7773.8,7779.56,7779.56,7750.32,3683251.0,10052365984.0
2026-07-22 13:40,7779.73,7772.97,7796.66,7769.07,3154342.0,7658512128.0
2026-07-22 13:45,7772.05,7775.96,7785.42,7761.16,2518901.0,5738026976.0
2026-07-22 13:50,7777.2,7778.06,7793.09,7772.75,1991201.0,5090871280.0
2026-07-22 13:55,7777.76,7761.17,7783.93,7761.17,2202703.0,5089830432.0
2026-07-22 14:00,7760.5,7742.41,7760.5,7735.79,2773989.0,6952804784.0
2026-07-22 14:05,7743.24,7738.78,7760.7,7738.1,3357076.0,6528871824.0
2026-07-22 14:10,7738.31,7717.36,7738.31,7713.39,4433015.0,8669655472.0
2026-07-22 14:15,7716.99,7715.54,7716.99,7701.22,3282543.0,7495897296.0
2026-07-22 14:20,7717.44,7743.87,7757.61,7713.49,2436550.0,6271181344.0
2026-07-22 14:25,7745.05,7785.81,7788.7,7745.05,2237096.0,6229947952.0
2026-07-22 14:30,7785.47,7742.92,7785.47,7742.92,2104307.0,4938221920.0
2026-07-22 14:35,7742.93,7759.81,7779.86,7738.05,3138348.0,6484936864.0
2026-07-22 14:40,7763.28,7754.8,7764.36,7747.13,2599699.0,5685264816.0
2026-07-22 14:45,7753.67,7756.49,7770.58,7750.22,3217562.0,6888381648.0
2026-07-22 14:50,7756.46,7750.76,7760.94,7745.93,3972186.0,8461174048.0
2026-07-22 14:55,7749.63,7754.82,7760.85,7749.63,5009479.0,10529380416.0
2026-07-22 15:00,7754.74,7751.66,7755.81,7751.45,5106208.0,10359010872.0
2026-07-23 09:35,7750.85,7753.32,7760.05,7716.86,18485259.0,45683457824.0
2026-07-23 09:40,7752.99,7747.91,7780.78,7742.78,12865949.0,28460278272.0
2026-07-23 09:45,7746.51,7755.45,7763.05,7721.0,8836797.0,22566856048.0
2026-07-23 09:50,7757.89,7751.96,7762.89,7732.49,7548777.0,18865153904.0
2026-07-23 09:55,7749.04,7786.05,7795.35,7736.45,6338563.0,16445750640.0
2026-07-23 10:00,7786.0,7745.76,7786.23,7745.76,5520271.0,13783014736.0
2026-07-23 10:05,7745.32,7729.28,7745.32,7715.22,7540250.0,16324454400.0
2026-07-23 10:10,7731.85,7736.45,7744.66,7715.0,5788909.0,13880738464.0
2026-07-23 10:15,7737.07,7734.34,7753.51,7732.25,5079171.0,11446575936.0
2026-07-23 10:20,7734.62,7725.87,7736.94,7710.12,5124747.0,11595770880.0
2026-07-23 10:25,7725.36,7714.86,7747.4,7713.73,5231585.0,10495859344.0
2026-07-23 10:30,7714.18,7698.82,7714.18,7689.92,5217165.0,12516030832.0
2026-07-23 10:35,7700.68,7703.66,7721.19,7699.23,3572056.0,8052087120.0
2026-07-23 10:40,7703.35,7717.36,7732.9,7701.71,3036961.0,7023649152.0
2026-07-23 10:45,7717.07,7712.07,7736.13,7712.07,3194121.0,7237148064.0
2026-07-23 10:50,7711.88,7709.08,7724.13,7702.77,3468682.0,8111742112.0
2026-07-23 10:55,7709.1,7715.56,7728.56,7706.98,3489178.0,7192506256.0
2026-07-23 11:00,7715.53,7712.07,7715.53,7699.63,2941201.0,7291898944.0
2026-07-23 11:05,7711.15,7679.06,7716.1,7677.68,3658673.0,7648332736.0
2026-07-23 11:10,7678.27,7671.1,7681.09,7661.88,3160859.0,7701343776.0
2026-07-23 11:15,7670.52,7711.51,7711.51,7659.0,2518007.0,6361177808.0
2026-07-23 11:20,7711.35,7692.22,7711.92,7688.33,2049296.0,5018876816.0
2026-07-23 11:25,7692.68,7679.86,7704.63,7679.86,2056532.0,4344264048.0
2026-07-23 11:30,7681.15,7690.9,7691.03,7671.01,1965962.0,4327417456.0
2026-07-23 13:05,7694.0,7697.28,7721.75,7694.0,3979605.0,8916680256.0
2026-07-23 13:10,7695.55,7745.0,7745.0,7690.76,3228434.0,6668386848.0
2026-07-23 13:15,7745.23,7719.84,7745.74,7719.83,3392765.0,6875583152.0
2026-07-23 13:20,7720.0,7697.82,7721.12,7697.1,2829935.0,5874465040.0
2026-07-23 13:25,7698.35,7711.18,7721.38,7698.35,2116468.0,4471830880.0
2026-07-23 13:30,7711.22,7737.19,7752.55,7711.22,2839040.0,5820800064.0
2026-07-23 13:35,7737.31,7767.05,7767.05,7729.67,3277840.0,6557198800.0
2026-07-23 13:40,7766.68,7768.21,7777.48,7757.83,2697553.0,6982056064.0
2026-07-23 13:45,7768.5,7745.01,7768.5,7740.53,2316498.0,5608991680.0
2026-07-23 13:50,7745.25,7725.5,7746.89,7722.22,3232175.0,5044114656.0
2026-07-23 13:55,7726.36,7721.42,7731.57,7717.76,2382515.0,4437951952.0
2026-07-23 14:00,7721.92,7715.0,7724.5,7712.58,3539578.0,5222035424.0
2026-07-23 14:05,7713.78,7716.14,7719.37,7704.8,3964143.0,6131391760.0
2026-07-23 14:10,7714.63,7716.34,7723.42,7709.94,2394059.0,4164035360.0
2026-07-23 14:15,7716.95,7712.94,7718.9,7710.71,2162247.0,4291183280.0
2026-07-23 14:20,7714.11,7714.0,7721.78,7709.12,2232164.0,4681517744.0
2026-07-23 14:25,7714.88,7709.77,7715.49,7708.54,2074092.0,4867743088.0
2026-07-23 14:30,7709.26,7715.96,7715.96,7701.01,2405406.0,5523864016.0
2026-07-23 14:35,7717.42,7716.27,7734.99,7712.39,3947518.0,7045739472.0
2026-07-23 14:40,7716.46,7732.63,7732.63,7716.46,2813459.0,5645096064.0
2026-07-23 14:45,7732.28,7738.18,7740.56,7729.51,3390849.0,6946591360.0
2026-07-23 14:50,7737.61,7729.86,7737.61,7724.25,4149434.0,8453503280.0
2026-07-23 14:55,7729.75,7731.52,7736.09,7727.83,5318511.0,10140298128.0
2026-07-23 15:00,7731.43,7734.31,7736.48,7731.43,5601161.0,10291260983.0
2026-07-24 09:35,7625.2,7653.82,7653.82,7599.33,20935135.0,43893490816.0
2026-07-24 09:40,7654.2,7649.86,7671.01,7643.27,12875828.0,25315544432.0
2026-07-24 09:45,7651.32,7698.26,7702.69,7643.03,8067036.0,18745367760.0
2026-07-24 09:50,7698.27,7675.56,7703.6,7672.61,6890115.0,15013997920.0
2026-07-24 09:55,7679.73,7698.19,7698.81,7676.44,7458038.0,14944302688.0
2026-07-24 10:00,7697.89,7680.1,7697.89,7668.08,5826701.0,11636987280.0
2026-07-24 10:05,7679.15,7653.96,7680.54,7653.96,4852527.0,10854309552.0
2026-07-24 10:10,7652.61,7680.43,7692.34,7645.32,4536995.0,10132013232.0
2026-07-24 10:15,7682.15,7656.29,7685.55,7653.32,4329005.0,8363145808.0
2026-07-24 10:20,7656.25,7642.03,7659.81,7633.21,3938949.0,9026544464.0
2026-07-24 10:25,7641.4,7647.21,7649.16,7626.36,3527896.0,7901442944.0
2026-07-24 10:30,7646.71,7649.46,7661.61,7646.71,3004754.0,6990847984.0
2026-07-24 10:35,7649.6,7623.86,7649.6,7612.08,4323820.0,8131202448.0
2026-07-24 10:40,7621.64,7596.03,7627.42,7596.03,3168556.0,7456868432.0
2026-07-24 10:45,7595.5,7602.86,7606.3,7594.62,2998413.0,6790756496.0
2026-07-24 10:50,7602.73,7610.69,7617.27,7599.57,2739778.0,5947348720.0
2026-07-24 10:55,7607.78,7631.9,7631.9,7600.53,2964717.0,6220044560.0
2026-07-24 11:00,7631.29,7602.6,7634.04,7599.73,2773585.0,5744236560.0
2026-07-24 11:05,7603.92,7598.44,7603.92,7585.24,3391731.0,6417739936.0
2026-07-24 11:10,7598.4,7582.89,7604.42,7582.89,1790778.0,4068461344.0
2026-07-24 11:15,7582.69,7581.24,7592.58,7578.29,1768225.0,4209670240.0
2026-07-24 11:20,7581.72,7565.95,7581.72,7564.3,2318998.0,5302734880.0
2026-07-24 11:25,7563.92,7556.2,7567.01,7548.02,2865739.0,6202654704.0
2026-07-24 11:30,7556.1,7593.36,7595.56,7550.23,2052754.0,5109285104.0
2026-07-24 13:05,7595.15,7609.04,7622.31,7595.15,3525422.0,8923333072.0
2026-07-24 13:10,7608.33,7651.97,7664.83,7600.32,2842004.0,7704088384.0
2026-07-24 13:15,7652.21,7648.23,7683.74,7648.23,3471075.0,9485598304.0
2026-07-24 13:20,7647.47,7649.39,7652.7,7628.64,2195674.0,6117435792.0
2026-07-24 13:25,7650.23,7628.63,7650.56,7627.37,2063201.0,5258468784.0
2026-07-24 13:30,7628.85,7642.73,7664.37,7628.23,2493832.0,6200663056.0
2026-07-24 13:35,7642.51,7620.62,7642.51,7615.1,2616322.0,5218866016.0
2026-07-24 13:40,7616.43,7591.12,7616.53,7591.12,2028279.0,4863564208.0
2026-07-24 13:45,7590.77,7579.62,7598.19,7577.62,2409880.0,4999993200.0
2026-07-24 13:50,7577.89,7581.61,7588.89,7572.78,2484915.0,4814775136.0
2026-07-24 13:55,7580.13,7568.29,7580.33,7564.87,2034411.0,4422992784.0
2026-07-24 14:00,7568.53,7565.81,7573.13,7560.31,2473887.0,4537487168.0
2026-07-24 14:05,7566.37,7561.56,7567.27,7559.02,2358800.0,4634526128.0
2026-07-24 14:10,7559.44,7567.91,7568.46,7546.68,2192831.0,5061030240.0
2026-07-24 14:15,7568.51,7583.81,7583.81,7556.07,1909452.0,4107864304.0
2026-07-24 14:20,7583.83,7564.86,7588.35,7563.7,2060800.0,4339649968.0
2026-07-24 14:25,7569.22,7585.37,7600.52,7569.22,2114653.0,4815287968.0
2026-07-24 14:30,7584.7,7589.11,7593.98,7579.73,1834626.0,4091070736.0
2026-07-24 14:35,7589.11,7575.68,7601.5,7561.89,3069297.0,6383333296.0
2026-07-24 14:40,7578.79,7565.63,7579.95,7563.02,2846477.0,5264202576.0
2026-07-24 14:45,7566.05,7555.15,7566.05,7553.96,3721947.0,7155281680.0
2026-07-24 14:50,7554.59,7544.38,7554.59,7538.28,4599421.0,9422625856.0
2026-07-24 14:55,7544.25,7543.0,7554.07,7543.0,5002652.0,9920474016.0
2026-07-24 15:00,7542.72,7532.7,7542.8,7532.67,4874903.0,9847579331.0
2026-07-27 09:35,7512.4,7535.51,7555.38,7507.94,15297889.0,33655394208.0
2026-07-27 09:40,7534.73,7509.74,7534.73,7466.54,11716037.0,28939074048.0
2026-07-27 09:45,7510.48,7535.92,7569.38,7508.05,9275144.0,21752363600.0
2026-07-27 09:50,7531.21,7549.79,7569.37,7522.58,6640000.0,15999490432.0
2026-07-27 09:55,7549.67,7613.87,7613.87,7538.48,6191185.0,15377677824.0
2026-07-27 10:00,7615.15,7653.73,7674.54,7615.15,7014708.0,20819441360.0
2026-07-27 10:05,7653.79,7649.31,7668.56,7641.89,6060057.0,16110916688.0
2026-07-27 10:10,7648.85,7670.69,7672.09,7642.07,4257992.0,10972679968.0
2026-07-27 10:15,7670.88,7650.8,7670.88,7650.57,3698313.0,9804486976.0
2026-07-27 10:20,7650.71,7641.9,7656.17,7629.38,3655991.0,8848217648.0
2026-07-27 10:25,7638.18,7637.84,7661.79,7633.16,3565189.0,8125723040.0
2026-07-27 10:30,7637.75,7664.81,7668.18,7636.03,2926319.0,7131912464.0
2026-07-27 10:35,7664.59,7624.27,7664.59,7622.17,3548687.0,8601102128.0
2026-07-27 10:40,7622.2,7602.91,7624.46,7596.18,3722567.0,8962739040.0
2026-07-27 10:45,7602.24,7616.93,7624.44,7601.59,2574373.0,5677143920.0
2026-07-27 10:50,7616.52,7607.27,7632.42,7607.27,2395569.0,5151711760.0
2026-07-27 10:55,7607.46,7603.52,7609.17,7596.18,2032505.0,4701345120.0
2026-07-27 11:00,7604.13,7599.23,7608.28,7598.56,1817063.0,4085653232.0
2026-07-27 11:05,7598.4,7610.11,7610.11,7594.24,1849158.0,4133762624.0
2026-07-27 11:10,7610.26,7616.92,7629.01,7607.58,1713222.0,4059632192.0
2026-07-27 11:15,7617.91,7629.66,7643.27,7617.91,1699296.0,4397739584.0
2026-07-27 11:20,7629.67,7618.4,7631.44,7606.07,1517782.0,3683195088.0
2026-07-27 11:25,7617.61,7629.9,7634.39,7613.98,1376427.0,3046137008.0
2026-07-27 11:30,7629.24,7622.63,7634.01,7618.02,1503367.0,3171779968.0
2026-07-27 13:05,7625.37,7614.17,7643.58,7611.6,3300589.0,7836159744.0
2026-07-27 13:10,7614.92,7606.34,7614.92,7597.01,2325286.0,5393951808.0
2026-07-27 13:15,7606.04,7585.9,7610.16,7577.75,3007695.0,6381185792.0
2026-07-27 13:20,7583.57,7584.35,7595.1,7577.6,2108786.0,4951530528.0
2026-07-27 13:25,7583.32,7578.94,7587.06,7575.3,1800116.0,4064934784.0
2026-07-27 13:30,7578.98,7572.7,7578.98,7562.43,3058580.0,5979894720.0
2026-07-27 13:35,7571.69,7555.29,7571.69,7540.38,3190669.0,6696804448.0
2026-07-27 13:40,7554.0,7558.99,7563.28,7548.48,1866023.0,4070116080.0
2026-07-27 13:45,7559.01,7576.77,7580.16,7558.15,1662013.0,3739081696.0
2026-07-27 13:50,7576.98,7599.53,7599.53,7568.04,1776468.0,3959512608.0
2026-07-27 13:55,7600.53,7587.04,7603.39,7584.88,1582914.0,3909331200.0
2026-07-27 14:00,7587.08,7591.57,7597.24,7587.08,1548650.0,3538082400.0
2026-07-27 14:05,7591.65,7596.74,7601.4,7586.09,2732297.0,4204920144.0
2026-07-27 14:10,7596.91,7612.99,7618.02,7596.91,3129487.0,4645889728.0
2026-07-27 14:15,7613.61,7607.98,7619.32,7603.75,1949095.0,4282227040.0
2026-07-27 14:20,7608.14,7626.4,7626.43,7602.27,1818328.0,4118160464.0
2026-07-27 14:25,7627.38,7640.94,7650.36,7624.91,2738849.0,6175996672.0
2026-07-27 14:30,7640.66,7651.95,7653.99,7633.59,2017215.0,4959466432.0
2026-07-27 14:35,7652.16,7689.36,7691.63,7652.16,4315904.0,9349890336.0
2026-07-27 14:40,7689.4,7707.95,7709.15,7681.93,4270210.0,9579325216.0
2026-07-27 14:45,7707.0,7713.1,7721.4,7707.0,4300507.0,10335411568.0
2026-07-27 14:50,7713.16,7716.89,7718.59,7706.15,3867463.0,9481020688.0
2026-07-27 14:55,7717.54,7717.55,7719.53,7710.63,5068153.0,11138587152.0
2026-07-27 15:00,7718.09,7720.6,7720.6,7715.9,4708416.0,9636249113.0
2026-07-28 09:35,7589.76,7628.81,7635.03,7580.6,17135526.0,44124322304.0
2026-07-28 09:40,7631.85,7623.3,7646.02,7620.8,11274643.0,25549613056.0
2026-07-28 09:45,7621.87,7621.4,7640.33,7613.2,7823962.0,17711162528.0
2026-07-28 09:50,7621.11,7597.2,7622.64,7582.16,7887081.0,18252021280.0
2026-07-28 09:55,7597.62,7601.69,7613.59,7579.23,6771431.0,15453656224.0
2026-07-28 10:00,7600.55,7590.63,7611.72,7579.6,4709128.0,11370968448.0
2026-07-28 10:05,7589.16,7599.33,7618.94,7581.42,4512605.0,11313155280.0
2026-07-28 10:10,7597.91,7581.25,7604.91,7577.26,4098487.0,9688300848.0
2026-07-28 10:15,7580.85,7568.95,7580.85,7555.46,4681657.0,9696512528.0
2026-07-28 10:20,7566.38,7566.81,7576.8,7558.32,3250529.0,7743126944.0
2026-07-28 10:25,7567.99,7564.53,7587.97,7562.6,2908565.0,6729157616.0
2026-07-28 10:30,7564.73,7549.37,7566.53,7545.05,2461226.0,7485284288.0
2026-07-28 10:35,7549.7,7533.13,7549.7,7528.77,3201061.0,7637576720.0
2026-07-28 10:40,7532.57,7514.19,7532.91,7511.92,3613871.0,8889129088.0
2026-07-28 10:45,7516.33,7503.66,7521.56,7503.66,2684213.0,6967988480.0
2026-07-28 10:50,7503.61,7496.38,7509.51,7487.31,3115618.0,8284556912.0
2026-07-28 10:55,7496.44,7510.89,7529.41,7490.81,2539056.0,6410119328.0
2026-07-28 11:00,7510.33,7490.08,7524.47,7489.45,2042918.0,4809621680.0
2026-07-28 11:05,7489.6,7482.56,7493.45,7480.71,1998901.0,5244002688.0
2026-07-28 11:10,7482.95,7478.93,7486.34,7472.7,2133803.0,5268590048.0
2026-07-28 11:15,7478.58,7501.94,7504.61,7472.49,2163117.0,5212949616.0
2026-07-28 11:20,7500.49,7504.75,7522.79,7488.6,2221677.0,4935027808.0
2026-07-28 11:25,7505.18,7518.95,7528.01,7491.67,1840857.0,4424631504.0
2026-07-28 11:30,7521.04,7512.26,7536.87,7503.16,1740041.0,4342594272.0
2026-07-28 13:05,7513.37,7479.89,7513.37,7479.89,3077034.0,7195874832.0
2026-07-28 13:10,7478.47,7483.3,7486.33,7465.52,1975600.0,5264081856.0
2026-07-28 13:15,7484.34,7499.77,7510.53,7476.97,1801594.0,4434015872.0
2026-07-28 13:20,7500.42,7478.47,7505.58,7477.03,1732684.0,4101228128.0
2026-07-28 13:25,7477.99,7469.64,7481.67,7469.64,1585299.0,4295794528.0
2026-07-28 13:30,7468.61,7465.19,7470.99,7462.26,1729368.0,4685777632.0
2026-07-28 13:35,7464.6,7443.54,7465.55,7443.54,1908001.0,5765692576.0
2026-07-28 13:40,7443.54,7479.6,7479.71,7443.54,2278330.0,5603834752.0
2026-07-28 13:45,7479.79,7489.41,7509.36,7477.13,2047738.0,5165474480.0
2026-07-28 13:50,7489.54,7458.39,7495.54,7457.11,1802337.0,4286594208.0
2026-07-28 13:55,7459.04,7455.02,7464.28,7455.02,1492410.0,3951735376.0
2026-07-28 14:00,7455.08,7459.66,7462.4,7453.2,1592098.0,3778231296.0
2026-07-28 14:05,7459.83,7463.95,7473.64,7458.12,2377835.0,4676650704.0
2026-07-28 14:10,7464.19,7454.78,7464.19,7454.75,1701572.0,4811566080.0
2026-07-28 14:15,7454.59,7443.13,7457.22,7441.22,1851823.0,5042676496.0
2026-07-28 14:20,7442.96,7442.64,7442.96,7429.39,2430409.0,5867493776.0
2026-07-28 14:25,7443.24,7446.36,7458.15,7443.04,1800481.0,4615817168.0
2026-07-28 14:30,7447.46,7447.73,7448.1,7439.83,1542888.0,4165250784.0
2026-07-28 14:35,7448.41,7437.66,7449.68,7434.33,2389330.0,5718354800.0
2026-07-28 14:40,7438.38,7427.96,7439.33,7415.89,3181159.0,7982215776.0
2026-07-28 14:45,7428.49,7413.41,7436.21,7413.34,2883906.0,6826904000.0
2026-07-28 14:50,7413.15,7428.79,7428.79,7412.63,3835013.0,7956533344.0
2026-07-28 14:55,7431.7,7442.86,7453.67,7431.7,4356710.0,8827570816.0
2026-07-28 15:00,7443.24,7443.43,7446.65,7443.24,3648865.0,7245716540.0
2026-07-29 09:35,7444.8,7452.65,7458.87,7419.84,16134675.0,38080977360.0
2026-07-29 09:40,7450.65,7493.25,7504.48,7447.32,9915247.0,22731487472.0
2026-07-29 09:45,7492.84,7406.59,7492.84,7403.66,8188546.0,20757897552.0
2026-07-29 09:50,7410.63,7370.85,7414.3,7370.85,9104566.0,23175904480.0
2026-07-29 09:55,7369.08,7383.76,7395.14,7353.83,7793978.0,17808210672.0
2026-07-29 10:00,7382.29,7363.59,7388.48,7344.15,6776894.0,14284839696.0
2026-07-29 10:05,7362.85,7341.06,7367.55,7334.02,7321932.0,15419811936.0
2026-07-29 10:10,7340.82,7350.67,7357.66,7325.35,6332811.0,15415760272.0
2026-07-29 10:15,7352.02,7384.31,7405.87,7351.56,5394926.0,12263862576.0
2026-07-29 10:20,7383.28,7363.8,7392.8,7363.01,3594088.0,8530859968.0
2026-07-29 10:25,7363.17,7392.33,7392.33,7344.47,4851613.0,9506754368.0
2026-07-29 10:30,7395.6,7465.43,7481.96,7395.6,7457445.0,15175874368.0
2026-07-29 10:35,7467.51,7449.99,7485.69,7449.83,6763134.0,13606071904.0
2026-07-29 10:40,7449.65,7431.75,7455.96,7426.18,3861756.0,8372095296.0
2026-07-29 10:45,7432.39,7426.27,7454.43,7426.27,2849037.0,6481926960.0
2026-07-29 10:50,7425.53,7397.74,7426.9,7397.74,2983700.0,6795670720.0
2026-07-29 10:55,7397.05,7379.21,7397.22,7379.21,2952723.0,6136721248.0
2026-07-29 11:00,7379.54,7375.49,7384.12,7374.51,2414107.0,5614089888.0
2026-07-29 11:05,7375.72,7385.51,7396.98,7373.65,2390792.0,5344980160.0
2026-07-29 11:10,7386.12,7410.25,7410.25,7359.9,3280016.0,6640569616.0
2026-07-29 11:15,7410.83,7399.57,7435.01,7399.57,3139175.0,7155065648.0
2026-07-29 11:20,7399.1,7387.28,7410.08,7385.3,1629970.0,3742867456.0
2026-07-29 11:25,7386.7,7380.31,7391.52,7377.96,1438353.0,3471466384.0
2026-07-29 11:30,7380.05,7385.92,7389.1,7373.01,1547751.0,3737914400.0
2026-07-29 13:05,7378.2,7431.26,7433.27,7353.06,4711469.0,10475997552.0
2026-07-29 13:10,7432.99,7484.85,7484.85,7416.25,3861296.0,8059003888.0
2026-07-29 13:15,7487.28,7530.76,7532.04,7479.4,4669349.0,11474165968.0
2026-07-29 13:20,7528.18,7474.15,7528.18,7469.96,3734734.0,8685941392.0
2026-07-29 13:25,7473.83,7485.85,7510.75,7466.3,3009565.0,6400722688.0
2026-07-29 13:30,7487.99,7519.32,7523.81,7487.99,3429028.0,7052664480.0
2026-07-29 13:35,7518.62,7547.7,7547.93,7492.61,4884330.0,8114770560.0
2026-07-29 13:40,7548.97,7563.15,7563.15,7532.87,4952694.0,9430918176.0
2026-07-29 13:45,7562.81,7553.06,7572.81,7553.06,4232153.0,9272752704.0
2026-07-29 13:50,7553.25,7517.4,7561.83,7517.36,3010887.0,6549580352.0
2026-07-29 13:55,7517.54,7499.44,7525.5,7499.32,2503335.0,5187334784.0
2026-07-29 14:00,7499.32,7516.46,7522.13,7499.32,2004250.0,4159230592.0
2026-07-29 14:05,7516.75,7498.37,7534.93,7498.37,2896602.0,4999164992.0
2026-07-29 14:10,7497.41,7483.23,7497.41,7478.42,2184274.0,4424115744.0
2026-07-29 14:15,7483.27,7497.0,7497.67,7475.23,1828820.0,3889193968.0
2026-07-29 14:20,7496.33,7513.85,7518.15,7490.5,1874660.0,4095058768.0
2026-07-29 14:25,7512.49,7497.0,7513.99,7489.88,1757803.0,3832121856.0
2026-07-29 14:30,7496.69,7507.19,7513.98,7492.76,1794095.0,3893675584.0
2026-07-29 14:35,7506.64,7505.95,7520.38,7504.29,2813751.0,5112278592.0
2026-07-29 14:40,7505.11,7495.0,7509.43,7494.62,2588497.0,5059736160.0
2026-07-29 14:45,7494.27,7506.96,7507.8,7494.27,2743025.0,5622098160.0
2026-07-29 14:50,7506.77,7532.2,7532.2,7506.17,3944457.0,7625047472.0
2026-07-29 14:55,7532.17,7524.67,7532.17,7519.83,4750117.0,9374854080.0
2026-07-29 15:00,7524.5,7524.51,7526.3,7523.19,4307695.0,8290620169.0
2026-07-30 09:35,7477.31,7525.5,7536.48,7477.31,18535303.0,40020551584.0
2026-07-30 09:40,7523.26,7510.11,7531.68,7490.54,12121577.0,25235865536.0
2026-07-30 09:45,7510.4,7491.67,7511.31,7476.13,9678293.0,20063468256.0
2026-07-30 09:50,7492.17,7458.79,7492.21,7448.51,8080584.0,19376084192.0
2026-07-30 09:55,7457.88,7498.77,7498.77,7456.31,6596128.0,13682384304.0
2026-07-30 10:00,7501.04,7471.27,7508.29,7466.94,5749039.0,13083940112.0
2026-07-30 10:05,7470.74,7453.95,7473.89,7447.61,6836407.0,13870559120.0
2026-07-30 10:10,7453.52,7430.27,7453.91,7420.9,6383031.0,14541720832.0
2026-07-30 10:15,7430.21,7405.37,7439.78,7403.61,5207042.0,11951572224.0
2026-07-30 10:20,7405.84,7425.34,7428.87,7403.81,5268348.0,11614764480.0
2026-07-30 10:25,7422.74,7391.82,7422.74,7386.11,3925314.0,9038499184.0
2026-07-30 10:30,7388.45,7377.18,7396.33,7377.18,3635046.0,9029300160.0
2026-07-30 10:35,7378.79,7359.96,7390.25,7359.96,4169213.0,9192375216.0
2026-07-30 10:40,7360.27,7351.36,7362.25,7348.99,3474956.0,9180511584.0
2026-07-30 10:45,7351.82,7350.58,7368.85,7339.83,3484594.0,8288083200.0
2026-07-30 10:50,7351.29,7353.5,7370.18,7343.72,3195340.0,6362178128.0
2026-07-30 10:55,7349.71,7330.9,7349.71,7330.9,3044236.0,6002721552.0
2026-07-30 11:00,7330.37,7324.46,7331.05,7317.55,2655876.0,6454384192.0
2026-07-30 11:05,7324.27,7316.47,7324.27,7306.2,3104835.0,6662737936.0
2026-07-30 11:10,7317.04,7306.84,7343.44,7303.39,3010211.0,6566520752.0
2026-07-30 11:15,7304.17,7286.02,7311.52,7284.51,3056219.0,6724393600.0
2026-07-30 11:20,7285.51,7271.21,7292.55,7270.33,2724254.0,6295268208.0
2026-07-30 11:25,7272.26,7272.02,7285.79,7262.49,3712274.0,6775556928.0
2026-07-30 11:30,7276.5,7263.17,7279.12,7254.43,2489855.0,5672912864.0
2026-07-30 13:05,7260.5,7229.84,7260.74,7221.95,6180824.0,11794231712.0
2026-07-30 13:10,7228.67,7296.67,7308.79,7228.67,4296506.0,10440907856.0
2026-07-30 13:15,7298.39,7280.52,7298.39,7253.78,3105957.0,7436148720.0
2026-07-30 13:20,7280.63,7269.1,7288.86,7242.47,3140892.0,6568511136.0
2026-07-30 13:25,7268.73,7344.01,7349.24,7262.79,3827442.0,10251362688.0
2026-07-30 13:30,7344.44,7352.77,7362.98,7330.5,4255372.0,10609503200.0
2026-07-30 13:35,7349.11,7330.35,7349.11,7317.54,3075744.0,6827344272.0
2026-07-30 13:40,7330.04,7278.65,7333.86,7272.5,2826145.0,6278360848.0
2026-07-30 13:45,7278.86,7306.58,7314.43,7278.41,2188850.0,5053813040.0
2026-07-30 13:50,7308.85,7321.82,7356.78,7308.85,2659845.0,5691620576.0
2026-07-30 13:55,7322.8,7337.61,7342.26,7301.05,2084133.0,4359298240.0
2026-07-30 14:00,7336.1,7332.59,7355.76,7322.59,1902702.0,4784566304.0
2026-07-30 14:05,7332.54,7348.13,7348.13,7318.65,2354881.0,5148457296.0
2026-07-30 14:10,7349.36,7348.76,7365.3,7343.27,2199388.0,6082656384.0
2026-07-30 14:15,7348.64,7343.49,7356.63,7332.04,2045419.0,4609854368.0
2026-07-30 14:20,7342.44,7381.48,7381.55,7340.63,2636770.0,6318961376.0
2026-07-30 14:25,7382.75,7405.79,7419.92,7382.75,3883282.0,9123089328.0
2026-07-30 14:30,7404.5,7386.31,7404.5,7372.8,2522775.0,5815057936.0
2026-07-30 14:35,7386.19,7373.88,7400.0,7358.81,3552143.0,7067465472.0
2026-07-30 14:40,7374.68,7338.38,7374.68,7338.28,2921432.0,6171469136.0
2026-07-30 14:45,7337.98,7337.08,7343.18,7331.15,3373761.0,7049447040.0
2026-07-30 14:50,7336.78,7312.75,7342.43,7312.75,4147404.0,8516368352.0
2026-07-30 14:55,7312.25,7316.08,7326.47,7311.67,5108898.0,9875326176.0
2026-07-30 15:00,7314.37,7309.58,7315.71,7309.58,4307217.0,8435618050.0
2026-07-31 09:35,7537.85,7553.52,7567.38,7532.38,28421056.0,77011491328.0
2026-07-31 09:40,7552.35,7581.31,7585.62,7525.83,13761187.0,34149950976.0
2026-07-31 09:45,7581.52,7582.7,7595.48,7577.43,13250746.0,29367963904.0
2026-07-31 09:50,7582.44,7612.23,7613.97,7581.7,9203112.0,22793206176.0
2026-07-31 09:55,7613.04,7614.83,7621.25,7609.98,8034319.0,19077246960.0
2026-07-31 10:00,7615.73,7631.06,7638.78,7615.73,6764602.0,16413021216.0
2026-07-31 10:05,7630.46,7605.2,7634.6,7601.96,9430287.0,17000446416.0
2026-07-31 10:10,7605.21,7603.4,7620.92,7601.41,7041873.0,14239041680.0
2026-07-31 10:15,7603.78,7578.2,7612.79,7578.2,5423027.0,12200740752.0
2026-07-31 10:20,7576.23,7569.94,7576.23,7551.12,5338242.0,13291947616.0
2026-07-31 10:25,7569.91,7545.21,7584.56,7545.21,4414550.0,15079419920.0
2026-07-31 10:30,7545.23,7555.86,7566.06,7545.23,4546919.0,11194108544.0
2026-07-31 10:35,7556.25,7558.12,7560.33,7549.54,3787570.0,9387105392.0
2026-07-31 10:40,7557.26,7545.09,7569.37,7540.89,3725207.0,8724777168.0
2026-07-31 10:45,7545.15,7574.56,7578.08,7544.48,2906133.0,7506829760.0
2026-07-31 10:50,7574.18,7550.85,7581.02,7550.85,2686216.0,7215167632.0
2026-07-31 10:55,7551.21,7570.76,7571.72,7543.94,2717419.0,6393185872.0
2026-07-31 11:00,7571.03,7574.03,7582.83,7569.05,2581051.0,5932553264.0
2026-07-31 11:05,7574.23,7552.38,7574.75,7552.38,3447991.0,7546470912.0
2026-07-31 11:10,7551.56,7536.79,7561.02,7535.82,2653517.0,6620984000.0
2026-07-31 11:15,7536.33,7519.85,7543.29,7515.59,3142023.0,7334842208.0
2026-07-31 11:20,7518.85,7550.74,7550.74,7518.24,2265538.0,5647874688.0
2026-07-31 11:25,7551.2,7539.8,7569.21,7539.8,1965159.0,4902576096.0
2026-07-31 11:30,7538.38,7561.47,7564.96,7535.4,1760971.0,4271683984.0
2026-07-31 13:05,7568.8,7579.3,7593.76,7566.13,3711989.0,9633567568.0
2026-07-31 13:10,7581.55,7562.61,7587.44,7562.49,2186613.0,5830104912.0
2026-07-31 13:15,7563.26,7578.37,7579.25,7563.07,2128351.0,5168161072.0
2026-07-31 13:20,7578.45,7600.14,7603.81,7577.06,2253115.0,6592143488.0
2026-07-31 13:25,7600.26,7596.1,7613.48,7596.1,2612496.0,6851013472.0
2026-07-31 13:30,7595.89,7588.98,7595.89,7577.77,2199126.0,5192643568.0
2026-07-31 13:35,7588.83,7571.35,7588.83,7570.08,2067760.0,4770121632.0
2026-07-31 13:40,7571.13,7563.11,7571.13,7555.05,2285693.0,5096000672.0
2026-07-31 13:45,7563.45,7558.56,7564.68,7557.22,1847483.0,4124493408.0
2026-07-31 13:50,7558.86,7563.61,7563.61,7549.1,1883508.0,4477391200.0
2026-07-31 13:55,7563.26,7549.25,7563.98,7547.57,1790847.0,4203287344.0
2026-07-31 14:00,7549.23,7553.71,7554.73,7540.72,2089468.0,4646911776.0
2026-07-31 14:05,7552.74,7548.55,7565.78,7546.92,2724822.0,4869374224.0
2026-07-31 14:10,7549.32,7541.4,7550.79,7540.82,1965313.0,4354736784.0
2026-07-31 14:15,7541.33,7541.98,7542.25,7532.83,2217211.0,5245089488.0
2026-07-31 14:20,7541.54,7536.24,7542.37,7530.27,2370953.0,4897602224.0
2026-07-31 14:25,7535.12,7560.21,7560.21,7532.99,3211825.0,5671315664.0
2026-07-31 14:30,7561.11,7567.91,7570.87,7554.5,2754420.0,5631587152.0
2026-07-31 14:35,7566.0,7542.96,7566.35,7539.09,3096931.0,5959930512.0
2026-07-31 14:40,7542.75,7539.83,7548.54,7539.54,2581934.0,5804421008.0
2026-07-31 14:45,7539.7,7509.06,7539.7,7506.1,4643678.0,10118253312.0
2026-07-31 14:50,7508.79,7492.71,7508.79,7489.98,4360602.0,9943914000.0
2026-07-31 14:55,7493.0,7495.67,7497.84,7487.43,4948146.0,10810632544.0
2026-07-31 15:00,7494.48,7493.98,7498.42,7493.98,5434961.0,10761059272.0
2026-08-03 09:35,7457.12,7482.14,7489.92,7441.4,25406428.0,49868194400.0
2026-08-03 09:40,7481.66,7444.45,7499.58,7444.45,14081456.0,31191439104.0
2026-08-03 09:45,7445.45,7424.52,7456.78,7422.66,11760365.0,25660354960.0
2026-08-03 09:50,7423.42,7447.66,7450.04,7409.77,10141610.0,21715373072.0
2026-08-03 09:55,7448.25,7440.16,7455.82,7425.29,7446203.0,16557199424.0
2026-08-03 10:00,7438.96,7444.64,7456.67,7433.65,7027199.0,13574341920.0
2026-08-03 10:05,7445.63,7452.34,7460.93,7437.8,6510527.0,13153058976.0
2026-08-03 10:10,7453.16,7448.43,7466.74,7446.51,6868019.0,12025080496.0
2026-08-03 10:15,7449.06,7467.43,7470.09,7445.38,5728953.0,11993346240.0
2026-08-03 10:20,7466.9,7435.17,7466.9,7431.12,5254986.0,10185937872.0
2026-08-03 10:25,7435.58,7435.4,7465.96,7434.23,4614211.0,9337081296.0
2026-08-03 10:30,7435.21,7421.25,7438.56,7421.25,3799576.0,8322551600.0
2026-08-03 10:35,7420.96,7447.88,7447.88,7419.42,3758643.0,8094480896.0
2026-08-03 10:40,7446.8,7445.29,7460.38,7441.96,3448960.0,7615643952.0
2026-08-03 10:45,7445.12,7460.85,7471.46,7439.61,2955069.0,6153498816.0
2026-08-03 10:50,7459.68,7431.07,7464.46,7431.07,2709492.0,5817483856.0
2026-08-03 10:55,7431.71,7437.08,7443.73,7428.94,2532272.0,4754582352.0
2026-08-03 11:00,7437.06,7449.51,7458.88,7428.0,2325654.0,4831506560.0
2026-08-03 11:05,7450.52,7447.72,7467.88,7447.72,2514223.0,6032434064.0
2026-08-03 11:10,7446.89,7430.52,7446.89,7428.42,2086115.0,4653118464.0
2026-08-03 11:15,7430.97,7432.13,7438.61,7428.07,2439890.0,4185379856.0
2026-08-03 11:20,7432.23,7439.0,7440.82,7427.32,2015784.0,3883979984.0
2026-08-03 11:25,7441.06,7445.58,7448.29,7427.1,2322230.0,3965546368.0
2026-08-03 11:30,7444.83,7446.97,7452.06,7431.48,2215598.0,4203129536.0
2026-08-03 13:05,7447.74,7452.4,7462.82,7446.65,3236365.0,7565966464.0
2026-08-03 13:10,7452.01,7435.49,7452.01,7428.77,2085995.0,5225094416.0
2026-08-03 13:15,7433.8,7432.53,7439.94,7428.15,1723662.0,3945419248.0
2026-08-03 13:20,7432.18,7425.64,7437.27,7425.64,1804275.0,3743839584.0
2026-08-03 13:25,7425.69,7426.95,7431.73,7420.91,1982910.0,3912020960.0
2026-08-03 13:30,7427.66,7424.32,7431.0,7421.13,1829613.0,3582108224.0
2026-08-03 13:35,7423.96,7422.9,7426.02,7418.08,2020418.0,4197602912.0
2026-08-03 13:40,7423.27,7420.51,7427.5,7416.83,1738617.0,3828677024.0
2026-08-03 13:45,7420.13,7424.52,7429.75,7416.78,2143968.0,3798540080.0
2026-08-03 13:50,7424.29,7421.48,7427.59,7420.63,2056743.0,3593185776.0
2026-08-03 13:55,7420.98,7424.36,7432.13,7420.44,2172330.0,3732957680.0
2026-08-03 14:00,7424.47,7414.35,7424.94,7414.03,1912400.0,4521536400.0
2026-08-03 14:05,7414.76,7408.04,7416.78,7408.04,2692465.0,5244363312.0
2026-08-03 14:10,7408.14,7399.3,7410.39,7397.94,2222464.0,5561898384.0
2026-08-03 14:15,7402.53,7428.87,7428.87,7402.53,2436944.0,5045916336.0
2026-08-03 14:20,7431.62,7416.9,7431.66,7414.86,1921443.0,4030697648.0
2026-08-03 14:25,7417.42,7441.33,7443.54,7414.96,1997274.0,4564364832.0
2026-08-03 14:30,7441.43,7424.46,7444.4,7424.46,2011495.0,4271066832.0
2026-08-03 14:35,7425.22,7415.16,7428.13,7411.7,2303808.0,4936166960.0
2026-08-03 14:40,7415.78,7408.14,7421.1,7407.93,2455000.0,5310710272.0
2026-08-03 14:45,7407.79,7408.69,7411.45,7405.93,2884585.0,6017269936.0
2026-08-03 14:50,7408.08,7410.64,7413.56,7406.36,3392427.0,7175913136.0
2026-08-03 14:55,7410.58,7410.79,7412.88,7408.13,4786225.0,9359685712.0
2026-08-03 15:00,7410.74,7414.52,7414.52,7410.26,4537457.0,8651790543.0
2026-08-04 09:35,7467.08,7465.32,7473.03,7450.32,22364726.0,44231860176.0
2026-08-04 09:40,7467.73,7488.95,7498.73,7467.73,12845376.0,26839070464.0
2026-08-04 09:45,7489.34,7480.37,7495.46,7470.54,11730531.0,22246828416.0
2026-08-04 09:50,7481.5,7523.68,7525.83,7481.5,8385130.0,19074587488.0
2026-08-04 09:55,7524.69,7531.81,7541.37,7524.69,6963222.0,16178832608.0
2026-08-04 10:00,7531.29,7509.4,7531.29,7509.4,8255332.0,16443210032.0
2026-08-04 10:05,7508.82,7505.58,7509.14,7495.66,6818804.0,15403194096.0
2026-08-04 10:10,7505.63,7513.66,7519.52,7497.09,5420557.0,12082998144.0
2026-08-04 10:15,7512.0,7510.77,7513.0,7498.08,5725773.0,11546938880.0
2026-08-04 10:20,7510.89,7526.12,7526.12,7508.98,3731281.0,7961572032.0
2026-08-04 10:25,7526.54,7508.98,7529.85,7508.98,3241395.0,7264780128.0
2026-08-04 10:30,7508.86,7520.48,7525.22,7505.23,2610910.0,6123163936.0
2026-08-04 10:35,7520.55,7523.05,7527.67,7518.16,3609774.0,7271227280.0
2026-08-04 10:40,7523.13,7541.85,7546.39,7522.45,2840487.0,6647318400.0
2026-08-04 10:45,7542.01,7541.24,7553.21,7532.34,2852611.0,7302959152.0
2026-08-04 10:50,7540.75,7546.94,7553.49,7539.08,2700400.0,7125212912.0
2026-08-04 10:55,7546.74,7534.04,7546.74,7533.83,2224830.0,5382831040.0
2026-08-04 11:00,7533.88,7533.69,7547.77,7533.56,2079729.0,4816722144.0
2026-08-04 11:05,7533.37,7523.96,7533.37,7520.02,1998652.0,4944136368.0
2026-08-04 11:10,7523.96,7549.46,7549.46,7522.78,2063658.0,4441628944.0
2026-08-04 11:15,7549.77,7553.77,7554.52,7543.79,2014134.0,4903464800.0
2026-08-04 11:20,7553.63,7557.13,7559.42,7545.48,2036489.0,4972669360.0
2026-08-04 11:25,7557.44,7561.91,7563.4,7557.44,1787828.0,4752367296.0
2026-08-04 11:30,7561.63,7583.5,7585.9,7561.63,2254568.0,6655303952.0
2026-08-04 13:05,7586.65,7594.02,7602.16,7579.4,4871593.0,13108155952.0
2026-08-04 13:10,7594.02,7587.61,7594.02,7586.22,2904513.0,7363470816.0
2026-08-04 13:15,7587.55,7585.9,7590.42,7576.89,2659785.0,6319974416.0
2026-08-04 13:20,7586.35,7576.44,7591.81,7574.25,2633581.0,6082336288.0
2026-08-04 13:25,7576.97,7592.13,7593.83,7575.38,2461650.0,6016220880.0
2026-08-04 13:30,7592.14,7605.18,7605.18,7592.14,2622140.0,7081841376.0
2026-08-04 13:35,7605.73,7614.25,7620.2,7605.73,3093024.0,8055288240.0
2026-08-04 13:40,7614.47,7628.2,7633.15,7610.5,3016577.0,7152812400.0
2026-08-04 13:45,7628.43,7629.44,7631.07,7622.75,2720484.0,6244424336.0
2026-08-04 13:50,7629.49,7632.07,7638.94,7629.49,2947574.0,6427750096.0
2026-08-04 13:55,7632.64,7632.59,7634.44,7625.35,2783935.0,5561369376.0
2026-08-04 14:00,7632.46,7634.0,7634.0,7626.78,2240982.0,4982765136.0
2026-08-04 14:05,7634.45,7638.63,7645.48,7633.75,3079546.0,6721870416.0
2026-08-04 14:10,7638.63,7641.58,7642.19,7633.61,2219550.0,4652419728.0
2026-08-04 14:15,7641.59,7623.96,7641.59,7623.96,2868275.0,5764465376.0
2026-08-04 14:20,7623.54,7605.17,7623.54,7602.42,3815273.0,8144215984.0
2026-08-04 14:25,7606.2,7609.94,7611.92,7603.32,2394627.0,5567276768.0
2026-08-04 14:30,7610.58,7614.23,7616.65,7609.79,2062070.0,4495921760.0
2026-08-04 14:35,7614.57,7590.31,7617.44,7590.31,3388961.0,7398968384.0
2026-08-04 14:40,7590.37,7592.55,7599.77,7588.18,2914416.0,6572486192.0
2026-08-04 14:45,7592.56,7586.49,7593.44,7585.6,3513519.0,6679294896.0
2026-08-04 14:50,7587.28,7593.62,7595.55,7587.11,4033699.0,7609949984.0
2026-08-04 14:55,7593.91,7603.36,7604.11,7593.52,5718594.0,10581754448.0
2026-08-04 15:00,7603.87,7607.49,7608.69,7603.3,6014331.0,10594147507.0
2026-08-05 09:35,7567.96,7626.27,7626.27,7567.96,19538424.0,50610922688.0
2026-08-05 09:40,7626.74,7671.93,7671.93,7626.74,12728900.0,30596341504.0
2026-08-05 09:45,7671.57,7687.62,7697.04,7671.57,9458235.0,23942840800.0
2026-08-05 09:50,7688.23,7697.28,7711.11,7687.0,9606447.0,22028928096.0
2026-08-05 09:55,7698.5,7694.16,7706.34,7682.18,8118051.0,18340779408.0
2026-08-05 10:00,7693.65,7701.97,7718.39,7685.6,7028606.0,16091456240.0
2026-08-05 10:05,7702.97,7706.08,7711.48,7697.89,6049930.0,14421035824.0
2026-08-05 10:10,7706.26,7692.77,7709.93,7685.03,5864955.0,14187352288.0
2026-08-05 10:15,7693.63,7675.8,7693.74,7657.3,7172642.0,17269472768.0
2026-08-05 10:20,7673.74,7683.34,7684.12,7655.8,5965236.0,14415538832.0
2026-08-05 10:25,7683.83,7700.93,7708.0,7672.77,5306002.0,11291996160.0
2026-08-05 10:30,7700.06,7704.99,7707.13,7691.56,4105800.0,8748292256.0
2026-08-05 10:35,7705.65,7704.58,7705.95,7690.58,4598937.0,9336676144.0
2026-08-05 10:40,7704.51,7718.21,7722.39,7699.3,3236789.0,8093985136.0
2026-08-05 10:45,7717.31,7730.94,7734.82,7717.31,2981313.0,7707308880.0
2026-08-05 10:50,7730.37,7747.68,7747.68,7728.57,3135615.0,7982805872.0
2026-08-05 10:55,7747.27,7744.39,7747.91,7734.98,3396376.0,7728963424.0
2026-08-05 11:00,7743.96,7741.81,7747.03,7734.62,2344871.0,5968051792.0
2026-08-05 11:05,7741.61,7757.89,7758.75,7741.61,2887745.0,7770431968.0
2026-08-05 11:10,7757.74,7766.17,7767.14,7750.2,2659605.0,6601701040.0
2026-08-05 11:15,7766.82,7783.78,7783.78,7766.82,2639312.0,6831120096.0
2026-08-05 11:20,7784.17,7794.68,7804.84,7782.98,2829134.0,8419519136.0
2026-08-05 11:25,7793.91,7809.94,7810.32,7788.64,2728289.0,7261069456.0
2026-08-05 11:30,7808.95,7803.51,7810.68,7800.75,2936672.0,6929496400.0
2026-08-05 13:05,7807.04,7801.08,7809.71,7794.55,5190812.0,13281774480.0
2026-08-05 13:10,7800.91,7795.29,7803.28,7779.94,3591680.0,8686711504.0
2026-08-05 13:15,7790.06,7814.25,7821.08,7786.71,3421553.0,9065795200.0
2026-08-05 13:20,7813.24,7827.44,7831.28,7807.45,3288244.0,8331577440.0
2026-08-05 13:25,7827.74,7836.69,7838.04,7825.53,2884569.0,7676178656.0
2026-08-05 13:30,7836.13,7825.13,7842.71,7824.53,3671270.0,8641982384.0
2026-08-05 13:35,7824.54,7835.0,7837.11,7824.54,3203883.0,7640465696.0
2026-08-05 13:40,7834.63,7818.35,7834.63,7809.22,3834367.0,8883489968.0
2026-08-05 13:45,7819.35,7829.23,7829.43,7809.98,2915787.0,7147520064.0
2026-08-05 13:50,7829.68,7832.82,7840.52,7829.68,2723376.0,6859175376.0
2026-08-05 13:55,7833.46,7837.97,7845.39,7833.4,2334773.0,5665548592.0
2026-08-05 14:00,7838.64,7831.17,7838.64,7825.37,2332504.0,5532320016.0
2026-08-05 14:05,7830.94,7811.45,7830.94,7806.73,3720344.0,7893514992.0
2026-08-05 14:10,7811.58,7801.89,7811.58,7787.4,4202720.0,9061476992.0
2026-08-05 14:15,7801.61,7781.97,7804.0,7781.04,2537301.0,6177661392.0
2026-08-05 14:20,7784.95,7763.78,7787.16,7761.68,3754638.0,9040763248.0
2026-08-05 14:25,7764.84,7775.21,7775.45,7761.0,2991747.0,7278211120.0
2026-08-05 14:30,7775.57,7789.71,7789.71,7775.57,2721855.0,5773809120.0
2026-08-05 14:35,7789.83,7793.77,7794.51,7784.41,3155166.0,6336281824.0
2026-08-05 14:40,7793.44,7788.34,7797.23,7787.88,3391328.0,7095679584.0
2026-08-05 14:45,7787.88,7792.61,7793.33,7785.27,3443397.0,7427437152.0
2026-08-05 14:50,7792.51,7802.11,7802.11,7792.51,3908041.0,8111611312.0
2026-08-05 14:55,7802.05,7805.57,7806.01,7799.02,5383563.0,11066787632.0
2026-08-05 15:00,7805.2,7809.21,7809.71,7804.69,6111013.0,11670939834.0
