time,open,close,high,low,volume,amount
2026-06-23 09:35,1929.27,1944.18,1946.65,1921.17,1137747.0,12254173856.0
2026-06-23 09:40,1943.64,1937.59,1947.02,1933.64,779964.0,8445555056.0
2026-06-23 09:45,1938.09,1929.14,1952.89,1929.14,982597.0,9568680768.0
2026-06-23 09:50,1927.71,1898.82,1927.71,1898.82,919329.0,10327281632.0
2026-06-23 09:55,1898.75,1928.85,1928.85,1896.79,739058.0,7571427808.0
2026-06-23 10:00,1928.32,1914.42,1928.32,1914.18,494025.0,4800672512.0
2026-06-23 10:05,1914.44,1933.46,1936.51,1914.44,545259.0,4663231504.0
2026-06-23 10:10,1933.45,1929.69,1933.45,1918.5,464242.0,4017723984.0
2026-06-23 10:15,1929.71,1935.34,1936.46,1925.67,324496.0,3690968816.0
2026-06-23 10:20,1934.85,1953.57,1953.57,1933.54,662734.0,4705639568.0
2026-06-23 10:25,1953.42,1968.33,1968.51,1953.42,556198.0,6332005264.0
2026-06-23 10:30,1969.06,1975.49,1982.91,1969.0,606058.0,6546883952.0
2026-06-23 10:35,1975.17,1976.19,1982.78,1973.4,434646.0,4940440304.0
2026-06-23 10:40,1975.41,1975.68,1978.42,1969.22,471595.0,4343855696.0
2026-06-23 10:45,1974.97,1972.12,1974.97,1962.27,401443.0,3936557504.0
2026-06-23 10:50,1972.06,1963.93,1972.88,1963.72,298622.0,3357191328.0
2026-06-23 10:55,1963.44,1966.48,1966.48,1955.3,323804.0,3163177040.0
2026-06-23 11:00,1966.63,1960.12,1970.39,1956.8,225686.0,2462326768.0
2026-06-23 11:05,1961.01,1954.95,1963.41,1949.94,244910.0,2439195584.0
2026-06-23 11:10,1954.94,1945.83,1957.96,1945.83,225081.0,2188307536.0
2026-06-23 11:15,1946.0,1940.54,1948.22,1940.54,176118.0,2113847232.0
2026-06-23 11:20,1939.98,1932.56,1945.14,1932.17,234998.0,2708400192.0
2026-06-23 11:25,1932.55,1933.68,1939.55,1932.55,195133.0,2136634944.0
2026-06-23 11:30,1934.25,1940.65,1941.72,1931.62,196018.0,2041112256.0
2026-06-23 13:05,1939.7,1929.25,1940.22,1923.73,400462.0,4177112080.0
2026-06-23 13:10,1928.92,1924.42,1931.95,1922.06,256803.0,2777857936.0
2026-06-23 13:15,1924.24,1925.11,1927.36,1920.98,251266.0,2736364032.0
2026-06-23 13:20,1925.4,1922.0,1927.87,1921.89,216674.0,2203081248.0
2026-06-23 13:25,1922.2,1934.1,1936.73,1922.2,209670.0,2094957920.0
2026-06-23 13:30,1933.32,1922.58,1933.32,1921.72,198752.0,2193372112.0
2026-06-23 13:35,1922.73,1931.79,1933.8,1922.26,214611.0,2002231056.0
2026-06-23 13:40,1931.65,1924.88,1931.72,1919.97,216408.0,2022643984.0
2026-06-23 13:45,1925.34,1929.41,1929.41,1925.06,128133.0,1452089895.0
2026-06-23 13:50,1929.52,1932.55,1936.02,1928.44,175522.0,1887758050.0
2026-06-23 13:55,1932.92,1924.0,1935.61,1924.0,242798.0,2039714080.0
2026-06-23 14:00,1924.05,1918.96,1925.14,1918.7,193972.0,2474088416.0
2026-06-23 14:05,1918.86,1916.88,1921.91,1916.88,238017.0,2709506064.0
2026-06-23 14:10,1917.12,1907.89,1917.12,1906.7,275116.0,3301750672.0
2026-06-23 14:15,1907.81,1915.04,1915.71,1907.81,204653.0,2493832160.0
2026-06-23 14:20,1915.0,1901.69,1915.14,1901.69,288810.0,3021735056.0
2026-06-23 14:25,1901.66,1898.32,1905.88,1897.87,342270.0,3172352224.0
2026-06-23 14:30,1897.88,1890.61,1898.51,1890.16,399178.0,4134074864.0
2026-06-23 14:35,1890.39,1905.18,1909.27,1890.39,377387.0,3726069760.0
2026-06-23 14:40,1904.82,1906.68,1911.73,1901.01,283747.0,3027899568.0
2026-06-23 14:45,1906.87,1903.56,1907.15,1900.32,307645.0,3191160448.0
2026-06-23 14:50,1903.53,1904.89,1908.76,1902.75,309739.0,3457734288.0
2026-06-23 14:55,1905.47,1919.68,1919.68,1905.47,416162.0,4541260640.0
2026-06-23 15:00,1919.39,1916.21,1920.65,1916.21,349739.0,3238053320.0
2026-06-24 09:35,1896.34,1923.31,1923.67,1896.34,1304206.0,12973687792.0
2026-06-24 09:40,1923.24,1919.49,1928.83,1913.62,830710.0,7866672688.0
2026-06-24 09:45,1920.48,1893.03,1922.06,1886.74,871864.0,8645068016.0
2026-06-24 09:50,1893.42,1912.13,1914.04,1893.42,662827.0,5780118848.0
2026-06-24 09:55,1912.29,1931.32,1933.4,1912.19,642689.0,5964292016.0
2026-06-24 10:00,1930.64,1950.58,1951.28,1930.64,653946.0,6772671296.0
2026-06-24 10:05,1950.77,1942.78,1955.16,1942.22,558073.0,6155006144.0
2026-06-24 10:10,1942.39,1940.15,1948.52,1938.74,429962.0,4280080832.0
2026-06-24 10:15,1940.23,1954.47,1955.73,1936.58,542518.0,5425451152.0
2026-06-24 10:20,1954.14,1962.89,1963.2,1951.57,450862.0,5421339856.0
2026-06-24 10:25,1963.63,1964.82,1968.38,1959.89,482853.0,5788938384.0
2026-06-24 10:30,1965.86,1974.29,1974.41,1965.23,428630.0,4763583744.0
2026-06-24 10:35,1973.88,1965.08,1975.24,1963.39,330907.0,3989833104.0
2026-06-24 10:40,1966.17,1963.81,1967.42,1959.47,329187.0,3246305008.0
2026-06-24 10:45,1963.72,1953.26,1968.71,1953.26,321541.0,3744597760.0
2026-06-24 10:50,1952.5,1939.29,1952.5,1939.29,431376.0,4370144736.0
2026-06-24 10:55,1938.97,1929.89,1942.03,1929.89,321961.0,3797907472.0
2026-06-24 11:00,1929.58,1928.62,1932.45,1924.22,295123.0,3386972064.0
2026-06-24 11:05,1928.77,1923.35,1936.29,1923.35,257148.0,2730299120.0
2026-06-24 11:10,1924.0,1939.63,1939.63,1922.29,211489.0,1871796496.0
2026-06-24 11:15,1940.16,1938.44,1941.89,1936.06,177124.0,1602883069.0
2026-06-24 11:20,1938.58,1933.3,1939.33,1931.09,145207.0,1443522509.0
2026-06-24 11:25,1934.51,1944.22,1947.62,1934.39,168254.0,2055504224.0
2026-06-24 11:30,1945.0,1963.82,1963.94,1944.24,242395.0,3013619440.0
2026-06-24 13:05,1964.63,1973.09,1973.63,1963.2,580972.0,5758999296.0
2026-06-24 13:10,1972.71,1976.11,1977.87,1971.01,358914.0,4013500304.0
2026-06-24 13:15,1975.16,1970.12,1975.16,1967.38,355444.0,3356903744.0
2026-06-24 13:20,1970.54,1979.89,1980.91,1969.13,332163.0,3662574432.0
2026-06-24 13:25,1979.68,1985.32,1985.38,1979.29,488664.0,3628018736.0
2026-06-24 13:30,1985.49,1993.38,1996.78,1985.49,381305.0,4632329360.0
2026-06-24 13:35,1993.14,1994.17,1996.76,1987.15,342318.0,4025533488.0
2026-06-24 13:40,1994.46,1989.2,1996.23,1989.16,275567.0,2746492768.0
2026-06-24 13:45,1988.59,1988.08,1989.43,1983.18,248530.0,2791007920.0
2026-06-24 13:50,1987.6,1975.26,1987.6,1975.26,240817.0,2634114768.0
2026-06-24 13:55,1975.07,1977.47,1980.34,1969.79,239410.0,2400638192.0
2026-06-24 14:00,1977.61,1972.62,1977.8,1972.04,183557.0,1908984848.0
2026-06-24 14:05,1972.56,1978.25,1981.35,1969.73,244501.0,2394226032.0
2026-06-24 14:10,1978.29,1973.41,1981.94,1973.41,192913.0,1976810912.0
2026-06-24 14:15,1973.5,1983.8,1987.74,1973.43,215548.0,3128966592.0
2026-06-24 14:20,1983.83,1990.09,1992.84,1983.64,202548.0,3408846960.0
2026-06-24 14:25,1990.39,1989.46,1992.95,1987.84,205810.0,2749469904.0
2026-06-24 14:30,1988.79,1994.18,1996.62,1988.79,248825.0,3362193360.0
2026-06-24 14:35,1994.18,1987.5,1997.9,1987.5,268016.0,2960776848.0
2026-06-24 14:40,1987.27,1986.55,1990.03,1985.48,246171.0,2592806144.0
2026-06-24 14:45,1986.78,1985.19,1986.78,1982.23,254423.0,2818932720.0
2026-06-24 14:50,1985.37,1986.31,1988.56,1984.66,378633.0,3315996144.0
2026-06-24 14:55,1986.77,1990.75,1990.75,1986.14,586102.0,4979041056.0
2026-06-24 15:00,1990.73,1989.43,1991.28,1989.43,370525.0,4237784157.0
2026-06-25 09:35,2004.77,2010.74,2016.58,2001.11,1745332.0,21792259344.0
2026-06-25 09:40,2010.13,2024.85,2026.44,2009.96,982074.0,11812406752.0
2026-06-25 09:45,2023.99,2046.46,2046.89,2020.82,1069865.0,11113596656.0
2026-06-25 09:50,2046.46,2055.96,2056.71,2046.46,856441.0,9803601056.0
2026-06-25 09:55,2056.0,2041.75,2062.08,2040.71,686192.0,8907558464.0
2026-06-25 10:00,2041.71,2040.02,2049.95,2037.15,614412.0,6964067856.0
2026-06-25 10:05,2040.85,2045.41,2053.32,2036.22,460431.0,5831933648.0
2026-06-25 10:10,2045.45,2033.59,2047.13,2026.29,536614.0,6270664928.0
2026-06-25 10:15,2034.21,2035.56,2038.15,2029.34,388435.0,4572562784.0
2026-06-25 10:20,2035.41,2050.25,2050.62,2035.4,342392.0,4593619632.0
2026-06-25 10:25,2050.79,2027.69,2051.05,2027.44,572809.0,5557946352.0
2026-06-25 10:30,2027.81,2034.67,2034.67,2015.47,467107.0,5409311920.0
2026-06-25 10:35,2034.57,2031.59,2037.63,2031.59,313393.0,3693149728.0
2026-06-25 10:40,2032.07,2017.02,2032.07,2015.2,347560.0,4149133088.0
2026-06-25 10:45,2016.67,2008.84,2016.96,2000.8,484037.0,5635228352.0
2026-06-25 10:50,2008.79,2019.61,2022.61,2006.04,323840.0,3498268240.0
2026-06-25 10:55,2017.84,2024.1,2024.1,2010.9,280730.0,3181386704.0
2026-06-25 11:00,2024.19,2031.05,2035.08,2023.18,423708.0,3669374176.0
2026-06-25 11:05,2030.61,2037.58,2039.28,2029.38,270173.0,3175663360.0
2026-06-25 11:10,2037.26,2053.57,2058.0,2037.26,308861.0,6071633296.0
2026-06-25 11:15,2053.15,2057.83,2057.83,2046.56,225275.0,3383760976.0
2026-06-25 11:20,2058.67,2069.36,2069.49,2057.75,263362.0,4593236352.0
2026-06-25 11:25,2069.05,2075.13,2075.41,2067.03,257814.0,4473697440.0
2026-06-25 11:30,2074.79,2072.5,2076.88,2068.86,216382.0,3262162704.0
2026-06-25 13:05,2072.84,2059.18,2075.29,2059.18,393578.0,5341382480.0
2026-06-25 13:10,2058.62,2061.79,2065.18,2057.18,253962.0,3460938800.0
2026-06-25 13:15,2061.88,2053.98,2062.17,2052.64,392150.0,2993162928.0
2026-06-25 13:20,2053.08,2061.59,2061.59,2051.69,364693.0,2667172704.0
2026-06-25 13:25,2061.7,2056.22,2064.02,2055.37,221268.0,2544972864.0
2026-06-25 13:30,2056.23,2063.75,2063.75,2055.03,218620.0,2654102400.0
2026-06-25 13:35,2063.5,2064.13,2071.5,2063.35,234532.0,3063728336.0
2026-06-25 13:40,2064.6,2067.22,2072.11,2064.6,214040.0,2847466848.0
2026-06-25 13:45,2067.18,2064.67,2069.99,2064.29,170765.0,2137679968.0
2026-06-25 13:50,2064.36,2065.78,2067.17,2060.71,173260.0,2411620048.0
2026-06-25 13:55,2065.86,2062.0,2067.48,2061.96,164342.0,2038859616.0
2026-06-25 14:00,2061.43,2049.89,2061.43,2049.3,258721.0,3075334144.0
2026-06-25 14:05,2049.97,2055.01,2059.02,2049.97,179773.0,2241296208.0
2026-06-25 14:10,2055.11,2064.85,2064.85,2054.88,212984.0,2119785776.0
2026-06-25 14:15,2064.83,2066.02,2067.6,2064.27,171233.0,2198604304.0
2026-06-25 14:20,2066.01,2065.25,2069.61,2064.65,195896.0,2110835200.0
2026-06-25 14:25,2065.33,2061.69,2068.17,2061.69,194563.0,2170189312.0
2026-06-25 14:30,2061.83,2067.31,2068.67,2061.51,214835.0,2104166352.0
2026-06-25 14:35,2067.84,2063.2,2070.52,2061.94,272703.0,2837629088.0
2026-06-25 14:40,2063.0,2059.6,2065.3,2059.48,275328.0,2738417488.0
2026-06-25 14:45,2059.74,2063.2,2063.54,2055.87,234903.0,3012895424.0
2026-06-25 14:50,2063.17,2066.16,2067.54,2062.94,309246.0,3784222624.0
2026-06-25 14:55,2066.09,2067.46,2068.25,2065.33,406288.0,4635432400.0
2026-06-25 15:00,2067.89,2066.33,2068.46,2066.33,345110.0,3897638867.0
2026-06-26 09:35,2034.43,2046.99,2050.72,2029.01,1565164.0,15713834592.0
2026-06-26 09:40,2046.35,2060.77,2071.17,2045.34,1128070.0,10475606800.0
2026-06-26 09:45,2061.66,2071.22,2076.47,2060.71,1431750.0,9898508976.0
2026-06-26 09:50,2071.1,2044.98,2074.93,2044.98,883448.0,8218423504.0
2026-06-26 09:55,2044.84,2031.45,2047.86,2021.98,833489.0,9138792432.0
2026-06-26 10:00,2031.61,2052.3,2055.19,2031.03,584369.0,5792649344.0
2026-06-26 10:05,2052.59,2040.14,2057.51,2040.14,556491.0,5346910784.0
2026-06-26 10:10,2039.66,2050.5,2052.45,2039.57,393845.0,4168074384.0
2026-06-26 10:15,2050.84,2046.28,2050.84,2041.76,407231.0,4060700736.0
2026-06-26 10:20,2045.96,2042.89,2050.49,2038.55,606150.0,3554226880.0
2026-06-26 10:25,2043.31,2037.45,2045.81,2037.45,367970.0,3127997056.0
2026-06-26 10:30,2037.05,2016.44,2037.05,2016.29,441377.0,5171842352.0
2026-06-26 10:35,2016.67,2025.03,2025.06,2014.64,419798.0,5081719744.0
2026-06-26 10:40,2025.67,2022.94,2026.98,2018.03,305887.0,3464972432.0
2026-06-26 10:45,2022.96,2018.82,2022.96,2013.56,324082.0,3523821568.0
2026-06-26 10:50,2018.94,2006.96,2020.19,2006.96,340311.0,3556679312.0
2026-06-26 10:55,2006.63,1992.06,2006.63,1992.06,445410.0,5281656160.0
2026-06-26 11:00,1991.91,1995.94,1996.16,1976.92,534226.0,6101496752.0
2026-06-26 11:05,1993.79,1999.95,2004.37,1993.79,385177.0,4144170816.0
2026-06-26 11:10,2000.53,1997.53,2003.3,1993.47,247785.0,3032272896.0
2026-06-26 11:15,1997.02,1991.98,2001.22,1987.37,296321.0,3231996144.0
2026-06-26 11:20,1992.35,2009.98,2009.98,1989.57,234353.0,2878553328.0
2026-06-26 11:25,2009.68,1993.58,2011.2,1992.97,266711.0,2966162160.0
2026-06-26 11:30,1992.18,2012.53,2013.02,1991.66,202465.0,2541453040.0
2026-06-26 13:05,2012.64,2011.19,2013.2,2003.06,420091.0,4146548288.0
2026-06-26 13:10,2011.39,2017.0,2018.05,2007.29,299133.0,3275154720.0
2026-06-26 13:15,2016.65,2025.94,2029.94,2016.65,320238.0,3427588032.0
2026-06-26 13:20,2026.78,2039.44,2040.5,2026.78,377136.0,3988356240.0
2026-06-26 13:25,2040.58,2046.82,2054.76,2040.58,350041.0,4155268464.0
2026-06-26 13:30,2045.82,2035.69,2049.22,2033.46,263328.0,2952347088.0
2026-06-26 13:35,2035.84,2050.79,2054.07,2035.76,236555.0,2809456400.0
2026-06-26 13:40,2050.56,2045.45,2050.93,2044.45,205402.0,2434294592.0
2026-06-26 13:45,2045.7,2051.95,2051.95,2041.57,201689.0,2203035552.0
2026-06-26 13:50,2051.92,2054.31,2055.01,2043.76,209457.0,2702067104.0
2026-06-26 13:55,2054.99,2061.02,2061.43,2054.98,208286.0,2801011184.0
2026-06-26 14:00,2061.37,2055.01,2064.23,2055.01,215585.0,2727220320.0
2026-06-26 14:05,2054.75,2053.38,2056.44,2048.16,231587.0,2417609552.0
2026-06-26 14:10,2052.69,2045.63,2053.03,2041.57,226542.0,2241990544.0
2026-06-26 14:15,2045.92,2036.5,2046.61,2036.05,197580.0,1967893264.0
2026-06-26 14:20,2037.96,2036.99,2042.46,2034.28,224136.0,2101385952.0
2026-06-26 14:25,2037.58,2041.4,2046.26,2037.09,204399.0,2096197440.0
2026-06-26 14:30,2041.74,2038.63,2046.53,2036.69,185304.0,2128049584.0
2026-06-26 14:35,2038.65,2031.69,2039.51,2031.22,230816.0,2469572016.0
2026-06-26 14:40,2031.6,2046.34,2047.11,2031.01,257223.0,2559891584.0
2026-06-26 14:45,2046.48,2045.19,2048.03,2041.51,236726.0,2871659456.0
2026-06-26 14:50,2045.36,2044.35,2047.35,2043.26,320350.0,3723814256.0
2026-06-26 14:55,2044.87,2035.43,2046.98,2033.91,446912.0,4643945792.0
2026-06-26 15:00,2035.36,2032.28,2035.49,2031.44,424774.0,4410633756.0
2026-06-29 09:35,2039.67,2071.45,2073.02,2039.67,1878300.0,18220383296.0
2026-06-29 09:40,2071.56,2080.66,2088.23,2071.56,1082968.0,12446846176.0
2026-06-29 09:45,2079.94,2102.97,2105.92,2079.94,1037544.0,11067774592.0
2026-06-29 09:50,2103.79,2111.32,2115.7,2103.43,996187.0,11909945904.0
2026-06-29 09:55,2110.81,2110.26,2116.83,2107.87,855850.0,11312063680.0
2026-06-29 10:00,2110.25,2110.08,2112.13,2095.25,732228.0,8608498912.0
2026-06-29 10:05,2111.84,2086.76,2113.21,2084.5,776675.0,9879581232.0
2026-06-29 10:10,2086.35,2064.27,2094.71,2064.27,805802.0,8898813584.0
2026-06-29 10:15,2064.19,2046.71,2067.57,2045.98,750911.0,9465910224.0
2026-06-29 10:20,2046.69,2043.9,2063.1,2043.9,720109.0,7930827648.0
2026-06-29 10:25,2043.84,2063.92,2063.92,2039.75,615242.0,6126929376.0
2026-06-29 10:30,2063.15,2057.11,2067.7,2055.96,425789.0,4630093744.0
2026-06-29 10:35,2057.87,2020.9,2057.87,2020.84,558841.0,5726908880.0
2026-06-29 10:40,2019.99,2033.34,2033.34,2013.51,502884.0,6432866624.0
2026-06-29 10:45,2032.07,2046.04,2046.04,2031.5,309193.0,3428637328.0
2026-06-29 10:50,2046.77,2060.49,2060.49,2046.77,354480.0,3591319296.0
2026-06-29 10:55,2060.9,2059.97,2068.14,2053.91,308798.0,3152451808.0
2026-06-29 11:00,2060.76,2068.62,2071.49,2059.2,258205.0,2818543056.0
2026-06-29 11:05,2069.61,2074.52,2080.85,2069.61,277179.0,3422953744.0
2026-06-29 11:10,2074.71,2074.78,2081.27,2070.47,299356.0,2680779152.0
2026-06-29 11:15,2074.67,2075.25,2075.25,2057.62,235901.0,2242958688.0
2026-06-29 11:20,2075.78,2083.24,2084.2,2074.89,200095.0,2518653280.0
2026-06-29 11:25,2083.15,2065.91,2083.52,2063.33,191252.0,1838435040.0
2026-06-29 11:30,2065.58,2063.94,2065.59,2055.34,147713.0,1788036368.0
2026-06-29 13:05,2063.83,2047.09,2064.42,2047.09,337252.0,2981582192.0
2026-06-29 13:10,2047.12,2046.87,2049.39,2042.14,217775.0,2055324816.0
2026-06-29 13:15,2047.45,2049.02,2049.4,2043.45,258293.0,2014489840.0
2026-06-29 13:20,2048.61,2055.37,2059.02,2047.67,193866.0,2161723792.0
2026-06-29 13:25,2055.87,2071.29,2071.29,2055.51,245133.0,2209362384.0
2026-06-29 13:30,2071.3,2081.57,2081.57,2071.3,241226.0,2657161440.0
2026-06-29 13:35,2081.17,2088.22,2089.85,2077.63,310783.0,2814017600.0
2026-06-29 13:40,2088.51,2094.84,2095.98,2087.91,262715.0,2875654320.0
2026-06-29 13:45,2095.06,2107.71,2107.71,2094.33,259839.0,3198360304.0
2026-06-29 13:50,2107.59,2098.83,2107.59,2098.83,200518.0,2613772976.0
2026-06-29 13:55,2098.08,2106.97,2107.61,2096.82,237610.0,2895917936.0
2026-06-29 14:00,2106.61,2105.38,2110.07,2104.41,226709.0,2743773376.0
2026-06-29 14:05,2105.17,2103.32,2113.05,2103.32,268134.0,3050057552.0
2026-06-29 14:10,2102.58,2096.11,2102.75,2090.38,194930.0,2314741776.0
2026-06-29 14:15,2096.07,2091.51,2098.26,2090.75,187272.0,2072199232.0
2026-06-29 14:20,2091.65,2101.7,2105.57,2091.65,183528.0,2357431664.0
2026-06-29 14:25,2101.75,2096.19,2103.55,2096.13,175208.0,2021198064.0
2026-06-29 14:30,2096.1,2095.64,2096.14,2092.32,209261.0,2081557856.0
2026-06-29 14:35,2096.25,2101.16,2106.36,2096.25,262740.0,2897731200.0
2026-06-29 14:40,2101.46,2112.11,2112.11,2101.15,294403.0,3582777296.0
2026-06-29 14:45,2111.82,2106.05,2112.5,2104.85,290203.0,3582508624.0
2026-06-29 14:50,2106.56,2118.26,2118.4,2106.56,382124.0,4498748960.0
2026-06-29 14:55,2118.48,2126.9,2127.8,2117.75,486315.0,5712189744.0
2026-06-29 15:00,2126.61,2126.01,2127.52,2125.12,414145.0,4539998545.0
2026-06-30 09:35,2132.88,2147.62,2148.19,2132.04,1815398.0,19261463760.0
2026-06-30 09:40,2147.38,2138.9,2161.35,2138.14,2037295.0,14457997344.0
2026-06-30 09:45,2139.67,2144.75,2144.9,2113.95,1170870.0,10860629312.0
2026-06-30 09:50,2145.49,2167.88,2170.75,2145.49,762197.0,10467569488.0
2026-06-30 09:55,2168.31,2176.63,2179.05,2164.5,652271.0,8526084080.0
2026-06-30 10:00,2175.75,2171.42,2175.75,2157.8,571292.0,6577468096.0
2026-06-30 10:05,2172.0,2179.54,2180.73,2166.99,541878.0,6912841520.0
2026-06-30 10:10,2179.27,2182.56,2185.72,2179.27,427264.0,6007429664.0
2026-06-30 10:15,2182.66,2178.66,2185.96,2170.86,476491.0,5212807440.0
2026-06-30 10:20,2178.93,2162.1,2179.97,2162.1,482850.0,5419771776.0
2026-06-30 10:25,2161.43,2156.29,2166.02,2155.23,507253.0,5128167728.0
2026-06-30 10:30,2156.03,2167.53,2168.8,2153.14,323744.0,4145375120.0
2026-06-30 10:35,2167.67,2169.54,2170.05,2163.49,250242.0,3508050928.0
2026-06-30 10:40,2169.77,2172.3,2172.3,2163.99,340373.0,3130329296.0
2026-06-30 10:45,2172.5,2173.68,2179.1,2171.26,250522.0,3569131904.0
2026-06-30 10:50,2173.18,2176.25,2179.02,2165.64,282887.0,3541815056.0
2026-06-30 10:55,2176.93,2179.46,2183.24,2176.5,358545.0,3915628288.0
2026-06-30 11:00,2179.86,2182.26,2187.85,2179.86,342821.0,5301764016.0
2026-06-30 11:05,2182.27,2185.27,2185.8,2179.05,299561.0,5140171152.0
2026-06-30 11:10,2185.41,2192.61,2194.64,2183.29,275641.0,3815318800.0
2026-06-30 11:15,2192.81,2196.23,2196.77,2190.32,263475.0,3609275584.0
2026-06-30 11:20,2195.5,2195.23,2195.5,2188.63,253702.0,2859973680.0
2026-06-30 11:25,2195.32,2199.87,2201.24,2192.49,225022.0,3280159552.0
2026-06-30 11:30,2199.33,2200.53,2201.12,2195.88,196951.0,3098792736.0
2026-06-30 13:05,2202.09,2191.02,2208.36,2190.74,479572.0,5962569184.0
2026-06-30 13:10,2190.81,2194.96,2201.95,2184.8,277700.0,3650638000.0
2026-06-30 13:15,2193.13,2185.67,2195.29,2180.4,314371.0,3980911024.0
2026-06-30 13:20,2186.57,2191.04,2193.11,2186.57,217500.0,2613604672.0
2026-06-30 13:25,2190.99,2199.76,2200.29,2189.04,197107.0,2599304272.0
2026-06-30 13:30,2199.33,2204.36,2205.06,2196.33,198551.0,2298622160.0
2026-06-30 13:35,2204.71,2206.24,2211.08,2202.99,304269.0,2828661648.0
2026-06-30 13:40,2206.43,2199.73,2207.58,2199.73,287694.0,2581108064.0
2026-06-30 13:45,2200.74,2191.87,2206.29,2191.35,301117.0,3224876304.0
2026-06-30 13:50,2191.71,2200.35,2202.02,2191.25,167820.0,2183739888.0
2026-06-30 13:55,2200.97,2198.18,2204.63,2198.18,240510.0,2205855152.0
2026-06-30 14:00,2198.61,2203.83,2203.83,2198.04,201648.0,1794356128.0
2026-06-30 14:05,2204.3,2207.37,2210.87,2203.62,265080.0,2301604800.0
2026-06-30 14:10,2207.13,2209.89,2211.27,2206.69,249738.0,2033242528.0
2026-06-30 14:15,2210.44,2202.75,2210.44,2200.61,199201.0,2242668240.0
2026-06-30 14:20,2203.71,2197.96,2203.71,2193.64,225964.0,2686258112.0
2026-06-30 14:25,2197.68,2193.73,2199.35,2193.73,206782.0,2162497808.0
2026-06-30 14:30,2194.07,2192.99,2196.12,2190.59,208799.0,2565506944.0
2026-06-30 14:35,2192.98,2202.16,2203.1,2192.84,286991.0,2643028640.0
2026-06-30 14:40,2201.83,2199.37,2205.48,2197.07,253518.0,2679901504.0
2026-06-30 14:45,2199.4,2203.28,2204.42,2199.17,262555.0,2996224608.0
2026-06-30 14:50,2203.5,2208.65,2208.69,2203.35,313783.0,3666430096.0
2026-06-30 14:55,2208.43,2213.87,2214.61,2207.8,478716.0,5116555440.0
2026-06-30 15:00,2213.7,2207.86,2213.7,2207.86,370330.0,4584304502.0
2026-07-01 09:35,2205.66,2220.8,2222.97,2202.2,2104876.0,17947664768.0
2026-07-01 09:40,2221.06,2208.89,2221.11,2208.79,1313210.0,12812147648.0
2026-07-01 09:45,2209.54,2232.07,2232.07,2199.83,938536.0,10336488656.0
2026-07-01 09:50,2232.24,2230.62,2239.51,2225.06,805377.0,8230438656.0
2026-07-01 09:55,2230.69,2238.5,2241.74,2230.69,718797.0,6523608704.0
2026-07-01 10:00,2239.19,2227.3,2239.82,2225.69,693677.0,6680434544.0
2026-07-01 10:05,2227.69,2245.57,2249.87,2223.35,699378.0,7081279568.0
2026-07-01 10:10,2246.08,2231.73,2247.54,2229.83,547019.0,5841854944.0
2026-07-01 10:15,2231.61,2222.3,2247.03,2222.2,515862.0,5965425856.0
2026-07-01 10:20,2221.86,2244.62,2244.62,2216.23,560939.0,6792948448.0
2026-07-01 10:25,2245.84,2254.37,2254.56,2243.58,373688.0,4895254624.0
2026-07-01 10:30,2254.06,2237.9,2255.25,2227.34,410115.0,4532303552.0
2026-07-01 10:35,2238.46,2219.45,2238.81,2219.18,508022.0,5331102528.0
2026-07-01 10:40,2218.76,2206.75,2220.25,2200.66,633657.0,7426760528.0
2026-07-01 10:45,2206.47,2201.26,2207.06,2186.21,702265.0,7382657552.0
2026-07-01 10:50,2201.0,2215.09,2215.09,2198.65,423278.0,4002258624.0
2026-07-01 10:55,2215.58,2217.67,2224.05,2214.85,359644.0,3251263280.0
2026-07-01 11:00,2218.34,2215.8,2228.06,2215.8,479233.0,3064125008.0
2026-07-01 11:05,2215.85,2214.57,2226.63,2214.57,348879.0,2405063248.0
2026-07-01 11:10,2214.27,2219.52,2223.76,2210.47,402583.0,2484999552.0
2026-07-01 11:15,2219.32,2209.49,2219.32,2206.21,307991.0,3012218432.0
2026-07-01 11:20,2209.61,2203.58,2215.77,2203.17,306595.0,3219153280.0
2026-07-01 11:25,2202.36,2197.04,2202.52,2189.51,331194.0,3826147280.0
2026-07-01 11:30,2197.65,2201.01,2205.15,2197.32,226850.0,2429868720.0
2026-07-01 13:05,2199.75,2176.3,2200.3,2176.3,637796.0,5577264016.0
2026-07-01 13:10,2176.43,2167.75,2182.46,2167.7,390817.0,4939625072.0
2026-07-01 13:15,2167.55,2153.5,2172.06,2153.5,432995.0,5200476576.0
2026-07-01 13:20,2153.21,2180.98,2181.06,2153.21,409229.0,4940072688.0
2026-07-01 13:25,2180.7,2180.4,2188.17,2179.03,284590.0,3003892400.0
2026-07-01 13:30,2180.12,2157.92,2180.12,2157.07,315005.0,3432154528.0
2026-07-01 13:35,2158.08,2162.05,2168.6,2157.08,338206.0,3089672080.0
2026-07-01 13:40,2162.05,2156.06,2164.89,2154.66,278633.0,2773846592.0
2026-07-01 13:45,2155.6,2143.95,2156.19,2143.29,345915.0,4001371520.0
2026-07-01 13:50,2144.77,2143.82,2153.72,2143.81,330061.0,3442158864.0
2026-07-01 13:55,2143.49,2132.88,2143.52,2132.88,412568.0,5056965920.0
2026-07-01 14:00,2133.41,2157.04,2157.19,2132.73,298469.0,3515141744.0
2026-07-01 14:05,2157.32,2161.94,2163.32,2152.54,253759.0,2887560960.0
2026-07-01 14:10,2162.29,2156.4,2163.05,2156.4,216527.0,2384440240.0
2026-07-01 14:15,2155.7,2149.0,2156.0,2149.0,176762.0,2017409040.0
2026-07-01 14:20,2148.93,2136.61,2149.15,2136.61,219569.0,2442420416.0
2026-07-01 14:25,2136.58,2135.45,2146.59,2135.19,235290.0,2605455424.0
2026-07-01 14:30,2135.07,2131.66,2137.84,2129.7,255859.0,3088203696.0
2026-07-01 14:35,2131.67,2131.2,2137.03,2131.2,264024.0,2853511712.0
2026-07-01 14:40,2131.09,2124.37,2131.14,2120.36,429771.0,4523496768.0
2026-07-01 14:45,2123.99,2148.38,2149.86,2123.99,359925.0,3784349456.0
2026-07-01 14:50,2147.65,2142.42,2150.11,2141.84,292879.0,3260433488.0
2026-07-01 14:55,2142.34,2155.03,2155.23,2141.53,357157.0,4116921184.0
2026-07-01 15:00,2154.88,2153.04,2154.88,2152.11,333483.0,3915956687.0
2026-07-02 09:35,2059.9,2042.6,2064.44,2022.64,2668768.0,25944983344.0
2026-07-02 09:40,2043.91,2064.4,2066.92,2042.94,1196800.0,11924559008.0
2026-07-02 09:45,2063.05,2041.02,2065.54,2040.76,1034251.0,10374822336.0
2026-07-02 09:50,2040.88,2059.91,2073.1,2032.34,975292.0,9413901984.0
2026-07-02 09:55,2063.58,2087.83,2087.83,2063.58,730454.0,7624275584.0
2026-07-02 10:00,2088.01,2077.33,2091.63,2076.09,585832.0,5749437920.0
2026-07-02 10:05,2079.37,2100.11,2105.29,2078.09,540598.0,5851430880.0
2026-07-02 10:10,2100.38,2096.82,2104.61,2086.45,454181.0,4796843312.0
2026-07-02 10:15,2096.32,2093.78,2100.49,2088.84,361884.0,3711119344.0
2026-07-02 10:20,2093.13,2072.74,2093.13,2067.67,426887.0,4364084800.0
2026-07-02 10:25,2071.94,2075.34,2080.38,2064.75,338924.0,3695207904.0
2026-07-02 10:30,2075.44,2072.88,2076.86,2068.65,317347.0,2947303408.0
2026-07-02 10:35,2070.99,2085.74,2088.79,2070.96,320293.0,2984278944.0
2026-07-02 10:40,2085.82,2092.86,2094.05,2083.26,303400.0,2686469520.0
2026-07-02 10:45,2092.37,2083.51,2093.5,2083.51,317292.0,2631855104.0
2026-07-02 10:50,2084.08,2081.72,2087.32,2080.52,282334.0,2336540224.0
2026-07-02 10:55,2081.57,2067.9,2081.95,2065.4,278281.0,2903452880.0
2026-07-02 11:00,2067.72,2064.84,2069.12,2063.25,239614.0,2265767792.0
2026-07-02 11:05,2064.0,2063.8,2066.43,2062.34,234699.0,2328571360.0
2026-07-02 11:10,2062.99,2070.17,2070.56,2057.97,228068.0,2741980848.0
2026-07-02 11:15,2070.2,2075.19,2075.19,2066.47,198916.0,1879780144.0
2026-07-02 11:20,2074.63,2068.96,2080.56,2068.96,248636.0,2147720288.0
2026-07-02 11:25,2069.36,2060.47,2072.25,2058.64,232617.0,2200696672.0
2026-07-02 11:30,2059.88,2053.69,2059.88,2050.42,224554.0,2585331152.0
2026-07-02 13:05,2053.24,2052.78,2053.29,2042.09,504525.0,4465237152.0
2026-07-02 13:10,2053.71,2046.65,2054.6,2046.44,245954.0,2599147312.0
2026-07-02 13:15,2046.47,2046.74,2047.28,2040.81,253373.0,3099209168.0
2026-07-02 13:20,2046.05,2034.65,2046.05,2034.65,212763.0,2935009280.0
2026-07-02 13:25,2034.93,2029.61,2037.09,2026.3,331057.0,4881873440.0
2026-07-02 13:30,2029.6,2023.31,2032.21,2023.31,309390.0,4061237968.0
2026-07-02 13:35,2023.1,2018.27,2025.08,2018.08,294599.0,3956328192.0
2026-07-02 13:40,2017.27,2018.62,2022.04,2014.01,350978.0,3808151200.0
2026-07-02 13:45,2018.2,2012.53,2022.82,2012.53,289523.0,3396969776.0
2026-07-02 13:50,2012.37,2008.22,2014.85,2004.06,410350.0,4530978336.0
2026-07-02 13:55,2009.18,2013.8,2017.46,2009.18,292296.0,3390024000.0
2026-07-02 14:00,2013.68,2014.77,2022.91,2013.68,270619.0,2954280288.0
2026-07-02 14:05,2014.92,2006.43,2020.47,2006.43,270729.0,2757030320.0
2026-07-02 14:10,2006.56,2021.05,2021.05,2005.59,267829.0,3111443264.0
2026-07-02 14:15,2021.2,2012.41,2025.73,2012.41,225220.0,2304187520.0
2026-07-02 14:20,2012.37,2004.5,2013.95,2003.95,231430.0,2391379504.0
2026-07-02 14:25,2004.38,2002.33,2008.21,2002.33,225348.0,2486560960.0
2026-07-02 14:30,2002.21,2002.15,2006.66,2000.34,322640.0,3095811696.0
2026-07-02 14:35,2002.28,2002.17,2011.49,2001.67,332539.0,3178617008.0
2026-07-02 14:40,2001.58,1992.91,2005.89,1992.8,389604.0,3727260816.0
2026-07-02 14:45,1992.8,1987.44,1992.8,1984.25,607152.0,5999291200.0
2026-07-02 14:50,1987.44,1982.41,1989.59,1981.99,491863.0,5103716000.0
2026-07-02 14:55,1981.86,1985.68,1985.73,1978.32,616882.0,5945282576.0
2026-07-02 15:00,1985.7,1987.29,1990.52,1985.7,426778.0,4683062246.0
2026-07-03 09:35,1978.75,1956.82,1993.85,1953.93,1710837.0,18786031952.0
2026-07-03 09:40,1956.38,1985.32,1985.75,1955.83,1034792.0,9305844784.0
2026-07-03 09:45,1985.7,1990.29,1994.63,1975.76,725249.0,7788092992.0
2026-07-03 09:50,1989.71,1964.22,1991.55,1964.22,836366.0,6838528496.0
2026-07-03 09:55,1964.02,1967.42,1968.54,1948.17,923012.0,7218977568.0
2026-07-03 10:00,1966.9,1976.76,1977.68,1962.33,516877.0,4627020704.0
2026-07-03 10:05,1977.33,1977.66,1988.01,1971.52,515166.0,4744259600.0
2026-07-03 10:10,1975.99,1990.13,1992.97,1975.06,362192.0,4184085680.0
2026-07-03 10:15,1988.67,1964.76,1988.67,1964.76,370243.0,3988567792.0
2026-07-03 10:20,1964.39,1965.53,1980.98,1962.03,434938.0,3434702368.0
2026-07-03 10:25,1965.71,1969.37,1973.46,1959.3,387571.0,3355306160.0
2026-07-03 10:30,1969.79,1976.08,1979.59,1969.3,258230.0,2501617872.0
2026-07-03 10:35,1977.38,1984.03,1984.05,1974.75,266846.0,2617213168.0
2026-07-03 10:40,1984.14,1989.05,1989.05,1982.48,270406.0,2913207024.0
2026-07-03 10:45,1989.36,1998.09,1998.09,1985.42,270994.0,3524666672.0
2026-07-03 10:50,1998.27,2004.28,2006.67,1998.27,298289.0,3637374816.0
2026-07-03 10:55,2004.43,2008.36,2010.38,1998.06,327493.0,3503229872.0
2026-07-03 11:00,2008.44,2016.22,2017.19,2007.89,297843.0,3852027360.0
2026-07-03 11:05,2015.68,2024.1,2025.67,2015.68,326500.0,3996981904.0
2026-07-03 11:10,2023.42,2021.92,2028.37,2019.67,310376.0,3425382432.0
2026-07-03 11:15,2021.69,2014.51,2021.69,2004.5,253677.0,2699339872.0
2026-07-03 11:20,2014.56,2009.66,2019.89,2008.93,215192.0,2101187056.0
2026-07-03 11:25,2009.28,1999.4,2009.28,1998.64,243982.0,2252691840.0
2026-07-03 11:30,1999.2,2008.07,2009.38,1998.85,145843.0,1612751584.0
2026-07-03 13:05,2012.15,2034.9,2039.31,2012.15,481624.0,5686714304.0
2026-07-03 13:10,2035.25,2026.56,2036.44,2025.8,306589.0,3822644544.0
2026-07-03 13:15,2026.11,2014.49,2027.39,2014.21,279154.0,3083351600.0
2026-07-03 13:20,2014.63,2007.9,2018.81,2007.05,283733.0,2844858880.0
2026-07-03 13:25,2008.1,1999.42,2008.1,1996.85,293264.0,2670133424.0
2026-07-03 13:30,1999.06,2001.82,2004.33,1998.81,231907.0,2178540304.0
2026-07-03 13:35,2001.44,2013.81,2014.59,2001.33,237701.0,2221787888.0
2026-07-03 13:40,2013.73,2010.57,2013.77,2010.13,172523.0,1804109376.0
2026-07-03 13:45,2010.71,2014.36,2018.91,2010.71,161360.0,1892194000.0
2026-07-03 13:50,2014.67,2005.38,2016.89,2005.03,156838.0,1757349328.0
2026-07-03 13:55,2005.11,2009.26,2011.69,2004.01,165555.0,1513890032.0
2026-07-03 14:00,2008.66,2009.59,2013.64,2007.66,194758.0,1550877184.0
2026-07-03 14:05,2009.4,2011.64,2014.41,2008.33,159997.0,1794280830.0
2026-07-03 14:10,2011.46,2010.1,2018.21,2009.53,178275.0,1808860704.0
2026-07-03 14:15,2009.66,1999.74,2009.66,1999.74,206184.0,2132394416.0
2026-07-03 14:20,1999.41,2001.64,2002.71,1998.79,172672.0,1818292736.0
2026-07-03 14:25,2001.39,1993.12,2001.77,1992.66,250207.0,2344718000.0
2026-07-03 14:30,1993.41,1988.64,1993.41,1987.8,265041.0,2404435104.0
2026-07-03 14:35,1988.49,1982.37,1994.01,1982.29,290888.0,2898394544.0
2026-07-03 14:40,1982.64,1989.88,1990.35,1981.51,335732.0,3037134592.0
2026-07-03 14:45,1989.95,1986.76,1990.21,1985.2,287664.0,2702140800.0
2026-07-03 14:50,1986.86,1984.02,1989.99,1983.92,314177.0,2843503008.0
2026-07-03 14:55,1983.78,1977.59,1984.55,1977.25,466268.0,3896629824.0
2026-07-03 15:00,1977.32,1975.6,1978.53,1975.6,388783.0,3230435733.0
2026-07-06 09:35,2015.18,1992.72,2015.18,1992.72,1344440.0,16466728320.0
2026-07-06 09:40,1992.22,1986.46,1992.22,1973.2,947835.0,9752463008.0
2026-07-06 09:45,1985.6,1997.02,1997.34,1977.22,720375.0,7095022672.0
2026-07-06 09:50,1996.52,2007.16,2009.02,1996.23,522460.0,5884149728.0
2026-07-06 09:55,2007.64,2016.72,2016.72,1998.42,514355.0,5548632384.0
2026-07-06 10:00,2017.13,1990.59,2017.13,1990.51,433112.0,5085948768.0
2026-07-06 10:05,1990.53,1982.92,1991.27,1975.75,517047.0,4839394304.0
2026-07-06 10:10,1981.98,1990.38,1991.08,1980.32,312724.0,3447535856.0
2026-07-06 10:15,1990.49,1969.62,1991.12,1969.62,366636.0,3711995248.0
2026-07-06 10:20,1969.42,1956.5,1971.82,1956.5,510269.0,4668858592.0
2026-07-06 10:25,1956.67,1948.25,1959.38,1946.65,486770.0,4782477376.0
2026-07-06 10:30,1947.92,1936.68,1949.39,1934.89,531703.0,5177096928.0
2026-07-06 10:35,1936.45,1926.1,1939.65,1926.1,435621.0,4938605120.0
2026-07-06 10:40,1925.8,1933.93,1937.64,1920.83,476519.0,5092143232.0
2026-07-06 10:45,1933.93,1921.63,1934.53,1921.63,514512.0,3939933088.0
2026-07-06 10:50,1921.44,1915.71,1926.05,1913.82,385339.0,3366584720.0
2026-07-06 10:55,1915.63,1924.29,1927.42,1914.6,342063.0,3411647648.0
2026-07-06 11:00,1924.42,1940.97,1941.15,1919.09,330383.0,2911164784.0
2026-07-06 11:05,1940.28,1953.19,1956.49,1938.4,286260.0,3120652032.0
2026-07-06 11:10,1953.91,1967.42,1967.42,1953.91,308885.0,3317033264.0
2026-07-06 11:15,1967.51,1985.44,1986.99,1967.51,345400.0,3807467728.0
2026-07-06 11:20,1986.05,1989.22,1989.22,1975.38,266357.0,3107242688.0
2026-07-06 11:25,1988.86,2002.6,2002.6,1988.86,360372.0,3961827664.0
2026-07-06 11:30,2002.92,2014.38,2014.85,2002.19,329500.0,3888349920.0
2026-07-06 13:05,2015.81,2012.16,2017.14,1997.75,399986.0,4712801136.0
2026-07-06 13:10,2012.23,1999.74,2015.94,1999.74,238038.0,3152135840.0
2026-07-06 13:15,1998.77,1994.18,2005.04,1993.28,220207.0,2224875088.0
2026-07-06 13:20,1994.05,1985.72,1999.96,1985.72,167551.0,1759081904.0
2026-07-06 13:25,1985.2,1981.37,1989.21,1980.57,136610.0,1569832976.0
2026-07-06 13:30,1982.43,1995.68,1998.53,1982.43,152167.0,1795813232.0
2026-07-06 13:35,1993.13,1984.52,1993.19,1983.72,156117.0,1459127104.0
2026-07-06 13:40,1984.96,1998.79,1999.56,1984.83,152055.0,1559439824.0
2026-07-06 13:45,1999.44,2018.44,2018.44,1999.44,258994.0,3042280128.0
2026-07-06 13:50,2019.01,2009.97,2019.3,2008.99,201158.0,2618026832.0
2026-07-06 13:55,2010.64,2018.13,2021.84,2010.64,198909.0,2699462800.0
2026-07-06 14:00,2017.93,2016.06,2022.91,2016.06,175433.0,2511810608.0
2026-07-06 14:05,2015.53,2005.34,2015.53,2004.97,186691.0,2051903088.0
2026-07-06 14:10,2005.23,2002.59,2011.6,2002.59,145141.0,1672547136.0
2026-07-06 14:15,2002.38,2000.01,2006.31,1998.96,152031.0,1640904956.0
2026-07-06 14:20,2000.0,1998.61,2000.21,1995.92,153647.0,1518468072.0
2026-07-06 14:25,1998.39,1991.59,1998.64,1990.35,154169.0,1569526827.0
2026-07-06 14:30,1991.58,1994.88,1995.39,1987.53,154906.0,1613376944.0
2026-07-06 14:35,1994.92,1999.34,2001.02,1994.29,200370.0,1889375920.0
2026-07-06 14:40,1999.51,1996.31,2004.51,1996.2,202568.0,1760891472.0
2026-07-06 14:45,1996.25,1993.32,1996.25,1992.6,261711.0,2067642912.0
2026-07-06 14:50,1993.54,1996.71,1999.81,1993.54,294566.0,2340069984.0
2026-07-06 14:55,1996.56,1997.56,1999.71,1996.56,297445.0,2576640064.0
2026-07-06 15:00,1997.57,1996.1,1997.57,1995.1,262590.0,2408393694.0
2026-07-07 09:35,1965.8,1966.76,1977.06,1950.98,988724.0,11601772144.0
2026-07-07 09:40,1966.71,1995.43,1995.43,1959.88,697970.0,8037815456.0
2026-07-07 09:45,1996.55,2016.13,2016.13,1996.55,715987.0,8807165968.0
2026-07-07 09:50,2017.51,2018.87,2027.47,2016.18,691214.0,8570265904.0
2026-07-07 09:55,2019.37,2026.98,2026.98,2009.67,525768.0,6265686928.0
2026-07-07 10:00,2027.76,2026.9,2029.96,2018.0,621764.0,5412987808.0
2026-07-07 10:05,2026.43,2029.24,2034.92,2019.8,646852.0,5468203760.0
2026-07-07 10:10,2029.43,2023.18,2036.35,2022.63,464572.0,4976627776.0
2026-07-07 10:15,2023.54,2022.76,2027.84,2011.31,371238.0,4160688384.0
2026-07-07 10:20,2022.11,2020.69,2025.67,2015.89,259708.0,3136021168.0
2026-07-07 10:25,2018.9,2014.54,2023.65,2014.54,268514.0,3670667744.0
2026-07-07 10:30,2013.95,2020.34,2022.76,2009.95,276867.0,3236696576.0
2026-07-07 10:35,2020.17,2027.64,2028.04,2015.03,270175.0,3099984784.0
2026-07-07 10:40,2028.3,2039.39,2039.6,2028.3,274024.0,3918882448.0
2026-07-07 10:45,2038.75,2036.41,2038.75,2031.09,217951.0,3129920064.0
2026-07-07 10:50,2035.28,2027.81,2035.28,2021.02,193770.0,2338372608.0
2026-07-07 10:55,2027.49,2027.95,2032.71,2021.74,178398.0,1904858918.0
2026-07-07 11:00,2028.31,2022.03,2031.63,2022.03,166742.0,1691102896.0
2026-07-07 11:05,2022.01,2020.97,2027.73,2018.36,203291.0,2095331360.0
2026-07-07 11:10,2020.56,2019.76,2024.98,2015.84,169271.0,1895090848.0
2026-07-07 11:15,2020.02,2010.56,2023.12,2006.94,221856.0,2232317872.0
2026-07-07 11:20,2010.83,2006.66,2010.83,2002.28,182160.0,2499486336.0
2026-07-07 11:25,2006.78,2002.2,2007.12,2002.2,132954.0,1649203632.0
2026-07-07 11:30,2001.89,2009.23,2010.32,1999.34,173294.0,2030573584.0
2026-07-07 13:05,2007.23,1988.56,2007.23,1986.51,370770.0,4439764672.0
2026-07-07 13:10,1988.86,1979.2,1991.53,1978.07,256614.0,3236793536.0
2026-07-07 13:15,1979.19,1975.53,1986.31,1975.4,253124.0,2913228848.0
2026-07-07 13:20,1975.74,1984.49,1987.25,1972.79,280258.0,3048990560.0
2026-07-07 13:25,1984.53,1985.93,1986.66,1978.45,231006.0,2406327440.0
2026-07-07 13:30,1986.43,2001.89,2003.82,1986.43,188556.0,2625607232.0
2026-07-07 13:35,2002.14,2013.18,2016.52,2002.14,251724.0,3505108048.0
2026-07-07 13:40,2013.12,2011.44,2014.68,2006.12,205943.0,2368650672.0
2026-07-07 13:45,2010.61,2020.08,2020.08,2009.93,199298.0,2444905424.0
2026-07-07 13:50,2019.97,2013.28,2023.65,2012.18,262438.0,2763620048.0
2026-07-07 13:55,2013.32,2018.2,2020.09,2013.32,153300.0,1993503856.0
2026-07-07 14:00,2018.48,2012.46,2022.58,2012.46,140159.0,2035799488.0
2026-07-07 14:05,2011.94,2006.0,2015.04,2005.86,142120.0,1774475328.0
2026-07-07 14:10,2006.0,1996.89,2006.0,1996.89,163823.0,1718576752.0
2026-07-07 14:15,1996.64,1997.94,1999.67,1992.6,164412.0,2057826880.0
2026-07-07 14:20,1997.83,2000.86,2002.49,1993.8,175313.0,1742187978.0
2026-07-07 14:25,2000.9,1994.11,2001.24,1994.11,133955.0,1350694416.0
2026-07-07 14:30,1994.28,2001.1,2001.1,1992.64,144454.0,1602134160.0
2026-07-07 14:35,2001.22,1999.65,2002.73,1996.71,188593.0,1763186752.0
2026-07-07 14:40,1999.77,2008.91,2009.33,1999.48,188200.0,1715105488.0
2026-07-07 14:45,2009.1,2003.24,2009.45,2002.82,189115.0,1931546896.0
2026-07-07 14:50,2003.44,2002.98,2003.44,1997.8,234610.0,2450399888.0
2026-07-07 14:55,2002.72,1999.51,2003.62,1999.19,283659.0,2992120784.0
2026-07-07 15:00,1999.28,2001.58,2001.58,1999.28,258742.0,2849235940.0
2026-07-08 09:35,2022.45,2026.23,2039.09,2022.45,1291102.0,15979320192.0
2026-07-08 09:40,2025.82,2025.09,2031.12,2011.3,796495.0,8406346032.0
2026-07-08 09:45,2026.1,2014.03,2027.72,2011.62,679284.0,6638083472.0
2026-07-08 09:50,2015.13,2010.68,2028.61,2008.47,813409.0,7571385856.0
2026-07-08 09:55,2010.26,2006.01,2011.38,1986.01,743233.0,7604759696.0
2026-07-08 10:00,2006.01,1983.43,2006.04,1973.92,699605.0,6673536704.0
2026-07-08 10:05,1982.97,1963.31,1982.97,1962.61,633089.0,6391344368.0
2026-07-08 10:10,1963.22,2002.54,2003.41,1961.64,507972.0,5593297952.0
2026-07-08 10:15,2003.25,1995.35,2003.25,1986.36,347888.0,3599035520.0
2026-07-08 10:20,1995.95,2005.72,2005.72,1992.79,293356.0,3001135920.0
2026-07-08 10:25,2006.43,1996.72,2009.25,1996.72,296646.0,3059596848.0
2026-07-08 10:30,1995.91,2010.93,2010.93,1992.74,209682.0,2442460320.0
2026-07-08 10:35,2011.33,2010.49,2020.12,2004.44,252325.0,2581165200.0
2026-07-08 10:40,2010.77,2019.98,2019.98,2010.77,252471.0,2406946656.0
2026-07-08 10:45,2019.99,2020.9,2020.94,2011.6,211785.0,2381468560.0
2026-07-08 10:50,2020.72,2010.03,2024.0,2009.63,196019.0,2406279024.0
2026-07-08 10:55,2010.12,2015.88,2019.66,2007.35,151357.0,1936053136.0
2026-07-08 11:00,2015.81,2010.88,2018.72,2008.31,182197.0,1692290832.0
2026-07-08 11:05,2010.68,2016.69,2022.27,2010.15,177989.0,1888718144.0
2026-07-08 11:10,2017.29,2028.67,2028.67,2011.04,217415.0,2255629072.0
2026-07-08 11:15,2028.43,2042.35,2042.53,2028.43,267826.0,3729836416.0
2026-07-08 11:20,2041.52,2060.98,2061.68,2040.58,366018.0,4857834880.0
2026-07-08 11:25,2061.75,2072.64,2072.64,2058.19,533731.0,5026620448.0
2026-07-08 11:30,2072.73,2064.2,2078.64,2063.82,416005.0,4655728880.0
2026-07-08 13:05,2056.79,2048.28,2056.79,2031.16,484674.0,5949730464.0
2026-07-08 13:10,2048.79,2050.44,2062.86,2047.25,315813.0,3773695408.0
2026-07-08 13:15,2050.19,2049.82,2053.91,2043.44,231681.0,2853693008.0
2026-07-08 13:20,2048.98,2051.02,2055.09,2045.38,191166.0,2261222512.0
2026-07-08 13:25,2051.04,2052.95,2058.59,2047.08,195614.0,2163987168.0
2026-07-08 13:30,2052.88,2043.18,2052.94,2041.87,163209.0,1850629984.0
2026-07-08 13:35,2043.13,2043.44,2043.69,2032.96,215979.0,2153740800.0
2026-07-08 13:40,2043.67,2038.8,2045.24,2036.18,161042.0,1499042464.0
2026-07-08 13:45,2039.4,2035.02,2039.69,2034.22,146007.0,1517469002.0
2026-07-08 13:50,2035.89,2031.22,2037.12,2030.08,187892.0,1653078117.0
2026-07-08 13:55,2031.0,2045.79,2045.79,2030.97,190768.0,1799395040.0
2026-07-08 14:00,2045.52,2047.15,2052.74,2045.0,150988.0,1717626752.0
2026-07-08 14:05,2047.38,2046.09,2049.56,2041.4,124863.0,1548342897.0
2026-07-08 14:10,2045.58,2043.09,2047.1,2042.89,107465.0,1155605420.0
2026-07-08 14:15,2043.07,2038.57,2043.07,2034.21,147747.0,1556588806.0
2026-07-08 14:20,2038.89,2046.05,2046.12,2038.02,141154.0,1525876480.0
2026-07-08 14:25,2045.82,2044.14,2046.04,2040.13,166899.0,1571284073.0
2026-07-08 14:30,2043.41,2038.3,2043.63,2035.42,149392.0,1638896344.0
2026-07-08 14:35,2038.42,2032.23,2041.87,2031.29,204709.0,2319985872.0
2026-07-08 14:40,2032.1,2031.94,2038.97,2031.94,191851.0,2299308304.0
2026-07-08 14:45,2031.76,2025.11,2031.76,2025.02,248276.0,2849905504.0
2026-07-08 14:50,2025.19,2013.03,2026.41,2012.58,373593.0,3891288080.0
2026-07-08 14:55,2013.7,2015.91,2018.55,2013.66,387734.0,3789842928.0
2026-07-08 15:00,2015.83,2016.23,2017.52,2015.48,305173.0,3231202385.0
2026-07-09 09:35,2047.24,2036.85,2056.45,2033.34,1238985.0,16061081184.0
2026-07-09 09:40,2037.81,2054.07,2056.64,2024.67,803764.0,9672107936.0
2026-07-09 09:45,2053.6,2057.11,2058.21,2035.12,613530.0,7642348432.0
2026-07-09 09:50,2057.32,2043.23,2061.44,2043.23,599318.0,7106613520.0
2026-07-09 09:55,2042.24,2057.92,2061.87,2041.28,523981.0,6061318896.0
2026-07-09 10:00,2057.94,2030.68,2057.94,2030.68,498090.0,5738806384.0
2026-07-09 10:05,2030.79,2041.89,2046.5,2023.54,413729.0,5503986272.0
2026-07-09 10:10,2042.19,2057.48,2057.84,2032.85,327477.0,4062530288.0
2026-07-09 10:15,2056.23,2067.1,2068.21,2053.0,504233.0,5471446944.0
2026-07-09 10:20,2066.91,2072.66,2073.08,2060.55,444711.0,5629570304.0
2026-07-09 10:25,2072.29,2077.78,2079.1,2071.61,441808.0,6436117792.0
2026-07-09 10:30,2078.12,2079.56,2083.52,2076.79,399910.0,5846778352.0
2026-07-09 10:35,2079.63,2083.26,2086.37,2079.17,440476.0,6137689120.0
2026-07-09 10:40,2082.89,2077.99,2083.32,2072.18,367223.0,4331890352.0
2026-07-09 10:45,2078.34,2085.6,2090.28,2074.77,324907.0,4227664768.0
2026-07-09 10:50,2084.59,2066.84,2084.59,2066.84,317924.0,3707082864.0
2026-07-09 10:55,2066.26,2072.75,2072.75,2063.34,287085.0,3490089600.0
2026-07-09 11:00,2072.59,2066.57,2074.54,2065.33,191042.0,2472324128.0
2026-07-09 11:05,2067.09,2067.69,2069.69,2062.41,224394.0,2685777232.0
2026-07-09 11:10,2067.08,2074.96,2074.96,2061.35,241200.0,2632517648.0
2026-07-09 11:15,2075.34,2062.59,2076.0,2059.47,225045.0,2511345200.0
2026-07-09 11:20,2063.12,2059.14,2064.38,2056.18,195395.0,2345236624.0
2026-07-09 11:25,2059.43,2079.57,2079.57,2059.36,200442.0,2659797376.0
2026-07-09 11:30,2079.46,2080.5,2084.8,2078.25,190518.0,2969962720.0
2026-07-09 13:05,2080.07,2082.3,2084.27,2077.41,404808.0,5293620464.0
2026-07-09 13:10,2082.31,2097.95,2098.15,2080.97,362892.0,4195128608.0
2026-07-09 13:15,2098.71,2113.57,2113.83,2098.71,414991.0,5556240512.0
2026-07-09 13:20,2113.08,2103.68,2113.86,2098.78,292075.0,4170226928.0
2026-07-09 13:25,2103.65,2100.62,2104.4,2097.59,218071.0,2930189232.0
2026-07-09 13:30,2100.78,2108.43,2112.72,2098.22,315788.0,3893649616.0
2026-07-09 13:35,2107.92,2106.31,2108.14,2096.95,247607.0,3406720352.0
2026-07-09 13:40,2106.4,2116.78,2116.81,2106.4,289479.0,3497937456.0
2026-07-09 13:45,2116.81,2119.03,2121.34,2116.52,380238.0,4009352416.0
2026-07-09 13:50,2119.75,2132.5,2132.8,2119.75,342659.0,4140213792.0
2026-07-09 13:55,2131.98,2137.27,2143.68,2131.98,539366.0,4984814240.0
2026-07-09 14:00,2136.79,2146.87,2146.87,2134.17,452788.0,4039975424.0
2026-07-09 14:05,2147.21,2144.92,2148.83,2139.86,413471.0,3903546768.0
2026-07-09 14:10,2145.36,2153.92,2153.92,2144.37,324284.0,3782925440.0
2026-07-09 14:15,2154.07,2164.05,2165.04,2154.07,341492.0,4642527328.0
2026-07-09 14:20,2164.57,2151.41,2169.26,2151.29,348856.0,3995333328.0
2026-07-09 14:25,2151.42,2154.84,2155.59,2150.8,286789.0,3262741280.0
2026-07-09 14:30,2154.5,2163.62,2163.62,2154.39,242522.0,2776248752.0
2026-07-09 14:35,2164.15,2166.91,2167.89,2162.6,278329.0,3404251200.0
2026-07-09 14:40,2167.15,2169.81,2172.59,2165.35,305433.0,3683978736.0
2026-07-09 14:45,2169.24,2182.64,2182.64,2168.74,403715.0,4303183392.0
2026-07-09 14:50,2182.94,2188.27,2188.98,2181.64,490320.0,5255847264.0
2026-07-09 14:55,2187.67,2184.23,2187.67,2179.36,481716.0,5294365488.0
2026-07-09 15:00,2183.98,2185.82,2186.55,2182.94,387729.0,4684422027.0
2026-07-10 09:35,2190.18,2201.46,2207.66,2186.27,1740046.0,22430552464.0
2026-07-10 09:40,2201.68,2222.21,2222.81,2191.45,1556546.0,14463670688.0
2026-07-10 09:45,2222.81,2229.73,2231.28,2216.08,1603034.0,12518524112.0
2026-07-10 09:50,2229.56,2216.95,2229.56,2204.97,1193183.0,10496695680.0
2026-07-10 09:55,2216.21,2229.66,2233.54,2214.94,840026.0,8905214432.0
2026-07-10 10:00,2229.97,2201.2,2229.98,2201.2,900111.0,8726096096.0
2026-07-10 10:05,2201.22,2175.32,2209.8,2175.32,1056875.0,9747977184.0
2026-07-10 10:10,2174.58,2182.62,2191.08,2174.08,807515.0,8047639968.0
2026-07-10 10:15,2182.39,2188.18,2188.74,2169.85,731873.0,6705454256.0
2026-07-10 10:20,2187.58,2197.12,2203.77,2187.58,547707.0,5438095072.0
2026-07-10 10:25,2198.97,2203.19,2203.19,2189.14,409022.0,4355170544.0
2026-07-10 10:30,2204.23,2210.57,2216.63,2201.32,452822.0,4977488736.0
2026-07-10 10:35,2211.03,2196.14,2211.13,2188.2,385779.0,4019283728.0
2026-07-10 10:40,2195.12,2189.56,2197.97,2181.44,429715.0,4089327440.0
2026-07-10 10:45,2189.33,2186.67,2190.41,2184.12,275605.0,2849177600.0
2026-07-10 10:50,2186.88,2178.65,2186.88,2174.36,292162.0,3109273536.0
2026-07-10 10:55,2178.89,2176.86,2187.17,2175.87,283948.0,2791931632.0
2026-07-10 11:00,2176.97,2189.2,2193.15,2172.99,218490.0,2401782400.0
2026-07-10 11:05,2188.96,2176.82,2189.37,2175.56,214438.0,2006707920.0
2026-07-10 11:10,2177.76,2180.51,2183.28,2175.53,238737.0,2491231584.0
2026-07-10 11:15,2179.98,2174.87,2185.14,2174.87,220564.0,2000259440.0
2026-07-10 11:20,2175.07,2179.74,2182.78,2175.07,160593.0,1587533552.0
2026-07-10 11:25,2179.2,2176.77,2185.1,2176.77,210503.0,1901012576.0
2026-07-10 11:30,2175.93,2176.82,2177.57,2167.87,242226.0,2686409584.0
2026-07-10 13:05,2176.54,2163.63,2177.71,2163.14,590322.0,4665829888.0
2026-07-10 13:10,2163.43,2180.0,2180.1,2161.52,301666.0,3083370896.0
2026-07-10 13:15,2180.46,2181.52,2188.21,2180.46,248172.0,2447917472.0
2026-07-10 13:20,2180.68,2174.58,2184.61,2173.95,251343.0,2369260800.0
2026-07-10 13:25,2174.89,2173.11,2178.61,2172.69,236873.0,2024372192.0
2026-07-10 13:30,2173.63,2169.87,2173.63,2167.11,245369.0,2511346944.0
2026-07-10 13:35,2170.51,2160.53,2173.95,2160.53,232443.0,2585149104.0
2026-07-10 13:40,2160.03,2149.26,2161.69,2149.26,350026.0,3923612864.0
2026-07-10 13:45,2148.84,2144.6,2156.07,2144.45,319975.0,3188581680.0
2026-07-10 13:50,2144.37,2141.89,2145.98,2136.04,393956.0,4026702512.0
2026-07-10 13:55,2141.81,2146.56,2148.87,2140.72,251722.0,2526460192.0
2026-07-10 14:00,2147.14,2136.14,2147.14,2136.14,273784.0,2514361424.0
2026-07-10 14:05,2135.86,2133.08,2136.59,2126.47,332739.0,3731092160.0
2026-07-10 14:10,2133.75,2115.28,2134.43,2115.28,327330.0,3928656688.0
2026-07-10 14:15,2115.71,2113.17,2123.39,2110.81,299459.0,3792805392.0
2026-07-10 14:20,2114.11,2142.11,2142.11,2114.11,259603.0,3288635696.0
2026-07-10 14:25,2142.11,2127.58,2142.79,2126.39,258858.0,2994252720.0
2026-07-10 14:30,2127.24,2115.51,2127.24,2115.2,268747.0,2869847936.0
2026-07-10 14:35,2115.41,2107.42,2115.61,2103.79,346387.0,4261295760.0
2026-07-10 14:40,2107.67,2099.8,2109.93,2099.8,333203.0,4098371520.0
2026-07-10 14:45,2099.28,2085.66,2099.28,2085.1,465313.0,5508445072.0
2026-07-10 14:50,2085.14,2079.16,2094.89,2078.91,458651.0,5648024144.0
2026-07-10 14:55,2078.84,2072.2,2084.31,2072.2,513920.0,5386122160.0
2026-07-10 15:00,2071.45,2064.98,2072.18,2064.98,502048.0,4974842448.0
2026-07-13 09:35,2038.36,2067.73,2086.66,2038.36,1740153.0,21024523168.0
2026-07-13 09:40,2067.9,2082.57,2091.03,2063.81,1067461.0,13539757328.0
2026-07-13 09:45,2083.54,2101.96,2102.17,2074.01,925751.0,11389553232.0
2026-07-13 09:50,2102.24,2079.43,2110.18,2077.66,775230.0,9225565184.0
2026-07-13 09:55,2080.59,2078.91,2092.81,2074.21,607857.0,6998322864.0
2026-07-13 10:00,2079.39,2062.09,2079.39,2057.49,614166.0,7189919072.0
2026-07-13 10:05,2060.93,2069.53,2069.53,2046.37,584540.0,6543614976.0
2026-07-13 10:10,2068.82,2066.24,2072.2,2054.72,395461.0,4710937536.0
2026-07-13 10:15,2066.05,2079.94,2080.36,2060.0,366015.0,4470286864.0
2026-07-13 10:20,2079.81,2070.07,2085.73,2070.05,346251.0,4337347760.0
2026-07-13 10:25,2069.53,2083.1,2083.99,2068.14,265400.0,3796358720.0
2026-07-13 10:30,2083.68,2096.72,2097.57,2078.27,279565.0,4471767824.0
2026-07-13 10:35,2096.66,2087.83,2099.81,2086.67,337511.0,4308897488.0
2026-07-13 10:40,2087.68,2073.32,2094.33,2073.32,311770.0,3524490224.0
2026-07-13 10:45,2073.76,2067.56,2078.56,2067.56,333846.0,3003362928.0
2026-07-13 10:50,2067.36,2062.36,2075.45,2062.0,257460.0,2938307472.0
2026-07-13 10:55,2061.27,2063.55,2064.99,2055.34,256760.0,3154356304.0
2026-07-13 11:00,2064.54,2062.15,2068.07,2059.44,184720.0,2423315712.0
2026-07-13 11:05,2062.05,2047.51,2062.25,2047.51,300303.0,3081942480.0
2026-07-13 11:10,2048.01,2039.39,2048.89,2038.94,309855.0,4140257056.0
2026-07-13 11:15,2040.25,2033.06,2040.68,2031.65,269348.0,3958797040.0
2026-07-13 11:20,2033.31,2043.68,2050.81,2033.31,253445.0,3174164768.0
2026-07-13 11:25,2043.67,2032.86,2043.93,2030.12,279968.0,2790910704.0
2026-07-13 11:30,2034.58,2026.96,2036.56,2026.2,214364.0,2421373072.0
2026-07-13 13:05,2025.86,2025.52,2025.86,2008.56,464791.0,5440818272.0
2026-07-13 13:10,2024.83,2019.51,2030.06,2016.5,239775.0,2992844992.0
2026-07-13 13:15,2019.55,2010.48,2025.86,2010.48,209755.0,2888124448.0
2026-07-13 13:20,2011.77,2000.0,2012.97,1996.22,388066.0,4518432416.0
2026-07-13 13:25,2000.58,1985.78,2000.69,1983.26,394640.0,4750560144.0
2026-07-13 13:30,1985.2,1989.14,1994.84,1981.81,293014.0,3713493728.0
2026-07-13 13:35,1990.23,2031.06,2031.27,1990.23,346434.0,3906628400.0
2026-07-13 13:40,2031.21,2031.09,2034.83,2017.57,280333.0,3552889088.0
2026-07-13 13:45,2030.45,2027.31,2037.2,2023.29,281459.0,3040457152.0
2026-07-13 13:50,2027.45,2008.35,2027.99,2007.93,209956.0,2337186608.0
2026-07-13 13:55,2009.41,2021.22,2031.27,2009.41,207413.0,2379403760.0
2026-07-13 14:00,2021.36,2013.26,2022.11,2010.03,182037.0,2086810896.0
2026-07-13 14:05,2014.06,2011.21,2014.9,2005.94,179149.0,1953186240.0
2026-07-13 14:10,2011.22,1994.4,2011.89,1992.45,247123.0,2476169760.0
2026-07-13 14:15,1994.61,1990.22,1997.88,1990.14,229366.0,2487147744.0
2026-07-13 14:20,1990.8,1994.15,2000.76,1989.76,241928.0,2887065808.0
2026-07-13 14:25,1993.35,1982.44,1993.99,1981.85,249637.0,2922956000.0
2026-07-13 14:30,1982.69,1987.83,1989.18,1980.99,252030.0,2960892768.0
2026-07-13 14:35,1988.22,1980.4,1989.16,1974.05,363869.0,3672059760.0
2026-07-13 14:40,1981.25,1986.84,1997.39,1981.25,342826.0,3318742512.0
2026-07-13 14:45,1987.13,1984.19,1988.01,1978.12,302993.0,3240682816.0
2026-07-13 14:50,1984.0,2004.93,2009.97,1984.0,372863.0,3941666352.0
2026-07-13 14:55,2005.55,1990.0,2005.55,1990.0,420556.0,3590985792.0
2026-07-13 15:00,1989.97,1994.32,1994.38,1989.25,360724.0,3174120436.0
2026-07-14 09:35,1994.44,1976.55,2007.8,1976.55,1172551.0,14731480880.0
2026-07-14 09:40,1976.91,1978.13,2005.09,1975.99,815211.0,10346596752.0
2026-07-14 09:45,1975.78,1982.01,1991.26,1964.58,740883.0,8341292624.0
2026-07-14 09:50,1981.74,1971.0,1983.43,1959.83,625728.0,7686342704.0
2026-07-14 09:55,1971.01,2005.38,2006.24,1970.9,484569.0,6029859936.0
2026-07-14 10:00,2004.0,1982.26,2004.76,1982.26,356642.0,5001212848.0
2026-07-14 10:05,1981.2,1979.42,1984.58,1970.05,310106.0,4013942000.0
2026-07-14 10:10,1979.59,1962.51,1982.16,1962.51,349921.0,4479519344.0
2026-07-14 10:15,1962.27,1978.77,1978.99,1960.2,339474.0,4044547456.0
2026-07-14 10:20,1979.29,2000.8,2000.98,1975.12,299227.0,3831951248.0
2026-07-14 10:25,2001.57,1988.3,2005.68,1986.03,311742.0,4584847136.0
2026-07-14 10:30,1988.62,1976.9,1988.62,1970.22,362077.0,3269408096.0
2026-07-14 10:35,1977.01,1966.48,1986.8,1966.48,237495.0,2570592528.0
2026-07-14 10:40,1965.95,1964.36,1967.58,1959.18,295261.0,3238816720.0
2026-07-14 10:45,1964.66,1959.21,1969.51,1959.08,207361.0,2489374416.0
2026-07-14 10:50,1958.78,1942.6,1962.03,1941.61,340284.0,4377030240.0
2026-07-14 10:55,1942.61,1937.61,1945.9,1936.15,413577.0,4140341792.0
2026-07-14 11:00,1937.15,1921.2,1938.44,1920.91,408478.0,5296300528.0
2026-07-14 11:05,1921.07,1924.21,1931.5,1921.07,287603.0,3588478304.0
2026-07-14 11:10,1923.51,1907.87,1923.66,1904.67,377629.0,4824259552.0
2026-07-14 11:15,1907.78,1902.51,1908.63,1897.33,433397.0,4684288160.0
2026-07-14 11:20,1903.3,1908.47,1918.46,1902.92,306713.0,3527826048.0
2026-07-14 11:25,1908.85,1898.71,1908.85,1895.56,313267.0,3491538368.0
2026-07-14 11:30,1898.88,1925.43,1925.43,1898.53,213980.0,2933129728.0
2026-07-14 13:05,1932.86,1989.43,1989.92,1932.86,567651.0,7912908144.0
2026-07-14 13:10,1989.29,2003.71,2003.71,1984.16,376074.0,5579644032.0
2026-07-14 13:15,2003.7,1994.88,2007.68,1990.44,358398.0,5144993600.0
2026-07-14 13:20,1994.67,1981.33,2000.01,1980.38,256277.0,3409802736.0
2026-07-14 13:25,1981.68,2001.07,2001.28,1981.68,210228.0,3044342640.0
2026-07-14 13:30,2001.07,2011.78,2011.81,1999.25,298886.0,4187637680.0
2026-07-14 13:35,2012.46,2012.98,2026.47,2011.46,372428.0,5080907376.0
2026-07-14 13:40,2013.15,2005.1,2015.52,2003.36,230796.0,2960161312.0
2026-07-14 13:45,2005.69,1996.53,2005.69,1985.33,253578.0,2999947664.0
2026-07-14 13:50,1995.86,1983.76,1996.36,1978.34,194502.0,2435380848.0
2026-07-14 13:55,1982.98,1974.39,1982.98,1967.39,198824.0,2334653376.0
2026-07-14 14:00,1973.03,1976.5,1982.38,1971.29,150938.0,1947561920.0
2026-07-14 14:05,1975.91,1977.35,1978.74,1971.66,140609.0,1747076400.0
2026-07-14 14:10,1978.23,1977.15,1983.75,1976.34,132661.0,1728765952.0
2026-07-14 14:15,1976.94,1988.11,1988.11,1976.94,132868.0,1880388256.0
2026-07-14 14:20,1988.02,1982.22,1988.02,1982.05,151248.0,1963444944.0
2026-07-14 14:25,1982.5,1977.18,1982.5,1972.88,172033.0,2085795056.0
2026-07-14 14:30,1977.38,1984.32,1984.66,1977.32,138286.0,1781988688.0
2026-07-14 14:35,1984.48,2004.19,2004.95,1983.57,247102.0,2999602592.0
2026-07-14 14:40,2003.61,2011.61,2011.91,2000.1,230963.0,3016716304.0
2026-07-14 14:45,2012.14,2009.56,2012.89,2004.86,258823.0,3502043744.0
2026-07-14 14:50,2009.6,2018.27,2018.35,2008.4,265277.0,3756521328.0
2026-07-14 14:55,2017.48,2017.34,2020.76,2014.97,360680.0,4604467920.0
2026-07-14 15:00,2017.75,2009.73,2017.93,2009.33,311644.0,4432117162.0
2026-07-15 09:35,2021.58,2006.72,2028.65,2006.72,1202186.0,16575636832.0
2026-07-15 09:40,2005.77,1967.75,2005.77,1967.75,955922.0,11656786768.0
2026-07-15 09:45,1968.42,1974.75,1975.07,1944.3,898743.0,10611025488.0
2026-07-15 09:50,1972.21,1983.28,1996.8,1969.39,578325.0,7510205216.0
2026-07-15 09:55,1984.77,1962.26,1986.41,1960.66,498419.0,6083853792.0
2026-07-15 10:00,1963.47,1969.06,1973.31,1958.1,433159.0,5388454928.0
2026-07-15 10:05,1969.37,1976.27,1985.05,1966.25,311761.0,4085273232.0
2026-07-15 10:10,1975.9,1954.55,1975.9,1954.55,371121.0,5057074528.0
2026-07-15 10:15,1954.28,1959.8,1960.5,1947.43,405284.0,4785163408.0
2026-07-15 10:20,1959.7,1960.37,1973.15,1959.49,264413.0,3109736080.0
2026-07-15 10:25,1960.47,1979.68,1979.68,1959.09,249321.0,3280800992.0
2026-07-15 10:30,1980.06,1980.49,1982.41,1970.62,211366.0,2902461376.0
2026-07-15 10:35,1981.18,1964.73,1987.36,1959.52,259025.0,3414598992.0
2026-07-15 10:40,1964.37,1949.51,1964.37,1949.51,265974.0,3266578384.0
2026-07-15 10:45,1949.62,1947.76,1955.16,1945.27,232786.0,3020677488.0
2026-07-15 10:50,1948.3,1942.16,1956.8,1942.16,212905.0,2643106208.0
2026-07-15 10:55,1942.56,1939.54,1944.59,1936.96,228078.0,3168703072.0
2026-07-15 11:00,1939.8,1939.28,1944.21,1938.54,181237.0,2087404912.0
2026-07-15 11:05,1938.94,1934.17,1938.94,1932.78,200454.0,2336249856.0
2026-07-15 11:10,1933.83,1939.59,1939.59,1928.81,236678.0,2780248320.0
2026-07-15 11:15,1939.13,1945.06,1945.8,1935.04,157821.0,1896978816.0
2026-07-15 11:20,1945.41,1929.7,1945.41,1928.32,250462.0,2223864768.0
2026-07-15 11:25,1929.43,1924.54,1929.43,1920.71,226147.0,2834292224.0
2026-07-15 11:30,1924.11,1936.06,1937.29,1924.11,173982.0,2177953808.0
2026-07-15 13:05,1937.4,1919.67,1938.32,1919.67,349065.0,3438777152.0
2026-07-15 13:10,1919.74,1915.28,1920.56,1911.13,265422.0,3075694352.0
2026-07-15 13:15,1915.02,1912.38,1918.05,1908.18,335778.0,3059197008.0
2026-07-15 13:20,1912.49,1932.89,1933.49,1911.94,236754.0,2329593584.0
2026-07-15 13:25,1932.72,1939.68,1940.4,1924.75,166752.0,2043593744.0
2026-07-15 13:30,1939.85,1957.31,1959.05,1939.82,261467.0,3009061168.0
2026-07-15 13:35,1957.93,1950.28,1962.07,1948.98,221356.0,2874732992.0
2026-07-15 13:40,1949.42,1945.98,1952.18,1944.12,160803.0,1882921104.0
2026-07-15 13:45,1946.07,1957.5,1963.12,1946.07,154521.0,1943149120.0
2026-07-15 13:50,1957.47,1939.71,1957.47,1939.71,159962.0,1926460800.0
2026-07-15 13:55,1940.34,1946.53,1947.61,1939.39,140760.0,1326097476.0
2026-07-15 14:00,1946.11,1935.98,1946.11,1934.22,128780.0,1374642743.0
2026-07-15 14:05,1936.34,1931.72,1936.34,1929.07,186484.0,1706131496.0
2026-07-15 14:10,1932.75,1930.45,1933.51,1930.4,199999.0,1487493856.0
2026-07-15 14:15,1930.25,1933.69,1934.77,1928.11,180318.0,1760578592.0
2026-07-15 14:20,1933.73,1927.57,1935.72,1927.55,171737.0,1706876244.0
2026-07-15 14:25,1927.71,1923.45,1928.81,1922.62,157382.0,1854831184.0
2026-07-15 14:30,1923.4,1927.61,1931.99,1923.4,179727.0,1881710032.0
2026-07-15 14:35,1927.26,1919.14,1929.28,1917.49,252560.0,2721892512.0
2026-07-15 14:40,1918.82,1919.1,1922.2,1917.47,221574.0,2731700960.0
2026-07-15 14:45,1919.63,1929.89,1929.96,1918.29,253204.0,3078518160.0
2026-07-15 14:50,1930.16,1924.59,1934.33,1921.55,278581.0,3133625056.0
2026-07-15 14:55,1924.52,1925.25,1930.67,1922.88,332723.0,3392996000.0
2026-07-15 15:00,1925.07,1924.27,1926.46,1923.04,280655.0,3007219175.0
2026-07-16 09:35,1869.94,1842.67,1878.19,1842.48,1473940.0,19475723840.0
2026-07-16 09:40,1843.02,1894.12,1894.88,1843.02,891829.0,11280674112.0
2026-07-16 09:45,1893.31,1902.71,1902.71,1890.99,629844.0,8715842592.0
2026-07-16 09:50,1902.08,1914.7,1915.9,1901.86,491940.0,6236664512.0
2026-07-16 09:55,1913.2,1904.74,1913.2,1896.3,407626.0,5198162256.0
2026-07-16 10:00,1904.66,1935.41,1938.58,1904.66,426491.0,5370965632.0
2026-07-16 10:05,1934.66,1915.33,1934.66,1915.33,384640.0,4121588448.0
2026-07-16 10:10,1915.16,1933.63,1933.63,1910.65,267724.0,3283528576.0
2026-07-16 10:15,1933.46,1932.07,1939.39,1929.11,272075.0,3635509824.0
2026-07-16 10:20,1932.31,1941.74,1947.23,1932.31,288900.0,3718719344.0
2026-07-16 10:25,1941.0,1930.42,1947.25,1929.56,268714.0,3544830800.0
2026-07-16 10:30,1931.39,1927.21,1938.41,1922.91,259098.0,3078998896.0
2026-07-16 10:35,1927.01,1912.8,1927.01,1910.35,281629.0,3018903856.0
2026-07-16 10:40,1913.13,1901.85,1913.88,1901.46,235659.0,2538703904.0
2026-07-16 10:45,1901.18,1924.38,1924.38,1898.42,242007.0,2815388912.0
2026-07-16 10:50,1925.29,1932.21,1932.77,1918.22,208440.0,2896036608.0
2026-07-16 10:55,1932.26,1930.86,1936.0,1925.12,157233.0,2474871920.0
2026-07-16 11:00,1930.45,1931.68,1934.72,1921.61,131507.0,1968308336.0
2026-07-16 11:05,1931.52,1919.26,1931.71,1918.86,162980.0,1698348032.0
2026-07-16 11:10,1919.55,1914.59,1921.5,1912.68,127622.0,1564510016.0
2026-07-16 11:15,1914.04,1906.99,1915.08,1906.53,126391.0,1774401648.0
2026-07-16 11:20,1906.96,1901.33,1909.22,1901.33,141687.0,1718833837.0
2026-07-16 11:25,1901.34,1895.41,1902.51,1895.29,172961.0,1868458944.0
2026-07-16 11:30,1895.63,1905.87,1906.72,1895.63,120633.0,1540991111.0
2026-07-16 13:05,1905.52,1899.95,1905.52,1890.01,326240.0,4745914832.0
2026-07-16 13:10,1899.77,1890.85,1906.39,1890.85,210207.0,2410391088.0
2026-07-16 13:15,1890.51,1890.75,1891.77,1885.02,215490.0,2433014752.0
2026-07-16 13:20,1890.37,1896.65,1897.81,1880.76,181258.0,2385970448.0
2026-07-16 13:25,1896.4,1884.11,1900.14,1884.11,146385.0,1839561632.0
2026-07-16 13:30,1883.29,1877.33,1883.29,1876.12,208576.0,2190708416.0
2026-07-16 13:35,1877.55,1873.14,1877.55,1869.55,310408.0,3337606064.0
2026-07-16 13:40,1873.21,1866.5,1873.21,1863.35,234655.0,2930605088.0
2026-07-16 13:45,1866.1,1865.56,1871.23,1863.73,202160.0,2503101360.0
2026-07-16 13:50,1865.82,1856.81,1867.55,1856.34,250027.0,3310220432.0
2026-07-16 13:55,1856.82,1859.64,1870.36,1856.34,202028.0,2432466000.0
2026-07-16 14:00,1859.96,1861.09,1861.69,1856.34,191627.0,2587963600.0
2026-07-16 14:05,1860.99,1861.34,1864.7,1855.37,206657.0,2576914112.0
2026-07-16 14:10,1861.31,1861.55,1875.48,1861.31,189506.0,2289393056.0
2026-07-16 14:15,1862.14,1853.31,1864.97,1853.1,197174.0,2179474576.0
2026-07-16 14:20,1853.76,1850.89,1853.98,1850.42,210234.0,2342641776.0
2026-07-16 14:25,1850.7,1852.86,1856.51,1848.14,218842.0,2658494064.0
2026-07-16 14:30,1852.2,1848.55,1854.63,1847.74,213117.0,2497250736.0
2026-07-16 14:35,1848.54,1840.8,1849.39,1840.8,315030.0,3095145488.0
2026-07-16 14:40,1840.13,1839.13,1843.38,1834.66,394793.0,4554695280.0
2026-07-16 14:45,1839.59,1835.64,1848.85,1834.14,352142.0,3805140032.0
2026-07-16 14:50,1835.52,1829.54,1836.89,1829.27,364311.0,4393041552.0
2026-07-16 14:55,1830.02,1841.3,1842.52,1828.57,456297.0,4584678624.0
2026-07-16 15:00,1842.09,1846.88,1846.88,1841.17,258048.0,3197203627.0
2026-07-17 09:35,1829.98,1772.08,1838.78,1770.07,1414792.0,18841730512.0
2026-07-17 09:40,1772.34,1795.02,1796.91,1772.34,995054.0,12622699184.0
2026-07-17 09:45,1793.5,1805.61,1813.49,1791.76,648124.0,8510450224.0
2026-07-17 09:50,1805.31,1811.74,1811.74,1787.47,576703.0,6372550672.0
2026-07-17 09:55,1811.46,1839.57,1840.06,1803.74,523303.0,6805271488.0
2026-07-17 10:00,1838.13,1837.04,1844.38,1835.33,492789.0,6493144560.0
2026-07-17 10:05,1837.48,1832.03,1837.48,1817.12,390857.0,4623264160.0
2026-07-17 10:10,1831.19,1809.24,1831.19,1809.24,317761.0,3777565376.0
2026-07-17 10:15,1809.18,1811.55,1813.89,1801.75,308175.0,3579359376.0
2026-07-17 10:20,1811.19,1806.51,1817.27,1802.18,235615.0,2840992064.0
2026-07-17 10:25,1806.85,1794.56,1806.85,1788.06,299553.0,3341831616.0
2026-07-17 10:30,1795.0,1788.67,1795.2,1784.25,232382.0,2746211552.0
2026-07-17 10:35,1788.43,1781.17,1788.66,1780.46,269966.0,2744821840.0
2026-07-17 10:40,1781.62,1783.41,1783.54,1771.25,283971.0,3467895024.0
2026-07-17 10:45,1783.99,1771.14,1788.64,1771.14,233338.0,2869389696.0
2026-07-17 10:50,1770.81,1765.12,1777.64,1762.61,319024.0,3958428800.0
2026-07-17 10:55,1764.5,1766.13,1771.87,1764.12,251257.0,3179912448.0
2026-07-17 11:00,1765.73,1780.9,1788.38,1765.73,215159.0,2712206448.0
2026-07-17 11:05,1781.07,1805.08,1806.44,1780.63,259771.0,3008404464.0
2026-07-17 11:10,1804.54,1784.08,1805.15,1784.08,207379.0,2533275600.0
2026-07-17 11:15,1784.61,1782.06,1784.61,1774.54,165580.0,1995360192.0
2026-07-17 11:20,1782.44,1768.04,1785.57,1765.05,222526.0,1974226864.0
2026-07-17 11:25,1768.59,1762.51,1769.73,1762.47,165936.0,2080433360.0
2026-07-17 11:30,1762.59,1763.22,1768.07,1761.83,145613.0,1648693168.0
2026-07-17 13:05,1762.72,1752.61,1763.69,1752.23,348851.0,3366028928.0
2026-07-17 13:10,1753.48,1750.38,1755.02,1746.02,272480.0,2835411344.0
2026-07-17 13:15,1751.75,1738.75,1756.11,1737.22,316534.0,3165893328.0
2026-07-17 13:20,1738.72,1728.1,1739.21,1728.1,343236.0,3519712000.0
2026-07-17 13:25,1727.82,1727.95,1733.56,1722.89,401451.0,3872509088.0
2026-07-17 13:30,1727.88,1745.53,1750.54,1727.19,320928.0,2890335376.0
2026-07-17 13:35,1746.65,1730.34,1749.97,1729.24,232832.0,2440318432.0
2026-07-17 13:40,1730.4,1715.52,1730.4,1714.98,354767.0,3376841280.0
2026-07-17 13:45,1715.93,1702.39,1719.47,1702.39,370559.0,3860777072.0
2026-07-17 13:50,1702.62,1717.6,1719.84,1698.32,420405.0,4096832384.0
2026-07-17 13:55,1718.31,1715.98,1724.59,1707.45,282624.0,2572880416.0
2026-07-17 14:00,1716.24,1739.74,1741.92,1710.65,249413.0,2743548272.0
2026-07-17 14:05,1740.35,1759.24,1765.16,1740.25,353049.0,3789574672.0
2026-07-17 14:10,1758.85,1768.48,1769.19,1749.13,261084.0,2834482064.0
2026-07-17 14:15,1768.36,1791.93,1792.09,1764.68,352902.0,4211874848.0
2026-07-17 14:20,1792.27,1763.47,1793.4,1763.47,274474.0,3742243088.0
2026-07-17 14:25,1763.06,1763.54,1772.94,1759.83,208469.0,2331325952.0
2026-07-17 14:30,1763.38,1754.14,1767.34,1753.82,171086.0,2044047264.0
2026-07-17 14:35,1753.93,1758.38,1761.15,1752.96,191416.0,2245378736.0
2026-07-17 14:40,1757.83,1738.07,1757.83,1738.07,232178.0,2582540448.0
2026-07-17 14:45,1738.36,1729.07,1738.64,1728.18,325056.0,3021272272.0
2026-07-17 14:50,1728.55,1720.92,1728.55,1720.16,347813.0,3636211264.0
2026-07-17 14:55,1720.82,1709.64,1721.41,1707.87,442057.0,4988218688.0
2026-07-17 15:00,1710.22,1715.4,1715.7,1709.0,380732.0,4577154595.0
2026-07-20 09:35,1764.59,1762.93,1769.84,1739.4,1481695.0,18528373952.0
2026-07-20 09:40,1762.96,1771.01,1775.78,1759.75,855740.0,10947307424.0
2026-07-20 09:45,1770.69,1759.73,1776.07,1749.99,685356.0,8715276800.0
2026-07-20 09:50,1759.58,1731.74,1759.58,1731.74,577517.0,6938020400.0
2026-07-20 09:55,1732.42,1713.34,1736.98,1713.22,561391.0,7095741360.0
2026-07-20 10:00,1715.37,1741.99,1745.94,1715.37,551321.0,5744715040.0
2026-07-20 10:05,1742.08,1756.71,1757.13,1731.64,371678.0,4687633744.0
2026-07-20 10:10,1757.1,1726.68,1757.1,1723.41,379530.0,3901436080.0
2026-07-20 10:15,1727.54,1712.04,1727.54,1710.84,360602.0,4165067360.0
2026-07-20 10:20,1712.74,1710.6,1714.76,1701.67,391978.0,4437487536.0
2026-07-20 10:25,1711.1,1699.0,1712.53,1696.81,330078.0,3158725536.0
2026-07-20 10:30,1699.23,1692.9,1707.39,1692.9,257616.0,3255668432.0
2026-07-20 10:35,1692.06,1678.98,1692.55,1678.98,388269.0,4344486224.0
2026-07-20 10:40,1678.6,1696.96,1701.02,1675.41,376621.0,3732038064.0
2026-07-20 10:45,1697.38,1712.29,1712.29,1694.95,225730.0,2808132736.0
2026-07-20 10:50,1712.36,1725.07,1725.07,1711.35,255260.0,2620298960.0
2026-07-20 10:55,1725.24,1712.29,1725.89,1712.24,178719.0,1872054400.0
2026-07-20 11:00,1711.67,1734.78,1736.11,1711.67,174421.0,2031365600.0
2026-07-20 11:05,1735.07,1751.91,1751.91,1735.07,262692.0,3305306512.0
2026-07-20 11:10,1752.49,1743.41,1753.25,1737.46,210920.0,2271499232.0
2026-07-20 11:15,1743.76,1732.53,1745.39,1732.49,148437.0,1920956784.0
2026-07-20 11:20,1732.72,1720.85,1735.03,1720.85,142021.0,1599888096.0
2026-07-20 11:25,1720.68,1716.97,1720.91,1710.15,207183.0,1674593776.0
2026-07-20 11:30,1717.14,1712.12,1721.81,1710.26,135138.0,1256917725.0
2026-07-20 13:05,1712.3,1707.3,1719.65,1701.59,250409.0,2379817936.0
2026-07-20 13:10,1706.98,1702.82,1707.31,1694.84,179216.0,1963888416.0
2026-07-20 13:15,1702.84,1694.46,1705.98,1692.78,194572.0,1839542096.0
2026-07-20 13:20,1694.06,1698.61,1700.0,1687.03,225548.0,1754242016.0
2026-07-20 13:25,1698.1,1690.81,1698.1,1689.23,166269.0,1571757436.0
2026-07-20 13:30,1691.03,1682.35,1693.87,1682.35,230926.0,1981249216.0
2026-07-20 13:35,1682.0,1675.84,1687.52,1673.16,294903.0,2626296032.0
2026-07-20 13:40,1675.69,1670.0,1681.06,1670.0,321327.0,2757122544.0
2026-07-20 13:45,1670.51,1664.84,1681.86,1664.84,312117.0,2500606960.0
2026-07-20 13:50,1663.97,1672.58,1679.21,1656.48,405172.0,3381938448.0
2026-07-20 13:55,1672.73,1660.69,1680.26,1659.77,219409.0,2036038240.0
2026-07-20 14:00,1660.31,1661.5,1664.75,1657.15,259090.0,2427206496.0
2026-07-20 14:05,1663.02,1697.18,1698.12,1657.97,418168.0,3200044288.0
2026-07-20 14:10,1696.82,1672.06,1697.98,1672.06,295591.0,2384679680.0
2026-07-20 14:15,1671.93,1678.21,1683.54,1671.15,214179.0,2033111344.0
2026-07-20 14:20,1677.54,1670.54,1677.54,1669.11,222568.0,2016319920.0
2026-07-20 14:25,1670.03,1657.88,1674.0,1657.88,228002.0,2280140960.0
2026-07-20 14:30,1657.81,1662.85,1682.92,1657.17,456405.0,3374286416.0
2026-07-20 14:35,1662.49,1654.15,1664.1,1646.39,423150.0,3761678464.0
2026-07-20 14:40,1656.08,1663.27,1673.26,1653.75,599735.0,4645277600.0
2026-07-20 14:45,1664.57,1695.06,1695.9,1663.92,641383.0,5425289056.0
2026-07-20 14:50,1695.85,1724.51,1724.51,1695.85,762738.0,6482976880.0
2026-07-20 14:55,1725.28,1723.34,1731.65,1717.14,748584.0,6222294128.0
2026-07-20 15:00,1723.1,1718.69,1723.23,1716.7,405419.0,3690180659.0
2026-07-21 09:35,1747.49,1739.73,1747.49,1716.44,1139777.0,13360733200.0
2026-07-21 09:40,1739.34,1737.41,1744.4,1724.19,832614.0,8977746016.0
2026-07-21 09:45,1735.97,1722.58,1741.15,1722.58,743161.0,7962226464.0
2026-07-21 09:50,1722.65,1709.56,1725.59,1709.56,690246.0,6450654864.0
2026-07-21 09:55,1709.56,1699.26,1709.56,1695.17,641085.0,6412894544.0
2026-07-21 10:00,1698.4,1695.31,1703.63,1684.81,522709.0,5364469200.0
2026-07-21 10:05,1695.25,1675.22,1696.51,1675.22,569161.0,5554226096.0
2026-07-21 10:10,1676.24,1666.81,1688.44,1666.81,596446.0,5916919616.0
2026-07-21 10:15,1666.17,1694.05,1694.05,1663.85,548776.0,5297294016.0
2026-07-21 10:20,1695.1,1681.99,1702.87,1681.27,414462.0,3931122704.0
2026-07-21 10:25,1681.89,1726.28,1726.28,1680.85,480515.0,4826900832.0
2026-07-21 10:30,1727.09,1732.38,1736.12,1723.14,508205.0,5913195984.0
2026-07-21 10:35,1733.27,1744.7,1751.68,1733.27,520994.0,5577896784.0
2026-07-21 10:40,1743.33,1768.0,1770.64,1743.33,598758.0,5974020144.0
2026-07-21 10:45,1767.61,1748.19,1767.74,1745.11,421101.0,4245496352.0
2026-07-21 10:50,1748.48,1788.37,1789.11,1748.48,435132.0,5121773568.0
2026-07-21 10:55,1786.64,1790.34,1793.37,1779.74,494260.0,6222747984.0
2026-07-21 11:00,1791.61,1793.56,1802.86,1791.12,484651.0,5293680816.0
2026-07-21 11:05,1793.93,1821.57,1821.57,1793.18,484714.0,5459219648.0
2026-07-21 11:10,1821.83,1831.31,1836.88,1818.75,547379.0,6598137152.0
2026-07-21 11:15,1830.58,1806.71,1830.58,1803.22,413974.0,4827573104.0
2026-07-21 11:20,1806.14,1807.21,1825.15,1805.74,285229.0,3200753024.0
2026-07-21 11:25,1807.78,1818.41,1818.41,1803.35,212491.0,2942532816.0
2026-07-21 11:30,1818.72,1837.94,1838.09,1817.73,260188.0,3461297824.0
2026-07-21 13:05,1839.27,1845.49,1855.03,1839.27,574931.0,8479150896.0
2026-07-21 13:10,1845.77,1843.54,1849.28,1835.2,333004.0,4118993536.0
2026-07-21 13:15,1843.46,1840.04,1850.65,1840.04,276367.0,3603944240.0
2026-07-21 13:20,1838.32,1828.78,1838.32,1823.87,290655.0,3461799728.0
2026-07-21 13:25,1827.92,1827.81,1828.36,1818.55,217509.0,2774821200.0
2026-07-21 13:30,1826.73,1833.63,1835.24,1822.43,181086.0,2254914832.0
2026-07-21 13:35,1833.81,1824.72,1840.81,1824.65,191479.0,2236241760.0
2026-07-21 13:40,1824.47,1836.44,1836.44,1824.47,134901.0,1803287072.0
2026-07-21 13:45,1836.64,1846.66,1847.6,1836.64,158835.0,2195352272.0
2026-07-21 13:50,1846.94,1848.06,1848.08,1840.81,159874.0,1947950048.0
2026-07-21 13:55,1847.51,1859.2,1859.77,1847.51,202167.0,2469693264.0
2026-07-21 14:00,1859.69,1850.21,1862.69,1850.21,257585.0,2553373360.0
2026-07-21 14:05,1850.22,1861.71,1862.14,1850.22,212663.0,1872031840.0
2026-07-21 14:10,1861.18,1867.19,1867.94,1858.4,198855.0,2463848928.0
2026-07-21 14:15,1867.2,1872.65,1872.65,1864.45,243636.0,2824680208.0
2026-07-21 14:20,1872.48,1880.77,1882.0,1872.48,288453.0,3021853760.0
2026-07-21 14:25,1880.57,1879.4,1881.35,1876.21,286059.0,2662837184.0
2026-07-21 14:30,1879.68,1872.66,1879.78,1866.32,270678.0,2632340592.0
2026-07-21 14:35,1873.02,1886.4,1886.4,1872.69,321488.0,2775311648.0
2026-07-21 14:40,1886.24,1899.05,1899.05,1886.17,394791.0,4264994096.0
2026-07-21 14:45,1899.48,1904.17,1904.17,1899.24,325675.0,3265812624.0
2026-07-21 14:50,1904.3,1896.88,1904.86,1894.37,375076.0,3391351696.0
2026-07-21 14:55,1897.08,1901.92,1902.12,1897.08,436097.0,3554598736.0
2026-07-21 15:00,1901.83,1903.16,1903.9,1901.78,334853.0,3532354101.0
2026-07-22 09:35,1874.78,1899.21,1902.89,1874.78,1613408.0,20556690592.0
2026-07-22 09:40,1899.97,1890.07,1916.12,1888.76,1119810.0,13609657696.0
2026-07-22 09:45,1890.69,1895.04,1899.18,1879.3,1001193.0,11195064688.0
2026-07-22 09:50,1894.86,1901.32,1913.74,1894.86,646035.0,8223297408.0
2026-07-22 09:55,1899.53,1880.48,1907.52,1880.48,653737.0,7551420048.0
2026-07-22 10:00,1880.15,1897.77,1897.77,1873.03,667788.0,6839941184.0
2026-07-22 10:05,1897.53,1898.02,1903.81,1887.47,496731.0,4696654304.0
2026-07-22 10:10,1897.0,1898.02,1899.31,1890.42,370900.0,3962564352.0
2026-07-22 10:15,1898.19,1902.27,1905.03,1896.9,342213.0,4163283968.0
2026-07-22 10:20,1902.4,1925.56,1925.56,1902.4,430670.0,5442836576.0
2026-07-22 10:25,1926.12,1921.49,1932.06,1917.84,415584.0,5802162784.0
2026-07-22 10:30,1923.24,1926.98,1926.98,1919.26,313135.0,3977430416.0
2026-07-22 10:35,1926.37,1901.52,1926.37,1901.47,306113.0,4094882352.0
2026-07-22 10:40,1901.37,1899.03,1904.1,1893.09,296786.0,3593263200.0
2026-07-22 10:45,1897.79,1888.5,1898.85,1882.45,380735.0,3544242640.0
2026-07-22 10:50,1888.66,1896.58,1896.91,1887.15,226104.0,2519811952.0
2026-07-22 10:55,1896.42,1914.16,1914.44,1894.45,221710.0,2733411728.0
2026-07-22 11:00,1914.22,1906.41,1914.22,1903.94,246937.0,2633470384.0
2026-07-22 11:05,1906.14,1896.61,1907.79,1894.1,242517.0,2424905616.0
2026-07-22 11:10,1896.29,1898.31,1899.26,1888.31,217286.0,2852955136.0
2026-07-22 11:15,1897.92,1906.35,1909.43,1897.92,203982.0,2233540480.0
2026-07-22 11:20,1906.51,1916.07,1917.93,1906.51,227454.0,2433174464.0
2026-07-22 11:25,1916.19,1922.58,1923.76,1915.6,187901.0,2277698160.0
2026-07-22 11:30,1922.64,1932.5,1934.6,1922.64,203545.0,2889521280.0
2026-07-22 13:05,1931.17,1900.3,1932.26,1900.3,359811.0,4412232784.0
2026-07-22 13:10,1899.92,1894.65,1905.21,1894.0,217937.0,2535084032.0
2026-07-22 13:15,1894.64,1897.54,1897.54,1889.32,162698.0,2307307552.0
2026-07-22 13:20,1897.26,1892.01,1897.26,1883.65,190245.0,2425442560.0
2026-07-22 13:25,1891.66,1877.52,1891.66,1876.77,220192.0,2467889840.0
2026-07-22 13:30,1877.87,1869.88,1880.11,1868.22,261653.0,3634453680.0
2026-07-22 13:35,1869.25,1871.41,1871.41,1857.09,269686.0,3962292912.0
2026-07-22 13:40,1870.92,1865.67,1879.05,1863.68,225501.0,2705564416.0
2026-07-22 13:45,1866.03,1867.8,1872.19,1861.27,155623.0,1969955088.0
2026-07-22 13:50,1868.36,1867.77,1875.88,1866.75,133003.0,1533383583.0
2026-07-22 13:55,1867.47,1861.07,1870.31,1861.07,144454.0,1537170399.0
2026-07-22 14:00,1860.72,1854.93,1860.72,1851.08,202549.0,2714342912.0
2026-07-22 14:05,1855.21,1849.58,1861.99,1849.58,162000.0,2167030368.0
2026-07-22 14:10,1849.47,1843.27,1849.54,1841.12,238817.0,3050184272.0
2026-07-22 14:15,1842.81,1842.22,1842.81,1836.11,226540.0,2887414640.0
2026-07-22 14:20,1843.24,1854.14,1861.77,1842.41,185522.0,2383091120.0
2026-07-22 14:25,1854.89,1875.02,1876.06,1854.89,177592.0,2243936272.0
2026-07-22 14:30,1874.72,1854.84,1874.72,1854.84,174733.0,1740051952.0
2026-07-22 14:35,1854.88,1866.57,1873.0,1853.85,232351.0,2119266832.0
2026-07-22 14:40,1866.58,1861.4,1867.08,1857.76,170357.0,1935935936.0
2026-07-22 14:45,1861.05,1858.81,1867.5,1858.81,208363.0,2165701520.0
2026-07-22 14:50,1858.72,1854.76,1859.52,1852.08,255590.0,3050754192.0
2026-07-22 14:55,1854.99,1858.27,1861.69,1854.67,342261.0,3404345888.0
2026-07-22 15:00,1858.34,1860.08,1860.08,1853.22,288859.0,3311957171.0
2026-07-23 09:35,1876.61,1857.63,1876.98,1844.71,870644.0,12578259136.0
2026-07-23 09:40,1856.95,1843.85,1867.24,1843.85,649648.0,8563128064.0
2026-07-23 09:45,1842.66,1845.21,1851.23,1827.51,570962.0,8198751344.0
2026-07-23 09:50,1845.22,1836.1,1850.19,1830.52,432488.0,5792430272.0
2026-07-23 09:55,1834.9,1851.06,1855.96,1827.52,333685.0,4521111616.0
2026-07-23 10:00,1850.23,1828.91,1853.2,1827.6,322388.0,4069163408.0
2026-07-23 10:05,1828.29,1814.64,1828.29,1811.31,515218.0,5952296048.0
2026-07-23 10:10,1815.36,1811.96,1824.36,1804.32,399506.0,4674142976.0
2026-07-23 10:15,1811.84,1803.78,1820.6,1803.41,318819.0,3874504944.0
2026-07-23 10:20,1803.76,1804.54,1811.81,1797.46,352167.0,3834115904.0
2026-07-23 10:25,1804.31,1796.84,1816.43,1796.84,292288.0,3641223680.0
2026-07-23 10:30,1796.33,1790.01,1796.33,1782.82,379821.0,5051970048.0
2026-07-23 10:35,1790.42,1790.31,1802.77,1788.18,249347.0,3249476720.0
2026-07-23 10:40,1790.03,1799.99,1806.03,1789.33,214397.0,2767131696.0
2026-07-23 10:45,1800.24,1790.7,1806.4,1790.7,185079.0,2343849808.0
2026-07-23 10:50,1791.1,1789.55,1796.88,1786.59,231843.0,2505473328.0
2026-07-23 10:55,1790.16,1788.65,1799.24,1788.0,246182.0,2177505392.0
2026-07-23 11:00,1789.18,1789.96,1791.3,1783.49,162014.0,2337036384.0
2026-07-23 11:05,1790.0,1778.4,1790.98,1778.13,189629.0,2397727344.0
2026-07-23 11:10,1777.81,1773.95,1778.03,1770.53,236721.0,3126104768.0
2026-07-23 11:15,1773.56,1795.85,1795.85,1771.45,218672.0,2312337840.0
2026-07-23 11:20,1796.43,1787.29,1796.43,1785.56,151275.0,1819069184.0
2026-07-23 11:25,1786.75,1781.52,1791.92,1781.52,110321.0,1409723759.0
2026-07-23 11:30,1781.63,1783.94,1783.94,1777.4,102990.0,1212496048.0
2026-07-23 13:05,1784.14,1785.72,1798.16,1784.14,187850.0,2587824368.0
2026-07-23 13:10,1785.5,1811.58,1811.58,1784.53,187444.0,2075173536.0
2026-07-23 13:15,1811.99,1798.23,1811.99,1797.84,165049.0,2221188336.0
2026-07-23 13:20,1797.77,1787.08,1797.77,1786.4,142224.0,1512699532.0
2026-07-23 13:25,1786.84,1795.9,1799.65,1786.84,105546.0,1239871898.0
2026-07-23 13:30,1795.76,1806.2,1813.97,1795.76,178733.0,1765698813.0
2026-07-23 13:35,1806.1,1816.98,1817.74,1801.79,218073.0,1821254784.0
2026-07-23 13:40,1816.66,1813.29,1820.63,1813.29,187165.0,2055485088.0
2026-07-23 13:45,1813.27,1802.82,1813.27,1800.09,184788.0,1697372896.0
2026-07-23 13:50,1802.92,1796.39,1803.82,1796.31,145154.0,1322017185.0
2026-07-23 13:55,1796.57,1794.0,1799.34,1793.82,138674.0,1262354064.0
2026-07-23 14:00,1794.11,1793.09,1796.2,1792.27,122150.0,1240683541.0
2026-07-23 14:05,1792.68,1790.92,1792.83,1788.16,166902.0,1307819517.0
2026-07-23 14:10,1790.26,1792.79,1795.75,1789.26,148293.0,1016290079.0
2026-07-23 14:15,1792.77,1788.84,1793.86,1788.4,121970.0,1112568919.0
2026-07-23 14:20,1789.5,1789.75,1791.84,1787.75,153938.0,1076222544.0
2026-07-23 14:25,1789.75,1785.25,1789.99,1784.88,125284.0,1278368895.0
2026-07-23 14:30,1785.04,1789.98,1790.19,1782.35,154461.0,1534782304.0
2026-07-23 14:35,1790.56,1790.14,1798.7,1789.81,237273.0,1706977878.0
2026-07-23 14:40,1789.7,1796.72,1797.2,1789.7,161865.0,1559122704.0
2026-07-23 14:45,1796.92,1796.03,1798.8,1795.68,192958.0,1874807552.0
2026-07-23 14:50,1795.84,1789.6,1795.84,1788.66,227126.0,2280587984.0
2026-07-23 14:55,1789.76,1791.61,1794.3,1789.16,281584.0,2559454928.0
2026-07-23 15:00,1791.46,1789.69,1792.26,1789.66,253661.0,2669455173.0
2026-07-24 09:35,1766.26,1782.47,1782.47,1748.8,871482.0,9881760896.0
2026-07-24 09:40,1782.61,1772.39,1791.3,1769.94,595688.0,6760023216.0
2026-07-24 09:45,1773.76,1802.67,1803.13,1772.75,476949.0,5599610624.0
2026-07-24 09:50,1802.52,1790.97,1804.43,1787.19,362201.0,4712764064.0
2026-07-24 09:55,1792.55,1804.92,1805.11,1792.55,379408.0,4389023312.0
2026-07-24 10:00,1805.17,1799.13,1807.31,1795.35,320089.0,3382623424.0
2026-07-24 10:05,1799.17,1783.79,1799.17,1783.79,235715.0,2994393312.0
2026-07-24 10:10,1783.53,1798.88,1804.41,1781.56,197649.0,2555100688.0
2026-07-24 10:15,1800.1,1794.04,1802.63,1792.63,174362.0,2013975456.0
2026-07-24 10:20,1793.55,1793.47,1797.85,1787.07,201270.0,2361505888.0
2026-07-24 10:25,1793.67,1801.07,1801.43,1789.59,184548.0,2507173904.0
2026-07-24 10:30,1801.18,1802.86,1807.47,1801.18,180345.0,2591333872.0
2026-07-24 10:35,1802.68,1797.06,1802.68,1792.2,170099.0,2080039008.0
2026-07-24 10:40,1796.38,1785.04,1798.55,1785.04,160571.0,2001815568.0
2026-07-24 10:45,1784.75,1789.56,1790.39,1784.75,155956.0,1787889584.0
2026-07-24 10:50,1789.9,1799.84,1803.04,1788.6,148276.0,2116794240.0
2026-07-24 10:55,1798.52,1807.22,1807.61,1795.76,167777.0,2318657280.0
2026-07-24 11:00,1807.55,1795.67,1808.61,1794.54,145665.0,1845963936.0
2026-07-24 11:05,1796.43,1794.38,1796.43,1789.07,155993.0,1756119136.0
2026-07-24 11:10,1794.51,1787.33,1798.1,1787.33,107178.0,1269170983.0
2026-07-24 11:15,1786.93,1788.27,1793.68,1786.11,99298.0,1292555816.0
2026-07-24 11:20,1788.29,1786.12,1788.7,1782.83,125071.0,1360197444.0
2026-07-24 11:25,1785.42,1782.05,1787.98,1779.8,132048.0,1443051371.0
2026-07-24 11:30,1782.06,1794.48,1795.79,1778.88,134845.0,1473340676.0
2026-07-24 13:05,1795.35,1804.09,1808.95,1795.35,242584.0,2990496512.0
2026-07-24 13:10,1803.89,1817.46,1823.45,1801.84,297997.0,3391982304.0
2026-07-24 13:15,1817.81,1816.99,1831.28,1816.99,298352.0,3674479216.0
2026-07-24 13:20,1816.97,1818.25,1818.92,1807.59,197631.0,2316133200.0
2026-07-24 13:25,1818.79,1810.34,1819.01,1809.43,159662.0,1841749648.0
2026-07-24 13:30,1810.29,1819.23,1825.13,1810.29,192640.0,2313233536.0
2026-07-24 13:35,1819.05,1809.9,1819.05,1806.62,177451.0,1797439008.0
2026-07-24 13:40,1808.73,1800.23,1808.73,1800.23,123833.0,1737856592.0
2026-07-24 13:45,1800.05,1797.7,1803.53,1797.25,140901.0,1527318737.0
2026-07-24 13:50,1797.43,1802.85,1807.35,1797.14,145638.0,1466160149.0
2026-07-24 13:55,1802.11,1797.92,1802.21,1796.18,102180.0,1196319927.0
2026-07-24 14:00,1798.35,1797.86,1799.97,1796.47,90522.0,1130799102.0
2026-07-24 14:05,1797.81,1793.48,1798.39,1793.48,116746.0,1262762343.0
2026-07-24 14:10,1793.1,1794.46,1794.71,1786.58,150274.0,1932067024.0
2026-07-24 14:15,1794.38,1801.05,1801.05,1791.15,135099.0,1409898409.0
2026-07-24 14:20,1801.24,1798.19,1803.81,1797.02,125453.0,1333774828.0
2026-07-24 14:25,1799.17,1803.78,1808.28,1799.17,134138.0,1704094113.0
2026-07-24 14:30,1803.64,1804.1,1805.1,1799.87,95802.0,1500342807.0
2026-07-24 14:35,1804.1,1797.17,1809.03,1793.35,171565.0,1846508016.0
2026-07-24 14:40,1797.82,1793.84,1798.81,1792.53,139729.0,1629312912.0
2026-07-24 14:45,1793.92,1791.55,1794.66,1791.48,202850.0,2122937376.0
2026-07-24 14:50,1791.48,1787.69,1791.48,1785.35,250194.0,2929834624.0
2026-07-24 14:55,1787.4,1788.61,1791.66,1787.37,309433.0,3396085328.0
2026-07-24 15:00,1788.41,1787.19,1788.99,1786.23,294369.0,3598276500.0
2026-07-27 09:35,1780.72,1764.2,1781.0,1764.2,575998.0,7596517584.0
2026-07-27 09:40,1763.9,1740.66,1763.9,1724.46,762106.0,10305751712.0
2026-07-27 09:45,1740.81,1742.59,1763.11,1735.35,622544.0,8368993248.0
2026-07-27 09:50,1740.7,1762.3,1773.33,1736.63,461359.0,6111693728.0
2026-07-27 09:55,1761.38,1793.89,1793.89,1755.15,406856.0,5009477296.0
2026-07-27 10:00,1794.35,1803.73,1816.43,1794.35,493227.0,6746166272.0
2026-07-27 10:05,1803.07,1795.93,1806.93,1792.36,386670.0,4745242208.0
2026-07-27 10:10,1796.01,1802.66,1803.66,1791.74,261453.0,3372477040.0
2026-07-27 10:15,1802.81,1788.56,1802.81,1788.31,240726.0,2939845520.0
2026-07-27 10:20,1787.99,1784.65,1791.88,1777.52,259063.0,3011135200.0
2026-07-27 10:25,1783.16,1779.85,1794.1,1778.1,214230.0,2469014448.0
2026-07-27 10:30,1779.82,1795.53,1796.59,1779.71,186730.0,2039858800.0
2026-07-27 10:35,1795.09,1775.25,1795.09,1774.4,209654.0,2574872448.0
2026-07-27 10:40,1774.46,1771.77,1777.48,1768.62,196142.0,2403646128.0
2026-07-27 10:45,1771.67,1777.85,1782.19,1771.5,141094.0,1774576336.0
2026-07-27 10:50,1777.54,1774.27,1785.91,1773.74,150009.0,1663576016.0
2026-07-27 10:55,1774.39,1770.2,1775.28,1765.52,138609.0,1667007712.0
2026-07-27 11:00,1769.95,1769.16,1775.75,1769.16,130021.0,1346885663.0
2026-07-27 11:05,1768.83,1777.15,1777.15,1767.26,127971.0,1398775379.0
2026-07-27 11:10,1777.22,1778.88,1782.54,1775.01,118076.0,1224737872.0
2026-07-27 11:15,1779.22,1786.09,1790.99,1779.22,141996.0,1342505766.0
2026-07-27 11:20,1785.82,1779.51,1786.16,1774.65,122676.0,1288728411.0
2026-07-27 11:25,1779.18,1782.8,1783.05,1776.56,84831.0,985007907.0
2026-07-27 11:30,1782.72,1778.79,1783.23,1777.52,76359.0,898046523.0
2026-07-27 13:05,1779.1,1773.59,1788.07,1772.14,175399.0,2004571532.0
2026-07-27 13:10,1773.48,1768.84,1775.29,1766.62,127668.0,1407671087.0
2026-07-27 13:15,1768.51,1764.81,1769.16,1760.77,178373.0,1774679315.0
2026-07-27 13:20,1764.09,1765.27,1768.66,1762.58,126198.0,1394424446.0
2026-07-27 13:25,1765.29,1761.26,1766.62,1759.95,115914.0,1147844154.0
2026-07-27 13:30,1761.02,1760.28,1762.18,1754.96,151444.0,1750942097.0
2026-07-27 13:35,1759.68,1756.72,1759.68,1748.32,180259.0,1976045792.0
2026-07-27 13:40,1755.92,1755.91,1759.71,1754.34,109297.0,1305273441.0
2026-07-27 13:45,1755.26,1758.72,1762.81,1755.26,112535.0,1370355054.0
2026-07-27 13:50,1759.21,1771.51,1771.51,1754.88,126881.0,1511049332.0
2026-07-27 13:55,1771.82,1762.95,1771.82,1762.04,117723.0,1190399896.0
2026-07-27 14:00,1762.58,1764.17,1767.69,1762.58,81119.0,878816944.0
2026-07-27 14:05,1764.58,1765.77,1767.16,1762.99,145239.0,1019322154.0
2026-07-27 14:10,1765.78,1770.28,1772.08,1765.49,109183.0,1204940811.0
2026-07-27 14:15,1770.63,1769.89,1774.74,1766.9,92451.0,1110375311.0
2026-07-27 14:20,1769.89,1779.28,1779.41,1766.95,104432.0,1244809575.0
2026-07-27 14:25,1779.81,1780.69,1785.38,1778.98,150202.0,1606663280.0
2026-07-27 14:30,1780.55,1785.23,1785.24,1776.42,120999.0,1404273534.0
2026-07-27 14:35,1785.42,1799.24,1799.88,1785.42,230974.0,2646800288.0
2026-07-27 14:40,1798.74,1805.2,1805.63,1794.64,262248.0,2718704848.0
2026-07-27 14:45,1805.02,1803.46,1808.76,1800.32,250814.0,2910705968.0
2026-07-27 14:50,1803.59,1806.9,1807.44,1801.72,228935.0,2608860080.0
2026-07-27 14:55,1806.77,1807.78,1808.33,1805.48,291786.0,2982032112.0
2026-07-27 15:00,1807.83,1807.95,1807.99,1806.21,248824.0,2638024413.0
2026-07-28 09:35,1755.87,1782.11,1784.28,1754.2,898045.0,10658665552.0
2026-07-28 09:40,1783.69,1783.94,1797.58,1783.67,608270.0,7363324800.0
2026-07-28 09:45,1784.26,1784.07,1790.3,1777.87,377796.0,4519761408.0
2026-07-28 09:50,1783.84,1772.32,1785.86,1768.3,413955.0,4786011152.0
2026-07-28 09:55,1771.98,1773.38,1774.91,1760.23,400894.0,4289705984.0
2026-07-28 10:00,1773.65,1763.11,1776.73,1758.92,302383.0,3531226480.0
2026-07-28 10:05,1762.47,1774.97,1783.68,1760.26,286813.0,3437685296.0
2026-07-28 10:10,1774.68,1771.21,1780.46,1769.81,232064.0,2750803568.0
2026-07-28 10:15,1770.93,1768.18,1771.35,1762.58,268116.0,2853070528.0
2026-07-28 10:20,1767.7,1765.52,1769.82,1761.82,191969.0,2415085280.0
2026-07-28 10:25,1765.92,1760.08,1771.88,1760.08,157157.0,2127216720.0
2026-07-28 10:30,1760.56,1753.22,1761.11,1752.08,225094.0,2946053120.0
2026-07-28 10:35,1753.76,1750.28,1756.75,1748.79,207422.0,2638383056.0
2026-07-28 10:40,1749.86,1741.33,1749.86,1741.2,233137.0,2897195936.0
2026-07-28 10:45,1742.41,1738.31,1745.32,1738.31,214083.0,2590398112.0
2026-07-28 10:50,1738.46,1734.91,1740.47,1731.36,229483.0,3304123616.0
2026-07-28 10:55,1735.04,1739.2,1747.44,1732.36,192297.0,2722692112.0
2026-07-28 11:00,1738.93,1730.11,1744.57,1729.7,164954.0,2092994432.0
2026-07-28 11:05,1729.63,1727.5,1732.78,1726.12,153925.0,2225001120.0
2026-07-28 11:10,1728.51,1726.8,1729.21,1724.72,173895.0,2104889856.0
2026-07-28 11:15,1726.84,1736.84,1738.38,1724.7,161252.0,1874805280.0
2026-07-28 11:20,1736.66,1735.1,1744.29,1730.78,178437.0,1819584928.0
2026-07-28 11:25,1734.08,1737.75,1741.85,1730.21,137172.0,1566776593.0
2026-07-28 11:30,1738.29,1735.01,1747.56,1732.39,140290.0,1384743416.0
2026-07-28 13:05,1735.54,1724.39,1735.54,1723.2,200872.0,2647128736.0
2026-07-28 13:10,1724.04,1726.44,1727.25,1719.21,176230.0,2084940400.0
2026-07-28 13:15,1727.06,1730.79,1735.84,1724.01,130613.0,1461314970.0
2026-07-28 13:20,1731.08,1721.73,1733.78,1720.9,130442.0,1577497856.0
2026-07-28 13:25,1721.29,1715.72,1721.77,1715.72,139022.0,1904516976.0
2026-07-28 13:30,1715.58,1712.61,1717.33,1711.89,143698.0,1956445536.0
2026-07-28 13:35,1712.4,1701.67,1713.19,1701.47,185311.0,2964320432.0
2026-07-28 13:40,1701.47,1715.98,1715.98,1701.47,185065.0,2121697488.0
2026-07-28 13:45,1715.29,1721.26,1729.8,1715.28,139173.0,1970791952.0
2026-07-28 13:50,1720.6,1707.33,1724.25,1706.28,123318.0,1572881952.0
2026-07-28 13:55,1707.17,1705.62,1711.31,1705.62,146584.0,1764947296.0
2026-07-28 14:00,1706.07,1706.97,1708.21,1704.32,116523.0,1531385489.0
2026-07-28 14:05,1707.31,1704.76,1710.23,1704.34,140251.0,1566187477.0
2026-07-28 14:10,1704.97,1700.45,1705.06,1700.28,144701.0,1860454928.0
2026-07-28 14:15,1699.87,1696.99,1701.56,1696.33,164748.0,2079697120.0
2026-07-28 14:20,1696.62,1696.65,1697.36,1689.93,202425.0,2666142384.0
2026-07-28 14:25,1696.72,1696.12,1703.16,1694.87,148969.0,1738088768.0
2026-07-28 14:30,1696.06,1697.58,1697.92,1692.36,117239.0,1784827315.0
2026-07-28 14:35,1697.66,1686.68,1698.25,1686.55,212783.0,2722985136.0
2026-07-28 14:40,1686.9,1683.7,1687.64,1678.88,278852.0,3918378720.0
2026-07-28 14:45,1684.17,1676.8,1689.18,1675.99,287367.0,3270132912.0
2026-07-28 14:50,1676.87,1682.94,1682.94,1676.2,298228.0,3498152704.0
2026-07-28 14:55,1684.04,1689.67,1698.0,1684.04,303528.0,3603417104.0
2026-07-28 15:00,1689.45,1693.48,1693.48,1689.45,219099.0,2888528253.0
2026-07-29 09:35,1704.58,1701.83,1709.83,1685.19,780607.0,10573090816.0
2026-07-29 09:40,1700.34,1699.7,1711.58,1698.1,528433.0,6735367872.0
2026-07-29 09:45,1699.67,1659.56,1700.22,1659.39,550160.0,6710562048.0
2026-07-29 09:50,1662.04,1643.15,1663.98,1643.15,702001.0,8291486400.0
2026-07-29 09:55,1642.48,1644.02,1656.85,1639.48,577846.0,6386053104.0
2026-07-29 10:00,1643.15,1635.13,1647.84,1628.23,431298.0,5358899744.0
2026-07-29 10:05,1634.57,1617.31,1634.57,1614.73,504989.0,5914437424.0
2026-07-29 10:10,1615.64,1616.67,1619.55,1608.14,563848.0,6820065776.0
2026-07-29 10:15,1617.14,1629.74,1638.17,1617.14,392970.0,4340755824.0
2026-07-29 10:20,1628.8,1621.59,1632.62,1621.37,290462.0,2956782656.0
2026-07-29 10:25,1620.57,1626.88,1626.88,1610.75,406107.0,3405755152.0
2026-07-29 10:30,1627.9,1652.76,1657.95,1627.9,450785.0,4221374880.0
2026-07-29 10:35,1653.7,1639.46,1656.45,1639.15,379604.0,3788723936.0
2026-07-29 10:40,1640.09,1633.37,1642.43,1632.13,303200.0,2680523760.0
2026-07-29 10:45,1633.6,1634.8,1645.78,1633.6,250320.0,2149422400.0
2026-07-29 10:50,1634.43,1620.56,1635.81,1620.56,293814.0,2303202784.0
2026-07-29 10:55,1620.37,1614.47,1621.07,1614.47,273933.0,2323304512.0
2026-07-29 11:00,1615.08,1616.41,1620.26,1613.76,229376.0,1911838496.0
2026-07-29 11:05,1616.49,1624.55,1629.6,1616.49,207603.0,1849763792.0
2026-07-29 11:10,1625.09,1634.8,1634.8,1615.13,231828.0,1852930317.0
2026-07-29 11:15,1634.54,1630.96,1647.7,1630.96,268125.0,2117253856.0
2026-07-29 11:20,1631.42,1625.52,1636.22,1625.05,125634.0,1238171905.0
2026-07-29 11:25,1625.45,1621.58,1626.72,1620.79,108081.0,1300836887.0
2026-07-29 11:30,1621.54,1622.03,1625.82,1618.62,114487.0,1329297365.0
2026-07-29 13:05,1619.35,1639.07,1640.91,1610.13,389829.0,3587899056.0
2026-07-29 13:10,1639.06,1660.05,1660.05,1633.87,254355.0,2581728416.0
2026-07-29 13:15,1660.6,1686.15,1687.09,1658.0,395848.0,4197225424.0
2026-07-29 13:20,1685.48,1659.58,1685.79,1657.92,416220.0,3264785968.0
2026-07-29 13:25,1659.96,1662.27,1675.9,1653.18,230979.0,1941589264.0
2026-07-29 13:30,1662.83,1677.89,1680.46,1662.83,250489.0,2390504448.0
2026-07-29 13:35,1677.69,1683.05,1683.21,1662.64,222867.0,2245632224.0
2026-07-29 13:40,1684.12,1689.19,1689.19,1675.49,241475.0,2747397776.0
2026-07-29 13:45,1688.85,1686.95,1694.65,1685.52,298815.0,2941662640.0
2026-07-29 13:50,1687.13,1672.06,1692.19,1671.54,213191.0,2173675296.0
2026-07-29 13:55,1672.08,1665.72,1675.89,1664.83,155921.0,1714171216.0
2026-07-29 14:00,1665.79,1672.19,1674.75,1665.66,117252.0,1235867442.0
2026-07-29 14:05,1672.67,1666.52,1679.63,1666.52,146404.0,1362828393.0
2026-07-29 14:10,1665.98,1660.66,1666.08,1658.59,126609.0,1227986031.0
2026-07-29 14:15,1660.33,1665.47,1667.32,1657.57,108383.0,1138555335.0
2026-07-29 14:20,1665.44,1672.8,1675.24,1662.72,113566.0,1184700296.0
2026-07-29 14:25,1672.5,1668.86,1674.5,1663.95,112584.0,1241019681.0
2026-07-29 14:30,1668.77,1671.71,1675.8,1666.65,102530.0,1129534090.0
2026-07-29 14:35,1671.58,1673.7,1680.41,1671.44,161828.0,1566732798.0
2026-07-29 14:40,1673.24,1668.6,1674.18,1668.49,147222.0,1343672586.0
2026-07-29 14:45,1668.88,1674.88,1675.55,1668.88,162533.0,1611234853.0
2026-07-29 14:50,1674.63,1687.43,1687.63,1674.62,262666.0,2442647920.0
2026-07-29 14:55,1687.64,1684.67,1687.74,1681.88,364045.0,2892060640.0
2026-07-29 15:00,1684.34,1678.74,1685.13,1678.74,257413.0,2427543300.0
2026-07-30 09:35,1653.47,1667.74,1671.39,1653.47,855927.0,9449337008.0
2026-07-30 09:40,1667.01,1657.48,1671.51,1650.74,634338.0,7173589856.0
2026-07-30 09:45,1657.49,1642.86,1657.61,1639.05,492047.0,5770345968.0
2026-07-30 09:50,1642.72,1637.07,1642.72,1626.2,531913.0,5947297152.0
2026-07-30 09:55,1636.52,1647.79,1652.37,1635.44,383565.0,4046242384.0
2026-07-30 10:00,1649.29,1636.04,1653.43,1633.76,430827.0,3540804224.0
2026-07-30 10:05,1634.76,1627.8,1637.28,1626.77,428979.0,3794669280.0
2026-07-30 10:10,1627.2,1619.88,1627.2,1616.23,439697.0,4520114048.0
2026-07-30 10:15,1619.62,1613.63,1625.58,1612.57,358421.0,3298063936.0
2026-07-30 10:20,1613.68,1628.66,1629.18,1612.5,367196.0,3469024864.0
2026-07-30 10:25,1628.53,1615.21,1628.74,1612.5,259264.0,2862783056.0
2026-07-30 10:30,1614.43,1611.34,1615.54,1610.7,265859.0,2673562768.0
2026-07-30 10:35,1612.87,1606.24,1615.74,1606.24,296942.0,2714068976.0
2026-07-30 10:40,1606.26,1599.91,1606.26,1599.04,314569.0,3291308432.0
2026-07-30 10:45,1600.12,1599.99,1605.82,1595.57,283730.0,2810349440.0
2026-07-30 10:50,1599.48,1605.22,1608.21,1597.47,213430.0,2330825696.0
2026-07-30 10:55,1603.41,1593.66,1603.6,1593.66,226430.0,2323283264.0
2026-07-30 11:00,1593.39,1588.95,1593.39,1585.83,234249.0,3202698576.0
2026-07-30 11:05,1588.27,1585.89,1589.72,1582.93,212704.0,2618826912.0
2026-07-30 11:10,1586.97,1586.79,1598.83,1585.95,195896.0,2388947056.0
2026-07-30 11:15,1586.76,1580.73,1590.63,1579.05,219755.0,2532844256.0
2026-07-30 11:20,1580.17,1576.08,1583.87,1576.05,197641.0,2227882592.0
2026-07-30 11:25,1577.28,1575.86,1582.93,1573.32,260010.0,2584187712.0
2026-07-30 11:30,1578.63,1572.25,1580.25,1569.76,243939.0,2618123184.0
2026-07-30 13:05,1571.61,1564.56,1571.61,1562.0,358072.0,3814518256.0
2026-07-30 13:10,1564.43,1590.31,1595.83,1564.43,308990.0,3489690880.0
2026-07-30 13:15,1590.94,1585.67,1590.94,1576.49,282008.0,2729964576.0
2026-07-30 13:20,1585.78,1581.43,1588.7,1572.08,288892.0,2306926112.0
2026-07-30 13:25,1581.3,1615.52,1617.58,1578.25,408915.0,4315123040.0
2026-07-30 13:30,1616.26,1617.14,1623.3,1609.22,381727.0,4315952016.0
2026-07-30 13:35,1616.36,1604.24,1616.36,1600.45,334476.0,2980160224.0
2026-07-30 13:40,1603.83,1591.07,1606.81,1588.88,218658.0,2358456848.0
2026-07-30 13:45,1590.49,1598.23,1604.07,1590.21,226655.0,2172431824.0
2026-07-30 13:50,1600.41,1605.8,1618.13,1600.41,253652.0,2342071536.0
2026-07-30 13:55,1606.79,1612.31,1613.76,1599.02,162454.0,1763462752.0
2026-07-30 14:00,1611.8,1610.87,1619.51,1607.54,165134.0,1846302048.0
2026-07-30 14:05,1610.86,1613.98,1614.62,1604.52,174058.0,1784297147.0
2026-07-30 14:10,1615.54,1618.81,1623.33,1614.2,207595.0,2420921056.0
2026-07-30 14:15,1618.44,1611.08,1619.95,1608.71,146259.0,1657761552.0
2026-07-30 14:20,1611.04,1626.0,1626.0,1610.25,154475.0,1787371856.0
2026-07-30 14:25,1626.68,1633.7,1638.43,1626.68,283998.0,3136245808.0
2026-07-30 14:30,1633.42,1623.67,1633.42,1619.24,191660.0,1921098368.0
2026-07-30 14:35,1623.14,1620.25,1629.69,1614.78,233352.0,2123055168.0
2026-07-30 14:40,1620.4,1603.36,1620.4,1603.11,212999.0,2137629648.0
2026-07-30 14:45,1603.25,1600.18,1607.42,1600.18,235988.0,2492302688.0
2026-07-30 14:50,1599.95,1588.89,1600.72,1588.53,322162.0,2823096304.0
2026-07-30 14:55,1588.7,1586.59,1592.35,1586.48,460722.0,3562285664.0
2026-07-30 15:00,1585.94,1588.41,1588.41,1581.16,335446.0,3360411469.0
2026-07-31 09:35,1721.35,1699.65,1721.35,1699.65,2235129.0,28105207952.0
2026-07-31 09:40,1698.39,1707.97,1708.09,1686.07,1043199.0,12259723728.0
2026-07-31 09:45,1707.51,1695.68,1712.68,1695.68,975351.0,10534175520.0
2026-07-31 09:50,1695.81,1713.73,1714.91,1695.15,668813.0,7822872704.0
2026-07-31 09:55,1714.32,1717.43,1721.98,1710.39,532498.0,6286015744.0
2026-07-31 10:00,1717.58,1725.9,1731.21,1717.19,494239.0,5869711888.0
2026-07-31 10:05,1725.47,1707.06,1726.14,1705.22,456639.0,5561609248.0
2026-07-31 10:10,1707.06,1702.84,1715.24,1701.7,344347.0,4270906224.0
2026-07-31 10:15,1702.56,1691.95,1707.55,1691.95,408667.0,3919511600.0
2026-07-31 10:20,1691.58,1692.26,1692.72,1683.86,382127.0,4283918592.0
2026-07-31 10:25,1691.25,1681.4,1698.96,1680.36,337756.0,3963056016.0
2026-07-31 10:30,1680.67,1685.7,1691.96,1680.64,256672.0,3115098688.0
2026-07-31 10:35,1685.77,1681.42,1686.59,1675.65,263040.0,2876502784.0
2026-07-31 10:40,1680.59,1675.25,1686.2,1673.03,221751.0,2359939536.0
2026-07-31 10:45,1674.86,1686.73,1688.45,1674.3,189008.0,2194403680.0
2026-07-31 10:50,1686.03,1677.7,1691.16,1677.7,197461.0,2218423696.0
2026-07-31 10:55,1677.56,1686.03,1686.03,1675.78,195906.0,2128550144.0
2026-07-31 11:00,1685.8,1685.06,1692.59,1684.77,174262.0,1944723648.0
2026-07-31 11:05,1684.84,1675.82,1684.84,1675.82,189106.0,2373293440.0
2026-07-31 11:10,1675.23,1669.19,1676.43,1669.19,176680.0,2047059648.0
2026-07-31 11:15,1668.74,1663.97,1671.42,1662.5,194884.0,1912091728.0
2026-07-31 11:20,1663.57,1678.17,1678.18,1663.5,145763.0,1672275263.0
2026-07-31 11:25,1678.6,1673.29,1685.66,1673.12,140652.0,1545143325.0
2026-07-31 11:30,1673.04,1682.27,1683.17,1671.99,108328.0,1235400438.0
2026-07-31 13:05,1683.84,1682.57,1692.36,1676.71,241376.0,2704141120.0
2026-07-31 13:10,1682.72,1674.3,1687.03,1674.3,135031.0,1655350358.0
2026-07-31 13:15,1674.67,1682.15,1682.32,1674.31,111971.0,1308784611.0
2026-07-31 13:20,1681.85,1691.0,1693.68,1681.31,183379.0,2146439024.0
2026-07-31 13:25,1691.47,1688.05,1698.3,1688.05,170624.0,2080846672.0
2026-07-31 13:30,1687.84,1686.0,1688.06,1680.6,130261.0,1593014176.0
2026-07-31 13:35,1685.94,1680.13,1685.94,1679.59,129664.0,1300717433.0
2026-07-31 13:40,1680.08,1676.08,1680.08,1675.16,125936.0,1328174469.0
2026-07-31 13:45,1676.56,1673.87,1677.1,1673.5,107899.0,1160663919.0
2026-07-31 13:50,1673.66,1674.3,1674.53,1670.24,122349.0,1223959223.0
2026-07-31 13:55,1673.58,1668.0,1673.68,1668.0,112049.0,1144090898.0
2026-07-31 14:00,1668.95,1667.7,1668.95,1664.59,156203.0,1374532962.0
2026-07-31 14:05,1667.72,1667.47,1673.52,1666.84,173125.0,1251092426.0
2026-07-31 14:10,1667.35,1662.94,1667.6,1662.72,118189.0,1304665234.0
2026-07-31 14:15,1663.05,1662.6,1663.05,1658.88,131592.0,1469196003.0
2026-07-31 14:20,1662.2,1659.43,1662.42,1659.13,121399.0,1252865879.0
2026-07-31 14:25,1659.23,1664.27,1664.27,1656.64,147274.0,1583193028.0
2026-07-31 14:30,1664.52,1669.31,1669.7,1662.39,159311.0,1429455622.0
2026-07-31 14:35,1669.16,1658.77,1669.16,1657.95,201911.0,1849541952.0
2026-07-31 14:40,1658.71,1654.91,1660.65,1654.91,167559.0,1834922128.0
2026-07-31 14:45,1654.56,1643.49,1654.56,1642.2,297975.0,2887137488.0
2026-07-31 14:50,1643.51,1638.57,1644.22,1638.02,293456.0,2885745968.0
2026-07-31 14:55,1638.42,1638.6,1641.31,1635.68,327643.0,2980192832.0
2026-07-31 15:00,1638.4,1635.96,1640.04,1635.96,308956.0,2726878547.0
2026-08-03 09:35,1619.29,1613.89,1621.99,1603.6,1080682.0,11724888992.0
2026-08-03 09:40,1612.5,1588.48,1616.01,1588.47,825087.0,9510102832.0
2026-08-03 09:45,1588.21,1578.61,1593.87,1578.02,676612.0,8118775312.0
2026-08-03 09:50,1578.51,1581.51,1582.78,1570.34,583289.0,6193465840.0
2026-08-03 09:55,1581.56,1576.93,1584.84,1568.41,483649.0,4848556864.0
2026-08-03 10:00,1576.21,1576.42,1586.61,1571.92,403255.0,3906031504.0
2026-08-03 10:05,1576.96,1580.82,1584.86,1574.05,353563.0,3563909760.0
2026-08-03 10:10,1580.68,1576.77,1588.35,1576.75,348696.0,3027950160.0
2026-08-03 10:15,1577.96,1584.71,1586.22,1575.56,345075.0,3128368480.0
2026-08-03 10:20,1584.95,1571.81,1585.15,1568.94,359212.0,3109703520.0
2026-08-03 10:25,1571.83,1568.22,1581.72,1568.17,317242.0,2761875408.0
2026-08-03 10:30,1567.78,1565.56,1571.14,1564.82,237373.0,2671096576.0
2026-08-03 10:35,1565.48,1575.33,1575.33,1565.48,259966.0,2725837120.0
2026-08-03 10:40,1575.23,1576.32,1583.83,1572.86,245420.0,2372988848.0
2026-08-03 10:45,1575.9,1582.71,1587.48,1572.79,190947.0,2059645285.0
2026-08-03 10:50,1581.93,1568.71,1584.7,1568.71,210642.0,1759467104.0
2026-08-03 10:55,1569.33,1574.46,1577.14,1568.01,165184.0,1529938664.0
2026-08-03 11:00,1574.63,1582.42,1585.56,1571.88,169061.0,1650269907.0
2026-08-03 11:05,1582.82,1580.52,1591.9,1580.52,176600.0,1963837071.0
2026-08-03 11:10,1579.95,1572.19,1580.46,1571.27,148948.0,1366813386.0
2026-08-03 11:15,1572.26,1571.66,1574.47,1569.76,130024.0,1336978590.0
2026-08-03 11:20,1571.52,1574.31,1576.46,1570.21,140368.0,1243916519.0
2026-08-03 11:25,1575.2,1577.41,1578.61,1570.52,107888.0,1210014537.0
2026-08-03 11:30,1577.12,1575.01,1580.82,1571.32,112422.0,1415512604.0
2026-08-03 13:05,1575.49,1579.21,1581.63,1575.39,192813.0,1906028864.0
2026-08-03 13:10,1578.83,1571.8,1579.17,1569.47,151191.0,1617904266.0
2026-08-03 13:15,1570.87,1570.24,1573.4,1569.32,111787.0,1149854532.0
2026-08-03 13:20,1569.72,1568.13,1571.85,1568.08,136936.0,1143570770.0
2026-08-03 13:25,1568.72,1567.94,1570.36,1567.08,113628.0,1178746761.0
2026-08-03 13:30,1568.6,1565.36,1569.6,1564.99,158818.0,1348204028.0
2026-08-03 13:35,1565.27,1563.81,1566.0,1563.13,164243.0,1686202859.0
2026-08-03 13:40,1564.28,1563.93,1565.83,1562.91,132747.0,1545346453.0
2026-08-03 13:45,1563.65,1564.32,1566.38,1562.95,123702.0,1422340026.0
2026-08-03 13:50,1564.32,1563.96,1564.87,1563.05,125271.0,1215402472.0
2026-08-03 13:55,1563.73,1563.48,1565.69,1563.05,218321.0,1186537405.0
2026-08-03 14:00,1563.58,1559.08,1564.62,1559.08,167377.0,1665582824.0
2026-08-03 14:05,1560.5,1555.85,1560.84,1555.71,213924.0,1818785907.0
2026-08-03 14:10,1555.75,1550.16,1555.8,1549.74,202730.0,2292408432.0
2026-08-03 14:15,1551.57,1560.58,1562.1,1551.57,175633.0,1865687728.0
2026-08-03 14:20,1561.41,1554.95,1561.41,1554.37,132738.0,1413412371.0
2026-08-03 14:25,1555.37,1567.5,1569.04,1554.9,167178.0,1767558745.0
2026-08-03 14:30,1567.98,1560.05,1568.85,1560.05,148415.0,1466239654.0
2026-08-03 14:35,1560.48,1555.05,1562.6,1554.47,191250.0,1608908816.0
2026-08-03 14:40,1555.2,1551.67,1558.12,1551.26,212041.0,2065420704.0
2026-08-03 14:45,1551.56,1551.83,1552.83,1550.62,195711.0,2066321120.0
2026-08-03 14:50,1551.47,1550.75,1552.27,1550.24,240020.0,2340240752.0
2026-08-03 14:55,1550.89,1551.46,1554.0,1550.75,312006.0,2816896352.0
2026-08-03 15:00,1551.32,1552.89,1552.89,1549.79,275301.0,2723048493.0
2026-08-04 09:35,1569.62,1558.96,1571.83,1556.11,817027.0,9515169888.0
2026-08-04 09:40,1559.98,1571.99,1577.73,1559.98,615408.0,6934955264.0
2026-08-04 09:45,1572.03,1574.46,1578.15,1567.13,472189.0,5046723744.0
2026-08-04 09:50,1574.63,1585.74,1587.54,1571.63,458856.0,5448523808.0
2026-08-04 09:55,1585.98,1594.21,1594.21,1585.98,394184.0,5095356976.0
2026-08-04 10:00,1594.31,1593.7,1601.24,1592.58,541526.0,5201754512.0
2026-08-04 10:05,1593.12,1583.56,1593.18,1581.6,387163.0,4255041120.0
2026-08-04 10:10,1583.27,1582.81,1586.34,1577.02,286393.0,3049387168.0
2026-08-04 10:15,1582.42,1576.41,1582.42,1573.64,261435.0,2977612304.0
2026-08-04 10:20,1576.2,1582.93,1583.14,1574.01,181821.0,2014258096.0
2026-08-04 10:25,1583.1,1573.83,1585.43,1573.83,170176.0,1927245424.0
2026-08-04 10:30,1573.46,1576.39,1580.59,1570.99,141479.0,1780860432.0
2026-08-04 10:35,1576.47,1578.43,1582.5,1575.96,133063.0,1507417934.0
2026-08-04 10:40,1578.24,1588.48,1589.29,1577.95,175776.0,1995645760.0
2026-08-04 10:45,1588.67,1586.17,1591.67,1583.74,162141.0,1942374528.0
2026-08-04 10:50,1586.55,1587.56,1591.47,1585.91,148198.0,1684144672.0
2026-08-04 10:55,1587.44,1581.05,1587.44,1580.77,132691.0,1446126859.0
2026-08-04 11:00,1580.89,1580.27,1585.23,1579.83,123377.0,1291714498.0
2026-08-04 11:05,1580.21,1574.57,1580.38,1574.34,120133.0,1679032464.0
2026-08-04 11:10,1574.55,1584.39,1584.39,1574.55,100021.0,1162615012.0
2026-08-04 11:15,1584.41,1585.98,1586.61,1582.33,92534.0,1037500980.0
2026-08-04 11:20,1586.09,1588.21,1588.49,1584.33,112522.0,1139587183.0
2026-08-04 11:25,1588.46,1591.29,1591.85,1588.46,132361.0,1657463360.0
2026-08-04 11:30,1591.03,1598.13,1600.77,1591.03,182936.0,2104934208.0
2026-08-04 13:05,1599.62,1605.98,1608.31,1599.62,364680.0,4170145056.0
2026-08-04 13:10,1605.88,1605.59,1608.93,1602.84,247893.0,2880370176.0
2026-08-04 13:15,1605.79,1603.92,1605.79,1598.92,187802.0,2243036400.0
2026-08-04 13:20,1604.04,1599.34,1606.67,1598.56,184685.0,2135784480.0
2026-08-04 13:25,1599.55,1605.39,1606.81,1598.34,158224.0,1902003712.0
2026-08-04 13:30,1605.56,1616.16,1616.16,1605.52,262946.0,2930731376.0
2026-08-04 13:35,1616.46,1624.64,1626.05,1616.46,333820.0,4298794368.0
2026-08-04 13:40,1624.73,1628.35,1629.82,1620.87,238659.0,2787803968.0
2026-08-04 13:45,1628.39,1627.37,1629.6,1624.14,187002.0,2236985504.0
2026-08-04 13:50,1627.59,1626.28,1630.68,1626.28,182502.0,2045897184.0
2026-08-04 13:55,1626.17,1625.18,1627.8,1622.03,156152.0,1929528208.0
2026-08-04 14:00,1625.19,1626.69,1627.44,1622.95,123387.0,1451483776.0
2026-08-04 14:05,1627.18,1629.11,1631.01,1626.85,201055.0,2122355504.0
2026-08-04 14:10,1629.48,1630.55,1630.89,1626.76,129014.0,1550052051.0
2026-08-04 14:15,1630.55,1623.66,1630.78,1623.66,154718.0,1719301820.0
2026-08-04 14:20,1623.25,1617.36,1623.25,1616.09,249252.0,2412487824.0
2026-08-04 14:25,1617.47,1619.85,1619.85,1616.13,142122.0,1653624768.0
2026-08-04 14:30,1619.87,1621.33,1623.78,1619.85,119937.0,1349383626.0
2026-08-04 14:35,1621.54,1610.68,1622.93,1610.63,220965.0,2133270896.0
2026-08-04 14:40,1610.78,1611.58,1614.41,1610.25,189556.0,1904397312.0
2026-08-04 14:45,1611.63,1609.73,1612.86,1609.73,178444.0,1816362944.0
2026-08-04 14:50,1609.75,1612.03,1612.65,1609.75,206659.0,1996927616.0
2026-08-04 14:55,1612.29,1615.84,1615.84,1612.24,289048.0,2468406064.0
2026-08-04 15:00,1615.84,1616.36,1616.83,1615.6,292411.0,2453904167.0
2026-08-05 09:35,1615.26,1646.35,1646.35,1615.26,898614.0,14330358688.0
2026-08-05 09:40,1646.3,1662.37,1662.53,1646.3,683222.0,10025455248.0
2026-08-05 09:45,1662.34,1663.55,1672.64,1661.96,515975.0,7397811504.0
2026-08-05 09:50,1663.64,1665.63,1676.72,1662.66,481198.0,6080670928.0
2026-08-05 09:55,1665.78,1661.17,1666.83,1660.15,413027.0,4890476128.0
2026-08-05 10:00,1660.71,1660.44,1669.68,1657.34,372616.0,4252851952.0
2026-08-05 10:05,1660.61,1663.09,1666.17,1657.48,332539.0,4084713568.0
2026-08-05 10:10,1662.51,1651.67,1662.51,1648.86,377864.0,4664465840.0
2026-08-05 10:15,1651.52,1639.27,1651.94,1632.99,391189.0,5163148480.0
2026-08-05 10:20,1638.97,1648.19,1648.19,1632.62,341300.0,4197970176.0
2026-08-05 10:25,1648.04,1654.43,1657.57,1642.95,248807.0,3326246512.0
2026-08-05 10:30,1654.17,1658.25,1659.39,1648.57,210634.0,2628979792.0
2026-08-05 10:35,1658.6,1659.77,1659.77,1647.82,201781.0,2827968864.0
2026-08-05 10:40,1659.4,1661.5,1665.06,1656.79,180163.0,2609146928.0
2026-08-05 10:45,1660.56,1668.37,1670.39,1660.1,221828.0,2437123328.0
2026-08-05 10:50,1668.57,1676.03,1676.21,1667.94,214593.0,2343594784.0
2026-08-05 10:55,1676.1,1675.38,1676.89,1670.84,208347.0,2365634608.0
2026-08-05 11:00,1674.92,1671.43,1676.78,1668.66,147808.0,1733707584.0
2026-08-05 11:05,1671.33,1680.34,1680.93,1671.33,229890.0,2454163536.0
2026-08-05 11:10,1680.35,1680.43,1681.48,1674.63,188366.0,1873827696.0
2026-08-05 11:15,1680.78,1686.26,1686.26,1680.78,211130.0,2058921296.0
2026-08-05 11:20,1686.87,1693.33,1698.59,1686.06,271252.0,3195064336.0
2026-08-05 11:25,1693.09,1702.07,1702.38,1688.73,291768.0,2611262512.0
2026-08-05 11:30,1701.62,1700.05,1702.94,1697.47,250201.0,2566304208.0
2026-08-05 13:05,1701.2,1694.66,1703.53,1693.36,316490.0,3832317072.0
2026-08-05 13:10,1694.61,1689.24,1695.16,1684.46,212498.0,2420336592.0
2026-08-05 13:15,1687.44,1697.68,1701.32,1685.94,218597.0,2476649328.0
2026-08-05 13:20,1697.36,1704.86,1706.57,1694.5,217630.0,2540175472.0
2026-08-05 13:25,1705.0,1707.52,1709.96,1703.43,221685.0,2623008800.0
2026-08-05 13:30,1707.36,1702.46,1709.66,1702.33,206616.0,2579029360.0
2026-08-05 13:35,1702.11,1708.88,1709.08,1702.11,202905.0,2379719520.0
2026-08-05 13:40,1708.88,1703.34,1708.9,1698.16,277517.0,2370857280.0
2026-08-05 13:45,1703.48,1710.02,1710.4,1700.99,203198.0,2301881312.0
2026-08-05 13:50,1710.9,1710.28,1713.6,1709.36,223288.0,2103873904.0
2026-08-05 13:55,1710.29,1712.41,1715.28,1710.05,157109.0,1760733712.0
2026-08-05 14:00,1712.48,1709.37,1712.48,1705.01,124068.0,1705160375.0
2026-08-05 14:05,1709.22,1702.15,1709.22,1700.78,227816.0,1998695472.0
2026-08-05 14:10,1702.38,1699.7,1702.38,1693.87,215951.0,2286214096.0
2026-08-05 14:15,1699.35,1691.89,1700.34,1691.74,139904.0,1620696112.0
2026-08-05 14:20,1692.75,1685.69,1694.45,1685.11,230341.0,2371772560.0
2026-08-05 14:25,1686.12,1689.49,1690.26,1683.97,193575.0,2157569056.0
2026-08-05 14:30,1689.49,1693.15,1693.87,1689.49,123600.0,1549580618.0
2026-08-05 14:35,1692.88,1691.68,1694.87,1690.27,161329.0,1673354400.0
2026-08-05 14:40,1691.72,1685.33,1692.05,1685.33,186539.0,1795801824.0
2026-08-05 14:45,1685.23,1687.38,1688.5,1685.09,177075.0,1936207744.0
2026-08-05 14:50,1687.35,1691.29,1691.29,1687.23,208563.0,2121595120.0
2026-08-05 14:55,1691.25,1692.51,1693.8,1690.22,310175.0,2774707424.0
2026-08-05 15:00,1692.46,1693.67,1693.77,1692.24,315888.0,2809488461.0
