time,open,close,high,low,volume,amount
2026-06-24 09:35,2919.85,2932.08,2932.46,2919.85,4339849.0,18114560672.0
2026-06-24 09:40,2932.25,2933.61,2934.14,2928.56,3111521.0,11995321872.0
2026-06-24 09:45,2933.8,2930.26,2939.26,2926.43,2791158.0,11813609088.0
2026-06-24 09:50,2930.28,2933.47,2937.27,2929.22,2293852.0,9002020208.0
2026-06-24 09:55,2934.56,2935.8,2941.19,2934.11,2097965.0,9161390624.0
2026-06-24 10:00,2935.73,2942.63,2945.39,2935.73,2007029.0,9967162448.0
2026-06-24 10:05,2942.96,2936.37,2942.96,2935.82,2207193.0,9567013568.0
2026-06-24 10:10,2936.16,2935.15,2938.67,2930.42,1760691.0,7017354048.0
2026-06-24 10:15,2935.32,2937.21,2939.88,2932.47,1782229.0,7089924928.0
2026-06-24 10:20,2936.72,2936.6,2938.32,2935.8,1538604.0,6742648272.0
2026-06-24 10:25,2936.97,2933.98,2937.32,2932.75,1493417.0,6685021744.0
2026-06-24 10:30,2934.35,2940.57,2940.92,2933.82,1253811.0,5709323216.0
2026-06-24 10:35,2940.23,2937.6,2940.48,2933.95,1478231.0,5488674992.0
2026-06-24 10:40,2938.19,2936.59,2940.16,2934.45,936210.0,3951628656.0
2026-06-24 10:45,2936.81,2931.63,2938.25,2930.45,991974.0,3844125840.0
2026-06-24 10:50,2931.31,2926.53,2933.2,2926.28,1169891.0,5265634688.0
2026-06-24 10:55,2926.2,2921.41,2927.8,2921.41,969354.0,4698131248.0
2026-06-24 11:00,2921.58,2926.28,2926.28,2921.03,795553.0,4213882960.0
2026-06-24 11:05,2926.38,2925.04,2930.75,2924.59,1016910.0,4556698912.0
2026-06-24 11:10,2925.18,2927.59,2928.96,2923.44,709763.0,2789337360.0
2026-06-24 11:15,2928.05,2924.08,2928.34,2924.03,661774.0,2239975696.0
2026-06-24 11:20,2924.46,2923.04,2925.63,2921.72,564508.0,2030884784.0
2026-06-24 11:25,2923.91,2926.82,2928.49,2923.43,593479.0,2382259248.0
2026-06-24 11:30,2926.19,2936.75,2936.75,2925.94,795814.0,3361599408.0
2026-06-24 13:05,2937.33,2940.16,2942.7,2936.4,1598831.0,7033021760.0
2026-06-24 13:10,2940.17,2940.48,2942.45,2937.28,1007893.0,4481074160.0
2026-06-24 13:15,2940.01,2939.43,2941.55,2938.18,953750.0,4260292576.0
2026-06-24 13:20,2939.73,2944.66,2945.38,2938.07,1188980.0,4632593120.0
2026-06-24 13:25,2944.44,2944.2,2946.12,2943.44,1094982.0,4172930880.0
2026-06-24 13:30,2944.49,2944.07,2947.11,2943.46,1490584.0,5727669120.0
2026-06-24 13:35,2944.14,2944.97,2945.34,2940.85,953516.0,4850303328.0
2026-06-24 13:40,2944.82,2942.53,2946.83,2942.53,851164.0,4014462816.0
2026-06-24 13:45,2942.27,2943.41,2943.41,2940.78,866154.0,3543348608.0
2026-06-24 13:50,2942.83,2936.58,2944.61,2936.58,1064847.0,3802684576.0
2026-06-24 13:55,2936.42,2936.61,2938.79,2934.16,881992.0,3321061632.0
2026-06-24 14:00,2936.76,2933.14,2937.04,2932.99,732950.0,2775473136.0
2026-06-24 14:05,2933.38,2934.19,2935.82,2929.1,1153445.0,3791415472.0
2026-06-24 14:10,2934.19,2934.25,2938.33,2934.17,1108485.0,3564791952.0
2026-06-24 14:15,2934.22,2940.42,2942.39,2933.46,1106839.0,5112594848.0
2026-06-24 14:20,2940.52,2941.24,2943.26,2939.37,1280371.0,5089461728.0
2026-06-24 14:25,2941.09,2942.46,2943.96,2940.22,964447.0,4302306320.0
2026-06-24 14:30,2941.73,2945.53,2947.23,2941.73,832381.0,4391365744.0
2026-06-24 14:35,2946.01,2941.65,2948.06,2941.58,1084910.0,4165538864.0
2026-06-24 14:40,2941.61,2940.85,2943.87,2940.61,1161603.0,3938417024.0
2026-06-24 14:45,2940.95,2942.09,2942.11,2938.84,1123003.0,4409299856.0
2026-06-24 14:50,2942.18,2943.77,2944.44,2941.52,1326151.0,5204211680.0
2026-06-24 14:55,2943.62,2944.35,2945.26,2943.5,1488171.0,6460197840.0
2026-06-24 15:00,2944.49,2943.9,2945.69,2943.88,1563571.0,5402034535.0
2026-06-25 09:35,2944.45,2955.23,2956.16,2942.55,6518634.0,32077750176.0
2026-06-25 09:40,2955.77,2953.21,2956.19,2950.12,3333577.0,16631588864.0
2026-06-25 09:45,2953.23,2959.59,2960.77,2951.94,3233804.0,15457404256.0
2026-06-25 09:50,2959.62,2960.28,2964.41,2955.51,2373657.0,12004104944.0
2026-06-25 09:55,2960.93,2953.63,2962.71,2953.48,2458964.0,10990534400.0
2026-06-25 10:00,2953.84,2956.08,2961.87,2953.84,2212698.0,9101719904.0
2026-06-25 10:05,2956.01,2963.98,2966.65,2954.57,1730952.0,7204566416.0
2026-06-25 10:10,2964.08,2962.51,2964.26,2959.92,1892819.0,7996777872.0
2026-06-25 10:15,2962.61,2957.71,2962.61,2955.76,1723258.0,6032919632.0
2026-06-25 10:20,2958.42,2973.06,2973.06,2958.42,1646685.0,6334549664.0
2026-06-25 10:25,2973.25,2964.44,2975.52,2964.44,2367177.0,7968610672.0
2026-06-25 10:30,2964.1,2965.74,2968.7,2959.68,1462498.0,7236148496.0
2026-06-25 10:35,2965.3,2962.64,2966.79,2961.19,1091794.0,4487345456.0
2026-06-25 10:40,2962.87,2969.3,2970.2,2960.65,1487450.0,6014101856.0
2026-06-25 10:45,2969.67,2966.09,2970.62,2962.15,1701794.0,8316800896.0
2026-06-25 10:50,2966.1,2969.35,2969.63,2961.86,1095068.0,4860071840.0
2026-06-25 10:55,2967.52,2973.94,2973.94,2964.37,1071982.0,4463517872.0
2026-06-25 11:00,2973.24,2977.31,2979.72,2971.91,1222429.0,4784376064.0
2026-06-25 11:05,2977.5,2977.47,2984.06,2975.73,1275001.0,4306688848.0
2026-06-25 11:10,2976.76,2984.7,2988.48,2976.76,1057656.0,6609761664.0
2026-06-25 11:15,2984.22,2983.88,2986.72,2979.73,911453.0,4069723056.0
2026-06-25 11:20,2984.54,2991.05,2993.02,2984.54,1106696.0,5226473008.0
2026-06-25 11:25,2990.8,2989.55,2992.45,2988.53,951381.0,4764154992.0
2026-06-25 11:30,2989.43,2985.47,2992.22,2983.18,1185620.0,4052882816.0
2026-06-25 13:05,2986.13,2979.76,2988.6,2977.78,1861821.0,7404434800.0
2026-06-25 13:10,2978.94,2981.94,2982.53,2975.03,1435296.0,4781821536.0
2026-06-25 13:15,2981.76,2976.82,2981.76,2975.14,1026575.0,4100170256.0
2026-06-25 13:20,2976.0,2975.38,2978.19,2974.38,1076862.0,3754896304.0
2026-06-25 13:25,2975.92,2971.01,2975.92,2970.63,829106.0,3279864848.0
2026-06-25 13:30,2971.72,2974.09,2975.51,2969.6,1197837.0,4094403984.0
2026-06-25 13:35,2974.43,2972.32,2978.47,2971.89,1019986.0,4658235856.0
2026-06-25 13:40,2972.69,2972.03,2975.97,2971.48,877375.0,3806773968.0
2026-06-25 13:45,2972.38,2970.75,2974.28,2969.81,855709.0,3302923088.0
2026-06-25 13:50,2970.34,2970.14,2971.35,2967.0,911518.0,3601629552.0
2026-06-25 13:55,2970.29,2967.19,2971.38,2967.19,740212.0,2811431760.0
2026-06-25 14:00,2966.84,2959.83,2966.84,2959.45,1182638.0,4078851200.0
2026-06-25 14:05,2959.65,2964.29,2965.35,2959.65,993595.0,3126827296.0
2026-06-25 14:10,2964.11,2968.49,2968.49,2964.07,736611.0,2730879840.0
2026-06-25 14:15,2968.37,2970.31,2971.18,2968.26,726703.0,3140949888.0
2026-06-25 14:20,2971.04,2969.93,2972.96,2969.03,841031.0,3398689104.0
2026-06-25 14:25,2969.62,2969.56,2971.42,2968.88,843875.0,2885099104.0
2026-06-25 14:30,2969.3,2971.52,2973.52,2969.3,797395.0,2855966400.0
2026-06-25 14:35,2971.85,2971.27,2973.64,2969.64,996536.0,3649174736.0
2026-06-25 14:40,2971.21,2970.98,2974.17,2970.89,1142015.0,5373745472.0
2026-06-25 14:45,2971.26,2972.89,2973.66,2969.44,1117736.0,4108260928.0
2026-06-25 14:50,2973.09,2977.73,2978.42,2972.78,1414098.0,5665089872.0
2026-06-25 14:55,2977.95,2978.81,2979.23,2976.71,1404330.0,6088733184.0
2026-06-25 15:00,2978.77,2977.57,2981.21,2977.57,1300599.0,5801402263.0
2026-06-26 09:35,2961.04,2955.18,2965.41,2955.18,5015532.0,23481342224.0
2026-06-26 09:40,2955.07,2957.27,2961.3,2953.06,2735181.0,12646706720.0
2026-06-26 09:45,2957.54,2954.38,2959.63,2951.93,3228763.0,12475329376.0
2026-06-26 09:50,2954.33,2946.23,2954.99,2945.8,2629862.0,10571963424.0
2026-06-26 09:55,2947.03,2946.11,2951.28,2943.98,2595851.0,11819761136.0
2026-06-26 10:00,2946.01,2947.53,2947.53,2943.54,1755190.0,7496189328.0
2026-06-26 10:05,2947.86,2941.18,2949.23,2941.18,1704657.0,6924902608.0
2026-06-26 10:10,2940.25,2942.53,2944.28,2939.78,1484785.0,6180541120.0
2026-06-26 10:15,2942.7,2937.97,2942.75,2933.59,1596437.0,5939816768.0
2026-06-26 10:20,2937.52,2930.43,2938.08,2930.04,1463726.0,5210941200.0
2026-06-26 10:25,2930.88,2930.02,2932.58,2929.45,1089228.0,4535614752.0
2026-06-26 10:30,2930.51,2916.96,2930.51,2916.96,1275707.0,6366048544.0
2026-06-26 10:35,2917.2,2916.99,2918.77,2913.02,1393006.0,6654734432.0
2026-06-26 10:40,2917.47,2915.29,2919.23,2911.82,1106878.0,4840832496.0
2026-06-26 10:45,2915.36,2913.79,2915.36,2911.21,1003791.0,4030010576.0
2026-06-26 10:50,2914.1,2905.31,2914.25,2905.31,1088566.0,4483036720.0
2026-06-26 10:55,2905.11,2895.96,2905.11,2895.24,1202275.0,6621585712.0
2026-06-26 11:00,2895.86,2898.84,2899.13,2887.76,1471384.0,7145977840.0
2026-06-26 11:05,2897.2,2899.75,2901.83,2896.27,1148251.0,4971178080.0
2026-06-26 11:10,2900.08,2908.21,2910.46,2897.9,1261833.0,4462361472.0
2026-06-26 11:15,2908.49,2902.67,2910.2,2899.86,1173788.0,5208128080.0
2026-06-26 11:20,2902.58,2904.85,2905.34,2901.06,874817.0,3959780000.0
2026-06-26 11:25,2904.46,2893.23,2905.98,2892.45,766175.0,3666189120.0
2026-06-26 11:30,2892.81,2905.93,2906.08,2891.76,697016.0,3277064288.0
2026-06-26 13:05,2906.0,2907.58,2908.46,2900.97,1395451.0,5833321808.0
2026-06-26 13:10,2907.66,2908.95,2909.17,2903.72,828781.0,3754289984.0
2026-06-26 13:15,2909.42,2915.59,2917.3,2908.62,1070850.0,4314103456.0
2026-06-26 13:20,2915.99,2920.43,2922.74,2915.99,988076.0,4370804528.0
2026-06-26 13:25,2920.55,2923.36,2927.5,2920.48,883106.0,4487800160.0
2026-06-26 13:30,2922.66,2919.84,2928.5,2919.4,857486.0,3583048640.0
2026-06-26 13:35,2919.99,2924.41,2925.72,2917.39,838922.0,3264127072.0
2026-06-26 13:40,2923.77,2920.51,2925.14,2920.41,745847.0,3446755600.0
2026-06-26 13:45,2920.6,2925.58,2925.58,2919.34,688766.0,2976608064.0
2026-06-26 13:50,2925.95,2926.09,2926.44,2920.3,882200.0,3192958400.0
2026-06-26 13:55,2926.85,2931.05,2931.43,2926.84,908314.0,3784082592.0
2026-06-26 14:00,2930.76,2924.49,2933.4,2924.44,671717.0,3118188224.0
2026-06-26 14:05,2924.5,2922.85,2926.38,2921.17,791592.0,3008908400.0
2026-06-26 14:10,2922.53,2914.93,2922.74,2913.91,1307351.0,3486374512.0
2026-06-26 14:15,2914.8,2908.49,2914.8,2908.36,1014790.0,2959385248.0
2026-06-26 14:20,2909.31,2909.74,2912.23,2908.54,859893.0,2895780928.0
2026-06-26 14:25,2910.11,2912.63,2916.03,2910.05,777855.0,2723325104.0
2026-06-26 14:30,2912.92,2911.07,2915.89,2910.4,818078.0,2684428256.0
2026-06-26 14:35,2910.94,2908.95,2911.79,2907.98,1103293.0,3419842064.0
2026-06-26 14:40,2908.8,2919.39,2920.02,2908.57,1047695.0,3498644992.0
2026-06-26 14:45,2919.68,2918.4,2921.15,2914.86,1020423.0,3697654304.0
2026-06-26 14:50,2918.49,2915.04,2918.53,2914.77,1316295.0,4603905248.0
2026-06-26 14:55,2915.28,2909.06,2915.78,2907.72,1607904.0,6371517920.0
2026-06-26 15:00,2908.56,2906.94,2908.78,2906.01,1595085.0,6318661148.0
2026-06-29 09:35,2911.34,2912.23,2914.73,2904.93,5833939.0,22890753056.0
2026-06-29 09:40,2911.79,2923.83,2927.82,2911.79,3178650.0,15411545744.0
2026-06-29 09:45,2924.62,2927.9,2932.67,2924.62,2837271.0,12775967104.0
2026-06-29 09:50,2928.32,2933.53,2935.48,2924.44,2806939.0,13303481728.0
2026-06-29 09:55,2933.7,2940.12,2940.12,2931.94,2172908.0,13625364912.0
2026-06-29 10:00,2940.75,2950.12,2950.12,2939.02,2370940.0,11302438896.0
2026-06-29 10:05,2951.5,2945.54,2953.75,2945.36,2330833.0,12520705376.0
2026-06-29 10:10,2945.34,2931.73,2945.34,2931.49,1947221.0,11614687088.0
2026-06-29 10:15,2932.6,2924.88,2939.69,2924.08,2004216.0,11444757680.0
2026-06-29 10:20,2924.93,2937.42,2946.35,2923.11,2334478.0,10763154256.0
2026-06-29 10:25,2937.63,2953.65,2953.65,2935.2,1955150.0,8295458848.0
2026-06-29 10:30,2952.55,2958.21,2959.55,2952.55,2048520.0,7579108928.0
2026-06-29 10:35,2958.82,2939.72,2959.74,2939.72,2077032.0,8318637936.0
2026-06-29 10:40,2939.03,2943.39,2943.39,2932.38,1961090.0,8934971808.0
2026-06-29 10:45,2942.47,2946.78,2946.78,2938.25,1128970.0,4683220096.0
2026-06-29 10:50,2947.07,2955.14,2955.87,2946.13,1048991.0,4532780048.0
2026-06-29 10:55,2955.52,2951.46,2958.61,2949.47,906134.0,3944281168.0
2026-06-29 11:00,2952.39,2965.07,2965.07,2951.62,858271.0,3954614544.0
2026-06-29 11:05,2965.11,2966.49,2972.13,2964.98,917442.0,4727693376.0
2026-06-29 11:10,2966.63,2969.76,2970.71,2965.37,769788.0,3599633024.0
2026-06-29 11:15,2969.52,2968.09,2969.52,2961.11,791805.0,2950283312.0
2026-06-29 11:20,2968.39,2967.76,2970.23,2966.08,613839.0,2960943232.0
2026-06-29 11:25,2967.52,2962.9,2967.97,2960.04,632828.0,2344990352.0
2026-06-29 11:30,2963.04,2960.86,2963.23,2956.72,546119.0,2200378624.0
2026-06-29 13:05,2961.04,2954.61,2961.06,2951.62,1502003.0,4873906912.0
2026-06-29 13:10,2954.64,2949.34,2954.64,2948.76,651629.0,2891314032.0
2026-06-29 13:15,2949.08,2948.17,2950.11,2947.26,604167.0,2500311712.0
2026-06-29 13:20,2947.95,2952.04,2954.95,2946.62,638765.0,2739357232.0
2026-06-29 13:25,2952.31,2952.71,2955.7,2948.75,561255.0,2492333264.0
2026-06-29 13:30,2952.77,2954.7,2958.05,2952.77,700478.0,2945723504.0
2026-06-29 13:35,2954.59,2958.24,2958.41,2952.24,699150.0,3189172544.0
2026-06-29 13:40,2958.36,2959.4,2961.6,2956.52,768357.0,3312500336.0
2026-06-29 13:45,2959.46,2969.72,2969.72,2958.43,813700.0,3612382464.0
2026-06-29 13:50,2970.36,2967.77,2970.36,2967.41,736688.0,3286968080.0
2026-06-29 13:55,2966.96,2978.32,2978.32,2965.98,1115982.0,4367870128.0
2026-06-29 14:00,2978.44,2976.37,2979.96,2975.35,979255.0,3956239824.0
2026-06-29 14:05,2976.27,2975.03,2982.66,2974.99,1014455.0,4071282048.0
2026-06-29 14:10,2974.76,2970.2,2974.78,2967.16,679254.0,2967952816.0
2026-06-29 14:15,2970.36,2963.61,2971.31,2962.47,707808.0,2721210560.0
2026-06-29 14:20,2964.0,2968.97,2972.7,2964.0,627785.0,2780182432.0
2026-06-29 14:25,2968.93,2965.12,2970.09,2965.12,655774.0,2566775856.0
2026-06-29 14:30,2965.15,2967.75,2967.92,2963.7,784280.0,2709926656.0
2026-06-29 14:35,2967.98,2974.07,2975.62,2967.98,981339.0,3686132672.0
2026-06-29 14:40,2973.93,2982.27,2982.46,2973.4,790841.0,4600705344.0
2026-06-29 14:45,2982.55,2980.61,2983.63,2977.92,896480.0,4804816512.0
2026-06-29 14:50,2980.43,2986.25,2986.26,2980.43,980400.0,5020430544.0
2026-06-29 14:55,2986.09,2990.85,2990.9,2985.61,1288573.0,6551805600.0
2026-06-29 15:00,2990.83,2991.08,2991.52,2989.29,1312794.0,6309339262.0
2026-06-30 09:35,2972.34,2977.0,2977.43,2970.31,3800430.0,24191500688.0
2026-06-30 09:40,2976.58,2971.05,2980.77,2969.0,3037648.0,16290493360.0
2026-06-30 09:45,2971.46,2976.64,2977.27,2964.26,2451063.0,12349985344.0
2026-06-30 09:50,2977.33,2975.59,2979.1,2972.29,2730129.0,13823968816.0
2026-06-30 09:55,2975.81,2975.26,2977.45,2973.19,2110578.0,10867849472.0
2026-06-30 10:00,2975.01,2976.89,2976.89,2971.37,1807003.0,7956464832.0
2026-06-30 10:05,2976.73,2979.92,2979.98,2973.98,1833403.0,8283607680.0
2026-06-30 10:10,2979.8,2978.73,2983.16,2976.1,1486768.0,8084676832.0
2026-06-30 10:15,2978.72,2976.18,2979.37,2970.42,1723425.0,7191159328.0
2026-06-30 10:20,2976.54,2970.62,2979.35,2969.9,1215332.0,6241423824.0
2026-06-30 10:25,2970.0,2965.23,2970.95,2964.69,1037509.0,5246759568.0
2026-06-30 10:30,2965.63,2972.61,2973.39,2963.45,899743.0,4284065776.0
2026-06-30 10:35,2972.48,2972.76,2973.75,2968.81,972842.0,3927833760.0
2026-06-30 10:40,2973.26,2974.33,2974.79,2968.89,784630.0,3629931472.0
2026-06-30 10:45,2974.43,2972.63,2977.89,2971.8,767042.0,4147180640.0
2026-06-30 10:50,2972.49,2976.03,2977.19,2969.53,735759.0,4224458544.0
2026-06-30 10:55,2976.25,2977.23,2978.44,2975.48,849491.0,4704670864.0
2026-06-30 11:00,2977.31,2976.21,2979.88,2976.15,1119911.0,6013355264.0
2026-06-30 11:05,2976.4,2979.86,2980.57,2976.23,794393.0,5334054208.0
2026-06-30 11:10,2980.28,2981.95,2984.44,2978.84,647068.0,3458817744.0
2026-06-30 11:15,2982.37,2984.18,2984.54,2980.7,740520.0,3662331776.0
2026-06-30 11:20,2983.41,2986.62,2986.62,2981.04,737858.0,3494401312.0
2026-06-30 11:25,2986.83,2986.97,2990.05,2986.3,870811.0,3815483552.0
2026-06-30 11:30,2986.7,2986.32,2986.86,2983.81,767656.0,3560786048.0
2026-06-30 13:05,2987.56,2982.85,2991.46,2982.45,2084355.0,7339995312.0
2026-06-30 13:10,2982.66,2984.68,2986.51,2979.8,744186.0,3971031136.0
2026-06-30 13:15,2984.37,2978.91,2985.86,2976.13,1092342.0,4639057088.0
2026-06-30 13:20,2979.32,2979.1,2981.76,2978.55,933793.0,3372496048.0
2026-06-30 13:25,2978.89,2982.2,2982.88,2977.63,967499.0,3420877440.0
2026-06-30 13:30,2982.29,2985.63,2986.86,2980.35,1278259.0,3873789408.0
2026-06-30 13:35,2985.98,2982.3,2987.64,2981.43,1020601.0,3971604576.0
2026-06-30 13:40,2982.67,2980.72,2983.14,2979.62,1030335.0,3585400080.0
2026-06-30 13:45,2980.7,2981.39,2989.55,2980.7,1192581.0,3999123072.0
2026-06-30 13:50,2981.28,2979.51,2985.46,2979.45,895779.0,3140884960.0
2026-06-30 13:55,2979.86,2977.96,2980.86,2977.96,914823.0,3424795968.0
2026-06-30 14:00,2978.4,2980.38,2980.38,2975.7,1003071.0,3252297568.0
2026-06-30 14:05,2980.52,2979.77,2984.07,2979.77,781323.0,3261544672.0
2026-06-30 14:10,2979.65,2981.65,2983.58,2979.65,843518.0,3251823056.0
2026-06-30 14:15,2982.16,2977.43,2982.16,2974.99,895035.0,3433045600.0
2026-06-30 14:20,2977.76,2976.79,2977.96,2973.03,760021.0,3263753872.0
2026-06-30 14:25,2976.6,2974.93,2977.65,2974.19,795711.0,3036839040.0
2026-06-30 14:30,2975.23,2977.72,2977.77,2973.78,847767.0,3390238880.0
2026-06-30 14:35,2977.74,2983.94,2983.94,2977.68,1214680.0,3813095456.0
2026-06-30 14:40,2983.97,2981.93,2986.47,2980.04,1216334.0,4210212480.0
2026-06-30 14:45,2981.74,2985.71,2987.06,2981.42,1189554.0,4512121280.0
2026-06-30 14:50,2985.65,2989.51,2989.51,2983.83,1348293.0,5662041552.0
2026-06-30 14:55,2989.82,2993.0,2993.48,2989.34,1596109.0,6986254496.0
2026-06-30 15:00,2992.99,2989.4,2992.99,2989.4,1552457.0,6387555575.0
2026-07-01 09:35,2976.36,2977.8,2984.86,2974.65,3859752.0,20832976704.0
2026-07-01 09:40,2977.59,2979.45,2981.63,2970.65,2905964.0,15056335600.0
2026-07-01 09:45,2979.31,2983.28,2988.01,2976.4,2556498.0,12911866784.0
2026-07-01 09:50,2983.42,2977.4,2987.61,2975.17,2488174.0,11392582240.0
2026-07-01 09:55,2977.09,2983.36,2983.6,2977.09,1533183.0,7647611984.0
2026-07-01 10:00,2983.93,2979.07,2986.72,2979.07,1742275.0,8593872608.0
2026-07-01 10:05,2979.42,2987.35,2988.08,2978.85,1565213.0,8888241776.0
2026-07-01 10:10,2987.5,2988.33,2991.75,2984.68,1990087.0,8906907296.0
2026-07-01 10:15,2988.04,2988.18,2994.41,2987.39,1726656.0,8117987136.0
2026-07-01 10:20,2988.1,2999.25,2999.25,2988.1,2069571.0,8711700288.0
2026-07-01 10:25,2999.24,2998.26,2999.24,2994.1,1318425.0,5753093488.0
2026-07-01 10:30,2997.35,3001.99,3001.99,2995.53,1211505.0,5984238960.0
2026-07-01 10:35,3002.27,2999.33,3003.05,2999.13,1531492.0,7661946224.0
2026-07-01 10:40,2999.27,3005.34,3006.55,2994.74,2282294.0,10479459680.0
2026-07-01 10:45,3005.48,3003.34,3005.48,2996.51,2174219.0,9737136320.0
2026-07-01 10:50,3003.87,3011.18,3011.18,3003.87,1531823.0,6037323968.0
2026-07-01 10:55,3011.0,3011.86,3015.63,3010.33,1104625.0,4758642272.0
2026-07-01 11:00,3011.33,3011.79,3011.8,3008.52,1167400.0,3929393712.0
2026-07-01 11:05,3011.45,3009.01,3011.77,3006.92,994610.0,3410855168.0
2026-07-01 11:10,3008.68,3012.1,3014.77,3006.77,917131.0,3155823536.0
2026-07-01 11:15,3012.22,3008.29,3012.22,3005.73,900688.0,3803100864.0
2026-07-01 11:20,3008.52,3009.68,3012.79,3007.28,965686.0,3956935104.0
2026-07-01 11:25,3009.18,3005.21,3009.18,3000.36,793516.0,4676263520.0
2026-07-01 11:30,3005.38,3008.65,3009.9,3005.08,624346.0,2822741600.0
2026-07-01 13:05,3008.61,2999.45,3009.21,2999.43,1746381.0,7169033008.0
2026-07-01 13:10,2999.31,3000.02,3004.85,2999.31,1189365.0,6331917232.0
2026-07-01 13:15,2999.63,2991.72,3001.69,2991.55,1315828.0,7094349152.0
2026-07-01 13:20,2991.6,3006.37,3006.58,2991.6,1127297.0,5851902016.0
2026-07-01 13:25,3006.54,3006.73,3007.63,3002.25,978921.0,4126910640.0
2026-07-01 13:30,3006.36,2997.61,3006.36,2997.36,1143489.0,4918767600.0
2026-07-01 13:35,2997.77,2993.96,3001.41,2993.41,1036390.0,4654532912.0
2026-07-01 13:40,2993.25,2990.13,2996.09,2986.46,911794.0,5237274800.0
2026-07-01 13:45,2989.49,2983.61,2991.24,2983.39,727141.0,5050785696.0
2026-07-01 13:50,2984.03,2980.82,2988.28,2980.82,780698.0,3905962256.0
2026-07-01 13:55,2980.86,2969.64,2980.86,2969.64,1311379.0,7307232448.0
2026-07-01 14:00,2969.56,2984.9,2985.53,2967.77,1131607.0,4805085552.0
2026-07-01 14:05,2984.47,2988.49,2989.51,2980.94,755094.0,3908975648.0
2026-07-01 14:10,2988.21,2982.8,2988.76,2982.8,626137.0,2995068432.0
2026-07-01 14:15,2982.89,2980.29,2984.51,2979.45,727714.0,2673132048.0
2026-07-01 14:20,2980.04,2975.29,2980.57,2974.63,573700.0,2852180688.0
2026-07-01 14:25,2975.17,2973.99,2981.26,2973.99,609524.0,2777803920.0
2026-07-01 14:30,2973.5,2973.64,2975.27,2970.99,639564.0,3134333888.0
2026-07-01 14:35,2973.25,2974.4,2977.18,2973.25,851814.0,3664899312.0
2026-07-01 14:40,2974.44,2969.12,2974.72,2966.36,889577.0,5102759120.0
2026-07-01 14:45,2968.97,2979.97,2980.12,2968.97,946203.0,4243414032.0
2026-07-01 14:50,2979.82,2979.37,2982.38,2979.26,957792.0,4352125008.0
2026-07-01 14:55,2979.3,2987.26,2987.36,2978.21,1172054.0,5359430864.0
2026-07-01 15:00,2987.48,2985.24,2987.72,2985.05,1166777.0,5168178447.0
2026-07-02 09:35,2938.76,2939.68,2955.24,2935.1,7084615.0,35087039792.0
2026-07-02 09:40,2939.49,2953.42,2953.96,2939.49,2923266.0,15507619680.0
2026-07-02 09:45,2953.17,2946.71,2955.68,2946.38,3761103.0,14326682304.0
2026-07-02 09:50,2946.72,2947.31,2954.69,2945.07,2805778.0,12304760416.0
2026-07-02 09:55,2948.29,2949.31,2950.42,2944.99,2308921.0,10413695216.0
2026-07-02 10:00,2948.46,2943.57,2952.71,2943.44,1679047.0,7661984912.0
2026-07-02 10:05,2944.1,2948.19,2949.97,2942.66,1800181.0,8170188448.0
2026-07-02 10:10,2948.56,2948.26,2949.33,2944.76,1458889.0,6521756144.0
2026-07-02 10:15,2948.05,2944.24,2948.05,2942.03,1153878.0,5217197376.0
2026-07-02 10:20,2943.98,2936.85,2944.0,2934.56,1186073.0,5376089088.0
2026-07-02 10:25,2936.61,2939.61,2941.8,2934.36,1401365.0,5171671312.0
2026-07-02 10:30,2939.63,2949.18,2949.18,2938.85,1820493.0,6101869440.0
2026-07-02 10:35,2948.17,2954.1,2954.25,2946.0,1921388.0,5752546192.0
2026-07-02 10:40,2953.97,2955.47,2957.88,2953.14,1706311.0,5426440080.0
2026-07-02 10:45,2954.92,2950.79,2955.18,2950.67,1369367.0,4532601040.0
2026-07-02 10:50,2950.58,2948.65,2950.8,2947.44,1697446.0,4806912032.0
2026-07-02 10:55,2948.33,2948.38,2950.07,2944.99,1223069.0,4583460720.0
2026-07-02 11:00,2948.23,2946.93,2948.59,2944.36,915069.0,3355328368.0
2026-07-02 11:05,2946.53,2943.41,2946.77,2943.11,775550.0,3148009520.0
2026-07-02 11:10,2943.09,2945.49,2945.61,2939.67,699175.0,3660247344.0
2026-07-02 11:15,2944.92,2945.37,2946.07,2942.75,685622.0,2976017104.0
2026-07-02 11:20,2945.33,2941.17,2947.3,2940.89,915574.0,3207528832.0
2026-07-02 11:25,2940.86,2937.03,2942.03,2935.53,550305.0,2726481648.0
2026-07-02 11:30,2936.96,2936.35,2936.99,2933.41,586712.0,3620576352.0
2026-07-02 13:05,2936.35,2938.92,2939.41,2932.54,1146134.0,6337029968.0
2026-07-02 13:10,2939.64,2939.17,2940.75,2938.07,736857.0,3139895776.0
2026-07-02 13:15,2939.21,2934.79,2939.26,2934.22,750184.0,4036999536.0
2026-07-02 13:20,2934.51,2930.59,2934.94,2930.59,671572.0,3535607264.0
2026-07-02 13:25,2930.57,2930.38,2932.13,2928.41,840131.0,4682940288.0
2026-07-02 13:30,2930.33,2925.53,2930.33,2925.53,630208.0,3589618896.0
2026-07-02 13:35,2925.54,2923.25,2927.68,2922.88,857796.0,4148684320.0
2026-07-02 13:40,2922.59,2921.99,2923.9,2918.9,874900.0,3681955984.0
2026-07-02 13:45,2922.06,2923.32,2926.62,2920.52,740110.0,3267361456.0
2026-07-02 13:50,2923.3,2920.84,2923.94,2919.08,779905.0,3863350976.0
2026-07-02 13:55,2921.66,2924.25,2926.8,2921.35,711130.0,3404348096.0
2026-07-02 14:00,2923.82,2925.36,2928.16,2923.78,697804.0,3223229120.0
2026-07-02 14:05,2925.35,2923.88,2928.59,2923.88,1089061.0,3372081744.0
2026-07-02 14:10,2924.16,2928.67,2928.95,2922.6,946187.0,3498910592.0
2026-07-02 14:15,2929.03,2927.04,2930.97,2926.78,741664.0,2831641488.0
2026-07-02 14:20,2927.23,2923.37,2928.14,2923.08,852145.0,2768547040.0
2026-07-02 14:25,2922.96,2920.74,2924.43,2920.74,875305.0,2872494624.0
2026-07-02 14:30,2920.88,2920.39,2922.97,2918.8,919970.0,3452656912.0
2026-07-02 14:35,2919.9,2920.21,2925.54,2919.9,1131589.0,3812680960.0
2026-07-02 14:40,2920.41,2916.12,2922.75,2916.12,1254870.0,4385575216.0
2026-07-02 14:45,2915.8,2911.79,2915.8,2909.74,1791642.0,6252819296.0
2026-07-02 14:50,2911.6,2909.02,2912.68,2908.17,1477815.0,5544898032.0
2026-07-02 14:55,2908.58,2910.53,2910.94,2905.85,1595772.0,6189538736.0
2026-07-02 15:00,2910.78,2912.27,2913.7,2910.78,1318482.0,5260616665.0
2026-07-03 09:35,2917.52,2923.27,2930.18,2917.48,6269790.0,30754058112.0
2026-07-03 09:40,2924.18,2925.57,2928.63,2923.7,3422576.0,14535151136.0
2026-07-03 09:45,2925.89,2930.79,2931.8,2923.01,2710303.0,12354813264.0
2026-07-03 09:50,2930.95,2923.19,2932.73,2922.67,2196195.0,9048091920.0
2026-07-03 09:55,2923.53,2922.08,2928.05,2918.4,2188077.0,9510300016.0
2026-07-03 10:00,2922.3,2925.05,2926.17,2921.23,1693120.0,6578987472.0
2026-07-03 10:05,2925.73,2922.37,2926.09,2922.07,1928051.0,6421027824.0
2026-07-03 10:10,2921.47,2925.7,2927.12,2920.66,1167001.0,5315820048.0
2026-07-03 10:15,2924.91,2922.65,2924.95,2919.56,1533268.0,5305237696.0
2026-07-03 10:20,2921.99,2923.3,2930.03,2921.99,1418047.0,4458995104.0
2026-07-03 10:25,2923.21,2923.45,2924.83,2919.91,957769.0,3935921264.0
2026-07-03 10:30,2923.47,2923.74,2926.24,2922.15,800055.0,3210266128.0
2026-07-03 10:35,2924.76,2930.37,2930.55,2922.93,911982.0,3378770640.0
2026-07-03 10:40,2930.73,2936.23,2936.58,2929.56,1143905.0,4547807792.0
2026-07-03 10:45,2935.95,2937.49,2938.87,2932.91,970712.0,4820663760.0
2026-07-03 10:50,2937.74,2940.85,2942.3,2937.74,995922.0,4886855872.0
2026-07-03 10:55,2940.76,2940.33,2942.41,2935.75,1139862.0,5249307568.0
2026-07-03 11:00,2940.53,2943.24,2944.48,2939.51,944189.0,4783881568.0
2026-07-03 11:05,2943.77,2946.01,2948.74,2943.77,795439.0,4386197584.0
2026-07-03 11:10,2945.92,2944.05,2948.18,2942.89,1089289.0,4838232976.0
2026-07-03 11:15,2944.08,2943.31,2945.37,2938.75,900782.0,3667526736.0
2026-07-03 11:20,2943.38,2940.82,2944.81,2940.06,721463.0,2961007744.0
2026-07-03 11:25,2940.66,2938.77,2942.41,2938.77,765012.0,3142360416.0
2026-07-03 11:30,2939.03,2939.82,2941.9,2938.3,784338.0,2597381744.0
2026-07-03 13:05,2942.35,2952.66,2953.3,2942.35,1658542.0,8247999856.0
2026-07-03 13:10,2952.2,2948.39,2953.91,2947.38,920802.0,4702033136.0
2026-07-03 13:15,2947.72,2940.6,2947.99,2940.6,995673.0,4167627808.0
2026-07-03 13:20,2940.64,2938.44,2942.51,2936.09,1131242.0,3787926592.0
2026-07-03 13:25,2938.42,2934.33,2938.42,2930.98,782599.0,3542657360.0
2026-07-03 13:30,2933.84,2933.56,2935.86,2931.46,769761.0,3112648144.0
2026-07-03 13:35,2933.4,2938.13,2938.95,2933.12,678706.0,3090130096.0
2026-07-03 13:40,2937.36,2931.14,2937.36,2931.14,1157723.0,3006769120.0
2026-07-03 13:45,2931.37,2938.92,2938.98,2931.37,733324.0,2486013424.0
2026-07-03 13:50,2939.32,2939.56,2941.56,2938.24,882435.0,2718127616.0
2026-07-03 13:55,2939.59,2945.16,2945.39,2938.93,731229.0,2499599712.0
2026-07-03 14:00,2944.75,2946.46,2947.68,2943.66,755304.0,2591411488.0
2026-07-03 14:05,2946.46,2952.88,2953.58,2946.14,1135486.0,3472777328.0
2026-07-03 14:10,2953.01,2952.88,2957.25,2952.48,702071.0,3145322240.0
2026-07-03 14:15,2952.89,2946.72,2952.89,2946.6,586148.0,2896427856.0
2026-07-03 14:20,2946.71,2946.42,2947.45,2945.19,612904.0,2418169664.0
2026-07-03 14:25,2946.11,2942.52,2946.83,2940.75,694212.0,3177685984.0
2026-07-03 14:30,2942.34,2941.1,2943.15,2940.65,667526.0,2945573920.0
2026-07-03 14:35,2941.26,2938.48,2945.36,2938.48,1179059.0,3786629456.0
2026-07-03 14:40,2938.25,2940.31,2940.7,2936.73,1004117.0,4040466864.0
2026-07-03 14:45,2940.04,2938.85,2941.08,2938.55,924169.0,3733024080.0
2026-07-03 14:50,2938.71,2938.61,2943.01,2938.55,1050924.0,4152554640.0
2026-07-03 14:55,2938.5,2932.15,2938.5,2932.05,1458116.0,5935543584.0
2026-07-03 15:00,2931.93,2931.28,2932.29,2930.72,1228165.0,4865271086.0
2026-07-06 09:35,2949.92,2950.82,2953.76,2942.74,5076091.0,23490371712.0
2026-07-06 09:40,2949.89,2945.16,2951.54,2940.37,3113795.0,13772465200.0
2026-07-06 09:45,2944.86,2951.61,2952.47,2943.04,2729585.0,10953744864.0
2026-07-06 09:50,2951.08,2950.36,2951.31,2946.99,2562398.0,9266895904.0
2026-07-06 09:55,2950.76,2953.36,2954.68,2947.17,1993069.0,8035561296.0
2026-07-06 10:00,2953.78,2949.71,2953.78,2949.08,1943538.0,7956489056.0
2026-07-06 10:05,2949.93,2950.78,2954.11,2949.83,2211733.0,8361902672.0
2026-07-06 10:10,2950.73,2950.16,2953.49,2947.88,1311280.0,5537045952.0
2026-07-06 10:15,2950.43,2945.01,2950.55,2943.77,1629334.0,7046842704.0
2026-07-06 10:20,2945.0,2939.91,2945.0,2939.54,1410415.0,7424613760.0
2026-07-06 10:25,2940.24,2937.26,2942.84,2936.69,1326377.0,7343322032.0
2026-07-06 10:30,2937.46,2932.44,2939.3,2931.12,1225411.0,6893973264.0
2026-07-06 10:35,2932.04,2928.14,2935.44,2927.66,1396974.0,6577858656.0
2026-07-06 10:40,2927.72,2933.43,2935.44,2922.69,1521022.0,7700012624.0
2026-07-06 10:45,2933.37,2929.81,2935.51,2929.81,1609196.0,5739696944.0
2026-07-06 10:50,2929.66,2923.56,2931.5,2922.17,1071309.0,5486279360.0
2026-07-06 10:55,2923.49,2929.18,2930.06,2920.83,1099842.0,5348378272.0
2026-07-06 11:00,2929.29,2938.29,2938.83,2926.68,1040958.0,4384787312.0
2026-07-06 11:05,2937.3,2937.9,2941.24,2935.18,894510.0,4302673568.0
2026-07-06 11:10,2937.86,2942.95,2943.08,2937.86,1036255.0,4281021648.0
2026-07-06 11:15,2942.56,2948.51,2948.58,2941.98,719436.0,3985616240.0
2026-07-06 11:20,2948.45,2947.84,2948.53,2943.23,661749.0,3285200256.0
2026-07-06 11:25,2947.75,2950.73,2951.19,2947.52,727109.0,4182010656.0
2026-07-06 11:30,2950.73,2958.05,2958.05,2950.02,561810.0,3593939904.0
2026-07-06 13:05,2958.65,2955.34,2959.26,2950.18,1106151.0,5418445504.0
2026-07-06 13:10,2955.31,2951.82,2956.19,2951.63,1113159.0,3442575616.0
2026-07-06 13:15,2951.14,2951.04,2956.16,2949.51,633249.0,2611676288.0
2026-07-06 13:20,2951.14,2949.08,2954.39,2948.79,625387.0,2279598000.0
2026-07-06 13:25,2948.58,2947.42,2951.85,2947.19,619595.0,2211871088.0
2026-07-06 13:30,2948.17,2952.32,2954.5,2948.05,574178.0,2190580624.0
2026-07-06 13:35,2950.84,2947.58,2951.14,2946.17,1030387.0,2452699392.0
2026-07-06 13:40,2948.03,2954.81,2955.37,2947.79,651752.0,2185157552.0
2026-07-06 13:45,2955.05,2961.1,2961.1,2955.05,521587.0,2827801504.0
2026-07-06 13:50,2961.85,2959.79,2961.85,2956.82,638816.0,2783971680.0
2026-07-06 13:55,2959.88,2961.9,2965.08,2959.84,631491.0,3221094928.0
2026-07-06 14:00,2961.81,2959.95,2964.27,2959.95,535270.0,2746932672.0
2026-07-06 14:05,2959.57,2957.69,2959.87,2956.73,1415492.0,3089925600.0
2026-07-06 14:10,2958.16,2960.96,2963.34,2958.16,876216.0,2679185184.0
2026-07-06 14:15,2960.88,2962.63,2964.86,2960.83,1158981.0,3249313488.0
2026-07-06 14:20,2962.16,2961.91,2962.31,2959.27,789201.0,2588706416.0
2026-07-06 14:25,2962.0,2959.44,2963.42,2958.86,1145900.0,3060303184.0
2026-07-06 14:30,2959.45,2959.33,2959.58,2955.78,811055.0,2567381728.0
2026-07-06 14:35,2959.51,2962.63,2963.86,2959.41,1043840.0,3118704240.0
2026-07-06 14:40,2962.99,2960.05,2966.28,2959.61,955707.0,3064275952.0
2026-07-06 14:45,2959.99,2956.77,2960.44,2956.77,974909.0,3326502896.0
2026-07-06 14:50,2957.01,2957.34,2958.95,2957.01,1075692.0,3638951792.0
2026-07-06 14:55,2957.14,2957.26,2958.61,2957.13,1256417.0,4198114928.0
2026-07-06 15:00,2957.22,2957.97,2957.97,2956.41,1061597.0,3768025409.0
2026-07-07 09:35,2932.81,2931.81,2936.11,2928.2,4196564.0,18435755872.0
2026-07-07 09:40,2932.58,2936.69,2936.69,2929.95,2805978.0,10635471968.0
2026-07-07 09:45,2936.81,2942.21,2942.21,2934.7,2510187.0,10160525552.0
2026-07-07 09:50,2942.06,2946.26,2947.01,2941.93,2175323.0,8892844704.0
2026-07-07 09:55,2946.35,2946.8,2947.84,2944.13,1735376.0,6933407872.0
2026-07-07 10:00,2947.1,2945.9,2947.33,2942.1,1463424.0,5669737232.0
2026-07-07 10:05,2946.02,2949.78,2951.13,2943.81,1563791.0,5739327440.0
2026-07-07 10:10,2949.46,2947.96,2952.49,2947.64,949497.0,4871405088.0
2026-07-07 10:15,2948.04,2946.05,2948.68,2943.71,991026.0,4646988656.0
2026-07-07 10:20,2945.86,2942.04,2945.86,2941.92,955704.0,3941104336.0
2026-07-07 10:25,2941.31,2938.03,2941.31,2937.84,1064922.0,4643587888.0
2026-07-07 10:30,2937.77,2936.18,2939.28,2935.84,1572883.0,4744176032.0
2026-07-07 10:35,2935.77,2938.94,2939.11,2933.56,806001.0,3569124272.0
2026-07-07 10:40,2939.44,2941.05,2942.69,2938.66,1104787.0,4141520992.0
2026-07-07 10:45,2941.12,2939.94,2941.12,2937.43,645335.0,3053204656.0
2026-07-07 10:50,2939.1,2937.76,2939.1,2936.65,757875.0,2713070896.0
2026-07-07 10:55,2937.59,2938.4,2940.21,2935.45,601941.0,2245667536.0
2026-07-07 11:00,2938.95,2934.76,2939.81,2934.76,574810.0,2085523568.0
2026-07-07 11:05,2934.73,2939.3,2939.57,2933.28,731363.0,2554150560.0
2026-07-07 11:10,2939.22,2943.01,2943.85,2939.22,943997.0,2830643776.0
2026-07-07 11:15,2942.96,2935.4,2943.96,2934.25,631696.0,2473460992.0
2026-07-07 11:20,2935.27,2933.37,2935.69,2932.36,545887.0,2956805952.0
2026-07-07 11:25,2933.52,2931.71,2935.12,2931.71,480222.0,2153902064.0
2026-07-07 11:30,2931.75,2935.26,2937.01,2930.29,525652.0,2591606560.0
2026-07-07 13:05,2934.02,2923.18,2934.02,2922.91,1487735.0,6354331568.0
2026-07-07 13:10,2923.08,2914.9,2924.54,2913.97,871058.0,5169545728.0
2026-07-07 13:15,2915.4,2911.87,2917.54,2911.76,1001179.0,4554805216.0
2026-07-07 13:20,2911.97,2912.94,2915.71,2910.66,820877.0,4274694176.0
2026-07-07 13:25,2913.49,2916.7,2917.48,2911.26,902037.0,3573300624.0
2026-07-07 13:30,2916.8,2924.3,2924.74,2916.66,826724.0,3592399776.0
2026-07-07 13:35,2924.22,2927.79,2931.3,2924.22,1031254.0,3853028560.0
2026-07-07 13:40,2927.56,2925.75,2928.18,2924.09,619775.0,2960512640.0
2026-07-07 13:45,2925.38,2928.52,2928.79,2925.14,632272.0,2635682176.0
2026-07-07 13:50,2928.3,2923.09,2928.45,2921.8,819207.0,3587994768.0
2026-07-07 13:55,2923.09,2927.86,2929.49,2923.09,665025.0,2621786688.0
2026-07-07 14:00,2928.05,2922.62,2928.31,2922.62,657953.0,2616654720.0
2026-07-07 14:05,2922.48,2920.71,2925.13,2920.58,664254.0,2741608672.0
2026-07-07 14:10,2920.63,2914.22,2920.63,2914.22,703010.0,2620967456.0
2026-07-07 14:15,2914.2,2915.14,2915.88,2911.08,769644.0,2956321296.0
2026-07-07 14:20,2915.03,2916.76,2917.71,2912.72,683519.0,2387680768.0
2026-07-07 14:25,2917.14,2914.28,2917.76,2913.94,669493.0,2086358048.0
2026-07-07 14:30,2914.58,2917.85,2917.85,2913.23,800135.0,2697438560.0
2026-07-07 14:35,2918.29,2921.83,2923.44,2917.54,1574754.0,3398598272.0
2026-07-07 14:40,2921.3,2927.41,2927.84,2921.21,1160651.0,3048327504.0
2026-07-07 14:45,2927.69,2924.94,2927.69,2923.99,907128.0,3020582240.0
2026-07-07 14:50,2925.14,2921.71,2925.14,2919.61,1277584.0,3910692752.0
2026-07-07 14:55,2921.78,2918.73,2922.35,2918.48,1163974.0,4321195744.0
2026-07-07 15:00,2918.73,2921.89,2921.89,2918.43,957404.0,3992162431.0
2026-07-08 09:35,2929.9,2931.84,2934.02,2925.7,4119633.0,19770184288.0
2026-07-08 09:40,2931.43,2931.25,2934.11,2927.5,2822670.0,9967900944.0
2026-07-08 09:45,2931.46,2927.2,2933.26,2926.74,2067583.0,8118711456.0
2026-07-08 09:50,2927.3,2935.36,2935.66,2925.69,2327151.0,9129525664.0
2026-07-08 09:55,2935.09,2929.39,2935.46,2924.79,2312424.0,8788793488.0
2026-07-08 10:00,2929.62,2922.56,2929.62,2921.38,2177933.0,8168678608.0
2026-07-08 10:05,2922.02,2916.1,2922.04,2916.1,2241714.0,8719708240.0
2026-07-08 10:10,2915.98,2925.71,2926.84,2915.8,1611345.0,6960690912.0
2026-07-08 10:15,2926.2,2923.08,2926.59,2919.19,1688183.0,5073575712.0
2026-07-08 10:20,2922.95,2927.96,2927.96,2921.95,1287739.0,3992961792.0
2026-07-08 10:25,2928.02,2924.53,2929.24,2924.53,962851.0,3630155072.0
2026-07-08 10:30,2924.23,2930.1,2930.1,2923.67,1121418.0,3044553616.0
2026-07-08 10:35,2930.05,2928.16,2931.97,2925.83,1139209.0,3572546192.0
2026-07-08 10:40,2928.37,2933.3,2933.3,2927.35,901537.0,3579700784.0
2026-07-08 10:45,2933.42,2931.32,2933.42,2928.33,753890.0,3440730848.0
2026-07-08 10:50,2930.94,2929.59,2932.47,2928.93,882603.0,3543895392.0
2026-07-08 10:55,2929.77,2933.33,2934.95,2929.48,602706.0,2855129712.0
2026-07-08 11:00,2933.11,2930.65,2933.81,2928.73,559579.0,2892311296.0
2026-07-08 11:05,2930.33,2932.81,2934.59,2929.98,549123.0,2379081280.0
2026-07-08 11:10,2932.9,2934.36,2934.46,2930.33,517859.0,2236850208.0
2026-07-08 11:15,2934.13,2939.32,2940.23,2934.13,692519.0,3828104096.0
2026-07-08 11:20,2939.26,2945.51,2945.6,2937.14,640069.0,4593535184.0
2026-07-08 11:25,2945.69,2953.23,2953.23,2943.94,661424.0,4441720512.0
2026-07-08 11:30,2953.63,2950.5,2955.52,2949.59,749699.0,4134230528.0
2026-07-08 13:05,2946.12,2941.08,2946.12,2930.75,1344481.0,6951759888.0
2026-07-08 13:10,2941.4,2943.73,2946.78,2940.97,762785.0,3941075584.0
2026-07-08 13:15,2943.48,2946.99,2947.76,2941.84,708869.0,3682145424.0
2026-07-08 13:20,2947.04,2947.35,2949.79,2944.91,750572.0,3067192896.0
2026-07-08 13:25,2947.68,2944.74,2948.75,2944.65,539241.0,2545090272.0
2026-07-08 13:30,2944.6,2939.95,2945.12,2939.14,482808.0,2130054544.0
2026-07-08 13:35,2940.1,2937.52,2940.2,2932.99,645900.0,2561883952.0
2026-07-08 13:40,2937.6,2937.03,2938.59,2934.61,442362.0,1828163680.0
2026-07-08 13:45,2937.29,2935.47,2937.54,2934.5,544160.0,1974609040.0
2026-07-08 13:50,2935.57,2930.58,2936.3,2930.44,514438.0,2165126144.0
2026-07-08 13:55,2930.46,2939.14,2939.14,2930.46,514063.0,2023376272.0
2026-07-08 14:00,2939.38,2943.81,2944.99,2939.38,592449.0,2172884848.0
2026-07-08 14:05,2943.88,2942.23,2944.74,2939.49,605876.0,2128037648.0
2026-07-08 14:10,2941.78,2938.93,2941.95,2938.42,434332.0,1651411584.0
2026-07-08 14:15,2938.99,2936.79,2938.99,2934.75,653081.0,2309675168.0
2026-07-08 14:20,2937.21,2941.38,2941.61,2936.54,656784.0,2228965760.0
2026-07-08 14:25,2941.3,2941.38,2942.27,2938.73,543233.0,2275334080.0
2026-07-08 14:30,2941.17,2936.18,2941.17,2935.1,623434.0,2324471216.0
2026-07-08 14:35,2936.45,2933.43,2939.52,2933.22,761697.0,3113129648.0
2026-07-08 14:40,2933.36,2932.0,2936.31,2932.0,640605.0,3015389104.0
2026-07-08 14:45,2932.22,2927.4,2932.22,2926.96,953161.0,4269616640.0
2026-07-08 14:50,2927.12,2920.19,2929.01,2919.56,1526013.0,5065181424.0
2026-07-08 14:55,2920.48,2919.11,2921.95,2918.89,1465085.0,5113357472.0
2026-07-08 15:00,2918.64,2920.84,2920.84,2918.55,1341894.0,4608296618.0
2026-07-09 09:35,2926.14,2925.84,2930.2,2922.85,4388469.0,22699313408.0
2026-07-09 09:40,2926.17,2929.93,2932.18,2923.39,2738384.0,13650016656.0
2026-07-09 09:45,2929.47,2931.85,2933.31,2925.63,2312907.0,11099104976.0
2026-07-09 09:50,2931.8,2933.84,2937.58,2930.64,2288313.0,9700403616.0
2026-07-09 09:55,2933.29,2935.12,2936.28,2930.87,1857095.0,8903915552.0
2026-07-09 10:00,2935.32,2930.66,2935.43,2929.17,1591588.0,7822716432.0
2026-07-09 10:05,2930.32,2928.7,2931.35,2926.15,1472684.0,7073222288.0
2026-07-09 10:10,2928.93,2935.33,2935.43,2927.59,1305720.0,5490165024.0
2026-07-09 10:15,2934.3,2937.79,2938.15,2934.14,1196111.0,5748283200.0
2026-07-09 10:20,2937.69,2940.95,2940.95,2935.91,953964.0,5398758848.0
2026-07-09 10:25,2940.51,2940.39,2942.14,2938.39,1085323.0,5774245488.0
2026-07-09 10:30,2940.51,2938.62,2940.73,2936.2,1050833.0,5540326432.0
2026-07-09 10:35,2938.6,2935.98,2940.37,2935.66,994960.0,6059486624.0
2026-07-09 10:40,2936.21,2935.05,2936.21,2932.5,1137975.0,5168394064.0
2026-07-09 10:45,2935.46,2937.34,2940.09,2933.82,965601.0,4729447424.0
2026-07-09 10:50,2937.11,2930.68,2937.11,2930.68,903477.0,4376140064.0
2026-07-09 10:55,2930.2,2935.07,2935.33,2930.2,1211649.0,4485629488.0
2026-07-09 11:00,2935.1,2928.27,2936.86,2928.27,672040.0,2876153536.0
2026-07-09 11:05,2928.64,2928.37,2928.74,2925.52,779856.0,2942090960.0
2026-07-09 11:10,2928.29,2930.52,2930.99,2924.98,804267.0,3119336240.0
2026-07-09 11:15,2930.89,2926.57,2930.89,2925.16,1014433.0,3545886688.0
2026-07-09 11:20,2926.48,2922.76,2927.58,2921.88,856478.0,2927603344.0
2026-07-09 11:25,2922.95,2931.12,2931.12,2922.76,806584.0,2749704096.0
2026-07-09 11:30,2930.98,2933.29,2935.45,2930.91,542130.0,3043598256.0
2026-07-09 13:05,2932.81,2936.41,2939.99,2932.68,1241510.0,6302134288.0
2026-07-09 13:10,2936.77,2945.16,2945.33,2935.91,899016.0,5134691184.0
2026-07-09 13:15,2945.32,2953.3,2953.35,2945.32,897379.0,5845158800.0
2026-07-09 13:20,2953.3,2945.47,2954.26,2944.29,957063.0,5303059776.0
2026-07-09 13:25,2945.48,2943.89,2945.88,2941.84,643504.0,3567030480.0
2026-07-09 13:30,2943.89,2948.94,2951.57,2942.79,769511.0,4079124144.0
2026-07-09 13:35,2949.25,2944.28,2949.25,2939.31,731244.0,3757953056.0
2026-07-09 13:40,2944.61,2952.57,2952.86,2944.61,898040.0,4667719392.0
2026-07-09 13:45,2952.94,2955.24,2955.51,2952.66,811238.0,6074270576.0
2026-07-09 13:50,2955.91,2963.5,2963.78,2955.91,1077686.0,5351080224.0
2026-07-09 13:55,2963.11,2967.05,2970.4,2962.82,1135193.0,5291653216.0
2026-07-09 14:00,2966.57,2971.61,2971.9,2965.64,1018882.0,4232138576.0
2026-07-09 14:05,2971.88,2973.12,2973.75,2970.04,1058766.0,4047563952.0
2026-07-09 14:10,2973.1,2975.71,2976.01,2971.76,858576.0,3741804288.0
2026-07-09 14:15,2975.99,2980.02,2980.66,2975.27,1038431.0,4548709072.0
2026-07-09 14:20,2980.31,2973.87,2982.64,2973.52,1029486.0,4066189792.0
2026-07-09 14:25,2973.63,2976.89,2977.21,2973.29,886165.0,3294885088.0
2026-07-09 14:30,2977.04,2983.2,2983.52,2976.88,782823.0,2877888528.0
2026-07-09 14:35,2983.65,2986.85,2987.1,2983.37,1029930.0,3746444864.0
2026-07-09 14:40,2987.25,2990.79,2991.44,2987.18,1232677.0,4632218560.0
2026-07-09 14:45,2990.93,2995.15,2995.34,2990.12,1082730.0,4351999696.0
2026-07-09 14:50,2995.34,2999.22,2999.49,2995.16,1355619.0,5104008608.0
2026-07-09 14:55,2999.17,2993.83,2999.17,2992.31,1622607.0,6008180288.0
2026-07-09 15:00,2993.7,2995.79,2996.21,2993.53,1299453.0,4932443422.0
2026-07-10 09:35,2996.84,2991.01,2996.84,2990.99,5187349.0,31761373024.0
2026-07-10 09:40,2991.62,3000.56,3002.72,2987.78,2726058.0,16628788560.0
2026-07-10 09:45,3001.03,3006.14,3008.55,3000.55,2807085.0,14959242800.0
2026-07-10 09:50,3005.49,3009.39,3010.32,3001.67,1930217.0,11861561568.0
2026-07-10 09:55,3008.98,3014.38,3016.48,3008.93,1721272.0,9915698624.0
2026-07-10 10:00,3014.52,3012.64,3016.19,3010.71,2045674.0,9633849280.0
2026-07-10 10:05,3012.52,3005.64,3014.65,3005.33,2227489.0,12043158960.0
2026-07-10 10:10,3005.41,3015.47,3015.47,3005.41,2117049.0,10364625584.0
2026-07-10 10:15,3015.35,3015.01,3016.26,3009.07,1795576.0,9285358112.0
2026-07-10 10:20,3015.01,3018.44,3019.29,3015.01,1606345.0,7024524672.0
2026-07-10 10:25,3018.87,3021.72,3021.72,3017.92,1531987.0,6296104160.0
2026-07-10 10:30,3022.22,3022.82,3025.99,3021.05,1450472.0,6026321920.0
2026-07-10 10:35,3023.09,3021.68,3024.61,3018.79,1415998.0,6633349488.0
2026-07-10 10:40,3021.01,3014.93,3022.43,3012.41,1160710.0,5689949888.0
2026-07-10 10:45,3015.02,3017.86,3020.3,3014.58,846764.0,4013025088.0
2026-07-10 10:50,3018.48,3017.46,3019.5,3014.57,1185620.0,5069025392.0
2026-07-10 10:55,3017.19,3018.52,3022.38,3017.19,1065373.0,4067533408.0
2026-07-10 11:00,3018.88,3019.69,3020.92,3015.87,853339.0,3693162368.0
2026-07-10 11:05,3019.7,3018.07,3020.35,3017.48,913944.0,3044320512.0
2026-07-10 11:10,3018.09,3023.75,3024.03,3018.09,1283244.0,3660513328.0
2026-07-10 11:15,3023.41,3020.73,3023.41,3020.48,661148.0,2770077680.0
2026-07-10 11:20,3020.62,3023.75,3023.95,3020.09,570400.0,2593264016.0
2026-07-10 11:25,3023.57,3022.69,3026.43,3022.39,735853.0,3417264336.0
2026-07-10 11:30,3021.96,3024.14,3024.14,3019.22,990525.0,3999244528.0
2026-07-10 13:05,3024.97,3012.61,3024.98,3012.51,1627029.0,6652679440.0
2026-07-10 13:10,3012.38,3021.75,3021.75,3010.02,868038.0,3795959696.0
2026-07-10 13:15,3021.8,3019.76,3023.53,3019.76,691704.0,3321176592.0
2026-07-10 13:20,3019.57,3013.06,3020.85,3013.06,760652.0,3179859712.0
2026-07-10 13:25,3013.38,3010.44,3014.81,3010.24,664871.0,2832231456.0
2026-07-10 13:30,3010.6,3005.27,3010.75,3004.96,726969.0,3552810560.0
2026-07-10 13:35,3005.29,2998.42,3005.32,2998.42,691322.0,3781826576.0
2026-07-10 13:40,2998.22,2991.58,2999.12,2991.58,744955.0,4804641232.0
2026-07-10 13:45,2991.6,2990.78,2996.69,2990.35,778682.0,3819359408.0
2026-07-10 13:50,2990.48,2989.84,2992.31,2985.52,763866.0,4193004976.0
2026-07-10 13:55,2990.14,2995.88,2995.95,2989.41,679659.0,2878422240.0
2026-07-10 14:00,2996.44,2987.76,2996.44,2987.76,573415.0,3165080480.0
2026-07-10 14:05,2987.67,2984.76,2987.75,2980.22,857623.0,4469552912.0
2026-07-10 14:10,2985.17,2977.47,2985.17,2976.29,790623.0,4078665648.0
2026-07-10 14:15,2977.6,2976.75,2984.24,2976.26,724928.0,3918496016.0
2026-07-10 14:20,2977.06,2989.91,2989.91,2977.06,695642.0,3615468224.0
2026-07-10 14:25,2989.93,2982.72,2990.0,2982.08,596688.0,3880922320.0
2026-07-10 14:30,2982.74,2977.24,2983.03,2977.24,815088.0,3885549728.0
2026-07-10 14:35,2977.14,2972.83,2977.93,2971.32,1001564.0,5411495248.0
2026-07-10 14:40,2973.45,2969.27,2974.13,2968.82,858421.0,5249233488.0
2026-07-10 14:45,2968.61,2963.3,2968.61,2962.52,1080137.0,6380420432.0
2026-07-10 14:50,2963.19,2960.7,2969.42,2960.38,1183513.0,6567270048.0
2026-07-10 14:55,2960.82,2959.33,2963.2,2958.71,1698334.0,7191793712.0
2026-07-10 15:00,2958.65,2955.52,2959.12,2955.49,1637712.0,7329922106.0
2026-07-13 09:35,2931.5,2937.86,2949.75,2931.5,4988211.0,23785802352.0
2026-07-13 09:40,2937.19,2942.8,2945.17,2936.75,3114220.0,16004121696.0
2026-07-13 09:45,2943.65,2946.48,2947.06,2939.65,2918442.0,12369593952.0
2026-07-13 09:50,2947.36,2942.08,2949.93,2942.01,2660654.0,10753346688.0
2026-07-13 09:55,2942.1,2936.63,2943.7,2936.63,1828295.0,8931178928.0
2026-07-13 10:00,2936.31,2931.12,2936.31,2929.38,1849492.0,9310772464.0
2026-07-13 10:05,2930.64,2934.37,2934.37,2926.48,1780833.0,7901601616.0
2026-07-13 10:10,2934.57,2941.11,2941.62,2934.27,2239598.0,6543068816.0
2026-07-13 10:15,2941.29,2942.85,2943.89,2938.79,1804153.0,5915747872.0
2026-07-13 10:20,2942.96,2942.26,2947.23,2941.6,1313057.0,5021231264.0
2026-07-13 10:25,2942.46,2948.82,2948.82,2942.43,1553937.0,4666765840.0
2026-07-13 10:30,2948.86,2951.3,2952.91,2946.83,1336010.0,5265684944.0
2026-07-13 10:35,2951.44,2949.15,2952.93,2947.69,1143867.0,4669885472.0
2026-07-13 10:40,2949.17,2942.11,2952.48,2942.11,1050937.0,3947604880.0
2026-07-13 10:45,2941.99,2938.9,2942.41,2938.9,922333.0,3553777744.0
2026-07-13 10:50,2938.83,2934.07,2941.0,2934.07,863283.0,3680315952.0
2026-07-13 10:55,2933.56,2934.3,2934.92,2931.05,845854.0,3557988832.0
2026-07-13 11:00,2934.58,2933.61,2935.9,2930.96,846817.0,3055822256.0
2026-07-13 11:05,2933.36,2927.84,2933.36,2927.84,881392.0,3554004512.0
2026-07-13 11:10,2927.77,2926.2,2928.92,2924.82,849527.0,4202378640.0
2026-07-13 11:15,2926.36,2921.91,2927.17,2920.61,866096.0,4346026928.0
2026-07-13 11:20,2921.98,2926.42,2930.45,2921.71,906534.0,3515461408.0
2026-07-13 11:25,2926.22,2923.39,2927.05,2921.59,813762.0,3257655040.0
2026-07-13 11:30,2925.07,2923.11,2925.65,2922.46,653935.0,2853842224.0
2026-07-13 13:05,2922.67,2923.64,2923.64,2913.44,1423004.0,6613533968.0
2026-07-13 13:10,2923.56,2918.25,2925.17,2916.1,773713.0,3531182960.0
2026-07-13 13:15,2918.15,2916.42,2923.0,2916.38,989950.0,3708573216.0
2026-07-13 13:20,2917.21,2908.47,2917.34,2907.87,1260252.0,5602572624.0
2026-07-13 13:25,2908.73,2903.56,2909.02,2901.69,1014785.0,5097333104.0
2026-07-13 13:30,2903.23,2903.68,2907.61,2901.46,949169.0,3908061584.0
2026-07-13 13:35,2904.38,2922.78,2922.99,2904.38,1160738.0,5066045664.0
2026-07-13 13:40,2922.87,2932.23,2934.84,2921.56,1476790.0,4961905696.0
2026-07-13 13:45,2932.54,2926.07,2934.9,2923.59,939226.0,3530708816.0
2026-07-13 13:50,2926.39,2915.93,2926.57,2914.91,777507.0,2960306848.0
2026-07-13 13:55,2916.63,2922.54,2928.28,2916.63,781276.0,2837530336.0
2026-07-13 14:00,2923.17,2922.57,2926.0,2919.71,770907.0,3013731392.0
2026-07-13 14:05,2922.63,2919.6,2922.76,2918.52,736138.0,2474256784.0
2026-07-13 14:10,2919.39,2912.23,2919.72,2910.86,856140.0,3285145968.0
2026-07-13 14:15,2912.34,2909.63,2915.5,2909.42,989915.0,3342862736.0
2026-07-13 14:20,2909.42,2909.9,2913.25,2908.01,927770.0,3411374432.0
2026-07-13 14:25,2909.58,2905.62,2910.25,2905.2,834522.0,3480166784.0
2026-07-13 14:30,2905.49,2908.83,2910.12,2904.44,940415.0,3109635360.0
2026-07-13 14:35,2908.79,2904.82,2909.36,2901.62,1281394.0,3980721776.0
2026-07-13 14:40,2905.18,2908.8,2912.37,2904.93,1029654.0,3675175904.0
2026-07-13 14:45,2908.98,2909.66,2910.12,2906.2,1441372.0,3889394048.0
2026-07-13 14:50,2909.68,2917.45,2920.6,2909.68,1427759.0,4925271472.0
2026-07-13 14:55,2917.69,2911.83,2917.69,2911.42,1647131.0,4575549584.0
2026-07-13 15:00,2911.53,2913.19,2913.19,2911.25,1263510.0,3823487429.0
2026-07-14 09:35,2909.93,2903.45,2915.8,2903.45,5025161.0,20775095776.0
2026-07-14 09:40,2903.75,2904.04,2906.85,2901.34,3336074.0,14174845552.0
2026-07-14 09:45,2904.69,2900.62,2905.58,2899.04,2518864.0,10898373504.0
2026-07-14 09:50,2900.77,2897.34,2900.96,2896.12,2122977.0,9013768560.0
2026-07-14 09:55,2898.16,2906.45,2908.3,2895.4,2274569.0,9039377328.0
2026-07-14 10:00,2906.25,2903.62,2906.34,2903.06,1377490.0,5608842080.0
2026-07-14 10:05,2902.57,2909.03,2910.33,2901.33,1098308.0,4772708704.0
2026-07-14 10:10,2909.34,2908.25,2910.8,2905.82,1288964.0,5166962192.0
2026-07-14 10:15,2907.87,2910.15,2910.15,2906.03,1045663.0,4233804992.0
2026-07-14 10:20,2911.42,2915.03,2915.2,2907.89,1151885.0,4411956048.0
2026-07-14 10:25,2915.17,2914.51,2915.82,2912.39,1441904.0,5781149360.0
2026-07-14 10:30,2915.05,2912.38,2915.05,2910.23,909560.0,4093275424.0
2026-07-14 10:35,2912.9,2910.81,2916.09,2910.81,856372.0,3328824704.0
2026-07-14 10:40,2910.43,2909.02,2910.44,2906.23,908518.0,3930683648.0
2026-07-14 10:45,2908.87,2906.59,2913.35,2906.46,854646.0,3588266704.0
2026-07-14 10:50,2906.8,2900.83,2907.66,2900.34,1152997.0,5632211568.0
2026-07-14 10:55,2900.66,2899.88,2903.37,2896.27,1119595.0,4961976384.0
2026-07-14 11:00,2899.62,2894.73,2900.9,2893.75,1227122.0,6197771200.0
2026-07-14 11:05,2894.76,2893.99,2900.13,2893.99,1142641.0,4436491488.0
2026-07-14 11:10,2894.4,2886.31,2894.4,2884.96,1347682.0,5989418528.0
2026-07-14 11:15,2886.09,2882.47,2886.29,2877.3,1502860.0,6152385120.0
2026-07-14 11:20,2882.49,2882.85,2887.01,2880.82,999559.0,4180251488.0
2026-07-14 11:25,2883.39,2877.41,2883.39,2875.36,999436.0,3833571968.0
2026-07-14 11:30,2877.21,2888.71,2889.01,2876.63,819879.0,3331967728.0
2026-07-14 13:05,2894.36,2914.17,2915.28,2894.36,2151565.0,9542791568.0
2026-07-14 13:10,2913.67,2923.2,2923.2,2912.91,1437507.0,6349921856.0
2026-07-14 13:15,2923.28,2918.49,2925.51,2916.09,1188554.0,5491892800.0
2026-07-14 13:20,2917.88,2915.36,2919.97,2911.29,1133390.0,3978076720.0
2026-07-14 13:25,2915.92,2922.99,2924.6,2915.92,976989.0,3544952448.0
2026-07-14 13:30,2922.73,2924.74,2925.4,2920.19,970956.0,4763111584.0
2026-07-14 13:35,2925.14,2926.43,2933.68,2924.51,1386519.0,6430427600.0
2026-07-14 13:40,2926.56,2924.88,2928.73,2922.89,1025498.0,3878075584.0
2026-07-14 13:45,2924.83,2925.13,2925.47,2921.79,1401958.0,4170424112.0
2026-07-14 13:50,2924.0,2923.58,2925.05,2920.0,1254830.0,3631948128.0
2026-07-14 13:55,2923.1,2920.7,2923.67,2916.75,1160061.0,3443493312.0
2026-07-14 14:00,2920.38,2924.85,2927.71,2920.09,1164219.0,3486467296.0
2026-07-14 14:05,2924.88,2929.31,2930.33,2923.65,1329861.0,3647936288.0
2026-07-14 14:10,2929.72,2929.98,2933.8,2929.09,1086000.0,3216005296.0
2026-07-14 14:15,2930.05,2937.36,2937.36,2930.05,978337.0,3027268144.0
2026-07-14 14:20,2937.09,2937.48,2939.26,2935.82,1703539.0,3887662960.0
2026-07-14 14:25,2937.16,2935.06,2937.16,2932.94,977926.0,3084054864.0
2026-07-14 14:30,2935.21,2937.36,2937.42,2934.99,968588.0,2892678400.0
2026-07-14 14:35,2937.35,2946.11,2946.71,2936.83,1105741.0,4218406896.0
2026-07-14 14:40,2945.52,2949.52,2949.52,2944.44,1123129.0,4148020064.0
2026-07-14 14:45,2949.11,2944.72,2949.18,2943.41,1281225.0,4405652336.0
2026-07-14 14:50,2945.09,2949.09,2949.47,2944.63,1330784.0,4553825520.0
2026-07-14 14:55,2949.24,2952.58,2952.83,2947.15,1660419.0,5739328816.0
2026-07-14 15:00,2952.66,2955.55,2955.55,2952.35,1677887.0,5646420469.0
2026-07-15 09:35,2955.76,2960.57,2965.18,2953.6,5637707.0,26749673488.0
2026-07-15 09:40,2960.64,2957.41,2960.64,2951.72,4148229.0,16393715520.0
2026-07-15 09:45,2957.47,2958.62,2959.32,2948.09,3215927.0,14997624848.0
2026-07-15 09:50,2957.98,2957.39,2960.24,2957.14,2590936.0,10680368128.0
2026-07-15 09:55,2957.44,2962.29,2962.52,2954.18,2225296.0,8473242112.0
2026-07-15 10:00,2962.91,2966.34,2967.72,2961.16,1676376.0,7538953856.0
2026-07-15 10:05,2966.46,2970.18,2971.68,2965.14,1619804.0,6151362384.0
2026-07-15 10:10,2970.46,2964.34,2970.46,2964.32,1893275.0,6814816960.0
2026-07-15 10:15,2964.14,2965.49,2965.87,2960.32,1317222.0,6107299952.0
2026-07-15 10:20,2965.41,2962.36,2967.55,2962.34,1346342.0,4921966976.0
2026-07-15 10:25,2962.05,2963.7,2964.48,2959.95,1328760.0,4979199024.0
2026-07-15 10:30,2963.56,2965.86,2966.5,2962.35,1015687.0,4543038880.0
2026-07-15 10:35,2966.13,2969.88,2970.09,2965.74,1403987.0,5546665520.0
2026-07-15 10:40,2969.32,2967.24,2972.04,2967.24,1079175.0,4921338480.0
2026-07-15 10:45,2967.55,2965.44,2968.76,2963.08,856522.0,3996821856.0
2026-07-15 10:50,2966.06,2965.78,2970.13,2965.78,848657.0,3383817728.0
2026-07-15 10:55,2966.21,2964.33,2966.41,2962.77,814105.0,4022989136.0
2026-07-15 11:00,2964.37,2962.94,2965.26,2962.16,714503.0,2841987152.0
2026-07-15 11:05,2962.96,2961.18,2962.96,2959.98,680393.0,3079496416.0
2026-07-15 11:10,2961.11,2964.47,2964.98,2959.05,754854.0,3696636224.0
2026-07-15 11:15,2964.5,2966.29,2966.74,2962.17,753469.0,3108560720.0
2026-07-15 11:20,2966.61,2960.18,2966.72,2958.91,765721.0,2917534496.0
2026-07-15 11:25,2959.38,2958.35,2959.76,2956.15,740658.0,4084055184.0
2026-07-15 11:30,2957.89,2966.81,2967.05,2957.89,833425.0,3179255872.0
2026-07-15 13:05,2966.7,2963.08,2967.68,2962.13,1424856.0,6224071168.0
2026-07-15 13:10,2962.08,2959.76,2963.95,2957.61,808472.0,4610699744.0
2026-07-15 13:15,2959.83,2959.01,2963.12,2957.62,1186739.0,4403460720.0
2026-07-15 13:20,2959.07,2969.4,2970.03,2958.7,893746.0,3609112624.0
2026-07-15 13:25,2969.23,2969.37,2970.48,2966.25,877935.0,3344897424.0
2026-07-15 13:30,2969.24,2973.33,2974.65,2969.24,842903.0,3489882816.0
2026-07-15 13:35,2973.41,2972.33,2975.48,2971.55,732832.0,3362268992.0
2026-07-15 13:40,2971.99,2973.96,2976.27,2969.95,800042.0,2939170784.0
2026-07-15 13:45,2973.59,2980.69,2982.13,2973.59,863088.0,3367410480.0
2026-07-15 13:50,2980.39,2979.25,2983.41,2977.25,2040037.0,5035419728.0
2026-07-15 13:55,2979.16,2979.75,2980.24,2975.51,819173.0,2586175840.0
2026-07-15 14:00,2979.35,2974.09,2979.35,2972.5,633732.0,2212187360.0
2026-07-15 14:05,2974.18,2971.39,2974.18,2969.35,799550.0,2842441904.0
2026-07-15 14:10,2971.81,2969.29,2972.43,2969.29,829675.0,2886930464.0
2026-07-15 14:15,2969.17,2971.09,2972.18,2967.54,775309.0,2860034320.0
2026-07-15 14:20,2971.07,2969.25,2974.05,2969.08,782256.0,2699061312.0
2026-07-15 14:25,2969.44,2966.2,2969.46,2965.56,743014.0,2780170224.0
2026-07-15 14:30,2966.19,2971.28,2973.75,2966.19,1268085.0,3638669696.0
2026-07-15 14:35,2971.5,2967.26,2972.21,2964.64,1047550.0,3816060336.0
2026-07-15 14:40,2967.43,2966.83,2968.73,2965.87,971945.0,3478788800.0
2026-07-15 14:45,2966.61,2969.36,2969.36,2964.57,1047704.0,3806830000.0
2026-07-15 14:50,2969.29,2966.92,2971.25,2965.16,1016194.0,4052320448.0
2026-07-15 14:55,2967.19,2966.4,2968.92,2965.99,1268950.0,4564164736.0
2026-07-15 15:00,2966.26,2967.07,2967.24,2965.94,1213731.0,4712650359.0
2026-07-16 09:35,2927.31,2921.84,2938.62,2921.55,5334808.0,25353910480.0
2026-07-16 09:40,2922.06,2932.51,2933.05,2921.84,3613863.0,15322839664.0
2026-07-16 09:45,2932.27,2933.62,2937.0,2932.19,2860439.0,12121098720.0
2026-07-16 09:50,2933.46,2938.32,2939.29,2931.09,2440421.0,8703321360.0
2026-07-16 09:55,2937.9,2937.11,2939.41,2933.72,1712872.0,6881441184.0
2026-07-16 10:00,2936.83,2941.23,2941.76,2936.54,2350026.0,7039460432.0
2026-07-16 10:05,2940.98,2935.52,2941.2,2934.5,1510546.0,5287213920.0
2026-07-16 10:10,2935.32,2940.68,2940.68,2931.68,1550144.0,4628532320.0
2026-07-16 10:15,2941.03,2937.36,2941.21,2936.47,1433648.0,5081128352.0
2026-07-16 10:20,2937.5,2939.73,2942.26,2937.5,1219700.0,4983092880.0
2026-07-16 10:25,2939.52,2941.72,2943.95,2939.08,1182419.0,4166708624.0
2026-07-16 10:30,2941.79,2944.09,2944.93,2940.82,921842.0,4025994384.0
2026-07-16 10:35,2944.22,2944.69,2946.94,2941.9,1259832.0,4843325264.0
2026-07-16 10:40,2944.77,2940.38,2946.39,2939.95,936954.0,3940349776.0
2026-07-16 10:45,2939.68,2944.84,2944.88,2937.9,860318.0,3711871616.0
2026-07-16 10:50,2944.94,2943.79,2948.95,2942.83,933846.0,3581850992.0
2026-07-16 10:55,2944.01,2945.42,2946.02,2941.41,689975.0,2908010448.0
2026-07-16 11:00,2945.16,2943.53,2946.0,2942.92,622749.0,2385604224.0
2026-07-16 11:05,2943.2,2942.13,2944.95,2941.85,495553.0,2167264576.0
2026-07-16 11:10,2942.23,2941.45,2943.35,2940.2,675117.0,2354675584.0
2026-07-16 11:15,2941.4,2937.64,2942.34,2937.55,532092.0,2369860032.0
2026-07-16 11:20,2937.8,2935.16,2939.41,2935.07,472278.0,2127694912.0
2026-07-16 11:25,2935.09,2932.39,2936.51,2932.15,484463.0,2444602400.0
2026-07-16 11:30,2932.19,2937.77,2938.25,2932.19,470576.0,2043030432.0
2026-07-16 13:05,2937.23,2933.81,2937.23,2929.65,1070200.0,6055655376.0
2026-07-16 13:10,2933.15,2931.78,2935.12,2930.85,795561.0,3616631536.0
2026-07-16 13:15,2931.75,2932.94,2933.46,2928.57,772973.0,3632555280.0
2026-07-16 13:20,2932.53,2933.44,2933.77,2928.69,837814.0,3357869232.0
2026-07-16 13:25,2933.36,2933.97,2936.3,2932.6,758759.0,2949252256.0
2026-07-16 13:30,2933.68,2932.21,2934.82,2931.97,901088.0,3754465040.0
2026-07-16 13:35,2932.47,2929.12,2932.47,2927.21,762395.0,4020755072.0
2026-07-16 13:40,2929.14,2923.15,2929.14,2922.66,718859.0,3855638208.0
2026-07-16 13:45,2923.52,2924.02,2927.0,2922.58,660361.0,3520560976.0
2026-07-16 13:50,2924.35,2918.88,2925.07,2917.55,793584.0,4809213760.0
2026-07-16 13:55,2918.49,2915.57,2920.99,2915.28,708784.0,3129553584.0
2026-07-16 14:00,2915.85,2913.82,2916.78,2912.86,705506.0,3398231696.0
2026-07-16 14:05,2914.05,2912.62,2916.53,2909.78,753225.0,3427941280.0
2026-07-16 14:10,2912.46,2911.67,2917.7,2911.01,771975.0,3074745856.0
2026-07-16 14:15,2911.33,2909.02,2913.37,2908.67,747063.0,3532951872.0
2026-07-16 14:20,2909.4,2906.16,2909.43,2906.1,679044.0,3126788048.0
2026-07-16 14:25,2906.27,2905.29,2907.75,2904.31,781531.0,3239424304.0
2026-07-16 14:30,2905.23,2904.84,2906.74,2903.43,774962.0,3196426992.0
2026-07-16 14:35,2904.9,2897.57,2905.35,2897.57,1097002.0,4086599312.0
2026-07-16 14:40,2897.34,2895.03,2898.18,2892.41,1300129.0,5106901280.0
2026-07-16 14:45,2895.36,2898.6,2901.13,2895.36,1217816.0,4599733312.0
2026-07-16 14:50,2898.72,2893.51,2899.93,2893.37,1323940.0,4731832896.0
2026-07-16 14:55,2893.7,2898.62,2898.93,2892.04,1368343.0,5229760096.0
2026-07-16 15:00,2898.99,2904.12,2904.12,2898.87,1162995.0,4400299032.0
2026-07-17 09:35,2887.09,2868.27,2890.1,2866.71,4803519.0,23173175712.0
2026-07-17 09:40,2867.45,2870.54,2872.94,2866.48,4135603.0,16285417232.0
2026-07-17 09:45,2870.21,2871.16,2874.4,2867.49,2718937.0,10835266128.0
2026-07-17 09:50,2871.39,2869.25,2871.39,2864.53,2741053.0,10146095504.0
2026-07-17 09:55,2869.48,2872.9,2875.28,2867.84,2307330.0,8807441120.0
2026-07-17 10:00,2872.63,2871.99,2874.39,2869.49,1647142.0,7578889600.0
2026-07-17 10:05,2872.02,2869.32,2872.02,2864.93,1539916.0,6017326640.0
2026-07-17 10:10,2869.19,2861.16,2869.31,2861.12,1139680.0,4461934576.0
2026-07-17 10:15,2861.08,2861.36,2863.48,2859.05,1176295.0,4725730192.0
2026-07-17 10:20,2861.63,2859.64,2862.28,2856.18,1202252.0,3981353312.0
2026-07-17 10:25,2859.64,2858.7,2859.64,2854.69,977595.0,4126880784.0
2026-07-17 10:30,2859.05,2854.49,2859.05,2852.64,941789.0,3713416496.0
2026-07-17 10:35,2854.42,2851.26,2854.42,2849.55,1235097.0,4156407392.0
2026-07-17 10:40,2851.69,2849.56,2852.74,2846.46,1182651.0,4736760608.0
2026-07-17 10:45,2849.75,2848.65,2853.38,2848.34,1333284.0,4918728304.0
2026-07-17 10:50,2848.3,2842.65,2851.53,2841.46,1145504.0,5159824160.0
2026-07-17 10:55,2842.27,2842.16,2847.62,2841.54,885371.0,4032477232.0
2026-07-17 11:00,2842.16,2847.72,2850.11,2842.16,873421.0,3445826240.0
2026-07-17 11:05,2847.95,2863.57,2863.77,2847.95,1048882.0,3866071088.0
2026-07-17 11:10,2863.81,2864.0,2868.65,2862.78,1295871.0,3893899680.0
2026-07-17 11:15,2864.06,2863.33,2864.06,2855.46,1027277.0,3069249680.0
2026-07-17 11:20,2863.83,2857.45,2867.0,2856.53,1157285.0,3251748160.0
2026-07-17 11:25,2857.95,2854.29,2858.6,2854.23,736780.0,2714263344.0
2026-07-17 11:30,2854.29,2854.4,2856.79,2853.09,660945.0,2394307552.0
2026-07-17 13:05,2854.13,2846.56,2854.13,2845.6,1542152.0,5238660384.0
2026-07-17 13:10,2847.21,2848.28,2848.77,2845.43,1608942.0,4492869424.0
2026-07-17 13:15,2849.13,2846.74,2853.44,2844.68,1836270.0,5116161136.0
2026-07-17 13:20,2846.66,2842.56,2847.46,2842.56,1334717.0,4625270240.0
2026-07-17 13:25,2842.69,2839.65,2843.63,2839.05,1484488.0,4718132192.0
2026-07-17 13:30,2839.49,2842.22,2845.41,2836.58,1478180.0,4099753488.0
2026-07-17 13:35,2842.25,2836.28,2844.26,2835.57,1252331.0,3614318112.0
2026-07-17 13:40,2836.14,2825.49,2836.23,2825.16,1457318.0,4535143648.0
2026-07-17 13:45,2826.06,2817.61,2827.28,2817.44,1676049.0,4879286080.0
2026-07-17 13:50,2817.57,2823.44,2824.63,2814.35,1667530.0,5040769296.0
2026-07-17 13:55,2824.12,2821.7,2828.21,2818.49,1230804.0,3403913824.0
2026-07-17 14:00,2822.21,2836.92,2837.07,2818.69,1083907.0,3677803872.0
2026-07-17 14:05,2837.14,2843.08,2848.76,2837.1,1286141.0,5064284800.0
2026-07-17 14:10,2843.38,2852.84,2853.07,2837.89,1023522.0,3742834160.0
2026-07-17 14:15,2852.77,2863.75,2864.8,2851.58,1287393.0,5561943824.0
2026-07-17 14:20,2863.66,2854.83,2864.41,2854.57,1228658.0,4854735600.0
2026-07-17 14:25,2854.52,2856.74,2862.26,2854.07,1132820.0,3446452352.0
2026-07-17 14:30,2856.66,2851.42,2860.55,2851.1,1096233.0,3147087024.0
2026-07-17 14:35,2851.53,2854.68,2855.86,2851.01,1145650.0,3535569216.0
2026-07-17 14:40,2854.25,2845.8,2854.25,2845.8,1402945.0,4175723088.0
2026-07-17 14:45,2846.28,2840.35,2846.99,2839.39,1419782.0,4719799248.0
2026-07-17 14:50,2839.67,2835.16,2839.67,2834.62,1634991.0,4890501584.0
2026-07-17 14:55,2834.59,2824.51,2834.71,2824.06,1728111.0,5701227360.0
2026-07-17 15:00,2825.13,2827.67,2827.68,2824.13,1488246.0,5541226338.0
2026-07-20 09:35,2852.25,2886.24,2886.24,2852.25,6341856.0,26433011888.0
2026-07-20 09:40,2887.07,2877.85,2887.51,2877.65,3521691.0,14487830752.0
2026-07-20 09:45,2878.0,2882.83,2883.48,2875.97,3082066.0,12198430896.0
2026-07-20 09:50,2883.26,2887.75,2889.42,2881.45,3715710.0,11781510032.0
2026-07-20 09:55,2887.76,2880.88,2889.9,2880.88,2995221.0,11664825664.0
2026-07-20 10:00,2881.2,2898.24,2899.58,2881.2,2884658.0,9512462432.0
2026-07-20 10:05,2898.05,2902.2,2903.78,2893.63,2209324.0,7344607968.0
2026-07-20 10:10,2902.74,2901.43,2905.18,2900.73,2797607.0,8009143616.0
2026-07-20 10:15,2901.99,2895.48,2902.25,2895.48,2070815.0,6893605024.0
2026-07-20 10:20,2895.44,2891.93,2895.62,2888.12,1745654.0,6287510624.0
2026-07-20 10:25,2891.93,2885.84,2892.51,2884.58,1594516.0,6022650528.0
2026-07-20 10:30,2885.66,2880.25,2889.98,2880.25,1412130.0,4476065872.0
2026-07-20 10:35,2879.81,2877.0,2882.33,2874.2,1842996.0,6181275632.0
2026-07-20 10:40,2876.8,2882.9,2884.13,2874.14,1810155.0,5639285856.0
2026-07-20 10:45,2882.79,2892.76,2892.76,2881.53,1176118.0,3943299680.0
2026-07-20 10:50,2893.02,2899.11,2899.54,2893.02,1337690.0,3870030192.0
2026-07-20 10:55,2899.49,2898.45,2903.51,2898.45,1166259.0,3428062272.0
2026-07-20 11:00,2898.19,2903.95,2905.19,2897.94,1027078.0,2926873808.0
2026-07-20 11:05,2904.13,2904.06,2907.21,2899.74,1309832.0,4227084976.0
2026-07-20 11:10,2904.24,2905.87,2906.19,2899.87,1098307.0,3313816608.0
2026-07-20 11:15,2905.76,2900.09,2907.21,2900.09,671642.0,2608705248.0
2026-07-20 11:20,2900.4,2896.81,2902.03,2895.92,698905.0,2215092144.0
2026-07-20 11:25,2896.48,2896.24,2896.83,2892.2,1092020.0,2444265488.0
2026-07-20 11:30,2896.9,2895.92,2900.2,2894.45,946051.0,2396286384.0
2026-07-20 13:05,2896.49,2899.77,2899.77,2893.29,2071079.0,5143333072.0
2026-07-20 13:10,2899.87,2897.97,2900.05,2893.29,1343015.0,3567095184.0
2026-07-20 13:15,2897.68,2894.92,2900.28,2891.52,1922696.0,4273443808.0
2026-07-20 13:20,2894.62,2897.29,2897.6,2890.48,1103518.0,3167827808.0
2026-07-20 13:25,2896.96,2891.83,2896.96,2890.75,961385.0,2582885616.0
2026-07-20 13:30,2892.03,2891.3,2896.67,2891.21,1543870.0,3823741440.0
2026-07-20 13:35,2891.24,2891.83,2895.05,2891.24,3056050.0,6317733536.0
2026-07-20 13:40,2892.15,2881.61,2894.82,2881.61,1602200.0,4862261072.0
2026-07-20 13:45,2881.56,2875.28,2889.0,2875.28,1362638.0,4411268480.0
2026-07-20 13:50,2874.92,2880.54,2885.26,2866.58,1656647.0,5311091328.0
2026-07-20 13:55,2880.22,2874.27,2886.31,2873.41,1120082.0,3377683440.0
2026-07-20 14:00,2873.97,2871.99,2875.0,2869.2,1168225.0,3626638800.0
2026-07-20 14:05,2872.95,2889.24,2889.33,2870.49,1085927.0,3758333072.0
2026-07-20 14:10,2888.99,2876.72,2891.35,2876.72,1027730.0,3210803072.0
2026-07-20 14:15,2876.31,2874.95,2877.77,2869.52,2066607.0,4078163856.0
2026-07-20 14:20,2874.77,2876.26,2877.74,2872.12,1298751.0,3342175856.0
2026-07-20 14:25,2876.42,2866.92,2879.64,2866.92,1315457.0,3527782096.0
2026-07-20 14:30,2866.02,2878.16,2886.48,2865.6,2171269.0,5457228464.0
2026-07-20 14:35,2878.1,2872.25,2879.3,2866.43,1623697.0,5596432432.0
2026-07-20 14:40,2873.13,2878.02,2881.6,2873.13,2172116.0,6563401008.0
2026-07-20 14:45,2877.74,2895.72,2895.72,2877.74,2229503.0,7488557088.0
2026-07-20 14:50,2895.94,2907.67,2908.06,2895.94,2377867.0,7984500592.0
2026-07-20 14:55,2908.1,2906.22,2909.22,2904.04,1821193.0,6672569728.0
2026-07-20 15:00,2906.68,2912.85,2912.85,2903.72,2379661.0,6727484314.0
2026-07-21 09:35,2953.01,2919.46,2953.01,2908.1,6531323.0,21313161888.0
2026-07-21 09:40,2918.88,2906.99,2919.93,2906.99,3991751.0,12398246912.0
2026-07-21 09:45,2907.84,2912.16,2913.16,2906.41,3250370.0,10581839104.0
2026-07-21 09:50,2912.68,2913.32,2917.49,2909.96,2612446.0,8793066960.0
2026-07-21 09:55,2913.9,2916.17,2917.78,2912.46,2747108.0,9337474496.0
2026-07-21 10:00,2916.24,2914.09,2918.05,2910.56,2237230.0,8268773856.0
2026-07-21 10:05,2913.61,2909.19,2916.45,2909.18,2667719.0,9531291104.0
2026-07-21 10:10,2909.08,2907.86,2914.73,2907.58,2480781.0,9194870208.0
2026-07-21 10:15,2907.11,2908.56,2911.29,2904.48,2568513.0,8445029808.0
2026-07-21 10:20,2909.23,2910.14,2913.94,2908.87,1894019.0,6075194912.0
2026-07-21 10:25,2910.17,2922.05,2922.93,2909.59,2153043.0,6695467360.0
2026-07-21 10:30,2922.23,2924.16,2926.93,2920.44,1848530.0,7129142720.0
2026-07-21 10:35,2924.09,2926.78,2930.17,2924.09,1889444.0,7044063856.0
2026-07-21 10:40,2926.34,2927.5,2932.24,2926.04,1929707.0,7302670416.0
2026-07-21 10:45,2927.37,2922.74,2928.1,2921.5,1476714.0,5589950608.0
2026-07-21 10:50,2922.57,2929.81,2930.17,2922.57,1761009.0,6841527744.0
2026-07-21 10:55,2929.29,2931.44,2932.8,2927.8,1519684.0,7431974240.0
2026-07-21 11:00,2931.94,2929.21,2934.23,2929.07,1378368.0,6563379936.0
2026-07-21 11:05,2929.24,2934.06,2935.87,2929.24,1881999.0,7897946016.0
2026-07-21 11:10,2933.67,2935.86,2939.0,2931.62,1958323.0,8209090176.0
2026-07-21 11:15,2935.47,2929.5,2936.39,2929.5,1641602.0,6338698736.0
2026-07-21 11:20,2929.15,2930.9,2936.29,2929.15,1308672.0,4592735984.0
2026-07-21 11:25,2931.17,2927.03,2932.04,2924.86,1398789.0,4571244464.0
2026-07-21 11:30,2926.97,2932.1,2932.27,2926.14,1328454.0,4683705440.0
2026-07-21 13:05,2932.53,2942.07,2943.21,2932.53,2260034.0,9796754016.0
2026-07-21 13:10,2942.23,2941.79,2944.96,2940.54,1404154.0,5466242608.0
2026-07-21 13:15,2941.83,2941.37,2943.62,2939.68,1223709.0,4467656384.0
2026-07-21 13:20,2941.16,2941.22,2942.96,2936.75,1174694.0,4420870944.0
2026-07-21 13:25,2941.0,2941.34,2942.0,2936.89,987805.0,3661257440.0
2026-07-21 13:30,2941.27,2943.29,2945.59,2940.81,1027646.0,3228700192.0
2026-07-21 13:35,2943.38,2940.55,2945.06,2939.59,938956.0,3043414080.0
2026-07-21 13:40,2940.29,2944.28,2944.28,2940.14,985752.0,3059317920.0
2026-07-21 13:45,2944.37,2947.52,2948.21,2943.78,876854.0,2743842000.0
2026-07-21 13:50,2947.22,2951.8,2951.8,2946.15,869260.0,3118610656.0
2026-07-21 13:55,2951.38,2954.66,2955.21,2950.6,912667.0,3461655552.0
2026-07-21 14:00,2954.61,2950.37,2956.09,2949.74,959683.0,3240934656.0
2026-07-21 14:05,2950.42,2955.52,2956.57,2949.85,862475.0,2894029872.0
2026-07-21 14:10,2955.42,2956.91,2957.69,2953.81,818753.0,3727123488.0
2026-07-21 14:15,2957.22,2959.92,2959.93,2955.23,982746.0,3440422864.0
2026-07-21 14:20,2959.82,2960.66,2961.67,2958.98,988369.0,3600101808.0
2026-07-21 14:25,2960.34,2959.73,2960.66,2958.69,795560.0,2905319408.0
2026-07-21 14:30,2960.03,2957.15,2960.46,2954.91,1170958.0,3403278288.0
2026-07-21 14:35,2957.5,2963.33,2963.63,2957.2,1127538.0,4138154960.0
2026-07-21 14:40,2963.67,2969.09,2969.53,2963.67,1286756.0,4619924448.0
2026-07-21 14:45,2969.1,2971.35,2971.41,2968.8,1299510.0,4386661584.0
2026-07-21 14:50,2971.51,2969.13,2972.01,2967.69,1484430.0,4613102864.0
2026-07-21 14:55,2969.23,2970.79,2971.25,2968.94,1585969.0,4844356592.0
2026-07-21 15:00,2970.65,2973.81,2973.83,2970.65,1367979.0,4735585075.0
2026-07-22 09:35,2954.88,2973.22,2973.61,2954.88,6362059.0,28196965408.0
2026-07-22 09:40,2972.89,2973.55,2974.08,2970.02,4461836.0,17554640624.0
2026-07-22 09:45,2973.0,2976.16,2979.47,2972.05,3337551.0,13975188848.0
2026-07-22 09:50,2975.43,2980.54,2982.77,2975.06,2573676.0,12213773472.0
2026-07-22 09:55,2981.38,2985.95,2987.03,2980.68,2735753.0,10898262912.0
2026-07-22 10:00,2985.82,2987.84,2989.97,2983.86,2760829.0,10295491888.0
2026-07-22 10:05,2988.04,2992.74,2992.74,2988.03,2090519.0,6911219264.0
2026-07-22 10:10,2993.07,2993.84,2994.25,2988.95,1579949.0,5647965312.0
2026-07-22 10:15,2993.66,2992.29,2995.24,2990.21,1570433.0,5728817664.0
2026-07-22 10:20,2992.56,2993.43,2994.51,2991.61,1663119.0,6416310896.0
2026-07-22 10:25,2993.47,2996.78,2998.11,2993.12,1516601.0,6669387456.0
2026-07-22 10:30,2997.05,3000.72,3001.01,2996.51,1020487.0,4588254496.0
2026-07-22 10:35,3000.14,3000.25,3001.54,2998.64,1595130.0,5661209072.0
2026-07-22 10:40,3000.27,2999.06,3001.39,2996.79,1594835.0,5697943680.0
2026-07-22 10:45,2998.65,2997.49,3000.94,2993.01,1406432.0,5315245472.0
2026-07-22 10:50,2997.56,3000.86,3001.41,2996.44,1170009.0,3882050016.0
2026-07-22 10:55,3001.42,3005.56,3005.56,3000.48,1056412.0,3352731104.0
2026-07-22 11:00,3005.69,3003.07,3005.82,3002.42,859195.0,3270188016.0
2026-07-22 11:05,3003.11,2994.84,3003.99,2994.25,908485.0,3422901904.0
2026-07-22 11:10,2995.4,2992.87,2996.25,2991.1,916069.0,3539820272.0
2026-07-22 11:15,2992.57,2992.96,2994.85,2990.56,742896.0,2977554736.0
2026-07-22 11:20,2993.23,2998.0,2999.6,2993.1,759197.0,2993299648.0
2026-07-22 11:25,2997.91,3004.22,3004.22,2997.7,691706.0,2899454448.0
2026-07-22 11:30,3003.67,3007.19,3008.38,3003.67,698691.0,3277462400.0
2026-07-22 13:05,3006.81,2994.66,3006.81,2993.95,1314040.0,5733598032.0
2026-07-22 13:10,2993.77,2992.13,2995.46,2991.11,720276.0,3389401792.0
2026-07-22 13:15,2991.82,2994.35,2994.43,2991.11,828791.0,3700541472.0
2026-07-22 13:20,2994.53,2992.26,2994.67,2987.43,884313.0,3572382608.0
2026-07-22 13:25,2992.25,2993.78,2993.78,2990.11,1638336.0,4641560480.0
2026-07-22 13:30,2993.8,2991.49,2997.22,2989.51,1312948.0,5264586416.0
2026-07-22 13:35,2991.12,2990.24,2991.12,2983.77,1237931.0,5209383312.0
2026-07-22 13:40,2990.07,2989.76,2993.11,2988.39,1051387.0,3804758832.0
2026-07-22 13:45,2989.58,2987.96,2993.2,2984.92,784075.0,3046375344.0
2026-07-22 13:50,2987.89,2989.32,2990.17,2986.97,609236.0,2370011776.0
2026-07-22 13:55,2989.18,2987.15,2991.28,2986.98,733813.0,2363444112.0
2026-07-22 14:00,2987.05,2983.75,2987.05,2980.92,816119.0,3497830544.0
2026-07-22 14:05,2983.94,2979.78,2988.98,2979.48,1064915.0,3405505856.0
2026-07-22 14:10,2979.93,2976.14,2979.93,2974.29,894107.0,4320494288.0
2026-07-22 14:15,2976.07,2974.52,2976.68,2971.54,1009784.0,4184607392.0
2026-07-22 14:20,2974.34,2978.04,2982.09,2974.1,820668.0,3247545200.0
2026-07-22 14:25,2978.82,2986.37,2986.61,2978.82,780239.0,2985951872.0
2026-07-22 14:30,2986.24,2977.97,2986.35,2977.95,674099.0,2438831824.0
2026-07-22 14:35,2977.78,2983.57,2986.2,2977.06,906202.0,3071499328.0
2026-07-22 14:40,2983.46,2983.2,2984.58,2981.76,969066.0,3232199088.0
2026-07-22 14:45,2983.34,2983.56,2987.45,2982.61,1067401.0,3528491600.0
2026-07-22 14:50,2983.71,2981.68,2984.2,2980.81,1216307.0,4462569456.0
2026-07-22 14:55,2981.77,2982.99,2984.31,2980.84,1566281.0,5339586608.0
2026-07-22 15:00,2983.52,2991.05,2991.05,2980.08,1960344.0,6147155313.0
2026-07-23 09:35,3003.5,2982.17,3003.5,2978.95,4684483.0,16938613712.0
2026-07-23 09:40,2981.5,2984.71,2985.87,2978.79,2876644.0,10642489280.0
2026-07-23 09:45,2984.02,2976.57,2984.02,2975.35,2342322.0,9254522768.0
2026-07-23 09:50,2975.91,2977.97,2979.25,2975.15,1738305.0,7247246352.0
2026-07-23 09:55,2978.36,2978.45,2979.59,2972.4,1646149.0,6173312624.0
2026-07-23 10:00,2978.25,2975.55,2979.61,2972.17,1464702.0,5592699760.0
2026-07-23 10:05,2975.34,2976.21,2978.37,2974.49,2334905.0,8159124448.0
2026-07-23 10:10,2976.48,2975.4,2979.92,2973.12,2200646.0,7210194272.0
2026-07-23 10:15,2975.46,2975.57,2977.41,2975.41,1759097.0,6102809888.0
2026-07-23 10:20,2975.84,2980.17,2981.06,2975.53,1701921.0,6154758800.0
2026-07-23 10:25,2980.35,2979.51,2982.72,2979.16,1782104.0,5852304000.0
2026-07-23 10:30,2979.32,2974.22,2979.75,2971.6,1303783.0,6538128128.0
2026-07-23 10:35,2974.48,2974.1,2977.46,2972.91,1004886.0,4252894560.0
2026-07-23 10:40,2973.82,2977.15,2978.05,2973.66,1116742.0,3666838480.0
2026-07-23 10:45,2977.0,2974.23,2978.73,2974.0,1094879.0,3753069712.0
2026-07-23 10:50,2974.2,2974.52,2976.85,2972.27,1141962.0,4082564960.0
2026-07-23 10:55,2975.01,2975.91,2979.31,2974.24,935736.0,3272655216.0
2026-07-23 11:00,2976.13,2976.61,2977.39,2975.14,767609.0,3613701056.0
2026-07-23 11:05,2976.63,2970.9,2976.99,2970.75,855535.0,3711848224.0
2026-07-23 11:10,2970.8,2968.4,2972.07,2967.27,809933.0,4090239664.0
2026-07-23 11:15,2968.59,2972.89,2973.21,2966.9,771945.0,2957555536.0
2026-07-23 11:20,2973.14,2973.85,2975.74,2971.52,648698.0,2417482576.0
2026-07-23 11:25,2973.77,2971.05,2976.39,2970.83,527896.0,2130824800.0
2026-07-23 11:30,2970.86,2970.91,2972.0,2968.8,514077.0,1791378848.0
2026-07-23 13:05,2971.66,2973.79,2977.01,2971.66,1170124.0,4105418928.0
2026-07-23 13:10,2973.89,2984.03,2984.03,2973.8,781078.0,3094161648.0
2026-07-23 13:15,2984.42,2981.75,2984.42,2978.7,705235.0,3081927968.0
2026-07-23 13:20,2981.38,2975.56,2983.41,2975.52,873420.0,2967996480.0
2026-07-23 13:25,2975.6,2977.52,2979.17,2975.6,686571.0,2397138368.0
2026-07-23 13:30,2977.1,2981.41,2983.99,2977.1,950555.0,3033981840.0
2026-07-23 13:35,2981.5,2982.71,2985.01,2980.05,992518.0,3138993232.0
2026-07-23 13:40,2982.65,2981.04,2985.14,2981.04,911403.0,2910675600.0
2026-07-23 13:45,2980.74,2979.75,2981.52,2976.99,917428.0,2732310816.0
2026-07-23 13:50,2979.75,2979.23,2981.47,2977.68,743140.0,2225108848.0
2026-07-23 13:55,2978.97,2976.43,2979.79,2976.26,504983.0,1914261392.0
2026-07-23 14:00,2976.67,2976.29,2977.87,2975.17,676645.0,2179696880.0
2026-07-23 14:05,2976.07,2976.26,2977.52,2974.64,949821.0,2479093504.0
2026-07-23 14:10,2975.96,2976.59,2978.15,2975.03,847871.0,1934507344.0
2026-07-23 14:15,2976.56,2975.69,2977.68,2975.42,633614.0,1857408416.0
2026-07-23 14:20,2975.9,2977.9,2978.01,2975.9,897867.0,2315280896.0
2026-07-23 14:25,2978.01,2975.87,2978.59,2975.5,778214.0,2302633840.0
2026-07-23 14:30,2975.7,2978.55,2978.81,2973.96,823229.0,2588801392.0
2026-07-23 14:35,2978.83,2976.8,2981.8,2976.49,1013084.0,2962696928.0
2026-07-23 14:40,2976.9,2979.82,2980.97,2976.9,801220.0,2611539984.0
2026-07-23 14:45,2980.01,2980.93,2981.95,2979.13,956060.0,3107708960.0
2026-07-23 14:50,2980.86,2977.56,2981.08,2977.3,1216272.0,3956000592.0
2026-07-23 14:55,2978.01,2979.78,2979.9,2977.51,1352858.0,4386878032.0
2026-07-23 15:00,2979.36,2978.77,2980.16,2978.67,1279193.0,4315658092.0
2026-07-24 09:35,2971.51,2957.07,2971.51,2950.17,6238674.0,17870489760.0
2026-07-24 09:40,2956.89,2958.53,2961.24,2956.31,3345040.0,10401540080.0
2026-07-24 09:45,2958.61,2963.98,2965.49,2958.21,2353123.0,8156828512.0
2026-07-24 09:50,2963.42,2966.43,2969.63,2963.15,1890579.0,6454325248.0
2026-07-24 09:55,2966.76,2964.52,2968.17,2964.13,1796181.0,6186703072.0
2026-07-24 10:00,2964.25,2962.55,2965.61,2962.07,1407205.0,4793118304.0
2026-07-24 10:05,2962.9,2959.56,2963.21,2958.77,1512950.0,4393313408.0
2026-07-24 10:10,2959.58,2963.82,2965.91,2958.89,1310528.0,3959776000.0
2026-07-24 10:15,2964.47,2963.9,2965.75,2962.7,1118971.0,3716009984.0
2026-07-24 10:20,2963.48,2962.23,2964.27,2958.8,971237.0,3491448576.0
2026-07-24 10:25,2961.94,2963.76,2963.76,2958.62,777098.0,3688177520.0
2026-07-24 10:30,2963.7,2962.08,2965.01,2962.0,922309.0,3995645968.0
2026-07-24 10:35,2962.34,2961.48,2962.78,2958.01,937668.0,3285305072.0
2026-07-24 10:40,2961.07,2956.52,2961.14,2956.48,969267.0,3113893504.0
2026-07-24 10:45,2956.1,2954.67,2957.71,2953.48,752265.0,2582317120.0
2026-07-24 10:50,2955.22,2959.4,2960.6,2954.21,935148.0,2609139872.0
2026-07-24 10:55,2958.43,2962.89,2963.1,2957.88,1065450.0,2966162384.0
2026-07-24 11:00,2962.86,2960.2,2962.86,2960.2,705760.0,2334654688.0
2026-07-24 11:05,2960.67,2957.27,2960.74,2955.96,788610.0,2415310672.0
2026-07-24 11:10,2957.6,2954.47,2958.34,2954.47,612941.0,1990430768.0
2026-07-24 11:15,2954.14,2957.22,2958.77,2954.14,770089.0,2278206128.0
2026-07-24 11:20,2957.04,2956.44,2957.53,2955.02,797891.0,2331053392.0
2026-07-24 11:25,2956.03,2955.37,2956.94,2953.35,843260.0,2507221152.0
2026-07-24 11:30,2955.3,2958.01,2960.2,2953.49,1072984.0,2614321072.0
2026-07-24 13:05,2958.48,2960.72,2961.81,2957.85,1243117.0,4376413584.0
2026-07-24 13:10,2961.0,2966.87,2969.43,2960.92,981987.0,4265726400.0
2026-07-24 13:15,2966.91,2966.88,2971.95,2965.29,1135665.0,4493687904.0
2026-07-24 13:20,2966.45,2966.27,2967.18,2963.84,782726.0,3317435056.0
2026-07-24 13:25,2966.55,2960.31,2966.55,2960.18,707246.0,2627623488.0
2026-07-24 13:30,2960.35,2961.78,2965.37,2960.3,765626.0,2905870640.0
2026-07-24 13:35,2961.95,2959.53,2961.95,2957.76,784646.0,2476149696.0
2026-07-24 13:40,2958.81,2954.75,2959.75,2954.75,646024.0,2310764768.0
2026-07-24 13:45,2954.91,2953.02,2956.87,2953.02,714032.0,2393762464.0
2026-07-24 13:50,2952.2,2953.21,2954.97,2951.87,751141.0,2272733680.0
2026-07-24 13:55,2952.75,2951.42,2952.96,2950.45,780988.0,2332987168.0
2026-07-24 14:00,2951.57,2951.83,2952.25,2950.61,983603.0,2387152064.0
2026-07-24 14:05,2951.76,2950.37,2952.48,2950.25,1026317.0,2671408448.0
2026-07-24 14:10,2950.2,2950.35,2950.45,2946.27,993445.0,3256487488.0
2026-07-24 14:15,2950.38,2958.73,2958.84,2950.18,896744.0,2744056336.0
2026-07-24 14:20,2959.1,2956.72,2960.25,2955.48,909311.0,2652409984.0
2026-07-24 14:25,2957.06,2961.27,2962.9,2957.06,799349.0,3017985456.0
2026-07-24 14:30,2961.51,2960.51,2963.4,2960.38,969772.0,3190016928.0
2026-07-24 14:35,2960.57,2953.0,2963.03,2951.12,904172.0,3170160560.0
2026-07-24 14:40,2954.21,2948.08,2954.21,2947.18,1081763.0,3247967488.0
2026-07-24 14:45,2947.93,2945.46,2948.46,2945.46,1158313.0,3813575328.0
2026-07-24 14:50,2945.53,2943.59,2945.54,2941.3,1438413.0,4970311920.0
2026-07-24 14:55,2943.38,2946.76,2946.76,2942.04,1929690.0,5849493040.0
2026-07-24 15:00,2946.66,2956.34,2956.34,2946.4,2075600.0,6698985216.0
2026-07-27 09:35,2976.92,2931.93,2976.92,2931.61,4557867.0,13923501296.0
2026-07-27 09:40,2931.69,2922.17,2931.84,2920.52,3273043.0,14181286064.0
2026-07-27 09:45,2922.12,2923.94,2929.4,2921.94,2703474.0,11571967488.0
2026-07-27 09:50,2923.48,2932.63,2933.7,2920.64,1915003.0,7616870736.0
2026-07-27 09:55,2933.16,2937.68,2937.87,2930.85,1694478.0,6178737024.0
2026-07-27 10:00,2938.29,2941.94,2944.9,2938.29,2045225.0,8175783808.0
2026-07-27 10:05,2942.51,2943.24,2947.92,2940.5,1729964.0,6243086272.0
2026-07-27 10:10,2943.32,2946.89,2946.97,2941.42,1065654.0,4281790496.0
2026-07-27 10:15,2946.59,2937.86,2946.59,2937.34,972237.0,3818278528.0
2026-07-27 10:20,2937.31,2938.36,2939.05,2935.16,1058849.0,3887246336.0
2026-07-27 10:25,2938.12,2938.56,2941.98,2937.91,1059484.0,3219221152.0
2026-07-27 10:30,2938.58,2939.22,2940.88,2937.98,805057.0,2580908320.0
2026-07-27 10:35,2939.12,2935.59,2939.16,2934.48,1011418.0,3219467584.0
2026-07-27 10:40,2934.89,2931.8,2934.9,2931.11,949490.0,3490716992.0
2026-07-27 10:45,2931.87,2933.6,2934.72,2931.29,715484.0,2370756224.0
2026-07-27 10:50,2933.73,2932.86,2935.23,2932.05,653108.0,2215940832.0
2026-07-27 10:55,2932.62,2932.09,2934.17,2930.1,521313.0,1900685104.0
2026-07-27 11:00,2931.66,2930.64,2934.12,2930.26,597157.0,1904300816.0
2026-07-27 11:05,2929.86,2932.89,2935.01,2929.86,710450.0,2012996528.0
2026-07-27 11:10,2932.74,2931.75,2934.17,2930.96,544220.0,1737505536.0
2026-07-27 11:15,2932.16,2932.54,2935.44,2932.04,521145.0,1769232416.0
2026-07-27 11:20,2932.24,2930.68,2933.78,2929.09,536042.0,1703192944.0
2026-07-27 11:25,2930.72,2931.37,2932.92,2928.74,470690.0,1380582676.0
2026-07-27 11:30,2931.7,2931.67,2933.25,2930.67,329923.0,1159998659.0
2026-07-27 13:05,2932.03,2932.5,2936.64,2931.33,1136840.0,3210172864.0
2026-07-27 13:10,2932.34,2933.49,2934.02,2930.71,977018.0,2729494176.0
2026-07-27 13:15,2933.16,2931.44,2934.18,2929.71,1008365.0,2836000448.0
2026-07-27 13:20,2930.89,2928.83,2933.17,2928.7,971344.0,2593342304.0
2026-07-27 13:25,2928.57,2927.29,2929.66,2927.16,711167.0,2141520976.0
2026-07-27 13:30,2927.28,2926.17,2927.43,2924.07,722262.0,2595656256.0
2026-07-27 13:35,2926.03,2922.84,2926.03,2919.46,924530.0,2969702064.0
2026-07-27 13:40,2922.28,2924.22,2925.35,2920.84,564654.0,1754780006.0
2026-07-27 13:45,2924.01,2926.67,2927.96,2924.01,478189.0,1556107008.0
2026-07-27 13:50,2926.88,2930.95,2931.24,2925.21,516250.0,1922874992.0
2026-07-27 13:55,2930.99,2928.96,2931.36,2928.83,725512.0,1952484304.0
2026-07-27 14:00,2928.92,2929.81,2930.62,2928.18,578320.0,1644898342.0
2026-07-27 14:05,2930.04,2933.27,2933.27,2929.67,711005.0,1979841136.0
2026-07-27 14:10,2933.32,2937.95,2938.7,2933.32,837170.0,2384543696.0
2026-07-27 14:15,2937.92,2936.87,2940.1,2935.13,782294.0,1997486400.0
2026-07-27 14:20,2936.84,2936.15,2937.26,2934.86,748852.0,1927385280.0
2026-07-27 14:25,2936.61,2937.24,2938.17,2935.32,870262.0,2440763632.0
2026-07-27 14:30,2937.31,2940.18,2940.18,2936.66,640486.0,1918025552.0
2026-07-27 14:35,2940.17,2946.07,2947.04,2940.17,917816.0,3204869184.0
2026-07-27 14:40,2945.95,2949.54,2949.59,2944.31,874621.0,3380519792.0
2026-07-27 14:45,2949.39,2947.65,2951.66,2946.91,1000551.0,3965589136.0
2026-07-27 14:50,2948.03,2948.68,2948.84,2946.62,1089868.0,3704196192.0
2026-07-27 14:55,2948.67,2949.84,2950.23,2948.45,1410876.0,4424914032.0
2026-07-27 15:00,2949.99,2950.43,2950.61,2949.21,1275018.0,4221707634.0
2026-07-28 09:35,2921.31,2927.61,2927.61,2917.89,3459406.0,15518687920.0
2026-07-28 09:40,2927.64,2925.02,2929.47,2925.02,2578537.0,9251382736.0
2026-07-28 09:45,2925.08,2924.43,2929.03,2923.88,1754865.0,6605597200.0
2026-07-28 09:50,2924.2,2923.22,2925.74,2920.75,2199675.0,7312708176.0
2026-07-28 09:55,2923.31,2925.56,2925.91,2919.56,1461941.0,6529392032.0
2026-07-28 10:00,2925.64,2925.48,2927.02,2923.1,1265557.0,5574219520.0
2026-07-28 10:05,2925.4,2928.6,2931.15,2924.33,1217669.0,5486906208.0
2026-07-28 10:10,2928.55,2927.68,2929.55,2926.73,2331557.0,5458430336.0
2026-07-28 10:15,2927.71,2922.67,2928.44,2922.08,1239125.0,4258891376.0
2026-07-28 10:20,2922.25,2917.81,2922.27,2917.35,1337070.0,4186858272.0
2026-07-28 10:25,2918.06,2914.11,2918.06,2914.11,1130300.0,3338746112.0
2026-07-28 10:30,2914.51,2911.79,2914.51,2909.28,976524.0,3200306272.0
2026-07-28 10:35,2911.5,2910.51,2913.07,2909.38,814637.0,2878906048.0
2026-07-28 10:40,2910.05,2907.49,2910.11,2906.17,870932.0,3041170832.0
2026-07-28 10:45,2908.06,2906.49,2910.09,2906.49,866806.0,2875718544.0
2026-07-28 10:50,2906.82,2906.34,2908.45,2903.93,914363.0,3393025040.0
2026-07-28 10:55,2906.36,2906.28,2910.47,2905.68,676551.0,2901211440.0
2026-07-28 11:00,2906.47,2906.17,2907.67,2904.84,735310.0,2513217504.0
2026-07-28 11:05,2906.11,2902.83,2907.0,2902.4,768660.0,2705184720.0
2026-07-28 11:10,2903.05,2903.76,2904.45,2901.73,665962.0,2258500384.0
2026-07-28 11:15,2904.18,2918.81,2918.99,2903.63,1312450.0,3301484832.0
2026-07-28 11:20,2918.78,2923.82,2925.97,2916.09,1506433.0,3679102192.0
2026-07-28 11:25,2923.53,2925.65,2928.97,2922.03,1492356.0,3278096464.0
2026-07-28 11:30,2925.64,2920.89,2927.37,2920.89,864961.0,2167154208.0
2026-07-28 13:05,2920.92,2914.0,2920.92,2913.88,1325726.0,3617751104.0
2026-07-28 13:10,2913.84,2916.08,2916.83,2911.78,663688.0,2202424976.0
2026-07-28 13:15,2916.67,2919.45,2920.11,2915.73,917780.0,2056675968.0
2026-07-28 13:20,2919.25,2916.87,2920.17,2915.93,711436.0,1849590304.0
2026-07-28 13:25,2916.38,2914.77,2917.22,2914.12,1003942.0,2393563344.0
2026-07-28 13:30,2914.65,2913.74,2915.06,2912.06,845802.0,2263267136.0
2026-07-28 13:35,2913.44,2908.61,2913.98,2908.28,793583.0,2916231904.0
2026-07-28 13:40,2908.74,2915.79,2915.79,2908.6,678498.0,2324085408.0
2026-07-28 13:45,2915.62,2916.54,2918.33,2915.21,931682.0,2224149008.0
2026-07-28 13:50,2916.51,2910.39,2917.35,2909.31,678931.0,1909651408.0
2026-07-28 13:55,2910.33,2909.04,2912.32,2909.04,673197.0,1852849328.0
2026-07-28 14:00,2909.39,2910.35,2910.64,2908.64,660864.0,1754034480.0
2026-07-28 14:05,2910.62,2911.94,2913.73,2910.5,1251796.0,2346539808.0
2026-07-28 14:10,2911.73,2910.12,2912.01,2909.93,650973.0,1999772128.0
2026-07-28 14:15,2909.77,2908.44,2910.78,2907.99,800829.0,2447391392.0
2026-07-28 14:20,2908.35,2909.73,2910.02,2905.61,1263562.0,3140483168.0
2026-07-28 14:25,2909.63,2911.23,2913.8,2909.63,853461.0,2294922528.0
2026-07-28 14:30,2911.29,2912.29,2912.29,2909.44,890234.0,2410836528.0
2026-07-28 14:35,2912.32,2906.89,2912.38,2906.33,944574.0,3194614992.0
2026-07-28 14:40,2906.53,2904.72,2906.86,2902.51,1217809.0,4324525520.0
2026-07-28 14:45,2904.9,2903.47,2907.6,2902.87,1270503.0,4000738240.0
2026-07-28 14:50,2903.38,2908.81,2908.81,2903.2,1855952.0,4642586464.0
2026-07-28 14:55,2909.18,2911.91,2913.68,2909.18,1760678.0,4681721792.0
2026-07-28 15:00,2911.56,2923.21,2923.21,2911.56,2486288.0,6068398550.0
2026-07-29 09:35,2948.71,2913.44,2948.71,2911.41,5557684.0,21380844192.0
2026-07-29 09:40,2913.42,2911.48,2918.0,2910.52,2753121.0,11186333280.0
2026-07-29 09:45,2911.44,2900.81,2911.99,2900.55,2218409.0,10658620736.0
2026-07-29 09:50,2901.4,2896.35,2901.6,2895.47,2325910.0,10600930208.0
2026-07-29 09:55,2896.05,2893.38,2896.81,2892.81,1906090.0,7002671184.0
2026-07-29 10:00,2893.44,2891.06,2894.28,2890.78,1839120.0,6651780976.0
2026-07-29 10:05,2890.89,2888.89,2891.48,2887.45,1513195.0,6116449968.0
2026-07-29 10:10,2888.33,2890.74,2890.79,2885.19,1651209.0,7151931568.0
2026-07-29 10:15,2891.19,2896.57,2900.38,2890.5,1417874.0,5369288144.0
2026-07-29 10:20,2896.28,2894.23,2897.73,2893.87,1060111.0,3516987248.0
2026-07-29 10:25,2893.76,2895.6,2896.12,2890.97,1175226.0,3727792000.0
2026-07-29 10:30,2895.94,2902.56,2904.25,2895.94,1751634.0,7931423360.0
2026-07-29 10:35,2902.86,2903.51,2906.72,2902.21,1421107.0,6091285760.0
2026-07-29 10:40,2903.72,2897.63,2904.5,2896.44,1139508.0,3995192256.0
2026-07-29 10:45,2897.69,2896.18,2900.02,2896.18,966001.0,3173444336.0
2026-07-29 10:50,2896.1,2893.38,2897.64,2893.38,886659.0,3595076128.0
2026-07-29 10:55,2893.32,2891.09,2894.32,2890.64,698796.0,2845167200.0
2026-07-29 11:00,2891.25,2897.06,2898.4,2891.11,877496.0,2828444256.0
2026-07-29 11:05,2897.32,2902.98,2903.45,2897.32,993569.0,2976581904.0
2026-07-29 11:10,2903.36,2908.99,2908.99,2899.39,1025331.0,3229384304.0
2026-07-29 11:15,2909.0,2909.03,2913.2,2908.86,1249922.0,4360978224.0
2026-07-29 11:20,2909.28,2907.7,2911.34,2907.46,634748.0,2429554224.0
2026-07-29 11:25,2907.61,2902.27,2907.88,2901.59,578869.0,2021768400.0
2026-07-29 11:30,2902.25,2901.53,2903.54,2900.83,688951.0,1869602176.0
2026-07-29 13:05,2900.25,2905.12,2906.07,2893.08,1294325.0,4665803120.0
2026-07-29 13:10,2905.02,2909.38,2909.58,2902.38,1124004.0,4085497440.0
2026-07-29 13:15,2909.52,2917.54,2918.05,2908.3,1316589.0,5539365120.0
2026-07-29 13:20,2916.85,2913.36,2917.8,2911.4,1137778.0,4546984592.0
2026-07-29 13:25,2913.19,2916.0,2917.1,2911.07,825780.0,3084905024.0
2026-07-29 13:30,2916.74,2919.46,2921.38,2916.74,792460.0,3548883408.0
2026-07-29 13:35,2919.9,2924.07,2924.07,2916.9,1041483.0,3596613456.0
2026-07-29 13:40,2924.43,2928.11,2928.11,2922.78,859223.0,3608879072.0
2026-07-29 13:45,2928.08,2927.83,2931.05,2926.57,1127753.0,4243231984.0
2026-07-29 13:50,2927.73,2920.09,2929.11,2920.03,771832.0,2986726752.0
2026-07-29 13:55,2919.7,2914.19,2920.74,2913.47,715174.0,2696877840.0
2026-07-29 14:00,2913.87,2914.42,2916.54,2913.87,689586.0,2238830176.0
2026-07-29 14:05,2914.62,2909.77,2917.01,2909.77,779276.0,2338204784.0
2026-07-29 14:10,2908.96,2907.1,2908.97,2906.68,620354.0,2248593680.0
2026-07-29 14:15,2907.2,2910.22,2910.59,2905.79,509470.0,2024396768.0
2026-07-29 14:20,2910.07,2911.93,2913.45,2909.82,716434.0,2224772496.0
2026-07-29 14:25,2911.22,2908.94,2912.42,2906.49,769912.0,2301067280.0
2026-07-29 14:30,2909.09,2911.46,2912.79,2908.04,708649.0,1939111328.0
2026-07-29 14:35,2911.22,2911.31,2915.0,2911.22,998344.0,2538114800.0
2026-07-29 14:40,2911.25,2908.12,2911.89,2908.12,800937.0,2387142272.0
2026-07-29 14:45,2908.65,2912.26,2912.56,2908.4,1046322.0,3026501552.0
2026-07-29 14:50,2912.26,2918.78,2919.38,2912.25,1124579.0,3835033392.0
2026-07-29 14:55,2918.81,2916.31,2918.81,2915.23,1491029.0,4745858416.0
2026-07-29 15:00,2915.97,2915.19,2918.47,2915.19,1509791.0,4747835179.0
2026-07-30 09:35,2902.38,2924.07,2924.76,2902.38,3760012.0,16084379440.0
2026-07-30 09:40,2924.05,2921.71,2926.58,2919.89,2914547.0,11026060048.0
2026-07-30 09:45,2921.4,2917.61,2921.53,2916.21,1983839.0,8019143792.0
2026-07-30 09:50,2917.45,2920.84,2921.28,2916.77,2489274.0,9666116752.0
2026-07-30 09:55,2920.54,2924.95,2925.8,2920.3,1764449.0,6855560928.0
2026-07-30 10:00,2925.59,2921.39,2926.35,2921.16,1704663.0,5882346576.0
2026-07-30 10:05,2921.22,2919.31,2924.21,2919.31,1861091.0,6313631312.0
2026-07-30 10:10,2919.24,2914.96,2919.39,2912.7,1532473.0,6051868480.0
2026-07-30 10:15,2914.68,2908.71,2914.78,2907.73,1201067.0,5185822400.0
2026-07-30 10:20,2908.8,2909.9,2910.29,2907.05,1679892.0,5468084656.0
2026-07-30 10:25,2910.5,2910.6,2912.74,2909.22,1358163.0,4219020112.0
2026-07-30 10:30,2910.25,2910.59,2912.89,2910.05,1544947.0,4363063200.0
2026-07-30 10:35,2911.48,2907.66,2913.23,2907.66,1190080.0,4284589008.0
2026-07-30 10:40,2907.46,2906.4,2908.54,2905.44,1263376.0,4784043904.0
2026-07-30 10:45,2906.73,2904.87,2908.84,2903.74,1006607.0,4007757872.0
2026-07-30 10:50,2905.06,2903.7,2907.36,2903.13,832088.0,3248271664.0
2026-07-30 10:55,2902.96,2894.42,2902.96,2894.42,841843.0,3521148256.0
2026-07-30 11:00,2894.43,2893.73,2895.04,2891.21,922318.0,4293330368.0
2026-07-30 11:05,2893.11,2898.92,2898.92,2891.3,1424411.0,4088820224.0
2026-07-30 11:10,2899.27,2901.65,2906.25,2899.12,1201330.0,3549912656.0
2026-07-30 11:15,2901.81,2899.39,2903.78,2898.36,1017020.0,3331719440.0
2026-07-30 11:20,2898.99,2897.26,2901.17,2897.0,1015729.0,3049693040.0
2026-07-30 11:25,2897.86,2899.46,2902.64,2895.52,1306233.0,3741504240.0
2026-07-30 11:30,2900.98,2896.77,2902.03,2896.12,962021.0,3549115648.0
2026-07-30 13:05,2896.41,2883.65,2896.41,2881.52,1881047.0,6212735840.0
2026-07-30 13:10,2883.51,2898.49,2899.52,2883.32,1482259.0,5075589504.0
2026-07-30 13:15,2898.85,2895.7,2899.64,2892.05,1170747.0,3859845408.0
2026-07-30 13:20,2895.68,2894.52,2896.62,2889.75,1090717.0,3231756368.0
2026-07-30 13:25,2894.12,2909.77,2912.02,2893.43,1380714.0,5997894016.0
2026-07-30 13:30,2910.06,2918.17,2918.88,2907.86,1782957.0,7069432320.0
2026-07-30 13:35,2918.09,2914.38,2918.91,2912.5,1660238.0,4907561088.0
2026-07-30 13:40,2914.29,2908.74,2914.93,2907.18,1254133.0,3759442496.0
2026-07-30 13:45,2908.72,2914.28,2917.05,2908.72,1043588.0,3518201760.0
2026-07-30 13:50,2915.01,2916.69,2921.94,2915.01,1074950.0,3698410512.0
2026-07-30 13:55,2917.13,2919.26,2920.05,2911.42,840281.0,2800556384.0
2026-07-30 14:00,2918.97,2918.77,2921.56,2917.02,798188.0,3275771104.0
2026-07-30 14:05,2918.91,2920.59,2920.59,2915.67,1031586.0,3195154096.0
2026-07-30 14:10,2921.18,2921.34,2924.56,2920.0,852612.0,3714571136.0
2026-07-30 14:15,2920.91,2920.21,2922.46,2917.84,944330.0,3034278096.0
2026-07-30 14:20,2920.03,2925.54,2925.54,2919.8,818775.0,2923183600.0
2026-07-30 14:25,2925.91,2930.71,2931.51,2925.64,1140783.0,4911327392.0
2026-07-30 14:30,2930.93,2929.43,2931.03,2926.47,1280105.0,3532016032.0
2026-07-30 14:35,2929.47,2924.89,2932.72,2922.62,1317544.0,3458123984.0
2026-07-30 14:40,2924.79,2917.38,2924.8,2916.87,964909.0,3335951248.0
2026-07-30 14:45,2917.39,2916.54,2918.8,2915.41,1345896.0,4078818784.0
2026-07-30 14:50,2916.09,2911.47,2916.5,2911.47,1335560.0,4501388368.0
2026-07-30 14:55,2911.28,2912.49,2914.99,2911.24,2025448.0,5601731728.0
2026-07-30 15:00,2912.4,2926.48,2926.48,2910.7,2639002.0,7533063286.0
2026-07-31 09:35,2944.94,2932.69,2944.94,2931.53,8435471.0,33651751504.0
2026-07-31 09:40,2932.23,2936.83,2938.81,2930.71,3518953.0,13098316000.0
2026-07-31 09:45,2936.35,2937.93,2937.93,2933.45,4583703.0,13473174352.0
2026-07-31 09:50,2937.76,2936.63,2941.88,2934.84,3651436.0,9851757840.0
2026-07-31 09:55,2936.34,2937.47,2937.51,2934.2,2965111.0,8429548848.0
2026-07-31 10:00,2937.5,2939.78,2939.83,2934.79,2703175.0,7756496800.0
2026-07-31 10:05,2940.72,2943.03,2944.79,2940.04,2528524.0,7614204032.0
2026-07-31 10:10,2943.19,2943.69,2946.17,2942.65,1948235.0,6219004288.0
2026-07-31 10:15,2943.56,2940.54,2944.32,2938.18,1712774.0,5246947168.0
2026-07-31 10:20,2940.81,2940.87,2940.87,2935.99,1803207.0,10984480512.0
2026-07-31 10:25,2940.51,2937.72,2942.02,2935.95,1279837.0,8202556096.0
2026-07-31 10:30,2937.71,2934.63,2938.13,2932.56,1251057.0,5808010272.0
2026-07-31 10:35,2934.66,2931.6,2935.98,2931.49,982851.0,4802878816.0
2026-07-31 10:40,2931.26,2929.36,2932.12,2929.05,1134973.0,3865572672.0
2026-07-31 10:45,2928.91,2931.32,2932.81,2928.77,735059.0,3353340144.0
2026-07-31 10:50,2931.0,2923.87,2931.98,2923.87,914054.0,3331583872.0
2026-07-31 10:55,2923.46,2926.08,2927.26,2922.28,906504.0,3513545456.0
2026-07-31 11:00,2926.02,2928.68,2929.65,2925.73,830578.0,2905022032.0
2026-07-31 11:05,2928.55,2924.87,2929.99,2924.87,898417.0,3652739408.0
2026-07-31 11:10,2924.96,2922.53,2924.96,2921.93,694978.0,2905727600.0
2026-07-31 11:15,2922.28,2921.01,2924.15,2919.41,827556.0,2750805552.0
2026-07-31 11:20,2920.51,2925.03,2925.71,2920.51,594402.0,2150275888.0
2026-07-31 11:25,2925.48,2921.06,2926.29,2920.39,711615.0,2506052016.0
2026-07-31 11:30,2921.07,2925.16,2926.16,2920.69,544049.0,1890278016.0
2026-07-31 13:05,2926.28,2926.11,2930.19,2923.13,1036193.0,3844948592.0
2026-07-31 13:10,2926.18,2923.79,2927.6,2923.22,515394.0,2335953136.0
2026-07-31 13:15,2923.92,2924.76,2925.18,2922.0,768906.0,2196626352.0
2026-07-31 13:20,2924.93,2928.23,2928.57,2924.31,708244.0,2770160544.0
2026-07-31 13:25,2928.59,2925.97,2930.81,2925.93,942603.0,3333215776.0
2026-07-31 13:30,2926.33,2926.9,2927.13,2924.52,766848.0,2374722384.0
2026-07-31 13:35,2926.74,2923.0,2926.74,2921.97,611683.0,2093502656.0
2026-07-31 13:40,2923.2,2925.1,2925.31,2922.43,714573.0,2238129360.0
2026-07-31 13:45,2925.59,2926.36,2927.04,2924.49,755439.0,2025527872.0
2026-07-31 13:50,2926.31,2928.81,2928.81,2926.31,955344.0,2240995920.0
2026-07-31 13:55,2928.22,2927.05,2928.56,2925.97,880349.0,2088223744.0
2026-07-31 14:00,2927.37,2928.53,2928.53,2925.71,871953.0,2216442368.0
2026-07-31 14:05,2928.32,2926.91,2929.37,2926.17,1126411.0,2472374880.0
2026-07-31 14:10,2926.8,2927.17,2928.06,2926.69,812170.0,2230418736.0
2026-07-31 14:15,2927.59,2926.11,2927.88,2925.82,1007257.0,2729637936.0
2026-07-31 14:20,2925.87,2928.56,2928.75,2924.0,949767.0,2453605264.0
2026-07-31 14:25,2928.8,2933.04,2933.7,2927.64,1215085.0,3239744128.0
2026-07-31 14:30,2933.11,2934.77,2935.52,2932.37,972176.0,2713595280.0
2026-07-31 14:35,2934.5,2931.03,2934.5,2927.64,1166490.0,3058141296.0
2026-07-31 14:40,2931.01,2933.79,2935.25,2930.97,1282969.0,3495371488.0
2026-07-31 14:45,2933.79,2927.81,2933.79,2927.41,1442706.0,4600555888.0
2026-07-31 14:50,2927.79,2927.69,2929.22,2926.02,1551094.0,4742583840.0
2026-07-31 14:55,2927.29,2926.18,2927.34,2925.49,1837829.0,5200597968.0
2026-07-31 15:00,2925.98,2922.97,2927.44,2922.97,2045348.0,5742239250.0
2026-08-03 09:35,2908.51,2906.25,2912.21,2905.81,4924444.0,18102281424.0
2026-08-03 09:40,2905.88,2896.38,2907.78,2895.98,3380543.0,12960225104.0
2026-08-03 09:45,2896.77,2892.18,2897.56,2890.67,2855135.0,11082952288.0
2026-08-03 09:50,2892.62,2894.5,2898.87,2891.01,2665777.0,8618976944.0
2026-08-03 09:55,2894.78,2896.32,2897.95,2892.9,1785522.0,6257314848.0
2026-08-03 10:00,2895.79,2896.83,2898.55,2894.64,1566579.0,5347037088.0
2026-08-03 10:05,2896.25,2894.4,2897.94,2893.77,1881503.0,5368518624.0
2026-08-03 10:10,2894.22,2889.9,2894.5,2889.38,1809122.0,4822425952.0
2026-08-03 10:15,2890.35,2889.04,2893.02,2886.35,1912878.0,5072955488.0
2026-08-03 10:20,2888.97,2890.43,2890.92,2885.36,1566729.0,4291846048.0
2026-08-03 10:25,2890.6,2888.12,2893.61,2888.11,1155178.0,3757973616.0
2026-08-03 10:30,2887.88,2883.61,2887.95,2883.16,1186486.0,3836687536.0
2026-08-03 10:35,2883.68,2888.11,2888.11,2882.45,1017107.0,3412241264.0
2026-08-03 10:40,2888.63,2884.96,2889.41,2884.03,947158.0,2999840528.0
2026-08-03 10:45,2884.92,2888.21,2890.32,2883.93,1126846.0,2716512048.0
2026-08-03 10:50,2887.81,2887.21,2889.6,2886.31,975257.0,2544211744.0
2026-08-03 10:55,2887.3,2887.94,2889.04,2886.7,980926.0,2388032816.0
2026-08-03 11:00,2887.84,2890.22,2891.96,2886.98,806093.0,2446115392.0
2026-08-03 11:05,2890.13,2888.11,2893.3,2888.11,825072.0,2641827536.0
2026-08-03 11:10,2888.13,2886.5,2888.73,2884.9,634422.0,2051482144.0
2026-08-03 11:15,2886.33,2886.57,2887.47,2885.09,808999.0,2261488384.0
2026-08-03 11:20,2886.36,2884.42,2886.67,2884.16,704479.0,2189018880.0
2026-08-03 11:25,2885.05,2883.74,2885.54,2883.1,691407.0,1930811376.0
2026-08-03 11:30,2883.89,2883.47,2884.67,2881.48,585422.0,1969339856.0
2026-08-03 13:05,2883.68,2884.16,2885.87,2881.91,930705.0,3009356400.0
2026-08-03 13:10,2884.14,2881.83,2884.56,2880.79,717455.0,2199116848.0
2026-08-03 13:15,2881.17,2881.48,2882.8,2880.62,550098.0,1737753120.0
2026-08-03 13:20,2881.54,2878.32,2882.31,2878.24,773968.0,2202470800.0
2026-08-03 13:25,2878.08,2878.44,2879.96,2877.71,670695.0,2059132480.0
2026-08-03 13:30,2878.44,2877.89,2879.03,2877.07,732557.0,2407641680.0
2026-08-03 13:35,2877.82,2876.07,2879.38,2876.01,744204.0,2418888400.0
2026-08-03 13:40,2876.24,2873.61,2876.24,2873.58,634466.0,2323938272.0
2026-08-03 13:45,2873.83,2877.41,2877.7,2873.56,598306.0,2318363744.0
2026-08-03 13:50,2877.25,2877.32,2877.92,2876.62,519959.0,1993399904.0
2026-08-03 13:55,2877.37,2878.34,2880.65,2877.2,714615.0,1954867728.0
2026-08-03 14:00,2878.49,2877.13,2879.2,2877.13,632921.0,2897112816.0
2026-08-03 14:05,2877.17,2876.14,2878.55,2875.92,726473.0,2830235984.0
2026-08-03 14:10,2876.07,2875.86,2876.85,2873.97,640337.0,2987423280.0
2026-08-03 14:15,2876.47,2882.99,2882.99,2876.47,877307.0,3362006592.0
2026-08-03 14:20,2883.25,2883.52,2883.9,2881.75,1126481.0,2929468560.0
2026-08-03 14:25,2883.56,2891.27,2891.95,2883.56,1083339.0,3278832448.0
2026-08-03 14:30,2891.65,2887.15,2892.66,2886.81,959724.0,2787967136.0
2026-08-03 14:35,2886.8,2883.37,2887.74,2883.1,876958.0,2821339248.0
2026-08-03 14:40,2883.25,2880.48,2884.39,2880.35,821221.0,3029005200.0
2026-08-03 14:45,2880.7,2880.88,2881.33,2879.89,997100.0,2917238352.0
2026-08-03 14:50,2880.72,2882.01,2882.24,2880.47,1076878.0,3202036912.0
2026-08-03 14:55,2881.76,2882.18,2883.7,2881.41,1358376.0,3935486480.0
2026-08-03 15:00,2882.22,2887.05,2887.05,2881.41,1365671.0,4338089119.0
2026-08-04 09:35,2890.99,2888.83,2892.4,2884.94,4566037.0,19153283888.0
2026-08-04 09:40,2888.88,2885.25,2890.7,2885.2,3305805.0,9949451440.0
2026-08-04 09:45,2885.17,2876.32,2885.17,2876.31,3485372.0,11428044160.0
2026-08-04 09:50,2876.33,2878.67,2880.29,2876.33,2808427.0,8995404352.0
2026-08-04 09:55,2878.61,2883.49,2884.26,2878.54,1709800.0,6941669376.0
2026-08-04 10:00,2883.24,2876.63,2883.24,2876.63,2736167.0,7637591536.0
2026-08-04 10:05,2876.16,2873.3,2877.88,2873.22,1846110.0,6433858320.0
2026-08-04 10:10,2873.24,2874.53,2875.55,2872.4,1419818.0,4292356080.0
2026-08-04 10:15,2874.77,2873.68,2875.06,2872.14,1581514.0,4408587728.0
2026-08-04 10:20,2873.45,2873.79,2874.31,2872.24,1143601.0,2999317008.0
2026-08-04 10:25,2873.86,2869.59,2874.81,2869.5,1034814.0,3158770144.0
2026-08-04 10:30,2869.66,2870.96,2872.64,2868.83,1090897.0,2731296768.0
2026-08-04 10:35,2870.44,2870.8,2871.21,2869.52,1560230.0,3151806688.0
2026-08-04 10:40,2870.58,2871.55,2874.44,2870.56,1241071.0,3333719904.0
2026-08-04 10:45,2871.5,2872.19,2872.67,2869.64,1095225.0,3092836480.0
2026-08-04 10:50,2872.65,2870.93,2873.14,2870.89,1013607.0,3016601840.0
2026-08-04 10:55,2870.98,2869.05,2870.99,2868.96,865658.0,2315410160.0
2026-08-04 11:00,2869.2,2869.22,2871.7,2868.86,612220.0,1862387008.0
2026-08-04 11:05,2869.4,2869.35,2869.82,2868.33,580688.0,2146039600.0
2026-08-04 11:10,2869.13,2873.22,2873.22,2867.93,660345.0,1978351856.0
2026-08-04 11:15,2873.12,2871.81,2873.9,2871.09,605722.0,1567509648.0
2026-08-04 11:20,2871.97,2871.67,2872.78,2870.38,597740.0,1484993950.0
2026-08-04 11:25,2871.89,2872.76,2873.29,2871.77,534320.0,1976642256.0
2026-08-04 11:30,2872.82,2874.58,2875.65,2872.6,856800.0,3459250128.0
2026-08-04 13:05,2874.79,2876.06,2877.98,2873.74,1672632.0,5458207616.0
2026-08-04 13:10,2876.3,2877.66,2879.55,2875.18,873200.0,3220923856.0
2026-08-04 13:15,2877.95,2877.37,2878.71,2874.09,935082.0,2925642704.0
2026-08-04 13:20,2877.54,2876.04,2877.91,2875.43,831833.0,2674238256.0
2026-08-04 13:25,2875.97,2877.34,2878.0,2875.63,811964.0,2653096352.0
2026-08-04 13:30,2877.3,2880.05,2880.05,2877.29,918895.0,3678524976.0
2026-08-04 13:35,2879.94,2882.99,2883.83,2879.94,830797.0,4733682640.0
2026-08-04 13:40,2883.19,2885.02,2885.2,2881.5,720679.0,3464037584.0
2026-08-04 13:45,2884.97,2885.77,2886.06,2884.37,634766.0,2809735888.0
2026-08-04 13:50,2885.36,2883.81,2886.42,2883.81,615999.0,2541147856.0
2026-08-04 13:55,2883.96,2885.16,2886.74,2883.19,738558.0,2456146944.0
2026-08-04 14:00,2884.99,2885.04,2885.11,2883.21,722254.0,2222447744.0
2026-08-04 14:05,2885.27,2885.03,2886.2,2884.0,1267138.0,3414337600.0
2026-08-04 14:10,2885.28,2885.97,2886.38,2884.39,805562.0,2697719344.0
2026-08-04 14:15,2886.02,2882.14,2886.3,2882.14,963328.0,2995187680.0
2026-08-04 14:20,2882.1,2881.79,2882.71,2880.65,1114473.0,3457198544.0
2026-08-04 14:25,2881.89,2882.14,2882.72,2880.54,776088.0,2431573968.0
2026-08-04 14:30,2881.88,2881.81,2883.39,2881.54,741600.0,2185774960.0
2026-08-04 14:35,2882.07,2877.49,2883.17,2877.43,1073518.0,3115210976.0
2026-08-04 14:40,2877.43,2877.97,2879.4,2877.07,1056366.0,2923273616.0
2026-08-04 14:45,2877.92,2875.81,2878.26,2875.78,1069784.0,3141223984.0
2026-08-04 14:50,2875.95,2876.51,2877.45,2875.35,1430085.0,3549309616.0
2026-08-04 14:55,2876.5,2879.01,2879.01,2876.5,1609519.0,4263191792.0
2026-08-04 15:00,2879.07,2878.67,2880.17,2878.67,1868670.0,4584333979.0
2026-08-05 09:35,2882.51,2887.58,2891.39,2882.51,5703646.0,23491904000.0
2026-08-05 09:40,2887.97,2897.84,2898.37,2887.97,3854031.0,16684262624.0
2026-08-05 09:45,2898.04,2899.0,2901.06,2896.92,3428023.0,12326981808.0
2026-08-05 09:50,2898.61,2897.76,2900.25,2897.42,3088426.0,10704058576.0
2026-08-05 09:55,2897.54,2895.6,2897.88,2892.97,2229251.0,7758604336.0
2026-08-05 10:00,2895.55,2895.54,2898.4,2895.54,2298238.0,7068309024.0
2026-08-05 10:05,2895.37,2897.67,2897.89,2895.17,2086575.0,6222206976.0
2026-08-05 10:10,2897.08,2900.09,2901.32,2896.68,1844196.0,6673174192.0
2026-08-05 10:15,2900.22,2900.26,2902.21,2899.24,1722104.0,7151249392.0
2026-08-05 10:20,2900.13,2905.76,2905.76,2900.13,1429482.0,5893487952.0
2026-08-05 10:25,2905.26,2909.69,2910.17,2905.26,1356406.0,5451391184.0
2026-08-05 10:30,2909.51,2908.99,2910.58,2907.38,1049996.0,3998077200.0
2026-08-05 10:35,2908.97,2910.83,2912.46,2907.69,1098886.0,4164615296.0
2026-08-05 10:40,2910.87,2908.31,2912.11,2907.94,875831.0,3420858416.0
2026-08-05 10:45,2908.17,2910.09,2911.59,2906.85,768155.0,3046195712.0
2026-08-05 10:50,2910.4,2911.42,2911.42,2907.74,629255.0,2705086000.0
2026-08-05 10:55,2911.31,2910.14,2911.31,2907.6,675138.0,2959045008.0
2026-08-05 11:00,2909.72,2907.96,2910.71,2907.27,755639.0,2575452224.0
2026-08-05 11:05,2908.21,2909.67,2910.58,2908.21,546072.0,2587698640.0
2026-08-05 11:10,2909.42,2911.6,2911.79,2908.21,536489.0,2344155696.0
2026-08-05 11:15,2911.71,2915.34,2915.36,2911.71,704947.0,2840658112.0
2026-08-05 11:20,2915.44,2917.3,2919.55,2915.44,864875.0,4160401200.0
2026-08-05 11:25,2916.87,2920.17,2920.94,2916.1,757563.0,3196359904.0
2026-08-05 11:30,2920.22,2920.24,2922.51,2919.48,914111.0,3230785232.0
2026-08-05 13:05,2920.45,2918.92,2922.06,2918.49,1796690.0,5889067904.0
2026-08-05 13:10,2919.34,2915.23,2919.68,2913.95,1406153.0,3642743840.0
2026-08-05 13:15,2914.53,2921.16,2922.06,2913.92,1156684.0,3952952800.0
2026-08-05 13:20,2921.29,2924.21,2925.55,2920.36,920591.0,3958810432.0
2026-08-05 13:25,2924.46,2925.4,2927.46,2924.32,862513.0,3916343248.0
2026-08-05 13:30,2925.36,2924.11,2928.04,2923.99,1363474.0,4002106272.0
2026-08-05 13:35,2923.79,2929.1,2929.58,2923.79,999395.0,3880958688.0
2026-08-05 13:40,2929.42,2927.12,2930.64,2925.0,1517860.0,3704260576.0
2026-08-05 13:45,2927.41,2929.24,2929.85,2926.33,975793.0,2911030304.0
2026-08-05 13:50,2929.61,2929.19,2930.61,2928.65,978189.0,3141054544.0
2026-08-05 13:55,2929.13,2931.68,2931.93,2928.94,839400.0,2885778224.0
2026-08-05 14:00,2931.82,2930.86,2932.4,2929.98,834571.0,2704110240.0
2026-08-05 14:05,2930.63,2928.3,2930.69,2927.15,1241677.0,3185551392.0
2026-08-05 14:10,2928.45,2925.85,2928.45,2922.95,1132993.0,3632506496.0
2026-08-05 14:15,2925.63,2922.76,2926.18,2922.68,689136.0,2627989152.0
2026-08-05 14:20,2923.6,2917.85,2923.61,2917.52,871526.0,3648768656.0
2026-08-05 14:25,2918.0,2920.09,2920.51,2917.48,711797.0,3080979968.0
2026-08-05 14:30,2920.14,2922.2,2922.52,2920.14,828016.0,2611733648.0
2026-08-05 14:35,2922.36,2922.76,2923.81,2921.26,1026662.0,3163772432.0
2026-08-05 14:40,2922.85,2921.51,2924.72,2921.36,947779.0,3100313872.0
2026-08-05 14:45,2921.53,2921.91,2922.79,2921.31,1062527.0,3137257120.0
2026-08-05 14:50,2922.06,2923.88,2923.91,2922.06,1166832.0,3704131216.0
2026-08-05 14:55,2923.88,2924.34,2924.89,2922.99,1619780.0,4849161616.0
2026-08-05 15:00,2924.52,2924.06,2924.96,2924.06,1725455.0,5129999323.0
