day,open,high,low,close,volume,amount
2026-07-27 14:02:00,3516.086,3517.205,3511.462,3513.075,44659632,1178697728.0000
2026-07-27 14:03:00,3512.525,3514.904,3512.351,3513.328,29242815,735969280.0000
2026-07-27 14:04:00,3513.101,3514.132,3511.764,3511.764,30606856,715915264.0000
2026-07-27 14:05:00,3511.441,3516.714,3509.839,3516.714,46557297,1102905344.0000
2026-07-27 14:06:00,3516.693,3523.756,3516.693,3523.756,63676590,1245544448.0000
2026-07-27 14:07:00,3523.710,3523.710,3520.292,3520.292,51396669,1088421888.0000
2026-07-27 14:08:00,3519.608,3520.370,3517.594,3520.370,38746503,914063360.0000
2026-07-27 14:09:00,3520.809,3524.365,3520.711,3520.735,53057668,1155235840.0000
2026-07-27 14:10:00,3521.342,3523.131,3521.342,3523.131,31976882,771850240.0000
2026-07-27 14:11:00,3523.095,3525.724,3522.799,3525.724,36719945,1007845376.0000
2026-07-27 14:12:00,3525.610,3525.964,3521.388,3521.388,31780421,851607552.0000
2026-07-27 14:13:00,3520.192,3520.192,3517.998,3518.675,37539049,920092672.0000
2026-07-27 14:14:00,3518.915,3519.885,3517.028,3518.744,48417957,989233152.0000
2026-07-27 14:15:00,3518.437,3520.940,3518.437,3520.401,30266408,717225984.0000
2026-07-27 14:16:00,3520.642,3520.642,3518.761,3518.996,43223728,891879424.0000
2026-07-27 14:17:00,3518.563,3519.644,3516.607,3519.644,36034043,927236096.0000
2026-07-27 14:18:00,3519.092,3525.506,3518.951,3525.061,36397345,927039488.0000
2026-07-27 14:19:00,3525.076,3528.188,3525.076,3527.691,44699010,1193705472.0000
2026-07-27 14:20:00,3527.403,3531.268,3526.576,3531.268,49992487,1398898688.0000
2026-07-27 14:21:00,3531.025,3533.722,3530.133,3533.722,41434531,1153761280.0000
2026-07-27 14:22:00,3533.918,3539.229,3533.803,3539.229,57788848,1683292160.0000
2026-07-27 14:23:00,3539.367,3542.643,3539.367,3541.030,62134868,1760985088.0000
2026-07-27 14:24:00,3540.387,3541.901,3539.968,3541.901,43211499,1223589888.0000
2026-07-27 14:25:00,3542.237,3542.383,3538.690,3538.803,39818105,1178107904.0000
2026-07-27 14:26:00,3538.585,3541.065,3538.585,3540.636,40375147,1127776256.0000
2026-07-27 14:27:00,3540.355,3540.355,3533.856,3536.237,43415701,1224245248.0000
2026-07-27 14:28:00,3536.549,3537.604,3536.453,3536.573,34909483,862879744.0000
2026-07-27 14:29:00,3536.606,3540.141,3536.606,3539.991,37371950,970817536.0000
2026-07-27 14:30:00,3540.273,3545.658,3540.273,3545.658,51503693,1491238912.0000
2026-07-27 14:31:00,3546.067,3554.149,3546.067,3554.149,84527506,2437152768.0000
2026-07-27 14:32:00,3554.021,3554.215,3548.833,3550.730,80407200,2182021120.0000
2026-07-27 14:33:00,3551.116,3560.259,3551.116,3560.259,60206673,1844117504.0000
2026-07-27 14:34:00,3560.469,3566.346,3560.469,3566.346,78841596,2285273088.0000
2026-07-27 14:35:00,3565.420,3566.647,3565.420,3565.953,72692138,2146861056.0000
2026-07-27 14:36:00,3566.421,3566.589,3564.450,3565.098,67304669,2017296384.0000
2026-07-27 14:37:00,3564.378,3564.440,3561.283,3564.440,68869442,1977221120.0000
2026-07-27 14:38:00,3564.364,3570.946,3564.364,3570.946,65757573,2197454848.0000
2026-07-27 14:39:00,3571.682,3578.008,3571.682,3577.846,71305029,2451800064.0000
2026-07-27 14:40:00,3577.071,3577.071,3573.715,3576.586,71297477,2294677504.0000
2026-07-27 14:41:00,3576.634,3581.929,3576.634,3581.929,79913805,2473721856.0000
2026-07-27 14:42:00,3582.218,3585.928,3582.182,3585.515,80888151,2804482048.0000
2026-07-27 14:43:00,3585.987,3585.987,3581.538,3581.538,79774344,2642804736.0000
2026-07-27 14:44:00,3581.655,3581.655,3578.903,3578.903,74566151,2168848384.0000
2026-07-27 14:45:00,3578.687,3584.286,3577.935,3584.286,75486114,2381512704.0000
2026-07-27 14:46:00,3583.577,3584.246,3583.111,3583.111,79337135,2330951680.0000
2026-07-27 14:47:00,3582.669,3582.669,3581.020,3581.547,74286221,2200961024.0000
2026-07-27 14:48:00,3581.204,3582.315,3580.676,3582.315,75505464,2178482176.0000
2026-07-27 14:49:00,3582.237,3588.486,3582.237,3586.495,95887483,3160670208.0000
2026-07-27 14:50:00,3586.548,3587.691,3586.536,3587.230,90267905,2464448512.0000
2026-07-27 14:51:00,3586.813,3586.813,3582.987,3583.099,122010016,3101851648.0000
2026-07-27 14:52:00,3582.509,3584.480,3582.509,3583.983,94478962,2580905984.0000
2026-07-27 14:53:00,3584.007,3588.609,3584.007,3588.609,101286306,2823782400.0000
2026-07-27 14:54:00,3589.762,3592.100,3589.081,3592.100,109076137,3072229376.0000
2026-07-27 14:55:00,3591.552,3591.659,3590.397,3590.445,121727693,3202220032.0000
2026-07-27 14:56:00,3590.394,3590.647,3589.237,3589.336,140432936,3583049728.0000
2026-07-27 14:57:00,3589.102,3589.941,3588.574,3589.941,148047591,3702849536.0000
2026-07-27 14:58:00,3590.253,3590.253,3590.236,3590.236,3211137,92504064.0000
2026-07-27 15:00:00,3590.787,3590.787,3590.787,3590.787,198096972,5298814976.0000
2026-07-28 09:31:00,3478.864,3485.780,3472.455,3478.200,824958263,24522342400.0000
2026-07-28 09:32:00,3482.858,3494.209,3482.858,3494.209,457648634,12954075136.0000
2026-07-28 09:33:00,3494.770,3494.770,3484.076,3492.918,334518590,9295462400.0000
2026-07-28 09:34:00,3495.425,3502.542,3495.425,3501.720,278582637,7496347648.0000
2026-07-28 09:35:00,3501.765,3509.088,3501.765,3509.088,236548485,6584356864.0000
2026-07-28 09:36:00,3508.478,3511.224,3505.364,3507.635,241259021,6679031808.0000
2026-07-28 09:37:00,3507.575,3511.700,3507.389,3507.977,216988493,6110916608.0000
2026-07-28 09:38:00,3508.236,3508.236,3497.295,3497.349,220374779,6163595264.0000
2026-07-28 09:39:00,3497.176,3498.146,3489.717,3495.524,207286113,5736611840.0000
2026-07-28 09:40:00,3495.227,3498.754,3483.020,3483.020,187387216,5365858304.0000
2026-07-28 09:41:00,3482.339,3489.380,3482.053,3489.380,188015478,5624291328.0000
2026-07-28 09:42:00,3490.749,3493.544,3477.307,3477.307,184583385,5086625792.0000
2026-07-28 09:43:00,3476.994,3482.262,3475.955,3479.657,184741355,4738007040.0000
2026-07-28 09:44:00,3479.079,3489.848,3477.946,3488.572,159670768,4400717824.0000
2026-07-28 09:45:00,3488.087,3488.087,3479.179,3481.116,161274778,3982712832.0000
2026-07-28 09:46:00,3481.196,3483.171,3477.114,3482.189,179610604,4779016192.0000
2026-07-28 09:47:00,3481.468,3481.468,3472.181,3474.696,182951171,4735770624.0000
2026-07-28 09:48:00,3474.354,3479.280,3470.054,3470.054,149678419,4486103040.0000
2026-07-28 09:49:00,3469.637,3472.097,3469.096,3470.430,154466001,4756561920.0000
2026-07-28 09:50:00,3469.120,3469.120,3462.345,3464.820,210121772,5481381888.0000
2026-07-28 09:51:00,3464.474,3469.069,3461.285,3461.285,171656882,4627267584.0000
2026-07-28 09:52:00,3461.121,3462.312,3456.949,3462.262,148078796,4598136832.0000
2026-07-28 09:53:00,3462.507,3462.507,3452.026,3454.452,185747030,5431787520.0000
2026-07-28 09:54:00,3454.999,3469.010,3454.388,3468.391,122896610,3702145024.0000
2026-07-28 09:55:00,3470.676,3477.513,3470.676,3475.872,104612205,3154460672.0000
2026-07-28 09:56:00,3477.416,3479.576,3472.247,3472.247,97325825,2901475328.0000
2026-07-28 09:57:00,3470.886,3470.886,3461.124,3463.381,107221564,3039576064.0000
2026-07-28 09:58:00,3463.744,3465.326,3460.097,3460.309,91416630,2645180416.0000
2026-07-28 09:59:00,3460.537,3462.643,3460.010,3460.921,81616943,2391998464.0000
2026-07-28 10:00:00,3461.087,3461.087,3453.371,3456.839,94954470,3119005696.0000
2026-07-28 10:01:00,3454.848,3471.311,3452.915,3468.606,107661782,3269459968.0000
2026-07-28 10:02:00,3468.375,3470.495,3467.683,3469.347,98172921,2786492416.0000
2026-07-28 10:03:00,3469.969,3470.146,3465.373,3465.373,92325496,2439315456.0000
2026-07-28 10:04:00,3465.316,3473.183,3465.316,3466.427,84123928,2357510144.0000
2026-07-28 10:05:00,3465.383,3465.383,3455.398,3455.398,74861622,2216181760.0000
2026-07-28 10:06:00,3458.816,3459.374,3452.471,3454.206,82492013,2371911680.0000
2026-07-28 10:07:00,3454.724,3455.920,3451.875,3453.822,75909105,2025766912.0000
2026-07-28 10:08:00,3454.070,3455.584,3451.684,3455.218,76138694,2051637248.0000
2026-07-28 10:09:00,3455.739,3463.661,3455.179,3459.962,76015410,2073985024.0000
2026-07-28 10:10:00,3459.072,3459.072,3450.889,3451.382,78700866,2061385728.0000
2026-07-28 10:11:00,3450.762,3450.762,3446.848,3446.848,90534642,3050569728.0000
2026-07-28 10:12:00,3446.435,3446.435,3442.513,3442.994,96425534,2600288256.0000
2026-07-28 10:13:00,3442.559,3444.411,3439.692,3444.145,110541343,3042508800.0000
2026-07-28 10:14:00,3443.807,3446.685,3441.872,3444.346,77256897,2095546368.0000
2026-07-28 10:15:00,3444.891,3450.878,3443.710,3443.710,67555376,1932869632.0000
2026-07-28 10:16:00,3442.717,3444.836,3440.866,3444.836,80979853,2290941952.0000
2026-07-28 10:17:00,3444.045,3445.946,3437.204,3445.225,78994083,2464448512.0000
2026-07-28 10:18:00,3445.884,3448.677,3441.754,3443.228,60999247,1756102656.0000
2026-07-28 10:19:00,3443.646,3444.589,3437.916,3441.441,56327565,1564639232.0000
2026-07-28 10:20:00,3441.892,3444.411,3439.622,3440.670,53261649,1555775488.0000
2026-07-28 10:21:00,3440.694,3447.533,3438.062,3447.533,72178608,1970585600.0000
2026-07-28 10:22:00,3447.385,3447.919,3440.465,3440.465,53097018,1475739648.0000
2026-07-28 10:23:00,3440.477,3446.239,3439.804,3442.933,58322309,1803714560.0000
2026-07-28 10:24:00,3441.745,3441.745,3435.437,3435.437,54595501,1887666176.0000
2026-07-28 10:25:00,3435.583,3435.583,3428.744,3430.029,66860907,2466840576.0000
2026-07-28 10:26:00,3429.438,3429.438,3424.087,3425.637,59566521,2394636288.0000
2026-07-28 10:27:00,3425.759,3430.538,3422.942,3422.942,62439641,2086862848.0000
2026-07-28 10:28:00,3422.684,3423.831,3421.449,3421.487,58395008,2042265600.0000
2026-07-28 10:29:00,3421.286,3421.286,3417.981,3419.441,67482125,2260598784.0000
2026-07-28 10:30:00,3419.563,3423.140,3419.168,3423.140,65841157,1999323136.0000
2026-07-28 10:31:00,3423.119,3423.119,3416.927,3421.097,106850940,3098001408.0000
2026-07-28 10:32:00,3423.615,3424.377,3421.042,3422.218,62367777,1790279680.0000
2026-07-28 10:33:00,3421.607,3423.388,3420.425,3422.666,55874134,1502134272.0000
2026-07-28 10:34:00,3422.308,3422.308,3416.138,3416.263,75029820,2027880448.0000
2026-07-28 10:35:00,3415.670,3417.687,3414.456,3417.036,66605348,1868447744.0000
2026-07-28 10:36:00,3416.648,3416.744,3411.206,3411.453,82070599,2301853696.0000
2026-07-28 10:37:00,3411.085,3411.879,3407.910,3407.910,62067203,2162196480.0000
2026-07-28 10:38:00,3408.017,3408.017,3404.111,3404.549,63777429,2212675584.0000
2026-07-28 10:39:00,3404.878,3408.537,3404.878,3407.658,60829796,1929986048.0000
2026-07-28 10:40:00,3404.617,3404.617,3398.517,3402.713,72007676,2771468288.0000
2026-07-28 10:41:00,3401.790,3402.821,3400.562,3401.536,55216268,1800454144.0000
2026-07-28 10:42:00,3401.479,3402.296,3400.230,3400.635,52160032,1719910400.0000
2026-07-28 10:43:00,3401.151,3401.151,3397.917,3397.917,51485754,1778761728.0000
2026-07-28 10:44:00,3397.462,3400.945,3397.462,3400.818,48818742,1750761472.0000
2026-07-28 10:45:00,3400.704,3400.704,3395.101,3395.238,66049275,2148417536.0000
2026-07-28 10:46:00,3395.142,3400.025,3394.840,3397.154,56596465,1842888704.0000
2026-07-28 10:47:00,3395.800,3395.800,3391.221,3391.221,78574369,2575155200.0000
2026-07-28 10:48:00,3390.813,3391.589,3385.512,3385.512,67022532,2217476096.0000
2026-07-28 10:49:00,3385.667,3389.018,3384.141,3384.141,77172073,2558296064.0000
2026-07-28 10:50:00,3384.037,3391.825,3383.378,3391.632,77278206,2364866560.0000
2026-07-28 10:51:00,3391.162,3392.168,3387.638,3388.014,61530456,1676967936.0000
2026-07-28 10:52:00,3388.637,3388.637,3385.380,3387.382,49600369,1810169856.0000
2026-07-28 10:53:00,3387.882,3403.311,3387.882,3403.311,48402368,1814298624.0000
2026-07-28 10:54:00,3404.590,3413.582,3404.590,3412.964,59727094,2152955904.0000
2026-07-28 10:55:00,3412.969,3413.233,3403.700,3407.641,50717222,1721630720.0000
2026-07-28 10:56:00,3408.028,3413.172,3408.028,3408.638,42449776,1384644608.0000
2026-07-28 10:57:00,3408.843,3408.843,3398.684,3400.501,32907392,1134690304.0000
2026-07-28 10:58:00,3399.867,3399.867,3396.426,3397.180,34156913,1048903680.0000
2026-07-28 10:59:00,3398.883,3400.533,3394.536,3396.376,43112683,1296695296.0000
2026-07-28 11:00:00,3396.465,3396.465,3390.218,3390.288,41662065,1187217408.0000
2026-07-28 11:01:00,3390.399,3391.252,3385.432,3385.732,63945055,1634336768.0000
2026-07-28 11:02:00,3385.484,3390.716,3385.484,3387.418,46096713,1500708864.0000
2026-07-28 11:03:00,3386.686,3390.133,3386.480,3388.312,37064102,1192525824.0000
2026-07-28 11:04:00,3388.227,3388.347,3385.202,3386.310,40614810,1315340288.0000
2026-07-28 11:05:00,3385.915,3385.915,3380.427,3381.248,46288841,1702166528.0000
2026-07-28 11:06:00,3380.992,3380.992,3379.328,3380.394,42423901,1308786688.0000
2026-07-28 11:07:00,3380.400,3382.743,3378.832,3382.743,42650212,1312980992.0000
2026-07-28 11:08:00,3382.007,3382.007,3378.414,3378.797,45592366,1307967488.0000
2026-07-28 11:09:00,3378.779,3378.887,3374.968,3375.467,60944751,1579614208.0000
2026-07-28 11:10:00,3375.614,3381.575,3375.614,3378.209,47861673,1402306560.0000
2026-07-28 11:11:00,3377.342,3377.342,3372.777,3373.021,53006974,1664712704.0000
2026-07-28 11:12:00,3373.163,3381.046,3373.163,3379.453,44276019,1422557184.0000
2026-07-28 11:13:00,3380.137,3380.137,3375.157,3377.504,36880089,1132724224.0000
2026-07-28 11:14:00,3377.091,3386.577,3375.912,3386.577,35387958,1111130112.0000
2026-07-28 11:15:00,3387.953,3397.324,3387.953,3395.318,50887763,1577418752.0000
2026-07-28 11:16:00,3394.131,3401.059,3387.078,3398.532,46285034,1418821632.0000
2026-07-28 11:17:00,3399.755,3399.755,3394.820,3394.820,33071629,1055424512.0000
2026-07-28 11:18:00,3393.551,3406.620,3390.301,3406.620,43945179,1271791616.0000
2026-07-28 11:19:00,3408.448,3408.955,3404.726,3405.347,48956791,1471905792.0000
2026-07-28 11:20:00,3403.577,3403.577,3395.344,3395.344,43943735,1268875264.0000
2026-07-28 11:21:00,3393.032,3395.334,3389.357,3393.449,65682016,1576402944.0000
2026-07-28 11:22:00,3392.843,3399.747,3392.327,3397.702,27030055,960135168.0000
2026-07-28 11:23:00,3397.931,3400.414,3396.077,3399.546,37912068,1112637440.0000
2026-07-28 11:24:00,3397.992,3404.618,3397.737,3404.618,28423118,940376064.0000
2026-07-28 11:25:00,3405.586,3410.373,3404.999,3405.178,39141680,1221230592.0000
2026-07-28 11:26:00,3405.653,3417.195,3404.991,3416.492,46383453,1309704192.0000
2026-07-28 11:27:00,3416.535,3417.333,3408.059,3408.070,37000066,1167884288.0000
2026-07-28 11:28:00,3408.325,3408.751,3404.591,3405.026,29074793,875102208.0000
2026-07-28 11:29:00,3403.970,3403.970,3397.376,3397.416,36458399,1034911744.0000
2026-07-28 11:30:00,3396.434,3397.967,3393.445,3397.967,29419472,863567872.0000
2026-07-28 13:01:00,3394.934,3394.934,3382.309,3382.309,142964952,3905617920.0000
2026-07-28 13:02:00,3384.129,3390.922,3384.129,3384.586,61219629,1861582848.0000
2026-07-28 13:03:00,3384.572,3386.621,3381.285,3385.974,50117740,1517715456.0000
2026-07-28 13:04:00,3386.800,3386.975,3383.369,3383.369,45824871,1338572800.0000
2026-07-28 13:05:00,3382.941,3384.224,3379.646,3379.646,44376970,1241350144.0000
2026-07-28 13:06:00,3379.047,3379.047,3372.110,3375.202,68286049,1867087872.0000
2026-07-28 13:07:00,3375.177,3377.085,3372.626,3376.126,53367834,1485832192.0000
2026-07-28 13:08:00,3376.540,3377.096,3374.817,3375.452,42130348,1142128640.0000
2026-07-28 13:09:00,3374.680,3382.136,3374.680,3381.787,44800670,1260486656.0000
2026-07-28 13:10:00,3382.038,3384.859,3379.824,3384.473,40420318,1183088640.0000
2026-07-28 13:11:00,3385.369,3387.407,3383.505,3383.670,45001675,1103462400.0000
2026-07-28 13:12:00,3383.968,3383.968,3378.440,3382.554,47955756,1189183488.0000
2026-07-28 13:13:00,3383.948,3391.694,3383.948,3391.694,58509637,1421705216.0000
2026-07-28 13:14:00,3390.728,3396.321,3390.728,3394.381,48291217,1268318208.0000
2026-07-28 13:15:00,3392.763,3393.348,3385.670,3387.540,34842431,1143209984.0000
2026-07-28 13:16:00,3387.501,3390.941,3386.997,3390.241,36773945,1095663616.0000
2026-07-28 13:17:00,3390.656,3390.656,3382.310,3382.310,44600721,1136394240.0000
2026-07-28 13:18:00,3382.133,3382.133,3379.071,3379.071,45295787,1205764096.0000
2026-07-28 13:19:00,3379.172,3379.172,3375.647,3377.527,36733372,1272938496.0000
2026-07-28 13:20:00,3377.363,3377.363,3373.570,3373.570,29047960,963444736.0000
2026-07-28 13:21:00,3373.360,3373.919,3371.212,3372.226,39840470,1512603648.0000
2026-07-28 13:22:00,3372.362,3376.749,3372.362,3373.984,32964429,1119518720.0000
2026-07-28 13:23:00,3373.668,3377.145,3373.164,3375.345,32027566,1049231360.0000
2026-07-28 13:24:00,3374.426,3374.426,3367.934,3368.508,39342506,1348796416.0000
2026-07-28 13:25:00,3368.649,3372.611,3368.516,3368.516,31126591,1117782016.0000
2026-07-28 13:26:00,3368.257,3369.316,3367.895,3369.095,32317390,1062797312.0000
2026-07-28 13:27:00,3369.257,3369.889,3368.207,3369.279,33821702,1068826624.0000
2026-07-28 13:28:00,3369.502,3369.910,3366.952,3367.262,38630985,1232371712.0000
2026-07-28 13:29:00,3366.625,3367.382,3364.414,3367.382,42904954,1333264384.0000
2026-07-28 13:30:00,3368.532,3368.532,3364.625,3364.625,32908671,1046020096.0000
2026-07-28 13:31:00,3364.529,3366.192,3364.529,3364.606,38219310,1227685888.0000
2026-07-28 13:32:00,3364.198,3364.198,3361.648,3362.848,52745738,1811251200.0000
2026-07-28 13:33:00,3362.543,3362.543,3360.429,3360.581,35936396,1214087168.0000
2026-07-28 13:34:00,3360.566,3360.566,3358.311,3358.329,44648255,1509097472.0000
2026-07-28 13:35:00,3358.070,3358.070,3353.558,3353.558,58044035,1820295168.0000
2026-07-28 13:36:00,3354.093,3356.736,3354.093,3356.736,44787456,1962311680.0000
2026-07-28 13:37:00,3355.765,3356.134,3353.921,3356.134,41981482,1416495104.0000
2026-07-28 13:38:00,3357.046,3366.919,3357.046,3366.919,60739913,1642954752.0000
2026-07-28 13:39:00,3366.497,3366.497,3363.950,3363.950,39145518,1176436736.0000
2026-07-28 13:40:00,3363.565,3371.415,3363.470,3370.417,58868274,1470103552.0000
2026-07-28 13:41:00,3370.839,3375.240,3370.537,3374.800,48325678,1268580352.0000
2026-07-28 13:42:00,3374.134,3374.134,3369.653,3370.548,36837713,1083801600.0000
2026-07-28 13:43:00,3373.080,3384.175,3373.080,3384.175,41971308,1319370752.0000
2026-07-28 13:44:00,3384.885,3388.970,3382.995,3383.704,48579002,1363017728.0000
2026-07-28 13:45:00,3383.062,3383.062,3375.559,3377.983,36992376,1158774784.0000
2026-07-28 13:46:00,3378.424,3382.570,3372.596,3372.596,36444750,1162706944.0000
2026-07-28 13:47:00,3372.544,3372.544,3365.115,3365.115,33731702,974585856.0000
2026-07-28 13:48:00,3364.626,3364.626,3360.463,3361.403,36466971,1182728192.0000
2026-07-28 13:49:00,3361.471,3361.471,3357.367,3359.468,37367682,1171062784.0000
2026-07-28 13:50:00,3359.205,3359.496,3355.490,3356.614,29919548,1059356672.0000
2026-07-28 13:51:00,3356.031,3359.583,3355.860,3358.973,41010328,1310490624.0000
2026-07-28 13:52:00,3358.527,3358.855,3355.745,3355.755,37477734,1107263488.0000
2026-07-28 13:53:00,3355.815,3357.391,3355.163,3356.313,28645265,1083244544.0000
2026-07-28 13:54:00,3356.513,3356.851,3354.383,3356.030,36715023,1284079616.0000
2026-07-28 13:55:00,3355.680,3355.680,3352.414,3352.414,30111648,1113325568.0000
2026-07-28 13:56:00,3352.138,3355.953,3352.138,3355.953,32721375,1192198144.0000
2026-07-28 13:57:00,3355.774,3356.190,3355.389,3355.630,30062215,895582208.0000
2026-07-28 13:58:00,3355.562,3358.258,3354.240,3358.258,36229443,1130168320.0000
2026-07-28 13:59:00,3358.467,3361.175,3357.152,3360.974,32678981,968327168.0000
2026-07-28 14:00:00,3361.105,3361.411,3357.746,3357.746,35252703,893943808.0000
2026-07-28 14:01:00,3357.604,3357.942,3356.262,3356.914,44699273,1071972352.0000
2026-07-28 14:02:00,3356.886,3361.485,3356.886,3361.176,46146422,1176961024.0000
2026-07-28 14:03:00,3360.289,3362.850,3359.171,3362.841,43244088,1165885440.0000
2026-07-28 14:04:00,3362.965,3362.965,3361.344,3362.061,34197584,984481792.0000
2026-07-28 14:05:00,3361.940,3361.940,3360.295,3360.721,44404001,1317830656.0000
2026-07-28 14:06:00,3359.980,3360.081,3354.318,3354.318,47048114,1297580032.0000
2026-07-28 14:07:00,3354.711,3356.590,3354.711,3356.041,33202112,1199243264.0000
2026-07-28 14:08:00,3358.027,3360.163,3356.399,3356.903,34667551,1039335424.0000
2026-07-28 14:09:00,3356.541,3356.548,3353.455,3354.403,27964304,904364032.0000
2026-07-28 14:10:00,3354.293,3354.305,3352.465,3352.465,31015879,1047527424.0000
2026-07-28 14:11:00,3352.150,3354.307,3352.150,3352.605,36317254,1168605184.0000
2026-07-28 14:12:00,3354.757,3355.255,3352.624,3352.624,32060220,1030651904.0000
2026-07-28 14:13:00,3352.417,3352.417,3350.259,3351.335,37000640,1128202240.0000
2026-07-28 14:14:00,3351.299,3351.299,3347.419,3347.419,44083698,1265238016.0000
2026-07-28 14:15:00,3346.895,3346.975,3344.855,3346.066,60471550,1921351680.0000
2026-07-28 14:16:00,3345.970,3345.970,3341.737,3341.737,51696451,1788084224.0000
2026-07-28 14:17:00,3341.734,3341.887,3338.388,3338.388,48430013,1762623488.0000
2026-07-28 14:18:00,3338.065,3338.736,3336.255,3337.959,62812772,2140176384.0000
2026-07-28 14:19:00,3338.325,3338.351,3336.222,3337.070,43128249,1426259968.0000
2026-07-28 14:20:00,3337.103,3347.480,3337.103,3346.169,59765243,1853751296.0000
2026-07-28 14:21:00,3345.523,3352.393,3345.523,3350.124,56395512,1687355392.0000
2026-07-28 14:22:00,3349.750,3350.000,3346.881,3347.108,31889152,989102080.0000
2026-07-28 14:23:00,3346.576,3350.476,3346.576,3349.966,41883235,1194393600.0000
2026-07-28 14:24:00,3349.900,3349.900,3342.284,3342.284,35059741,1057652736.0000
2026-07-28 14:25:00,3341.506,3343.553,3339.425,3343.553,32050286,1318518784.0000
2026-07-28 14:26:00,3343.611,3343.772,3340.855,3342.081,29475298,953778176.0000
2026-07-28 14:27:00,3341.380,3341.819,3339.651,3340.386,24859029,884310016.0000
2026-07-28 14:28:00,3340.666,3340.880,3337.711,3337.768,31825026,1033404416.0000
2026-07-28 14:29:00,3337.349,3339.819,3337.349,3338.390,31623756,1081311232.0000
2026-07-28 14:30:00,3338.409,3344.119,3338.409,3344.119,36913454,1210777600.0000
2026-07-28 14:31:00,3343.969,3344.046,3339.095,3339.095,59107603,1503002624.0000
2026-07-28 14:32:00,3338.582,3338.582,3334.431,3335.031,60154450,1612611584.0000
2026-07-28 14:33:00,3336.112,3336.433,3331.828,3332.190,48892496,1686863872.0000
2026-07-28 14:34:00,3332.754,3332.754,3328.684,3328.865,42835129,1757085696.0000
2026-07-28 14:35:00,3330.449,3334.055,3329.689,3329.689,42599629,1634861056.0000
2026-07-28 14:36:00,3329.929,3330.178,3327.786,3329.144,41481907,1657995264.0000
2026-07-28 14:37:00,3328.289,3328.289,3323.129,3323.129,79188084,2412249088.0000
2026-07-28 14:38:00,3322.733,3323.029,3317.632,3317.632,75252969,2773188608.0000
2026-07-28 14:39:00,3317.766,3321.636,3316.889,3321.636,77610743,2822602752.0000
2026-07-28 14:40:00,3323.172,3329.694,3323.172,3329.094,67669422,2172485632.0000
2026-07-28 14:41:00,3329.363,3334.251,3329.363,3333.508,68382920,2125365248.0000
2026-07-28 14:42:00,3332.429,3332.536,3322.503,3322.604,59241328,1862369280.0000
2026-07-28 14:43:00,3322.536,3322.536,3315.669,3316.684,60353397,1952219136.0000
2026-07-28 14:44:00,3316.154,3319.738,3316.154,3317.554,58521508,1990197248.0000
2026-07-28 14:45:00,3316.901,3317.247,3312.305,3312.589,78597828,2404483072.0000
2026-07-28 14:46:00,3312.831,3315.935,3312.831,3314.134,89427819,2614820864.0000
2026-07-28 14:47:00,3314.455,3322.955,3314.455,3322.056,95980234,2663677952.0000
2026-07-28 14:48:00,3321.619,3321.741,3316.090,3316.090,64922846,1797881856.0000
2026-07-28 14:49:00,3315.992,3317.781,3315.992,3317.322,68537995,2091974656.0000
2026-07-28 14:50:00,3316.522,3320.122,3314.746,3320.122,81323880,2568290304.0000
2026-07-28 14:51:00,3320.896,3339.285,3320.896,3338.543,123565542,3251372032.0000
2026-07-28 14:52:00,3339.300,3339.381,3329.535,3330.428,87821320,2582249472.0000
2026-07-28 14:53:00,3329.583,3334.449,3329.583,3333.440,73526744,2109800448.0000
2026-07-28 14:54:00,3332.912,3333.528,3331.337,3331.337,78346512,2147844096.0000
2026-07-28 14:55:00,3330.617,3330.617,3324.457,3325.139,91973883,2600173568.0000
2026-07-28 14:56:00,3324.949,3327.536,3324.949,3327.536,112211796,3075866624.0000
2026-07-28 14:57:00,3327.586,3328.881,3326.929,3327.442,122123649,3211100160.0000
2026-07-28 14:58:00,3327.758,3327.758,3327.742,3327.742,2928454,90046464.0000
2026-07-28 15:00:00,3327.030,3327.030,3327.030,3327.030,171769971,4987748352.0000
2026-07-29 09:31:00,3333.481,3347.516,3333.481,3340.489,670835590,18991058944.0000
2026-07-29 09:32:00,3340.010,3341.632,3337.160,3338.179,386614932,10601936896.0000
2026-07-29 09:33:00,3337.258,3337.258,3326.402,3332.478,308821362,8706304000.0000
2026-07-29 09:34:00,3331.211,3332.163,3319.825,3328.810,288709954,7989895168.0000
2026-07-29 09:35:00,3329.760,3338.810,3329.760,3337.508,263330762,6886146048.0000
2026-07-29 09:36:00,3334.929,3347.171,3334.929,3347.171,243227810,6793629696.0000
2026-07-29 09:37:00,3348.088,3361.891,3348.088,3356.001,217291753,6534754304.0000
2026-07-29 09:38:00,3356.425,3362.461,3352.918,3358.549,217751895,6156234752.0000
2026-07-29 09:39:00,3357.574,3363.088,3353.581,3354.067,193264768,5590745088.0000
2026-07-29 09:40:00,3354.619,3358.795,3351.567,3355.825,188434028,5462982656.0000
2026-07-29 09:41:00,3355.526,3355.747,3352.115,3352.115,180863428,5570142208.0000
2026-07-29 09:42:00,3351.625,3351.625,3333.504,3333.504,191318493,5191049216.0000
2026-07-29 09:43:00,3332.321,3332.321,3322.908,3322.908,202322945,5860032512.0000
2026-07-29 09:44:00,3321.727,3321.727,3310.219,3310.423,197760379,5858082816.0000
2026-07-29 09:45:00,3309.381,3309.381,3304.091,3305.177,206667069,6410395648.0000
2026-07-29 09:46:00,3307.353,3309.061,3298.651,3299.129,231962286,6486286336.0000
2026-07-29 09:47:00,3298.208,3301.682,3296.645,3296.671,169780207,5485387776.0000
2026-07-29 09:48:00,3295.369,3305.775,3292.836,3305.775,182841124,5779996672.0000
2026-07-29 09:49:00,3307.960,3307.960,3285.714,3286.422,185539946,5550800896.0000
2026-07-29 09:50:00,3286.138,3289.867,3283.605,3283.605,161649202,4775124992.0000
2026-07-29 09:51:00,3282.238,3282.262,3277.548,3282.188,224306376,6629359616.0000
2026-07-29 09:52:00,3280.866,3288.550,3277.171,3288.550,150177728,4713349120.0000
2026-07-29 09:53:00,3289.504,3295.044,3289.504,3293.543,158361254,4837113856.0000
2026-07-29 09:54:00,3292.626,3292.697,3283.648,3287.790,128551117,3659956224.0000
2026-07-29 09:55:00,3287.543,3293.718,3287.015,3287.015,114994631,3407773696.0000
2026-07-29 09:56:00,3284.673,3284.673,3272.809,3274.958,162022821,4461903872.0000
2026-07-29 09:57:00,3273.699,3274.568,3266.410,3266.410,124112863,3837820928.0000
2026-07-29 09:58:00,3268.024,3288.074,3268.024,3287.804,133163285,3993550848.0000
2026-07-29 09:59:00,3288.736,3292.296,3281.601,3281.601,102828962,3071229952.0000
2026-07-29 10:00:00,3280.460,3281.608,3275.642,3277.079,89228794,2529198080.0000
2026-07-29 10:01:00,3275.018,3275.018,3270.236,3271.091,116992083,3215671296.0000
2026-07-29 10:02:00,3269.802,3274.102,3266.476,3274.102,128625457,3502243840.0000
2026-07-29 10:03:00,3272.400,3272.400,3265.027,3265.214,110699828,3540811776.0000
2026-07-29 10:04:00,3265.219,3274.203,3265.219,3268.439,112308155,3603300352.0000
2026-07-29 10:05:00,3268.264,3268.264,3257.751,3262.551,135653391,4475011072.0000
2026-07-29 10:06:00,3262.548,3263.227,3252.730,3253.159,133050077,4523982848.0000
2026-07-29 10:07:00,3253.994,3257.706,3249.647,3250.362,117911014,3950018560.0000
2026-07-29 10:08:00,3253.188,3264.327,3253.188,3254.352,122083110,3864068096.0000
2026-07-29 10:09:00,3254.068,3262.807,3253.295,3261.812,103908634,3167961088.0000
2026-07-29 10:10:00,3262.437,3271.326,3262.437,3270.398,94992340,3008020480.0000
2026-07-29 10:11:00,3270.491,3292.560,3270.491,3292.560,116200407,3365830656.0000
2026-07-29 10:12:00,3292.802,3295.051,3288.504,3293.857,93117392,3117580288.0000
2026-07-29 10:13:00,3294.610,3302.970,3290.374,3302.860,99587998,2946482176.0000
2026-07-29 10:14:00,3302.652,3309.747,3302.652,3306.550,95530556,3067330560.0000
2026-07-29 10:15:00,3305.228,3305.228,3297.596,3297.596,87268037,2462646272.0000
2026-07-29 10:16:00,3296.542,3304.721,3293.484,3296.348,84988567,2355806208.0000
2026-07-29 10:17:00,3298.329,3298.329,3289.888,3290.667,74531269,1972338688.0000
2026-07-29 10:18:00,3291.692,3292.490,3285.886,3287.721,81103802,2164834304.0000
2026-07-29 10:19:00,3287.392,3299.674,3287.392,3299.674,63657494,1844969472.0000
2026-07-29 10:20:00,3297.425,3297.607,3288.055,3288.055,74673036,2135228416.0000
2026-07-29 10:21:00,3286.506,3286.506,3282.008,3282.008,76562121,2152169472.0000
2026-07-29 10:22:00,3281.320,3281.320,3276.484,3278.060,79016877,2259058688.0000
2026-07-29 10:23:00,3277.846,3286.686,3277.246,3285.139,76343208,2127757312.0000
2026-07-29 10:24:00,3285.950,3297.550,3285.950,3293.722,87525509,2155708416.0000
2026-07-29 10:25:00,3294.467,3306.862,3294.434,3306.862,74488252,1992818688.0000
2026-07-29 10:26:00,3309.624,3326.346,3309.624,3325.649,132680641,3422109696.0000
2026-07-29 10:27:00,3324.494,3333.959,3322.556,3333.959,94249631,2928918528.0000
2026-07-29 10:28:00,3333.999,3348.710,3333.999,3348.710,133561065,3653042176.0000
2026-07-29 10:29:00,3348.318,3357.024,3348.318,3354.358,133200596,4364599296.0000
2026-07-29 10:30:00,3354.658,3356.058,3349.785,3351.220,102865029,3307782144.0000
2026-07-29 10:31:00,3351.131,3351.570,3343.913,3345.221,133334144,3581739008.0000
2026-07-29 10:32:00,3346.147,3346.493,3342.373,3346.096,98338521,2739077120.0000
2026-07-29 10:33:00,3349.209,3359.682,3349.209,3355.968,155844319,4082139136.0000
2026-07-29 10:34:00,3354.640,3355.018,3349.544,3349.544,110779502,3168829440.0000
2026-07-29 10:35:00,3349.093,3349.788,3337.345,3337.345,91557422,2423848960.0000
2026-07-29 10:36:00,3336.859,3342.044,3335.953,3337.683,88161296,2480472064.0000
2026-07-29 10:37:00,3338.324,3347.073,3338.324,3341.487,89919637,2252767232.0000
2026-07-29 10:38:00,3340.107,3341.253,3332.746,3332.746,81122018,1880817664.0000
2026-07-29 10:39:00,3332.031,3336.520,3332.031,3336.520,73960603,1804599296.0000
2026-07-29 10:40:00,3335.319,3335.319,3329.769,3332.323,67415109,1874821120.0000
2026-07-29 10:41:00,3334.788,3346.407,3334.788,3343.810,77071715,2108882944.0000
2026-07-29 10:42:00,3343.517,3343.517,3337.563,3339.226,56015112,1555628032.0000
2026-07-29 10:43:00,3340.173,3348.935,3340.173,3348.584,58950034,1605894144.0000
2026-07-29 10:44:00,3349.863,3350.344,3340.429,3340.767,60059548,1675919360.0000
2026-07-29 10:45:00,3339.525,3339.525,3332.965,3332.966,54075597,1497432064.0000
2026-07-29 10:46:00,3332.827,3335.709,3331.021,3331.021,60254289,1515880448.0000
2026-07-29 10:47:00,3329.663,3329.663,3322.099,3322.099,65843047,1780744192.0000
2026-07-29 10:48:00,3321.197,3323.316,3318.618,3322.073,72561896,1827995648.0000
2026-07-29 10:49:00,3321.602,3323.331,3320.136,3322.049,54980033,1500250112.0000
2026-07-29 10:50:00,3321.743,3321.743,3313.936,3313.936,58333469,1507950592.0000
2026-07-29 10:51:00,3313.625,3313.625,3311.405,3312.605,72112968,1723006976.0000
2026-07-29 10:52:00,3314.909,3316.151,3313.255,3314.061,49988041,1392050176.0000
2026-07-29 10:53:00,3313.994,3313.994,3311.653,3312.113,47984828,1269268480.0000
2026-07-29 10:54:00,3312.676,3313.715,3311.538,3311.538,65093180,1419902976.0000
2026-07-29 10:55:00,3311.699,3312.174,3305.896,3305.896,65132121,1588559872.0000
2026-07-29 10:56:00,3305.564,3307.858,3305.564,3307.046,51312797,1494876160.0000
2026-07-29 10:57:00,3306.628,3306.628,3303.513,3304.923,57004806,1673232384.0000
2026-07-29 10:58:00,3304.712,3307.565,3303.969,3307.565,47906055,1320321024.0000
2026-07-29 10:59:00,3308.843,3312.203,3308.843,3311.734,49480264,1433698304.0000
2026-07-29 11:00:00,3311.904,3312.433,3308.967,3309.494,58776255,1439367168.0000
2026-07-29 11:01:00,3309.619,3311.508,3307.555,3307.556,53311003,1395064832.0000
2026-07-29 11:02:00,3307.311,3311.174,3305.673,3311.174,56871783,1522630656.0000
2026-07-29 11:03:00,3311.122,3320.353,3311.122,3317.587,65066967,1715503104.0000
2026-07-29 11:04:00,3317.558,3318.426,3313.769,3314.261,57853897,1300692992.0000
2026-07-29 11:05:00,3314.454,3319.662,3314.454,3318.226,41085404,1064632320.0000
2026-07-29 11:06:00,3318.218,3318.965,3312.436,3312.918,63492042,1335328768.0000
2026-07-29 11:07:00,3312.644,3312.644,3307.464,3307.724,45156875,1114800128.0000
2026-07-29 11:08:00,3307.717,3319.683,3301.151,3319.315,129046662,3172073472.0000
2026-07-29 11:09:00,3319.964,3321.083,3314.117,3318.306,54153684,1841954816.0000
2026-07-29 11:10:00,3318.341,3330.525,3318.257,3330.525,47429417,1618313216.0000
2026-07-29 11:11:00,3330.974,3345.248,3330.974,3343.348,90390739,2506752000.0000
2026-07-29 11:12:00,3342.498,3343.238,3336.153,3336.550,59756198,1835302912.0000
2026-07-29 11:13:00,3340.048,3345.986,3337.800,3339.160,60233377,2193620992.0000
2026-07-29 11:14:00,3339.198,3339.233,3334.004,3335.648,29957508,890601472.0000
2026-07-29 11:15:00,3336.257,3336.257,3324.021,3324.432,46698667,1130692608.0000
2026-07-29 11:16:00,3324.435,3327.757,3322.793,3325.319,34132584,995426304.0000
2026-07-29 11:17:00,3324.897,3332.237,3324.318,3331.401,30812568,926941184.0000
2026-07-29 11:18:00,3329.505,3329.505,3320.764,3321.182,31715859,926908416.0000
2026-07-29 11:19:00,3320.883,3320.883,3316.544,3320.602,33457610,953024512.0000
2026-07-29 11:20:00,3320.644,3320.644,3313.767,3314.477,36853643,1074266112.0000
2026-07-29 11:21:00,3314.623,3317.915,3312.850,3312.850,31623263,959610880.0000
2026-07-29 11:22:00,3312.400,3314.181,3311.731,3312.706,27323135,907051008.0000
2026-07-29 11:23:00,3313.016,3313.016,3310.159,3310.159,25150724,780697600.0000
2026-07-29 11:24:00,3310.043,3311.829,3307.823,3308.887,32472237,994410496.0000
2026-07-29 11:25:00,3309.335,3310.318,3307.407,3310.174,27966054,888864768.0000
2026-07-29 11:26:00,3310.634,3313.473,3310.634,3311.470,26900732,855146496.0000
2026-07-29 11:27:00,3312.031,3315.007,3311.617,3312.509,27511727,837615616.0000
2026-07-29 11:28:00,3311.773,3311.773,3306.599,3306.599,41915172,1237712896.0000
2026-07-29 11:29:00,3306.851,3308.935,3306.495,3307.290,27700895,942571520.0000
2026-07-29 11:30:00,3307.228,3311.761,3307.228,3311.319,32820594,944013312.0000
2026-07-29 13:01:00,3300.554,3302.474,3288.089,3302.474,196088163,5473665024.0000
2026-07-29 13:02:00,3302.122,3311.702,3302.122,3308.375,57810057,2065563648.0000
2026-07-29 13:03:00,3306.933,3311.532,3306.472,3310.757,42502744,1285160960.0000
2026-07-29 13:04:00,3310.589,3329.876,3310.589,3329.876,66289012,1809547264.0000
2026-07-29 13:05:00,3330.681,3340.557,3330.681,3340.184,62185892,1950023680.0000
2026-07-29 13:06:00,3338.888,3339.105,3331.316,3331.659,60338021,1715240960.0000
2026-07-29 13:07:00,3331.461,3339.529,3331.461,3332.129,45008232,1462894592.0000
2026-07-29 13:08:00,3332.653,3340.074,3332.074,3340.074,46745177,1370619904.0000
2026-07-29 13:09:00,3338.301,3350.677,3336.568,3350.677,72074349,1977843712.0000
2026-07-29 13:10:00,3351.801,3358.097,3351.801,3358.097,90431865,2682322944.0000
2026-07-29 13:11:00,3358.240,3359.218,3352.645,3358.064,79630393,2392883200.0000
2026-07-29 13:12:00,3358.179,3366.563,3356.933,3366.563,84035420,2464120832.0000
2026-07-29 13:13:00,3366.868,3374.298,3366.868,3371.607,115600878,3467608064.0000
2026-07-29 13:14:00,3371.226,3372.308,3369.695,3370.170,83936821,2546008064.0000
2026-07-29 13:15:00,3369.916,3381.339,3369.916,3379.639,103068392,3202711552.0000
2026-07-29 13:16:00,3378.279,3379.449,3370.892,3371.783,80543901,2667872256.0000
2026-07-29 13:17:00,3371.212,3371.212,3363.124,3364.259,67666880,2116452352.0000
2026-07-29 13:18:00,3363.317,3363.550,3356.422,3356.422,61767794,1807089664.0000
2026-07-29 13:19:00,3355.784,3360.303,3354.711,3356.849,56935702,1674510336.0000
2026-07-29 13:20:00,3355.612,3355.612,3350.269,3352.964,62014087,1767604224.0000
2026-07-29 13:21:00,3352.211,3358.065,3347.742,3358.065,65144055,1646100480.0000
2026-07-29 13:22:00,3357.898,3358.441,3353.096,3353.735,49802600,1346764800.0000
2026-07-29 13:23:00,3354.960,3367.801,3354.960,3367.702,60154088,1472921600.0000
2026-07-29 13:24:00,3368.835,3372.111,3362.537,3362.647,62317395,1712586752.0000
2026-07-29 13:25:00,3362.699,3363.069,3361.533,3362.904,47552039,1321172992.0000
2026-07-29 13:26:00,3363.940,3371.619,3363.940,3371.619,66196548,1860435968.0000
2026-07-29 13:27:00,3372.307,3372.307,3363.608,3364.092,61683108,1746862080.0000
2026-07-29 13:28:00,3364.663,3370.379,3364.663,3368.590,56562240,1625063424.0000
2026-07-29 13:29:00,3369.703,3374.477,3369.703,3373.923,56503644,1711603712.0000
2026-07-29 13:30:00,3373.935,3377.938,3373.598,3375.393,56995933,1806663680.0000
2026-07-29 13:31:00,3375.197,3375.969,3366.701,3366.701,66007389,1777205248.0000
2026-07-29 13:32:00,3365.376,3368.568,3361.754,3368.077,56094549,1533575168.0000
2026-07-29 13:33:00,3368.129,3368.129,3362.115,3367.239,44918755,1342701568.0000
2026-07-29 13:34:00,3368.636,3378.127,3368.636,3378.066,76544793,1856995328.0000
2026-07-29 13:35:00,3378.943,3391.332,3378.943,3391.332,97494107,2804940800.0000
2026-07-29 13:36:00,3391.987,3391.987,3388.534,3391.674,82346363,2412904448.0000
2026-07-29 13:37:00,3392.719,3398.300,3392.719,3395.372,65562634,2468118528.0000
2026-07-29 13:38:00,3395.145,3395.145,3389.476,3391.731,65430373,2088861696.0000
2026-07-29 13:39:00,3391.846,3395.647,3389.808,3390.216,53704521,1697775616.0000
2026-07-29 13:40:00,3390.307,3401.481,3390.204,3401.024,77642676,2150793216.0000
2026-07-29 13:41:00,3400.957,3404.601,3400.957,3401.622,83785991,2679668736.0000
2026-07-29 13:42:00,3401.413,3406.924,3401.413,3406.924,67592696,2110455808.0000
2026-07-29 13:43:00,3407.566,3411.032,3407.566,3409.566,78363540,2550267904.0000
2026-07-29 13:44:00,3408.780,3408.780,3399.201,3402.675,77044008,2165014528.0000
2026-07-29 13:45:00,3404.317,3404.391,3398.564,3398.564,66975407,1847296000.0000
2026-07-29 13:46:00,3398.432,3403.385,3398.130,3402.781,56001533,1537671168.0000
2026-07-29 13:47:00,3399.142,3399.142,3387.700,3387.700,58545805,1741520896.0000
2026-07-29 13:48:00,3387.103,3387.103,3383.405,3383.405,57268972,1498251264.0000
2026-07-29 13:49:00,3383.025,3387.026,3382.493,3383.492,55372266,1442283520.0000
2026-07-29 13:50:00,3382.183,3382.183,3375.654,3375.692,55585401,1562476544.0000
2026-07-29 13:51:00,3375.856,3378.953,3375.154,3375.943,50443498,1387823104.0000
2026-07-29 13:52:00,3375.671,3380.105,3375.671,3378.381,49192432,1234665472.0000
2026-07-29 13:53:00,3378.483,3378.483,3375.067,3375.067,38476143,1187610624.0000
2026-07-29 13:54:00,3374.642,3374.642,3368.534,3368.534,42870944,1233715200.0000
2026-07-29 13:55:00,3368.252,3368.252,3363.592,3364.717,51333418,1310556160.0000
2026-07-29 13:56:00,3364.688,3371.664,3364.688,3371.472,45864552,1329922048.0000
2026-07-29 13:57:00,3371.454,3371.454,3368.563,3368.563,41124558,1036386304.0000
2026-07-29 13:58:00,3368.508,3375.474,3368.508,3373.388,37794515,1101496320.0000
2026-07-29 13:59:00,3373.133,3373.238,3370.858,3373.088,35212139,914685952.0000
2026-07-29 14:00:00,3373.316,3373.343,3372.394,3372.801,34444540,822247424.0000
2026-07-29 14:01:00,3372.266,3376.940,3372.134,3374.216,53430639,1197473792.0000
2026-07-29 14:02:00,3374.962,3377.707,3374.962,3377.707,45613181,1053786112.0000
2026-07-29 14:03:00,3378.071,3384.690,3378.071,3381.934,48532934,1356759040.0000
2026-07-29 14:04:00,3381.654,3381.904,3370.399,3370.399,53006673,1281261568.0000
2026-07-29 14:05:00,3370.355,3371.510,3364.637,3364.637,54031264,1206779904.0000
2026-07-29 14:06:00,3364.193,3364.193,3359.182,3359.182,41225473,1125384192.0000
2026-07-29 14:07:00,3358.892,3358.892,3354.692,3354.692,39389967,1103626240.0000
2026-07-29 14:08:00,3354.718,3357.760,3353.786,3357.760,56137567,1370783744.0000
2026-07-29 14:09:00,3357.754,3361.299,3357.398,3360.378,36549399,990543872.0000
2026-07-29 14:10:00,3360.940,3361.532,3358.208,3358.540,35951291,934674432.0000
2026-07-29 14:11:00,3359.569,3360.753,3357.771,3357.958,38386002,926285824.0000
2026-07-29 14:12:00,3357.968,3359.695,3357.416,3359.695,40483775,955645952.0000
2026-07-29 14:13:00,3360.073,3360.148,3356.866,3357.074,40712355,1038090240.0000
2026-07-29 14:14:00,3357.349,3361.335,3357.349,3361.005,34870192,909639680.0000
2026-07-29 14:15:00,3360.974,3368.926,3360.974,3368.332,48518505,1209696256.0000
2026-07-29 14:16:00,3369.016,3369.016,3365.562,3366.625,37066530,961740800.0000
2026-07-29 14:17:00,3367.174,3369.224,3367.049,3369.043,35512707,942211072.0000
2026-07-29 14:18:00,3369.365,3378.595,3369.365,3378.595,42286354,1126629376.0000
2026-07-29 14:19:00,3378.497,3380.171,3377.619,3379.173,38547867,1211727872.0000
2026-07-29 14:20:00,3379.656,3382.047,3378.936,3378.936,37277553,1047035904.0000
2026-07-29 14:21:00,3378.886,3380.391,3378.574,3378.574,34135153,998277120.0000
2026-07-29 14:22:00,3378.524,3379.508,3375.400,3375.400,34000727,976420864.0000
2026-07-29 14:23:00,3374.949,3374.949,3368.018,3368.018,37311301,992411648.0000
2026-07-29 14:24:00,3367.999,3368.805,3367.174,3367.362,29411561,855900160.0000
2026-07-29 14:25:00,3367.176,3367.176,3363.315,3364.618,36129283,1025900544.0000
2026-07-29 14:26:00,3364.353,3371.962,3363.057,3371.962,34564391,1054441472.0000
2026-07-29 14:27:00,3372.007,3374.097,3371.893,3374.086,38074946,966426624.0000
2026-07-29 14:28:00,3374.113,3377.048,3374.113,3375.845,39845225,1086849024.0000
2026-07-29 14:29:00,3375.661,3375.878,3373.036,3373.036,36148385,1012793344.0000
2026-07-29 14:30:00,3373.446,3373.446,3371.430,3371.937,36691366,901283840.0000
2026-07-29 14:31:00,3371.857,3379.002,3370.001,3379.002,68218641,1456898048.0000
2026-07-29 14:32:00,3378.539,3379.453,3376.436,3376.436,55961203,1342767104.0000
2026-07-29 14:33:00,3376.166,3376.166,3371.957,3372.008,49843611,1079017472.0000
2026-07-29 14:34:00,3373.661,3375.796,3373.661,3374.723,43229657,1105133568.0000
2026-07-29 14:35:00,3374.444,3374.444,3371.952,3371.952,48213896,1164574720.0000
2026-07-29 14:36:00,3371.805,3371.962,3371.433,3371.703,46701602,1084227584.0000
2026-07-29 14:37:00,3371.892,3372.070,3369.739,3370.127,40164998,1032716288.0000
2026-07-29 14:38:00,3370.077,3371.739,3370.077,3371.140,47262031,1220870144.0000
2026-07-29 14:39:00,3370.615,3371.326,3367.155,3367.155,47966698,1225326592.0000
2026-07-29 14:40:00,3366.804,3366.804,3363.295,3363.435,68897332,1551237120.0000
2026-07-29 14:41:00,3363.821,3365.919,3363.821,3364.979,53669951,1446281216.0000
2026-07-29 14:42:00,3364.622,3369.010,3364.622,3369.010,49070446,1326022656.0000
2026-07-29 14:43:00,3369.029,3370.974,3369.029,3370.841,51239752,1288634368.0000
2026-07-29 14:44:00,3370.613,3373.555,3370.081,3373.400,58651449,1552515072.0000
2026-07-29 14:45:00,3373.315,3374.180,3373.298,3373.878,54070248,1359872000.0000
2026-07-29 14:46:00,3373.703,3376.467,3373.409,3376.467,69802835,1726185472.0000
2026-07-29 14:47:00,3376.235,3380.712,3376.235,3380.433,73966879,1896185856.0000
2026-07-29 14:48:00,3380.440,3380.771,3379.171,3379.770,65243515,1725890560.0000
2026-07-29 14:49:00,3379.833,3384.058,3379.833,3384.058,75073080,1869709312.0000
2026-07-29 14:50:00,3384.507,3388.507,3384.507,3388.507,101950364,2297528320.0000
2026-07-29 14:51:00,3388.029,3388.029,3381.450,3381.450,104995702,2528673792.0000
2026-07-29 14:52:00,3380.541,3380.541,3379.144,3380.030,96834187,2301919232.0000
2026-07-29 14:53:00,3380.343,3382.085,3380.343,3380.900,91452426,2192769024.0000
2026-07-29 14:54:00,3380.736,3380.786,3380.025,3380.082,98516988,2390491136.0000
2026-07-29 14:55:00,3380.352,3380.773,3379.467,3379.612,113363208,2616524800.0000
2026-07-29 14:56:00,3379.668,3380.288,3379.344,3379.778,134750697,3119316992.0000
2026-07-29 14:57:00,3379.464,3382.172,3379.464,3381.162,148080228,3473932288.0000
2026-07-29 14:58:00,3381.949,3381.949,3381.904,3381.904,3116877,84738048.0000
2026-07-29 15:00:00,3378.696,3378.696,3378.696,3378.696,187356034,4721999872.0000
2026-07-30 09:31:00,3331.321,3349.443,3331.321,3344.454,729007894,19649636352.0000
2026-07-30 09:32:00,3343.813,3353.810,3342.808,3345.178,394740887,11253561344.0000
2026-07-30 09:33:00,3344.768,3344.963,3340.124,3341.407,326825534,8679788544.0000
2026-07-30 09:34:00,3340.388,3345.215,3336.045,3341.810,292682434,7871549440.0000
2026-07-30 09:35:00,3343.717,3351.085,3343.717,3349.544,258960220,6977482752.0000
2026-07-30 09:36:00,3347.475,3353.069,3342.416,3351.427,245864492,6642954240.0000
2026-07-30 09:37:00,3352.278,3352.278,3342.832,3342.876,247743074,6220394496.0000
2026-07-30 09:38:00,3342.697,3344.524,3330.781,3331.949,250039884,6431920128.0000
2026-07-30 09:39:00,3330.357,3330.357,3323.643,3329.056,243221344,6418685952.0000
2026-07-30 09:40:00,3330.510,3336.433,3328.935,3335.761,212259674,5354512384.0000
2026-07-30 09:41:00,3335.300,3335.300,3325.358,3328.404,208014701,5721448448.0000
2026-07-30 09:42:00,3327.458,3327.741,3316.596,3316.596,184725918,5224185856.0000
2026-07-30 09:43:00,3317.382,3327.753,3317.382,3317.796,222406711,5483290624.0000
2026-07-30 09:44:00,3316.245,3316.245,3311.271,3313.748,182834658,5325750272.0000
2026-07-30 09:45:00,3317.332,3325.722,3317.332,3319.883,178333187,5166301184.0000
2026-07-30 09:46:00,3319.016,3319.016,3307.763,3307.779,167999821,4813340672.0000
2026-07-30 09:47:00,3309.951,3309.951,3300.006,3301.619,192147029,5552193536.0000
2026-07-30 09:48:00,3301.206,3301.206,3284.113,3284.113,175752254,5438038016.0000
2026-07-30 09:49:00,3282.159,3291.305,3282.159,3289.467,191114861,6281117696.0000
2026-07-30 09:50:00,3289.451,3299.556,3289.152,3298.888,151802696,4466786304.0000
2026-07-30 09:51:00,3298.404,3313.862,3296.915,3311.135,168001150,4595728384.0000
2026-07-30 09:52:00,3313.089,3319.737,3313.089,3318.018,148981230,3766534144.0000
2026-07-30 09:53:00,3316.074,3316.074,3307.771,3307.771,124785436,3319988224.0000
2026-07-30 09:54:00,3306.455,3316.461,3306.455,3311.757,110851222,3215474688.0000
2026-07-30 09:55:00,3313.187,3321.540,3313.187,3321.540,109130423,2935291904.0000
2026-07-30 09:56:00,3323.088,3324.672,3313.690,3313.690,129084574,3432775680.0000
2026-07-30 09:57:00,3312.588,3312.588,3300.114,3301.629,136919803,4009590784.0000
2026-07-30 09:58:00,3299.869,3304.016,3298.306,3298.306,113693211,3640360960.0000
2026-07-30 09:59:00,3298.157,3300.960,3296.382,3299.998,104811564,2964406272.0000
2026-07-30 10:00:00,3300.722,3302.853,3299.585,3301.995,94058223,2597371904.0000
2026-07-30 10:01:00,3300.026,3300.026,3292.221,3293.058,152861048,4167254016.0000
2026-07-30 10:02:00,3293.583,3305.018,3293.400,3305.018,115481015,3292921856.0000
2026-07-30 10:03:00,3305.866,3306.371,3296.845,3297.066,108049148,2964848640.0000
2026-07-30 10:04:00,3297.225,3297.422,3291.998,3292.877,130243082,3553558528.0000
2026-07-30 10:05:00,3292.418,3295.371,3290.011,3291.675,111227532,3391143936.0000
2026-07-30 10:06:00,3291.283,3291.283,3281.030,3282.526,105308322,3189538816.0000
2026-07-30 10:07:00,3282.803,3282.803,3279.357,3279.953,114962185,3750903808.0000
2026-07-30 10:08:00,3280.018,3280.018,3268.794,3268.794,135600936,4226056192.0000
2026-07-30 10:09:00,3268.151,3275.692,3268.151,3268.818,113311144,3724558336.0000
2026-07-30 10:10:00,3269.331,3274.556,3266.830,3273.321,96299902,3449421824.0000
2026-07-30 10:11:00,3272.958,3273.234,3266.091,3270.071,102116005,3293773824.0000
2026-07-30 10:12:00,3269.673,3272.057,3263.196,3263.196,86130908,2886320128.0000
2026-07-30 10:13:00,3262.280,3267.529,3262.280,3265.252,77936694,2448146432.0000
2026-07-30 10:14:00,3264.900,3264.900,3256.039,3257.226,92223172,3216982016.0000
2026-07-30 10:15:00,3256.928,3256.928,3246.785,3247.360,136193052,4465606656.0000
2026-07-30 10:16:00,3246.576,3252.563,3246.231,3249.067,97282368,3489366016.0000
2026-07-30 10:17:00,3249.634,3255.845,3249.634,3254.014,89856980,3071262720.0000
2026-07-30 10:18:00,3254.811,3267.434,3254.811,3264.150,91607762,3091808256.0000
2026-07-30 10:19:00,3260.602,3261.144,3254.528,3259.702,86234511,2538553344.0000
2026-07-30 10:20:00,3257.334,3269.632,3257.334,3267.622,79099731,2427715584.0000
2026-07-30 10:21:00,3267.616,3267.616,3263.141,3266.658,70701077,2093760512.0000
2026-07-30 10:22:00,3266.217,3266.217,3257.162,3257.374,83149550,2319712256.0000
2026-07-30 10:23:00,3256.379,3256.379,3250.499,3250.842,85730829,2101706752.0000
2026-07-30 10:24:00,3250.260,3250.260,3244.682,3245.204,86427221,2334457856.0000
2026-07-30 10:25:00,3246.579,3249.759,3245.516,3245.906,82510391,2437677056.0000
2026-07-30 10:26:00,3245.705,3245.705,3243.563,3243.601,74157416,2158034944.0000
2026-07-30 10:27:00,3244.121,3244.816,3241.759,3243.266,84286893,2484912128.0000
2026-07-30 10:28:00,3244.926,3253.499,3244.926,3247.981,83484706,2448031744.0000
2026-07-30 10:29:00,3251.847,3259.376,3251.438,3251.438,63462332,1935278080.0000
2026-07-30 10:30:00,3253.320,3253.320,3245.892,3246.995,74230748,2045296640.0000
2026-07-30 10:31:00,3248.182,3256.419,3248.182,3253.514,74047958,2184052736.0000
2026-07-30 10:32:00,3253.623,3256.617,3250.133,3250.133,72380130,1843527680.0000
2026-07-30 10:33:00,3247.794,3247.794,3239.563,3241.021,111010211,2715844608.0000
2026-07-30 10:34:00,3240.283,3240.380,3235.083,3236.834,100162590,2298363904.0000
2026-07-30 10:35:00,3236.704,3236.704,3229.121,3229.121,94163253,2465955840.0000
2026-07-30 10:36:00,3229.094,3231.106,3227.037,3227.037,80344341,2406694912.0000
2026-07-30 10:37:00,3226.589,3226.589,3221.990,3222.853,70812230,2499280896.0000
2026-07-30 10:38:00,3222.991,3225.165,3218.661,3223.997,88390682,2901016576.0000
2026-07-30 10:39:00,3221.522,3221.522,3217.434,3217.893,67301143,2046722048.0000
2026-07-30 10:40:00,3218.050,3219.838,3217.700,3218.053,67390936,2157969408.0000
2026-07-30 10:41:00,3218.497,3225.969,3217.791,3224.062,63903809,2080538624.0000
2026-07-30 10:42:00,3224.818,3233.368,3224.818,3230.855,72772858,2043314176.0000
2026-07-30 10:43:00,3229.852,3229.852,3223.969,3225.605,65057392,1913192448.0000
2026-07-30 10:44:00,3225.399,3225.399,3217.141,3217.141,67107386,1962115072.0000
2026-07-30 10:45:00,3216.821,3218.025,3214.819,3217.910,56021654,1955561472.0000
2026-07-30 10:46:00,3218.450,3226.329,3218.450,3223.614,60362247,1969651712.0000
2026-07-30 10:47:00,3221.561,3221.561,3215.613,3218.306,60752455,1782611968.0000
2026-07-30 10:48:00,3217.830,3226.669,3217.694,3226.669,48464840,1370783744.0000
2026-07-30 10:49:00,3226.916,3232.914,3225.952,3226.143,62545449,1788411904.0000
2026-07-30 10:50:00,3225.905,3226.061,3221.379,3224.497,47285588,1325301760.0000
2026-07-30 10:51:00,3223.407,3223.581,3215.660,3223.581,65804642,1805877248.0000
2026-07-30 10:52:00,3222.363,3222.743,3219.444,3222.743,41450912,1243480064.0000
2026-07-30 10:53:00,3222.570,3222.570,3215.887,3215.887,41351345,1173356544.0000
2026-07-30 10:54:00,3214.878,3218.561,3212.320,3212.707,49067603,1411055616.0000
2026-07-30 10:55:00,3211.769,3211.769,3208.205,3208.205,39872485,1443495936.0000
2026-07-30 10:56:00,3208.331,3208.611,3204.211,3204.439,53529123,1860141056.0000
2026-07-30 10:57:00,3204.072,3205.311,3202.476,3202.769,50393921,1697382400.0000
2026-07-30 10:58:00,3202.483,3202.483,3198.277,3198.832,57981827,2004713472.0000
2026-07-30 10:59:00,3198.105,3205.406,3198.105,3204.646,53516414,1839595520.0000
2026-07-30 11:00:00,3204.419,3204.853,3200.164,3204.733,45069104,1491369984.0000
2026-07-30 11:01:00,3202.812,3202.812,3193.873,3194.113,72134857,2006351872.0000
2026-07-30 11:02:00,3193.478,3197.074,3193.478,3195.054,54202456,1833959424.0000
2026-07-30 11:03:00,3195.835,3204.986,3195.835,3203.388,58857188,1821638656.0000
2026-07-30 11:04:00,3200.963,3205.263,3198.350,3203.327,58207035,1718190080.0000
2026-07-30 11:05:00,3203.415,3205.855,3202.659,3203.788,39869592,1194262528.0000
2026-07-30 11:06:00,3204.251,3209.832,3201.305,3209.832,51404546,1553104896.0000
2026-07-30 11:07:00,3210.284,3223.151,3210.284,3222.970,60321131,1763835904.0000
2026-07-30 11:08:00,3222.862,3222.862,3213.323,3213.323,77489027,2223570944.0000
2026-07-30 11:09:00,3212.376,3212.376,3204.663,3205.856,52594734,1399586816.0000
2026-07-30 11:10:00,3209.724,3209.724,3201.980,3201.980,46937839,1447329792.0000
2026-07-30 11:11:00,3202.309,3204.470,3198.607,3198.607,49260499,1471217664.0000
2026-07-30 11:12:00,3198.049,3198.483,3194.994,3195.828,78367664,1934983168.0000
2026-07-30 11:13:00,3195.697,3199.100,3193.214,3193.253,70928316,1708032000.0000
2026-07-30 11:14:00,3195.763,3198.356,3194.222,3195.213,50348437,1456832512.0000
2026-07-30 11:15:00,3195.231,3195.729,3190.567,3190.675,56971527,1750794240.0000
2026-07-30 11:16:00,3190.739,3194.138,3190.739,3192.457,49270653,1478524928.0000
2026-07-30 11:17:00,3195.870,3198.611,3194.777,3195.063,51304126,1483800576.0000
2026-07-30 11:18:00,3194.936,3195.296,3191.868,3191.868,35803547,1055719424.0000
2026-07-30 11:19:00,3192.296,3192.643,3187.641,3187.943,53015955,1448181760.0000
2026-07-30 11:20:00,3187.606,3187.606,3183.665,3186.977,76117724,2137063424.0000
2026-07-30 11:21:00,3187.880,3189.267,3185.352,3185.352,64106389,1600290816.0000
2026-07-30 11:22:00,3183.994,3183.994,3181.780,3181.780,69685931,1921613824.0000
2026-07-30 11:23:00,3181.724,3184.340,3180.791,3184.034,62263204,1784676352.0000
2026-07-30 11:24:00,3184.405,3198.633,3184.405,3196.890,63371869,1841430528.0000
2026-07-30 11:25:00,3194.366,3194.366,3187.626,3191.092,46920128,1340571648.0000
2026-07-30 11:26:00,3191.824,3192.437,3185.125,3185.737,40898099,1209270272.0000
2026-07-30 11:27:00,3185.442,3185.442,3180.549,3180.634,47027075,1431404544.0000
2026-07-30 11:28:00,3180.524,3180.524,3176.549,3177.175,58139649,1664417792.0000
2026-07-30 11:29:00,3176.870,3179.157,3175.813,3177.488,46754095,1500610560.0000
2026-07-30 11:30:00,3178.202,3180.171,3175.780,3179.580,49588721,1486520320.0000
2026-07-30 13:01:00,3176.691,3178.744,3171.596,3171.868,151694102,4906811392.0000
2026-07-30 13:02:00,3171.997,3171.997,3164.138,3165.668,103809551,2860220416.0000
2026-07-30 13:03:00,3165.155,3168.261,3163.549,3163.729,74496687,2396848128.0000
2026-07-30 13:04:00,3162.545,3162.545,3158.139,3158.480,85207045,2580119552.0000
2026-07-30 13:05:00,3161.933,3171.624,3161.933,3167.994,81380894,2588868608.0000
2026-07-30 13:06:00,3168.221,3182.601,3168.221,3182.601,70019093,2157281280.0000
2026-07-30 13:07:00,3184.566,3193.449,3184.511,3188.985,74206609,2257092608.0000
2026-07-30 13:08:00,3189.970,3214.097,3189.579,3214.097,89007150,2869592064.0000
2026-07-30 13:09:00,3214.861,3221.058,3214.861,3220.659,83613259,2965929984.0000
2026-07-30 13:10:00,3222.241,3230.999,3218.037,3224.475,80707596,2724986880.0000
2026-07-30 13:11:00,3223.488,3223.488,3214.072,3219.243,65066215,2124808192.0000
2026-07-30 13:12:00,3217.844,3217.844,3206.232,3207.869,74844799,1898184704.0000
2026-07-30 13:13:00,3206.478,3206.478,3200.662,3200.662,70091977,1720352768.0000
2026-07-30 13:14:00,3199.924,3220.251,3199.924,3217.727,76127403,2260238336.0000
2026-07-30 13:15:00,3215.380,3220.060,3212.506,3217.436,49392247,1593180160.0000
2026-07-30 13:16:00,3217.211,3223.029,3211.917,3211.917,76949399,2009333760.0000
2026-07-30 13:17:00,3209.548,3209.548,3203.818,3205.368,94614726,2152398848.0000
2026-07-30 13:18:00,3204.453,3204.453,3197.630,3200.824,96617293,1964474368.0000
2026-07-30 13:19:00,3199.831,3207.296,3196.461,3207.296,83650446,1916010496.0000
2026-07-30 13:20:00,3207.915,3214.030,3207.668,3213.995,55114821,1582530560.0000
2026-07-30 13:21:00,3212.580,3217.744,3209.907,3214.532,56946654,1694728192.0000
2026-07-30 13:22:00,3216.614,3230.213,3216.614,3230.213,59496479,1882750976.0000
2026-07-30 13:23:00,3230.960,3249.584,3230.960,3249.584,80327254,2794618880.0000
2026-07-30 13:24:00,3249.264,3258.976,3249.264,3258.976,78790356,3189800960.0000
2026-07-30 13:25:00,3259.587,3261.855,3257.197,3259.704,79672356,2888794112.0000
2026-07-30 13:26:00,3260.428,3271.327,3260.428,3268.182,98446668,3643932672.0000
2026-07-30 13:27:00,3264.079,3270.729,3261.121,3261.121,79744744,2928312320.0000
2026-07-30 13:28:00,3261.377,3264.834,3255.405,3255.405,69886037,2450554880.0000
2026-07-30 13:29:00,3254.994,3264.390,3254.371,3263.793,57633039,2028568576.0000
2026-07-30 13:30:00,3265.145,3268.714,3264.824,3265.904,55295682,2196176896.0000
2026-07-30 13:31:00,3263.476,3263.476,3246.420,3246.420,66792516,2105671680.0000
2026-07-30 13:32:00,3244.682,3244.682,3237.899,3242.252,54774618,1668186112.0000
2026-07-30 13:33:00,3241.602,3241.602,3237.253,3240.241,43594968,1440088064.0000
2026-07-30 13:34:00,3241.751,3250.726,3241.480,3242.925,54899911,1738309632.0000
2026-07-30 13:35:00,3241.593,3249.978,3241.230,3244.853,44764834,1452998656.0000
2026-07-30 13:36:00,3244.274,3248.648,3242.820,3242.820,33694143,1173094400.0000
2026-07-30 13:37:00,3242.438,3242.438,3230.355,3230.355,63175278,1533378560.0000
2026-07-30 13:38:00,3229.831,3229.831,3224.288,3226.001,63520624,1571782656.0000
2026-07-30 13:39:00,3225.394,3225.394,3220.345,3223.428,60448859,1509720064.0000
2026-07-30 13:40:00,3223.488,3224.132,3220.454,3223.603,53963469,1331003392.0000
2026-07-30 13:41:00,3224.991,3234.121,3224.558,3231.968,47207857,1383923712.0000
2026-07-30 13:42:00,3233.793,3235.022,3230.092,3235.022,37881323,1170243584.0000
2026-07-30 13:43:00,3235.888,3237.965,3234.556,3237.868,37448259,1214873600.0000
2026-07-30 13:44:00,3239.750,3248.348,3239.750,3246.907,47934548,1498447872.0000
2026-07-30 13:45:00,3246.346,3247.505,3243.557,3244.529,38155421,1255997440.0000
2026-07-30 13:46:00,3247.632,3257.298,3247.632,3256.119,48974034,1635647488.0000
2026-07-30 13:47:00,3257.188,3266.883,3257.188,3266.526,52930425,1806172160.0000
2026-07-30 13:48:00,3266.204,3272.908,3266.204,3267.425,57462732,1902870528.0000
2026-07-30 13:49:00,3267.355,3267.786,3262.973,3264.750,40962977,1378156544.0000
2026-07-30 13:50:00,3263.257,3263.257,3253.886,3255.497,39002855,1172275200.0000
2026-07-30 13:51:00,3254.441,3254.441,3249.291,3249.291,30135447,1020788736.0000
2026-07-30 13:52:00,3248.801,3248.801,3243.807,3244.243,41960629,1131118592.0000
2026-07-30 13:53:00,3245.072,3249.253,3243.397,3249.253,34215894,1028882432.0000
2026-07-30 13:54:00,3251.650,3265.572,3251.650,3262.474,50354097,1581776896.0000
2026-07-30 13:55:00,3263.294,3268.659,3263.294,3266.659,35014542,1296760832.0000
2026-07-30 13:56:00,3267.280,3268.281,3257.947,3260.619,41998215,1374617600.0000
2026-07-30 13:57:00,3260.958,3274.893,3260.958,3274.893,34235516,1291812864.0000
2026-07-30 13:58:00,3273.199,3282.452,3273.199,3281.980,41861202,1710325760.0000
2026-07-30 13:59:00,3280.372,3280.372,3276.066,3276.344,42731173,1610121216.0000
2026-07-30 14:00:00,3275.032,3275.032,3270.748,3270.748,39979241,1211760640.0000
2026-07-30 14:01:00,3269.043,3269.043,3261.163,3261.163,51649860,1514340352.0000
2026-07-30 14:02:00,3260.490,3276.028,3260.441,3273.864,74984643,2067005440.0000
2026-07-30 14:03:00,3274.113,3276.522,3274.113,3274.581,35102674,1232437248.0000
2026-07-30 14:04:00,3275.102,3275.102,3271.123,3274.041,38167048,1216741376.0000
2026-07-30 14:05:00,3273.831,3283.676,3273.831,3283.676,34880315,1194819584.0000
2026-07-30 14:06:00,3285.030,3292.110,3285.030,3291.141,47830036,1872855040.0000
2026-07-30 14:07:00,3291.311,3295.260,3291.311,3294.308,43197638,1821376512.0000
2026-07-30 14:08:00,3294.767,3296.659,3294.454,3296.141,41309609,1523286016.0000
2026-07-30 14:09:00,3296.396,3296.889,3289.052,3289.052,57980994,2022506496.0000
2026-07-30 14:10:00,3289.134,3294.141,3288.162,3293.687,35290580,1450803200.0000
2026-07-30 14:11:00,3293.109,3299.547,3293.109,3296.607,38986390,1663401984.0000
2026-07-30 14:12:00,3296.403,3296.403,3285.960,3285.960,47321664,1578172416.0000
2026-07-30 14:13:00,3285.544,3285.544,3282.019,3283.811,33291484,1427210240.0000
2026-07-30 14:14:00,3282.433,3283.163,3281.022,3282.519,41503053,1380417536.0000
2026-07-30 14:15:00,3282.599,3288.404,3281.521,3286.961,35282903,1321533440.0000
2026-07-30 14:16:00,3286.302,3292.057,3286.302,3289.014,42564945,1537474560.0000
2026-07-30 14:17:00,3288.377,3295.623,3288.377,3295.623,44403001,1516797952.0000
2026-07-30 14:18:00,3296.525,3304.175,3296.525,3304.175,47339525,1625489408.0000
2026-07-30 14:19:00,3304.212,3314.192,3304.212,3314.192,52495138,1746862080.0000
2026-07-30 14:20:00,3315.184,3322.284,3313.352,3322.284,65503712,2210758656.0000
2026-07-30 14:21:00,3323.090,3330.315,3323.090,3327.127,80900550,3060498432.0000
2026-07-30 14:22:00,3327.243,3331.917,3327.243,3331.917,67709628,2417917952.0000
2026-07-30 14:23:00,3330.457,3333.776,3330.457,3331.973,85771495,2784231424.0000
2026-07-30 14:24:00,3331.314,3331.314,3317.883,3317.883,58913405,1989246976.0000
2026-07-30 14:25:00,3316.891,3324.819,3316.117,3323.607,49558983,1706131456.0000
2026-07-30 14:26:00,3323.865,3323.865,3314.236,3314.236,42711510,1507983360.0000
2026-07-30 14:27:00,3313.534,3313.534,3301.688,3301.688,53534687,1554382848.0000
2026-07-30 14:28:00,3301.338,3304.824,3299.780,3304.586,45887869,1454964736.0000
2026-07-30 14:29:00,3304.524,3304.546,3298.782,3299.989,38620612,1278083072.0000
2026-07-30 14:30:00,3299.823,3311.720,3299.823,3310.632,42405120,1416658944.0000
2026-07-30 14:31:00,3311.286,3318.752,3310.593,3313.692,72743406,2017427456.0000
2026-07-30 14:32:00,3312.053,3314.065,3309.860,3309.860,54114179,1429307392.0000
2026-07-30 14:33:00,3309.131,3309.131,3295.339,3295.339,71415902,1623195648.0000
2026-07-30 14:34:00,3294.920,3294.920,3289.049,3289.049,62847427,1702166528.0000
2026-07-30 14:35:00,3288.152,3293.683,3284.597,3293.683,75732376,2176942080.0000
2026-07-30 14:36:00,3292.589,3292.717,3284.330,3284.330,55672020,1600192512.0000
2026-07-30 14:37:00,3284.101,3284.101,3277.112,3277.358,81183596,1794080768.0000
2026-07-30 14:38:00,3277.322,3277.322,3270.222,3272.376,65857992,1780350976.0000
2026-07-30 14:39:00,3272.667,3272.667,3268.227,3268.416,56683805,1570963456.0000
2026-07-30 14:40:00,3268.571,3270.416,3268.571,3270.416,55181591,1619722240.0000
2026-07-30 14:41:00,3270.684,3272.473,3270.643,3271.105,75829907,1974206464.0000
2026-07-30 14:42:00,3271.026,3271.341,3270.114,3270.383,61664762,1711079424.0000
2026-07-30 14:43:00,3270.249,3270.363,3264.744,3264.744,68538361,1793458176.0000
2026-07-30 14:44:00,3263.389,3267.812,3262.624,3267.611,73335228,2104229888.0000
2026-07-30 14:45:00,3267.599,3268.926,3265.687,3265.687,60279467,1755185152.0000
2026-07-30 14:46:00,3265.615,3267.115,3265.037,3265.037,77907652,2062876672.0000
2026-07-30 14:47:00,3264.923,3264.923,3262.670,3262.670,66322098,1868890112.0000
2026-07-30 14:48:00,3262.607,3262.738,3257.549,3257.549,81664870,2191851520.0000
2026-07-30 14:49:00,3257.034,3257.034,3253.189,3253.189,80383261,2383347712.0000
2026-07-30 14:50:00,3253.308,3255.561,3252.444,3252.444,97649838,2523070464.0000
2026-07-30 14:51:00,3252.427,3258.924,3252.427,3258.924,98503737,2731474944.0000
2026-07-30 14:52:00,3258.604,3265.449,3258.604,3265.449,87762574,2297888768.0000
2026-07-30 14:53:00,3264.192,3267.370,3264.192,3266.430,93601391,2430402560.0000
2026-07-30 14:54:00,3265.536,3265.536,3257.242,3257.242,93523842,2325479424.0000
2026-07-30 14:55:00,3257.327,3257.327,3251.375,3251.521,110829522,2820472832.0000
2026-07-30 14:56:00,3252.179,3252.887,3249.899,3250.063,136169519,3420585984.0000
2026-07-30 14:57:00,3250.211,3250.211,3245.722,3245.722,146562243,3596484608.0000
2026-07-30 14:58:00,3245.373,3245.373,3245.342,3245.342,3545259,104857600.0000
2026-07-30 15:00:00,3244.618,3244.618,3244.618,3244.618,182673450,4743692288.0000
2026-07-31 09:31:00,3411.612,3421.900,3405.710,3421.900,1295314132,47253348352.0000
2026-07-31 09:32:00,3421.010,3428.802,3419.914,3427.529,532469603,20234444800.0000
2026-07-31 09:33:00,3426.166,3426.166,3414.647,3420.185,562141754,20791017472.0000
2026-07-31 09:34:00,3419.248,3419.421,3410.109,3416.675,438947428,14916198400.0000
2026-07-31 09:35:00,3414.323,3414.323,3406.128,3406.128,349929064,11744116736.0000
2026-07-31 09:36:00,3405.891,3405.891,3395.874,3396.166,317988145,10586169344.0000
2026-07-31 09:37:00,3395.719,3395.911,3387.554,3387.554,336686816,10472161280.0000
2026-07-31 09:38:00,3386.893,3403.169,3385.882,3403.169,266488396,8604401664.0000
2026-07-31 09:39:00,3404.685,3418.499,3404.685,3414.088,283156324,9146056704.0000
2026-07-31 09:40:00,3414.191,3424.374,3414.191,3424.273,263791340,7720108032.0000
2026-07-31 09:41:00,3425.386,3431.809,3424.981,3431.809,251791959,7851769856.0000
2026-07-31 09:42:00,3432.174,3436.661,3429.156,3436.661,285983880,8791834624.0000
2026-07-31 09:43:00,3435.464,3437.098,3430.927,3431.633,265987146,7882440704.0000
2026-07-31 09:44:00,3431.880,3432.754,3425.810,3430.773,225571777,6473170944.0000
2026-07-31 09:45:00,3431.886,3435.025,3426.422,3426.422,198186292,5986992128.0000
2026-07-31 09:46:00,3426.270,3438.084,3426.270,3437.651,209074376,6463651840.0000
2026-07-31 09:47:00,3439.174,3451.688,3439.174,3450.633,211615734,6891208704.0000
2026-07-31 09:48:00,3451.002,3452.754,3446.602,3452.754,206858116,6497009664.0000
2026-07-31 09:49:00,3453.012,3456.128,3451.979,3451.979,179559647,5844598784.0000
2026-07-31 09:50:00,3453.184,3454.210,3452.286,3454.210,180471837,5252513792.0000
2026-07-31 09:51:00,3454.602,3459.008,3454.602,3458.218,175691811,5329158144.0000
2026-07-31 09:52:00,3459.447,3462.791,3458.979,3461.530,165371800,5192794112.0000
2026-07-31 09:53:00,3461.756,3463.308,3459.886,3461.536,161743003,4883906560.0000
2026-07-31 09:54:00,3461.130,3461.246,3455.702,3455.748,167748997,5136613376.0000
2026-07-31 09:55:00,3455.752,3457.958,3453.712,3457.082,139204012,4170317824.0000
2026-07-31 09:56:00,3458.597,3460.511,3456.545,3460.511,134477979,3731521536.0000
2026-07-31 09:57:00,3460.793,3464.897,3459.017,3459.017,153468340,4785373184.0000
2026-07-31 09:58:00,3460.433,3462.508,3460.433,3462.331,144777612,3937370112.0000
2026-07-31 09:59:00,3462.424,3462.952,3461.535,3462.280,138795996,3940663296.0000
2026-07-31 10:00:00,3461.089,3462.163,3457.996,3458.545,163976984,4420714496.0000
2026-07-31 10:01:00,3458.331,3459.345,3456.802,3457.075,162869792,4147183616.0000
2026-07-31 10:02:00,3455.824,3455.824,3447.865,3447.865,174935013,4547805184.0000
2026-07-31 10:03:00,3447.720,3448.276,3444.933,3448.177,176572236,4730060800.0000
2026-07-31 10:04:00,3448.809,3448.809,3440.003,3440.918,158632178,4762075136.0000
2026-07-31 10:05:00,3440.132,3440.863,3432.485,3433.707,148082233,4396023808.0000
2026-07-31 10:06:00,3433.739,3440.757,3432.814,3440.757,155724820,4290117632.0000
2026-07-31 10:07:00,3441.450,3445.664,3438.495,3438.495,113081825,3453550592.0000
2026-07-31 10:08:00,3437.649,3437.649,3431.792,3434.730,149066262,4036067328.0000
2026-07-31 10:09:00,3433.952,3435.189,3432.440,3433.488,143013673,3919609856.0000
2026-07-31 10:10:00,3433.815,3436.714,3433.815,3435.160,114239723,3233775616.0000
2026-07-31 10:11:00,3436.397,3444.625,3435.769,3444.625,140471955,3550183424.0000
2026-07-31 10:12:00,3444.734,3444.734,3441.247,3444.547,117334744,3340435456.0000
2026-07-31 10:13:00,3444.657,3444.657,3433.346,3434.095,135372799,3350953984.0000
2026-07-31 10:14:00,3433.811,3433.811,3428.015,3428.952,126419924,3279257600.0000
2026-07-31 10:15:00,3428.608,3428.883,3425.918,3425.918,107682677,2984640512.0000
2026-07-31 10:16:00,3424.904,3424.904,3422.121,3423.134,121898829,3440672768.0000
2026-07-31 10:17:00,3423.609,3423.609,3415.338,3415.338,121691421,3826352128.0000
2026-07-31 10:18:00,3415.353,3417.077,3415.134,3416.046,134875467,3476226048.0000
2026-07-31 10:19:00,3415.972,3415.972,3409.102,3410.692,138311451,3882975232.0000
2026-07-31 10:20:00,3410.780,3422.394,3410.637,3422.292,130398112,3277586432.0000
2026-07-31 10:21:00,3420.918,3429.409,3420.415,3429.409,132114139,3380346880.0000
2026-07-31 10:22:00,3428.894,3428.894,3420.986,3420.986,117458580,3065872384.0000
2026-07-31 10:23:00,3419.909,3419.909,3412.376,3415.816,98857570,2951249920.0000
2026-07-31 10:24:00,3415.655,3415.655,3407.777,3407.777,104909086,2807037952.0000
2026-07-31 10:25:00,3407.567,3409.662,3405.299,3405.338,102952207,3137929216.0000
2026-07-31 10:26:00,3405.633,3415.824,3405.633,3415.824,122347106,3360751616.0000
2026-07-31 10:27:00,3415.328,3415.805,3410.968,3412.839,112813938,2752774144.0000
2026-07-31 10:28:00,3412.980,3413.078,3409.387,3413.078,126441526,2953478144.0000
2026-07-31 10:29:00,3412.824,3421.385,3412.438,3419.429,94075257,2395996160.0000
2026-07-31 10:30:00,3419.326,3419.379,3412.256,3412.742,85031358,2219245568.0000
2026-07-31 10:31:00,3411.811,3412.271,3406.980,3407.122,98255430,2222030848.0000
2026-07-31 10:32:00,3407.536,3408.046,3405.854,3406.427,104630891,2488139776.0000
2026-07-31 10:33:00,3406.457,3407.168,3403.673,3405.647,103950012,2606039040.0000
2026-07-31 10:34:00,3405.210,3410.225,3402.753,3410.070,117683638,3018194944.0000
2026-07-31 10:35:00,3410.267,3410.267,3405.754,3408.103,74797513,2075361280.0000
2026-07-31 10:36:00,3407.543,3416.677,3406.806,3416.677,78903296,1950384128.0000
2026-07-31 10:37:00,3417.147,3417.625,3408.926,3410.919,82934239,2148925440.0000
2026-07-31 10:38:00,3410.240,3410.931,3399.455,3399.455,123045240,2631761920.0000
2026-07-31 10:39:00,3398.825,3398.825,3395.049,3395.528,103111556,2378956800.0000
2026-07-31 10:40:00,3395.514,3395.515,3392.425,3392.856,87648652,2263220224.0000
2026-07-31 10:41:00,3392.529,3405.220,3392.529,3404.899,105577107,2336980992.0000
2026-07-31 10:42:00,3404.532,3404.532,3400.214,3402.284,78103429,1805156352.0000
2026-07-31 10:43:00,3402.529,3406.921,3402.529,3406.921,84537900,1863974912.0000
2026-07-31 10:44:00,3408.637,3414.541,3408.637,3414.541,78375547,1824227328.0000
2026-07-31 10:45:00,3415.316,3417.093,3413.419,3413.624,85231771,2156593152.0000
2026-07-31 10:46:00,3413.378,3418.891,3412.499,3418.635,84866333,2090795008.0000
2026-07-31 10:47:00,3418.600,3418.600,3411.440,3414.850,74036246,1720123392.0000
2026-07-31 10:48:00,3413.859,3416.695,3409.073,3409.521,74678406,1673625600.0000
2026-07-31 10:49:00,3408.807,3408.807,3402.497,3403.487,79199613,1728479232.0000
2026-07-31 10:50:00,3403.294,3403.294,3400.194,3400.686,72880981,1662713856.0000
2026-07-31 10:51:00,3400.432,3401.101,3398.499,3399.096,78055346,1887502336.0000
2026-07-31 10:52:00,3398.326,3399.527,3397.433,3398.885,67470583,1589739520.0000
2026-07-31 10:53:00,3399.335,3408.475,3399.335,3408.475,64160096,1610776576.0000
2026-07-31 10:54:00,3408.258,3410.592,3407.412,3407.412,60583845,1548058624.0000
2026-07-31 10:55:00,3407.738,3410.579,3407.238,3409.840,60437223,1461911552.0000
2026-07-31 10:56:00,3409.820,3417.657,3409.820,3416.167,73260064,2104688640.0000
2026-07-31 10:57:00,3416.073,3422.046,3416.073,3419.795,62682435,1772650496.0000
2026-07-31 10:58:00,3418.628,3420.834,3418.295,3418.415,73464460,1693286400.0000
2026-07-31 10:59:00,3418.235,3418.235,3412.140,3412.523,78360702,1682636800.0000
2026-07-31 11:00:00,3413.021,3413.021,3409.440,3409.684,84043933,1892057088.0000
2026-07-31 11:01:00,3410.190,3410.190,3405.867,3405.867,118591256,2271281152.0000
2026-07-31 11:02:00,3405.502,3407.416,3403.732,3405.833,107574540,2383675392.0000
2026-07-31 11:03:00,3405.056,3407.072,3403.760,3405.846,76519874,1815150592.0000
2026-07-31 11:04:00,3403.600,3403.600,3399.155,3399.918,79001434,2290647040.0000
2026-07-31 11:05:00,3399.514,3399.514,3394.908,3394.908,70528838,1673953280.0000
2026-07-31 11:06:00,3394.701,3397.430,3393.127,3397.430,83081315,2045968384.0000
2026-07-31 11:07:00,3397.406,3399.034,3395.482,3399.034,63551764,1504051200.0000
2026-07-31 11:08:00,3399.093,3399.093,3390.556,3390.556,59418289,1540456448.0000
2026-07-31 11:09:00,3391.374,3393.302,3391.374,3391.742,57795864,1381072896.0000
2026-07-31 11:10:00,3391.671,3391.671,3386.309,3386.640,70802734,1760329728.0000
2026-07-31 11:11:00,3386.540,3387.731,3384.880,3385.808,67245309,1890648064.0000
2026-07-31 11:12:00,3385.777,3389.391,3385.777,3387.107,64195496,1541734400.0000
2026-07-31 11:13:00,3386.790,3386.790,3381.400,3381.648,65563387,1709965312.0000
2026-07-31 11:14:00,3381.500,3381.500,3376.616,3376.616,78830062,1868267520.0000
2026-07-31 11:15:00,3376.821,3380.474,3376.821,3379.382,63350449,1640923136.0000
2026-07-31 11:16:00,3379.528,3382.251,3379.105,3382.251,56964947,1491140608.0000
2026-07-31 11:17:00,3383.546,3393.354,3383.546,3393.354,51485712,1539047424.0000
2026-07-31 11:18:00,3394.267,3399.464,3394.267,3394.701,49214467,1547763712.0000
2026-07-31 11:19:00,3394.490,3394.779,3390.059,3390.356,37201756,1036582912.0000
2026-07-31 11:20:00,3390.144,3399.531,3387.888,3399.531,47499478,1334607872.0000
2026-07-31 11:21:00,3400.434,3407.259,3400.434,3406.069,49093290,1471643648.0000
2026-07-31 11:22:00,3405.857,3408.464,3404.386,3407.712,48595051,1424883712.0000
2026-07-31 11:23:00,3407.396,3409.844,3404.320,3407.235,48743697,1432289280.0000
2026-07-31 11:24:00,3406.507,3406.507,3396.838,3396.838,41217310,1164541952.0000
2026-07-31 11:25:00,3396.200,3396.200,3389.789,3390.035,39579980,1017577472.0000
2026-07-31 11:26:00,3389.500,3395.300,3389.500,3393.755,37734547,1020395520.0000
2026-07-31 11:27:00,3393.823,3399.547,3393.243,3399.547,39741723,942505984.0000
2026-07-31 11:28:00,3399.157,3407.167,3399.085,3407.167,47550694,1222311936.0000
2026-07-31 11:29:00,3406.735,3407.681,3404.350,3407.243,36239479,1093369856.0000
2026-07-31 11:30:00,3407.560,3409.632,3404.979,3408.149,39607895,1163821056.0000
2026-07-31 13:01:00,3414.486,3423.987,3409.151,3409.151,219400474,5571084288.0000
2026-07-31 13:02:00,3407.825,3412.661,3407.825,3408.035,71364131,2052849664.0000
2026-07-31 13:03:00,3406.596,3408.042,3400.541,3400.541,58765431,1594392576.0000
2026-07-31 13:04:00,3399.946,3403.811,3398.922,3403.312,57444345,1609760768.0000
2026-07-31 13:05:00,3402.645,3408.446,3402.177,3408.446,49711244,1401028608.0000
2026-07-31 13:06:00,3409.427,3413.052,3409.395,3411.533,59366595,1837432832.0000
2026-07-31 13:07:00,3411.730,3414.237,3408.635,3411.113,56851726,1529774080.0000
2026-07-31 13:08:00,3411.419,3411.419,3405.278,3405.434,51795997,1546354688.0000
2026-07-31 13:09:00,3404.943,3404.943,3400.148,3400.148,48741166,1227292672.0000
2026-07-31 13:10:00,3400.327,3401.586,3396.550,3396.894,56977524,1363476480.0000
2026-07-31 13:11:00,3396.979,3399.781,3396.890,3397.830,46695025,1212350464.0000
2026-07-31 13:12:00,3397.739,3397.739,3395.812,3396.530,48262427,1303576576.0000
2026-07-31 13:13:00,3396.188,3398.598,3392.355,3398.598,53845946,1416560640.0000
2026-07-31 13:14:00,3400.254,3401.826,3398.239,3400.951,55256106,1381498880.0000
2026-07-31 13:15:00,3400.623,3405.827,3400.430,3405.827,42919363,1161756672.0000
2026-07-31 13:16:00,3405.787,3411.155,3404.914,3411.155,46315627,1269301248.0000
2026-07-31 13:17:00,3411.154,3419.595,3411.154,3419.441,54767488,1676115968.0000
2026-07-31 13:18:00,3417.799,3422.765,3417.336,3422.539,64096769,1935736832.0000
2026-07-31 13:19:00,3422.581,3422.581,3416.365,3417.212,59252114,1657470976.0000
2026-07-31 13:20:00,3418.070,3421.602,3418.070,3420.816,57567352,1710620672.0000
2026-07-31 13:21:00,3421.651,3427.759,3421.380,3427.759,65858074,1883045888.0000
2026-07-31 13:22:00,3428.283,3428.525,3425.336,3427.529,62210454,1924628480.0000
2026-07-31 13:23:00,3427.377,3427.377,3422.807,3422.807,60087902,1553661952.0000
2026-07-31 13:24:00,3422.413,3424.760,3419.722,3419.722,49248915,1529446400.0000
2026-07-31 13:25:00,3419.686,3419.686,3414.496,3414.496,47874473,1325072384.0000
2026-07-31 13:26:00,3414.290,3414.290,3410.991,3412.742,45424203,1205829632.0000
2026-07-31 13:27:00,3412.888,3412.888,3407.266,3409.237,43354526,1223000064.0000
2026-07-31 13:28:00,3409.280,3409.280,3403.816,3404.426,43937517,1179484160.0000
2026-07-31 13:29:00,3404.214,3406.276,3403.782,3406.276,38090227,963739648.0000
2026-07-31 13:30:00,3406.728,3409.179,3406.728,3408.265,39729552,1121779712.0000
2026-07-31 13:31:00,3406.974,3406.974,3402.115,3402.115,43617464,1302200320.0000
2026-07-31 13:32:00,3402.020,3405.223,3401.942,3403.284,48449960,1165426688.0000
2026-07-31 13:33:00,3404.198,3404.889,3400.090,3400.090,44643227,1153990656.0000
2026-07-31 13:34:00,3400.003,3403.377,3400.003,3403.377,40875323,1057816576.0000
2026-07-31 13:35:00,3404.238,3404.876,3400.952,3401.040,42035096,1176272896.0000
2026-07-31 13:36:00,3400.215,3401.742,3398.104,3401.742,49744987,1325924352.0000
2026-07-31 13:37:00,3401.750,3402.516,3396.894,3396.894,59910632,1329856512.0000
2026-07-31 13:38:00,3396.917,3397.980,3396.465,3397.393,48164878,1195016192.0000
2026-07-31 13:39:00,3397.560,3398.540,3396.038,3397.275,43481390,1162018816.0000
2026-07-31 13:40:00,3396.692,3398.606,3396.480,3398.518,41735188,1045790720.0000
2026-07-31 13:41:00,3398.113,3398.594,3397.846,3398.242,37486491,987987968.0000
2026-07-31 13:42:00,3398.063,3400.789,3398.063,3399.137,34924222,1018429440.0000
2026-07-31 13:43:00,3399.159,3399.159,3396.518,3397.249,40288905,1090715648.0000
2026-07-31 13:44:00,3397.832,3398.919,3397.031,3398.765,30107986,859111424.0000
2026-07-31 13:45:00,3398.739,3399.153,3395.765,3395.919,38791503,1045954560.0000
2026-07-31 13:46:00,3395.973,3396.614,3394.399,3396.614,40849388,1161035776.0000
2026-07-31 13:47:00,3396.195,3396.195,3391.974,3392.302,48458050,1335099392.0000
2026-07-31 13:48:00,3392.238,3393.185,3392.238,3392.280,33721187,937033728.0000
2026-07-31 13:49:00,3391.969,3393.503,3391.592,3393.336,36394317,943128576.0000
2026-07-31 13:50:00,3392.590,3396.863,3392.329,3396.863,44542620,1136197632.0000
2026-07-31 13:51:00,3396.303,3397.561,3395.123,3395.425,32785748,947716096.0000
2026-07-31 13:52:00,3395.645,3397.112,3392.881,3393.456,35205522,987955200.0000
2026-07-31 13:53:00,3393.470,3393.470,3389.955,3390.465,40495557,1073414144.0000
2026-07-31 13:54:00,3390.420,3392.245,3389.594,3392.245,29095792,881197056.0000
2026-07-31 13:55:00,3393.032,3393.614,3389.886,3390.552,32809542,986513408.0000
2026-07-31 13:56:00,3389.938,3390.745,3388.625,3389.243,37527031,1015676928.0000
2026-07-31 13:57:00,3389.284,3389.552,3385.948,3385.992,38005671,1101070336.0000
2026-07-31 13:58:00,3386.055,3386.424,3384.999,3385.302,48593761,1205731328.0000
2026-07-31 13:59:00,3385.201,3391.049,3385.201,3391.049,45121207,1144717312.0000
2026-07-31 14:00:00,3390.514,3393.288,3390.514,3391.841,45461726,1066139648.0000
2026-07-31 14:01:00,3391.581,3394.440,3390.758,3393.706,50203875,1302265856.0000
2026-07-31 14:02:00,3393.802,3395.564,3392.887,3393.373,50382406,1087700992.0000
2026-07-31 14:03:00,3392.988,3393.302,3388.968,3389.892,42352319,1034092544.0000
2026-07-31 14:04:00,3389.783,3391.022,3387.331,3390.806,45854101,1140457472.0000
2026-07-31 14:05:00,3390.879,3392.050,3388.324,3388.557,35830396,915013632.0000
2026-07-31 14:06:00,3388.419,3388.419,3385.625,3385.625,37046078,933560320.0000
2026-07-31 14:07:00,3385.893,3388.262,3385.041,3388.084,41232711,1076166656.0000
2026-07-31 14:08:00,3388.024,3388.024,3385.248,3385.248,33707561,911474688.0000
2026-07-31 14:09:00,3385.496,3385.750,3384.474,3384.758,39602915,1075642368.0000
2026-07-31 14:10:00,3384.588,3384.588,3381.003,3381.032,40798796,1047658496.0000
2026-07-31 14:11:00,3380.900,3380.900,3378.328,3378.328,52337783,1346174976.0000
2026-07-31 14:12:00,3377.940,3377.940,3375.134,3375.134,53180572,1378222080.0000
2026-07-31 14:13:00,3375.690,3378.965,3375.690,3378.075,47705697,1446576128.0000
2026-07-31 14:14:00,3378.130,3380.693,3378.035,3380.170,43558129,1178337280.0000
2026-07-31 14:15:00,3380.088,3380.317,3378.479,3379.364,38414539,1138688000.0000
2026-07-31 14:16:00,3378.925,3379.063,3373.162,3373.193,62455216,1448869888.0000
2026-07-31 14:17:00,3373.445,3376.059,3373.445,3375.883,44111716,1178992640.0000
2026-07-31 14:18:00,3376.322,3376.322,3374.009,3374.301,37750234,1023082496.0000
2026-07-31 14:19:00,3374.272,3374.272,3372.435,3374.117,42750836,1203503104.0000
2026-07-31 14:20:00,3374.019,3374.930,3374.019,3374.898,39300761,1109262336.0000
2026-07-31 14:21:00,3374.765,3375.858,3373.835,3375.858,44417470,1197932544.0000
2026-07-31 14:22:00,3375.950,3376.563,3374.587,3374.587,38778444,1083637760.0000
2026-07-31 14:23:00,3374.456,3379.619,3374.057,3379.561,59536909,1620901888.0000
2026-07-31 14:24:00,3379.457,3380.202,3378.119,3380.202,44365387,1137770496.0000
2026-07-31 14:25:00,3380.624,3387.451,3380.624,3387.451,59622965,1482948608.0000
2026-07-31 14:26:00,3387.295,3387.707,3385.025,3385.391,51396393,1361051648.0000
2026-07-31 14:27:00,3384.406,3384.532,3383.216,3383.216,41386126,1027670016.0000
2026-07-31 14:28:00,3382.986,3387.093,3382.520,3387.093,46499042,1280573440.0000
2026-07-31 14:29:00,3387.083,3393.180,3387.083,3392.524,61957626,1590755328.0000
2026-07-31 14:30:00,3392.338,3393.001,3391.646,3391.646,51426979,1249247232.0000
2026-07-31 14:31:00,3391.322,3391.322,3386.367,3386.367,76007191,1722679296.0000
2026-07-31 14:32:00,3385.506,3385.506,3378.327,3378.819,64806186,1427308544.0000
2026-07-31 14:33:00,3378.749,3378.749,3375.896,3376.199,52944579,1330249728.0000
2026-07-31 14:34:00,3376.555,3378.264,3376.555,3376.665,52328181,1334837248.0000
2026-07-31 14:35:00,3376.969,3379.784,3376.969,3379.188,52857963,1223753728.0000
2026-07-31 14:36:00,3379.285,3381.632,3378.392,3381.398,54113271,1344405504.0000
2026-07-31 14:37:00,3381.371,3381.371,3377.375,3377.375,53801131,1363017728.0000
2026-07-31 14:38:00,3376.838,3377.222,3376.346,3376.489,51371772,1374224384.0000
2026-07-31 14:39:00,3377.264,3379.398,3377.264,3378.587,54465618,1507393536.0000
2026-07-31 14:40:00,3378.720,3378.720,3376.170,3376.691,64592970,1512570880.0000
2026-07-31 14:41:00,3376.179,3376.179,3370.812,3370.812,93305062,2463825920.0000
2026-07-31 14:42:00,3370.843,3370.843,3367.202,3367.202,84357028,2224357376.0000
2026-07-31 14:43:00,3367.182,3367.182,3362.821,3365.204,110461933,3070820352.0000
2026-07-31 14:44:00,3365.310,3365.310,3363.090,3363.090,78749075,2011496448.0000
2026-07-31 14:45:00,3363.042,3363.144,3359.983,3360.746,99592958,2680750080.0000
2026-07-31 14:46:00,3360.462,3360.462,3356.941,3356.941,102079695,2421227520.0000
2026-07-31 14:47:00,3356.449,3356.449,3353.112,3353.112,100712112,2759983104.0000
2026-07-31 14:48:00,3352.970,3356.724,3352.970,3356.357,87140404,2547187712.0000
2026-07-31 14:49:00,3356.589,3356.589,3353.113,3353.113,93366337,2316566528.0000
2026-07-31 14:50:00,3352.881,3352.893,3349.607,3350.443,106548079,2743402496.0000
2026-07-31 14:51:00,3350.428,3350.428,3348.086,3348.605,107228969,2698772480.0000
2026-07-31 14:52:00,3348.867,3350.692,3348.867,3349.409,106067204,2752577536.0000
2026-07-31 14:53:00,3349.770,3350.293,3349.277,3349.277,108557059,2668953600.0000
2026-07-31 14:54:00,3349.122,3349.571,3347.946,3349.215,117428091,3007053824.0000
2026-07-31 14:55:00,3349.339,3349.339,3347.575,3347.739,127909581,3099000832.0000
2026-07-31 14:56:00,3347.526,3349.481,3347.526,3349.016,156174818,3806003200.0000
2026-07-31 14:57:00,3348.978,3349.489,3347.605,3348.283,183395818,4289921024.0000
2026-07-31 14:58:00,3348.522,3348.522,3348.514,3348.514,4660929,132644864.0000
2026-07-31 15:00:00,3343.964,3343.964,3343.964,3343.964,239136123,6184894464.0000
2026-08-03 09:31:00,3320.093,3320.884,3300.293,3302.963,923505703,23888422912.0000
2026-08-03 09:32:00,3305.357,3316.062,3305.357,3315.961,520789754,12590254080.0000
2026-08-03 09:33:00,3314.925,3329.318,3314.925,3329.318,369559700,9655136256.0000
2026-08-03 09:34:00,3330.583,3337.043,3329.767,3330.967,330488572,9003126784.0000
2026-08-03 09:35:00,3328.291,3334.573,3326.941,3329.771,278277505,7616380928.0000
2026-08-03 09:36:00,3330.386,3337.946,3327.875,3327.875,297518593,7522570240.0000
2026-08-03 09:37:00,3328.523,3336.436,3328.523,3335.235,256662784,6520692736.0000
2026-08-03 09:38:00,3336.996,3339.443,3323.906,3323.906,252043218,6432235520.0000
2026-08-03 09:39:00,3323.474,3325.569,3321.785,3323.320,262058907,6742163456.0000
2026-08-03 09:40:00,3321.346,3321.346,3308.468,3308.468,261100291,6749585408.0000
2026-08-03 09:41:00,3307.389,3310.099,3302.265,3302.265,232511592,6251683840.0000
2026-08-03 09:42:00,3301.322,3304.722,3295.486,3304.722,259568564,7336017920.0000
2026-08-03 09:43:00,3305.065,3308.304,3297.211,3308.304,218318280,5637890048.0000
2026-08-03 09:44:00,3309.151,3313.655,3300.659,3300.659,201002424,4914176000.0000
2026-08-03 09:45:00,3300.111,3300.111,3288.337,3288.406,192097065,5259182080.0000
2026-08-03 09:46:00,3287.115,3288.005,3284.345,3286.133,216097903,5658845184.0000
2026-08-03 09:47:00,3285.639,3288.541,3280.843,3284.734,226510915,6114377728.0000
2026-08-03 09:48:00,3283.956,3292.027,3283.956,3292.027,172812092,4584488960.0000
2026-08-03 09:49:00,3292.844,3299.781,3290.692,3299.308,158582078,4264755200.0000
2026-08-03 09:50:00,3300.565,3312.172,3300.565,3312.122,145375839,3930046464.0000
2026-08-03 09:51:00,3311.466,3311.466,3304.851,3304.931,146585602,3621355520.0000
2026-08-03 09:52:00,3304.097,3319.807,3304.097,3314.672,153036208,4217438208.0000
2026-08-03 09:53:00,3314.979,3314.979,3299.473,3299.473,146267412,3651026944.0000
2026-08-03 09:54:00,3299.127,3299.871,3296.827,3299.871,125843838,3093102592.0000
2026-08-03 09:55:00,3299.545,3311.666,3299.545,3311.265,135098002,3232432128.0000
2026-08-03 09:56:00,3310.458,3320.849,3309.901,3317.212,124364797,3182460928.0000
2026-08-03 09:57:00,3316.820,3320.034,3312.884,3313.101,113983662,2909847552.0000
2026-08-03 09:58:00,3312.155,3313.308,3307.094,3307.245,115883054,3019653120.0000
2026-08-03 09:59:00,3306.615,3312.925,3305.244,3306.671,109307235,2787606528.0000
2026-08-03 10:00:00,3307.016,3317.155,3306.354,3314.671,103187857,2724331520.0000
2026-08-03 10:01:00,3314.972,3325.083,3314.972,3322.143,129600922,3390898176.0000
2026-08-03 10:02:00,3321.396,3321.396,3310.010,3311.066,124761490,3252371456.0000
2026-08-03 10:03:00,3311.515,3318.230,3311.515,3317.367,99338907,2562867200.0000
2026-08-03 10:04:00,3317.483,3323.826,3316.045,3320.039,109905761,2760228864.0000
2026-08-03 10:05:00,3321.326,3323.339,3313.334,3316.157,97436647,2622554112.0000
2026-08-03 10:06:00,3317.258,3323.418,3316.655,3323.418,94730671,2437529600.0000
2026-08-03 10:07:00,3323.956,3325.188,3317.281,3317.281,89674740,2437890048.0000
2026-08-03 10:08:00,3317.000,3317.115,3311.245,3312.906,111480343,2580856832.0000
2026-08-03 10:09:00,3312.961,3315.560,3311.922,3313.608,114289304,2843082752.0000
2026-08-03 10:10:00,3313.324,3315.393,3311.005,3313.492,129360660,3082731520.0000
2026-08-03 10:11:00,3313.452,3318.063,3311.777,3318.063,125175372,3045883904.0000
2026-08-03 10:12:00,3317.722,3318.649,3313.950,3315.815,109076677,2635333632.0000
2026-08-03 10:13:00,3317.408,3317.724,3311.128,3312.539,112742080,2762014720.0000
2026-08-03 10:14:00,3313.215,3320.746,3310.611,3319.765,123006932,3001139200.0000
2026-08-03 10:15:00,3319.767,3321.889,3315.460,3320.638,97000431,2312847360.0000
2026-08-03 10:16:00,3320.655,3320.842,3312.268,3313.645,98293948,2281357312.0000
2026-08-03 10:17:00,3313.612,3314.109,3307.466,3307.864,92828603,2292908032.0000
2026-08-03 10:18:00,3308.084,3310.534,3306.463,3307.617,92696583,2238562304.0000
2026-08-03 10:19:00,3307.319,3310.138,3304.864,3309.322,80093306,2048000000.0000
2026-08-03 10:20:00,3309.924,3310.223,3304.157,3305.474,79396135,1950154752.0000
2026-08-03 10:21:00,3305.550,3320.869,3305.550,3319.357,99628585,2442362880.0000
2026-08-03 10:22:00,3318.947,3318.947,3314.272,3315.682,75605023,1920679936.0000
2026-08-03 10:23:00,3315.112,3315.112,3308.645,3310.818,67584380,1855488000.0000
2026-08-03 10:24:00,3310.559,3310.559,3306.557,3308.924,69863106,2152333312.0000
2026-08-03 10:25:00,3307.902,3307.902,3305.143,3305.944,71107559,1894957056.0000
2026-08-03 10:26:00,3305.680,3307.082,3302.601,3302.601,66583783,1774010368.0000
2026-08-03 10:27:00,3302.410,3304.529,3302.146,3302.437,62537361,1622114304.0000
2026-08-03 10:28:00,3302.661,3305.450,3301.532,3303.766,54300987,1416331264.0000
2026-08-03 10:29:00,3301.480,3302.158,3298.295,3298.295,60263886,1712635904.0000
2026-08-03 10:30:00,3297.992,3298.436,3293.339,3293.339,70041553,1998585856.0000
2026-08-03 10:31:00,3293.345,3295.209,3293.134,3294.021,70555649,1959837696.0000
2026-08-03 10:32:00,3293.374,3293.374,3291.670,3292.022,71011879,1769701376.0000
2026-08-03 10:33:00,3292.490,3297.868,3292.126,3294.789,69993671,1841184768.0000
2026-08-03 10:34:00,3294.720,3302.936,3294.063,3302.936,55712387,1446625280.0000
2026-08-03 10:35:00,3303.179,3306.016,3301.263,3306.016,62400734,1465073664.0000
2026-08-03 10:36:00,3305.628,3307.262,3301.975,3306.774,62978555,1535967232.0000
2026-08-03 10:37:00,3308.054,3316.736,3308.054,3316.736,73795750,1986412544.0000
2026-08-03 10:38:00,3316.743,3321.047,3316.743,3318.016,79265799,2285469696.0000
2026-08-03 10:39:00,3316.644,3319.239,3311.484,3311.484,63307404,1780580352.0000
2026-08-03 10:40:00,3312.299,3313.293,3309.400,3310.503,54994217,1427013632.0000
2026-08-03 10:41:00,3310.523,3311.318,3306.791,3308.536,60812784,1433321472.0000
2026-08-03 10:42:00,3308.714,3309.758,3305.496,3309.758,51342341,1264189440.0000
2026-08-03 10:43:00,3311.507,3322.903,3311.507,3322.903,55899802,1386725376.0000
2026-08-03 10:44:00,3322.866,3325.269,3319.989,3319.989,51638536,1484849152.0000
2026-08-03 10:45:00,3319.844,3319.844,3316.755,3317.623,46697460,1143439360.0000
2026-08-03 10:46:00,3316.782,3316.782,3315.278,3315.841,49267967,1165885440.0000
2026-08-03 10:47:00,3319.552,3320.883,3313.803,3314.018,63861051,1613299712.0000
2026-08-03 10:48:00,3314.452,3314.978,3308.418,3308.429,53811608,1355382784.0000
2026-08-03 10:49:00,3308.778,3308.778,3304.406,3304.467,63814629,1555398656.0000
2026-08-03 10:50:00,3304.599,3305.474,3303.782,3305.379,50754469,1275658240.0000
2026-08-03 10:51:00,3305.563,3306.085,3301.407,3303.766,62133591,1437171712.0000
2026-08-03 10:52:00,3304.405,3304.887,3301.735,3302.678,45960059,1140490240.0000
2026-08-03 10:53:00,3302.910,3312.288,3302.761,3310.481,53109485,1448312832.0000
2026-08-03 10:54:00,3310.508,3315.424,3310.257,3311.348,39766032,1151926272.0000
2026-08-03 10:55:00,3311.074,3313.189,3308.268,3312.995,47514178,1312423936.0000
2026-08-03 10:56:00,3313.599,3313.599,3309.699,3309.699,40848840,998703104.0000
2026-08-03 10:57:00,3309.290,3312.446,3306.024,3312.446,52134676,1358790656.0000
2026-08-03 10:58:00,3312.514,3325.066,3312.320,3325.066,45197723,1639776256.0000
2026-08-03 10:59:00,3325.005,3331.953,3325.005,3329.902,51071507,1827078144.0000
2026-08-03 11:00:00,3329.518,3332.028,3328.223,3329.407,48007283,1723695104.0000
2026-08-03 11:01:00,3329.349,3338.031,3329.349,3338.031,56162948,1938489344.0000
2026-08-03 11:02:00,3338.912,3342.173,3338.517,3338.812,63894990,2309750784.0000
2026-08-03 11:03:00,3339.805,3340.666,3332.580,3332.580,60320195,1947435008.0000
2026-08-03 11:04:00,3331.544,3332.732,3327.354,3328.333,52759893,1688764416.0000
2026-08-03 11:05:00,3328.471,3331.234,3326.814,3326.814,41236855,1246822400.0000
2026-08-03 11:06:00,3326.604,3326.604,3319.661,3322.508,47737309,1439072256.0000
2026-08-03 11:07:00,3322.397,3322.397,3317.155,3317.155,42460484,1159462912.0000
2026-08-03 11:08:00,3317.047,3317.061,3314.107,3315.851,37325092,1164869632.0000
2026-08-03 11:09:00,3315.129,3317.730,3313.103,3313.103,43022365,1283424256.0000
2026-08-03 11:10:00,3312.883,3312.883,3310.315,3311.983,42049915,1323925504.0000
2026-08-03 11:11:00,3312.119,3316.863,3310.101,3316.684,46754641,1340375040.0000
2026-08-03 11:12:00,3316.967,3316.967,3308.629,3308.629,44153136,1184563200.0000
2026-08-03 11:13:00,3308.369,3310.424,3308.275,3309.715,34326177,896335872.0000
2026-08-03 11:14:00,3310.739,3316.918,3310.739,3316.749,32723413,907542528.0000
2026-08-03 11:15:00,3314.209,3314.538,3311.712,3311.890,34249001,963280896.0000
2026-08-03 11:16:00,3312.194,3314.531,3310.608,3310.608,37797613,1014595584.0000
2026-08-03 11:17:00,3310.633,3316.750,3310.633,3314.260,36659178,1034682368.0000
2026-08-03 11:18:00,3314.555,3316.931,3311.462,3311.462,39201035,1014235136.0000
2026-08-03 11:19:00,3311.384,3319.037,3311.384,3319.037,35611028,944439296.0000
2026-08-03 11:20:00,3321.790,3323.440,3319.816,3323.440,37204289,1257963520.0000
2026-08-03 11:21:00,3325.131,3325.131,3321.703,3322.298,31607859,948404224.0000
2026-08-03 11:22:00,3319.909,3319.909,3316.753,3318.064,42486350,1031733248.0000
2026-08-03 11:23:00,3317.406,3319.271,3312.871,3319.271,36110176,919699456.0000
2026-08-03 11:24:00,3318.945,3325.049,3318.284,3323.273,36088852,1035403264.0000
2026-08-03 11:25:00,3325.039,3332.194,3325.039,3330.466,36572760,1436155904.0000
2026-08-03 11:26:00,3330.161,3337.369,3330.161,3333.059,37561887,1453031424.0000
2026-08-03 11:27:00,3333.641,3333.641,3323.581,3324.124,37804129,1070727168.0000
2026-08-03 11:28:00,3322.939,3329.744,3322.939,3329.744,30355610,861208576.0000
2026-08-03 11:29:00,3332.182,3334.115,3329.781,3330.100,29675523,918716416.0000
2026-08-03 11:30:00,3330.198,3334.467,3328.626,3329.126,31841192,983465984.0000
2026-08-03 13:01:00,3332.590,3337.526,3332.047,3334.514,100657065,3109060608.0000
2026-08-03 13:02:00,3335.037,3339.463,3335.037,3336.958,48991041,1652457472.0000
2026-08-03 13:03:00,3336.349,3341.189,3336.349,3341.146,45685198,1464958976.0000
2026-08-03 13:04:00,3341.380,3342.112,3337.201,3337.201,45394193,1397850112.0000
2026-08-03 13:05:00,3337.745,3339.708,3334.384,3334.384,53121915,1605763072.0000
2026-08-03 13:06:00,3334.833,3334.833,3330.447,3332.338,46391969,1389363200.0000
2026-08-03 13:07:00,3332.365,3335.908,3332.365,3332.926,38885652,1285193728.0000
2026-08-03 13:08:00,3332.612,3332.612,3325.561,3327.640,45951492,1420263424.0000
2026-08-03 13:09:00,3327.044,3327.285,3322.297,3322.297,53526903,1489043456.0000
2026-08-03 13:10:00,3322.327,3327.904,3320.682,3324.919,41354157,1219231744.0000
2026-08-03 13:11:00,3324.032,3327.258,3321.671,3326.090,40645210,1107132416.0000
2026-08-03 13:12:00,3326.104,3326.104,3320.211,3321.306,41249471,1217134592.0000
2026-08-03 13:13:00,3321.502,3330.469,3321.437,3330.421,32561277,893485056.0000
2026-08-03 13:14:00,3330.321,3330.681,3327.422,3327.422,28346444,811663360.0000
2026-08-03 13:15:00,3327.217,3327.473,3322.499,3322.499,31444364,823885824.0000
2026-08-03 13:16:00,3322.488,3327.533,3319.897,3326.144,43955369,1183907840.0000
2026-08-03 13:17:00,3325.934,3326.115,3322.887,3323.218,29889335,758382592.0000
2026-08-03 13:18:00,3323.126,3323.126,3319.112,3319.857,35691144,956203008.0000
2026-08-03 13:19:00,3319.663,3319.756,3318.683,3318.683,32242187,792297472.0000
2026-08-03 13:20:00,3318.387,3321.516,3318.241,3318.580,37937748,1017577472.0000
2026-08-03 13:21:00,3318.930,3318.930,3314.939,3316.092,42978726,1241874432.0000
2026-08-03 13:22:00,3316.352,3319.644,3315.863,3319.569,34170346,944046080.0000
2026-08-03 13:23:00,3319.877,3321.194,3318.462,3319.039,28384896,748224512.0000
2026-08-03 13:24:00,3319.128,3320.932,3318.397,3320.796,26944837,745570304.0000
2026-08-03 13:25:00,3320.543,3321.437,3317.632,3318.028,29465684,906919936.0000
2026-08-03 13:26:00,3317.951,3320.879,3317.951,3318.157,33600845,984186880.0000
2026-08-03 13:27:00,3318.128,3318.725,3315.731,3315.731,34219580,992313344.0000
2026-08-03 13:28:00,3315.512,3315.945,3314.248,3314.248,31173957,931495936.0000
2026-08-03 13:29:00,3314.588,3315.737,3314.112,3315.702,27846970,775421952.0000
2026-08-03 13:30:00,3315.452,3316.789,3315.452,3316.603,29489953,776208384.0000
2026-08-03 13:31:00,3316.564,3316.693,3314.941,3316.693,38037561,936214528.0000
2026-08-03 13:32:00,3316.543,3317.577,3313.218,3313.218,41352422,1061421056.0000
2026-08-03 13:33:00,3312.463,3312.463,3309.740,3310.548,37111256,1144946688.0000
2026-08-03 13:34:00,3310.269,3310.539,3308.991,3310.160,35528608,883785728.0000
2026-08-03 13:35:00,3309.800,3312.646,3309.251,3312.233,39992053,1001455616.0000
2026-08-03 13:36:00,3312.205,3312.205,3306.637,3306.637,42336870,1112801280.0000
2026-08-03 13:37:00,3306.790,3310.333,3306.296,3309.237,34569800,902856704.0000
2026-08-03 13:38:00,3309.286,3316.047,3309.286,3316.047,40542923,1006665728.0000
2026-08-03 13:39:00,3315.762,3315.762,3312.572,3313.450,28218516,817692672.0000
2026-08-03 13:40:00,3313.806,3314.450,3309.493,3309.871,33440644,854392832.0000
2026-08-03 13:41:00,3309.439,3310.237,3307.685,3310.237,41841961,1038745600.0000
2026-08-03 13:42:00,3310.023,3312.145,3310.023,3311.641,33079006,805568512.0000
2026-08-03 13:43:00,3311.895,3313.617,3311.645,3312.463,30416132,808517632.0000
2026-08-03 13:44:00,3312.520,3315.688,3312.520,3314.233,45837006,1014464512.0000
2026-08-03 13:45:00,3314.097,3314.097,3310.496,3310.637,34651163,828178432.0000
2026-08-03 13:46:00,3310.300,3310.971,3309.375,3309.441,29040948,773783552.0000
2026-08-03 13:47:00,3309.491,3310.291,3308.789,3309.385,44935022,924024832.0000
2026-08-03 13:48:00,3309.764,3309.764,3308.413,3308.973,31718141,758448128.0000
2026-08-03 13:49:00,3309.067,3310.838,3308.483,3308.503,42265406,916422656.0000
2026-08-03 13:50:00,3308.314,3308.314,3305.468,3305.468,37067171,946601984.0000
2026-08-03 13:51:00,3305.525,3306.306,3304.451,3306.306,29876288,812875776.0000
2026-08-03 13:52:00,3306.362,3308.597,3306.256,3307.479,38555650,918192128.0000
2026-08-03 13:53:00,3307.417,3309.387,3307.168,3309.387,43258727,981827584.0000
2026-08-03 13:54:00,3309.566,3309.566,3306.601,3306.601,38533305,952205312.0000
2026-08-03 13:55:00,3306.419,3306.419,3305.259,3305.579,37935387,914391040.0000
2026-08-03 13:56:00,3305.938,3305.938,3304.835,3304.835,31318197,796229632.0000
2026-08-03 13:57:00,3304.753,3305.905,3304.505,3305.684,35328275,938934272.0000
2026-08-03 13:58:00,3305.069,3305.333,3300.719,3300.719,47580075,1346174976.0000
2026-08-03 13:59:00,3300.503,3300.930,3299.046,3299.748,41826956,1338900480.0000
2026-08-03 14:00:00,3299.798,3300.054,3298.057,3298.057,36218750,973537280.0000
2026-08-03 14:01:00,3298.072,3298.795,3297.553,3297.700,46442175,1183023104.0000
2026-08-03 14:02:00,3297.642,3297.760,3294.754,3296.239,54347226,1510277120.0000
2026-08-03 14:03:00,3295.932,3297.480,3295.600,3297.154,34876589,934871040.0000
2026-08-03 14:04:00,3297.516,3297.600,3295.994,3295.994,43606644,1148157952.0000
2026-08-03 14:05:00,3295.594,3295.757,3294.130,3294.130,38173763,1010302976.0000
2026-08-03 14:06:00,3294.215,3296.579,3294.215,3296.376,39381950,1022754816.0000
2026-08-03 14:07:00,3295.576,3295.955,3293.351,3294.097,41666302,1232109568.0000
2026-08-03 14:08:00,3294.370,3295.089,3291.609,3291.743,55247168,1563590656.0000
2026-08-03 14:09:00,3293.121,3293.632,3290.425,3290.776,52405757,1486651392.0000
2026-08-03 14:10:00,3290.747,3291.111,3287.988,3289.353,44053926,1377533952.0000
2026-08-03 14:11:00,3290.484,3296.160,3290.484,3296.147,56209222,1586102272.0000
2026-08-03 14:12:00,3296.639,3298.544,3295.050,3298.544,45489992,1178468352.0000
2026-08-03 14:13:00,3298.931,3299.381,3297.381,3299.381,36476704,986382336.0000
2026-08-03 14:14:00,3298.701,3304.049,3298.508,3304.025,46984646,1203765248.0000
2026-08-03 14:15:00,3303.777,3306.299,3302.546,3306.299,46015697,1130102784.0000
2026-08-03 14:16:00,3307.261,3307.261,3300.438,3300.438,48141997,1212678144.0000
2026-08-03 14:17:00,3299.902,3299.902,3296.762,3296.762,32156924,856555520.0000
2026-08-03 14:18:00,3296.756,3301.179,3296.756,3300.709,40450384,995688448.0000
2026-08-03 14:19:00,3300.041,3301.230,3298.701,3298.701,36352986,927629312.0000
2026-08-03 14:20:00,3298.371,3298.371,3297.004,3297.731,30516607,777158656.0000
2026-08-03 14:21:00,3297.857,3298.583,3297.409,3297.409,37039544,842760192.0000
2026-08-03 14:22:00,3296.973,3299.325,3296.230,3299.323,36399414,941096960.0000
2026-08-03 14:23:00,3299.645,3309.025,3299.645,3309.025,69705290,1373667328.0000
2026-08-03 14:24:00,3308.901,3308.901,3307.746,3307.746,50703879,1220444160.0000
2026-08-03 14:25:00,3307.596,3313.006,3307.596,3312.647,51438716,1306361856.0000
2026-08-03 14:26:00,3313.054,3315.771,3313.054,3313.928,47586974,1315471360.0000
2026-08-03 14:27:00,3313.720,3314.347,3310.202,3310.841,47917995,1235320832.0000
2026-08-03 14:28:00,3310.821,3312.698,3310.345,3312.514,39490640,994607104.0000
2026-08-03 14:29:00,3312.560,3312.560,3309.747,3309.747,39920963,963543040.0000
2026-08-03 14:30:00,3309.803,3309.803,3305.956,3305.956,50449833,1054179328.0000
2026-08-03 14:31:00,3305.897,3308.459,3305.897,3308.172,57972478,1267433472.0000
2026-08-03 14:32:00,3307.206,3307.206,3303.236,3303.236,54492523,1229946880.0000
2026-08-03 14:33:00,3302.848,3302.848,3299.795,3299.795,52899373,1186725888.0000
2026-08-03 14:34:00,3299.406,3300.428,3297.858,3300.428,62914323,1385431040.0000
2026-08-03 14:35:00,3300.415,3300.525,3299.757,3300.224,42581679,938934272.0000
2026-08-03 14:36:00,3301.264,3303.674,3301.264,3302.620,53165720,1238433792.0000
2026-08-03 14:37:00,3302.465,3302.912,3300.493,3301.979,52035588,1282932736.0000
2026-08-03 14:38:00,3301.991,3301.991,3298.779,3298.918,43859984,1063550976.0000
2026-08-03 14:39:00,3299.011,3299.506,3298.373,3299.082,53613131,1279164416.0000
2026-08-03 14:40:00,3298.809,3298.809,3297.020,3297.195,51091401,1200259072.0000
2026-08-03 14:41:00,3298.052,3298.384,3297.447,3297.447,63450999,1441136640.0000
2026-08-03 14:42:00,3297.436,3298.712,3297.219,3298.712,65599045,1491730432.0000
2026-08-03 14:43:00,3298.572,3298.934,3298.009,3298.694,56484722,1341587456.0000
2026-08-03 14:44:00,3298.600,3299.369,3298.445,3298.934,58501413,1463615488.0000
2026-08-03 14:45:00,3298.837,3299.914,3298.648,3299.337,63396057,1496743936.0000
2026-08-03 14:46:00,3299.276,3300.609,3298.848,3300.382,85866734,1965686784.0000
2026-08-03 14:47:00,3300.260,3302.006,3300.260,3302.005,73134049,1625620480.0000
2026-08-03 14:48:00,3302.043,3302.268,3300.345,3300.582,85412808,1867939840.0000
2026-08-03 14:49:00,3300.533,3300.533,3298.986,3299.157,76880982,1852669952.0000
2026-08-03 14:50:00,3299.519,3302.898,3299.519,3302.432,88955450,2016051200.0000
2026-08-03 14:51:00,3302.130,3302.455,3301.069,3301.723,111149289,2311421952.0000
2026-08-03 14:52:00,3302.345,3304.838,3302.345,3303.623,102320899,2305097728.0000
2026-08-03 14:53:00,3303.279,3303.298,3301.865,3301.865,103290114,2272329728.0000
2026-08-03 14:54:00,3302.090,3302.090,3300.755,3301.292,120529221,2563637248.0000
2026-08-03 14:55:00,3300.641,3301.282,3299.514,3299.843,128278430,2729213952.0000
2026-08-03 14:56:00,3300.475,3301.099,3299.497,3300.758,158716152,3341713408.0000
2026-08-03 14:57:00,3300.285,3300.932,3299.765,3300.426,162202392,3452960768.0000
2026-08-03 14:58:00,3299.577,3299.578,3299.577,3299.578,3868397,90374144.0000
2026-08-03 15:00:00,3302.553,3302.553,3302.553,3302.553,214912631,4706402304.0000
2026-08-04 09:31:00,3353.512,3361.742,3353.512,3361.562,794946703,23940085760.0000
2026-08-04 09:32:00,3360.587,3360.587,3348.445,3350.504,480561438,14045112320.0000
2026-08-04 09:33:00,3351.449,3351.821,3345.897,3348.260,320006346,8922902528.0000
2026-08-04 09:34:00,3348.935,3354.316,3343.062,3343.825,288314867,8012754944.0000
2026-08-04 09:35:00,3343.462,3351.130,3342.407,3351.130,278297052,7041667072.0000
2026-08-04 09:36:00,3350.998,3362.430,3350.998,3361.782,257012725,7075270656.0000
2026-08-04 09:37:00,3360.771,3378.954,3360.771,3378.954,242445475,7458545664.0000
2026-08-04 09:38:00,3379.634,3382.316,3379.634,3381.401,230179854,7279550464.0000
2026-08-04 09:39:00,3380.763,3380.763,3375.605,3378.274,200269316,5981560832.0000
2026-08-04 09:40:00,3377.936,3381.936,3375.976,3381.936,211789525,5773557760.0000
2026-08-04 09:41:00,3382.997,3387.063,3376.860,3377.541,228326533,6641410048.0000
2026-08-04 09:42:00,3377.224,3377.358,3373.309,3376.230,183536112,5191024640.0000
2026-08-04 09:43:00,3377.662,3386.541,3377.662,3385.775,182211233,5832237056.0000
2026-08-04 09:44:00,3386.832,3389.031,3385.874,3389.031,186611940,5644165120.0000
2026-08-04 09:45:00,3388.429,3393.019,3388.322,3390.627,184375413,5788958720.0000
2026-08-04 09:46:00,3391.873,3392.939,3384.669,3384.669,178093702,5122580480.0000
2026-08-04 09:47:00,3385.258,3397.549,3385.258,3397.549,138902922,4438622208.0000
2026-08-04 09:48:00,3399.266,3405.225,3399.266,3405.225,186887758,6059704320.0000
2026-08-04 09:49:00,3404.668,3406.056,3402.690,3402.780,166668687,5268766720.0000
2026-08-04 09:50:00,3401.909,3405.861,3401.114,3404.875,156393165,4831756288.0000
2026-08-04 09:51:00,3405.488,3413.862,3405.488,3413.862,169336065,5127700480.0000
2026-08-04 09:52:00,3414.432,3416.519,3414.294,3414.294,165025750,5434556416.0000
2026-08-04 09:53:00,3414.144,3415.491,3412.782,3413.469,146682897,4330356736.0000
2026-08-04 09:54:00,3413.820,3419.071,3413.820,3418.525,152515598,4628873216.0000
2026-08-04 09:55:00,3419.487,3421.791,3419.487,3421.429,129599895,4271030272.0000
2026-08-04 09:56:00,3421.893,3423.367,3420.947,3422.971,159340969,4939153408.0000
2026-08-04 09:57:00,3424.040,3425.755,3421.399,3423.716,130200000,4491526144.0000
2026-08-04 09:58:00,3424.084,3431.044,3424.084,3431.044,147183548,4474322944.0000
2026-08-04 09:59:00,3431.491,3432.207,3428.668,3430.577,178450163,5095145472.0000
2026-08-04 10:00:00,3431.250,3431.598,3417.596,3417.596,160155331,4623384576.0000
2026-08-04 10:01:00,3417.146,3417.146,3411.272,3411.272,162741429,4663164928.0000
2026-08-04 10:02:00,3410.780,3413.741,3407.979,3410.542,141866707,4433117184.0000
2026-08-04 10:03:00,3410.583,3410.817,3402.819,3403.229,157461064,4346986496.0000
2026-08-04 10:04:00,3404.819,3409.276,3404.819,3408.315,139771391,4269735936.0000
2026-08-04 10:05:00,3406.832,3406.832,3400.071,3403.863,143058524,4238344192.0000
2026-08-04 10:06:00,3404.114,3406.587,3400.368,3406.048,150610267,4094787584.0000
2026-08-04 10:07:00,3405.969,3413.006,3405.053,3409.741,139394282,3854041088.0000
2026-08-04 10:08:00,3408.508,3411.326,3406.283,3411.204,119583759,3166781440.0000
2026-08-04 10:09:00,3411.511,3419.566,3411.511,3418.831,109665539,3092905984.0000
2026-08-04 10:10:00,3419.475,3421.959,3416.541,3416.541,91609790,2697756672.0000
2026-08-04 10:11:00,3415.279,3415.279,3406.075,3406.075,126181772,3120414720.0000
2026-08-04 10:12:00,3404.608,3405.775,3401.278,3405.552,134929509,3508617216.0000
2026-08-04 10:13:00,3406.735,3413.263,3405.313,3406.662,145828302,3479748608.0000
2026-08-04 10:14:00,3406.561,3406.617,3404.464,3405.717,118350769,2884059136.0000
2026-08-04 10:15:00,3404.534,3410.171,3402.723,3410.171,102920797,2723217408.0000
2026-08-04 10:16:00,3410.150,3413.513,3409.685,3413.504,95486141,2360836096.0000
2026-08-04 10:17:00,3414.095,3415.572,3408.560,3408.670,94135280,2225061888.0000
2026-08-04 10:18:00,3407.939,3407.939,3404.987,3407.504,84761625,2101854208.0000
2026-08-04 10:19:00,3407.178,3414.112,3407.178,3412.083,74114008,2074705920.0000
2026-08-04 10:20:00,3412.605,3419.863,3412.605,3419.863,71235986,2049425408.0000
2026-08-04 10:21:00,3420.136,3422.011,3416.891,3416.891,87395683,2447884288.0000
2026-08-04 10:22:00,3416.725,3416.960,3411.918,3412.067,72072809,1951023104.0000
2026-08-04 10:23:00,3411.957,3415.033,3409.985,3412.071,72687049,1949040640.0000
2026-08-04 10:24:00,3411.966,3414.354,3411.822,3412.147,65007955,1630978048.0000
2026-08-04 10:25:00,3412.458,3413.542,3407.800,3407.800,62964899,1643184128.0000
2026-08-04 10:26:00,3407.181,3409.493,3405.988,3409.493,70358304,1826766848.0000
2026-08-04 10:27:00,3410.233,3417.715,3409.611,3417.715,58895481,1666416640.0000
2026-08-04 10:28:00,3417.478,3420.373,3415.295,3418.394,60561074,1929281536.0000
2026-08-04 10:29:00,3418.932,3420.734,3417.947,3420.157,57068447,1669038080.0000
2026-08-04 10:30:00,3419.441,3421.700,3418.980,3419.302,55422730,1520369664.0000
2026-08-04 10:31:00,3419.050,3425.089,3418.435,3425.037,76211420,2111668224.0000
2026-08-04 10:32:00,3425.511,3429.066,3425.446,3427.726,87020284,2375548928.0000
2026-08-04 10:33:00,3427.505,3427.505,3421.217,3421.217,72294225,2013822976.0000
2026-08-04 10:34:00,3420.282,3420.282,3416.915,3416.940,65704601,1618903040.0000
2026-08-04 10:35:00,3417.904,3420.548,3416.693,3419.491,61416785,1671364608.0000
2026-08-04 10:36:00,3419.360,3424.633,3419.360,3423.736,59585578,1515454464.0000
2026-08-04 10:37:00,3423.954,3429.474,3423.954,3426.535,63225445,1915289600.0000
2026-08-04 10:38:00,3427.128,3429.920,3426.571,3429.824,60061020,1695383552.0000
2026-08-04 10:39:00,3430.183,3430.605,3429.640,3430.090,64850259,2016280576.0000
2026-08-04 10:40:00,3430.524,3431.946,3430.524,3431.946,70194433,2045247488.0000
2026-08-04 10:41:00,3432.019,3437.288,3432.019,3433.767,75446409,2779021312.0000
2026-08-04 10:42:00,3432.987,3432.987,3425.531,3425.860,66596902,1924071424.0000
2026-08-04 10:43:00,3426.520,3427.333,3422.559,3426.522,59718747,1637941248.0000
2026-08-04 10:44:00,3427.023,3429.982,3426.791,3429.909,51209918,1385431040.0000
2026-08-04 10:45:00,3430.708,3434.115,3430.646,3431.921,52785123,1714814976.0000
2026-08-04 10:46:00,3432.694,3433.537,3431.146,3431.629,59030631,1648164864.0000
2026-08-04 10:47:00,3431.786,3432.588,3431.484,3431.601,51474190,1377337344.0000
2026-08-04 10:48:00,3431.803,3436.354,3430.670,3436.354,55405158,1703739392.0000
2026-08-04 10:49:00,3436.434,3437.356,3434.783,3437.356,55560095,1758986240.0000
2026-08-04 10:50:00,3437.965,3437.965,3431.088,3431.088,52098702,1512341504.0000
2026-08-04 10:51:00,3430.265,3430.265,3426.383,3427.497,52074386,1427800064.0000
2026-08-04 10:52:00,3426.976,3426.976,3423.882,3424.081,55250469,1384808448.0000
2026-08-04 10:53:00,3423.653,3427.186,3421.760,3421.837,65874770,1719566336.0000
2026-08-04 10:54:00,3421.800,3423.484,3421.394,3422.745,52172856,1261174784.0000
2026-08-04 10:55:00,3423.291,3423.388,3420.995,3420.995,47732387,1178009600.0000
2026-08-04 10:56:00,3421.727,3425.639,3421.727,3422.783,44146899,1182826496.0000
2026-08-04 10:57:00,3422.727,3425.617,3421.180,3425.617,45926793,1299120128.0000
2026-08-04 10:58:00,3425.344,3430.899,3424.887,3430.602,38719220,1144291328.0000
2026-08-04 10:59:00,3430.398,3430.652,3424.508,3424.508,45537936,1204748288.0000
2026-08-04 11:00:00,3423.489,3423.489,3419.437,3419.452,41252161,1113718784.0000
2026-08-04 11:01:00,3418.937,3419.981,3417.512,3417.512,54036334,1345323008.0000
2026-08-04 11:02:00,3417.371,3417.528,3414.795,3414.795,46572227,1184169984.0000
2026-08-04 11:03:00,3414.349,3414.349,3411.341,3411.341,53287823,1421410304.0000
2026-08-04 11:04:00,3411.422,3414.151,3411.117,3412.329,45648191,1259012096.0000
2026-08-04 11:05:00,3412.204,3414.662,3411.676,3414.662,36891822,947453952.0000
2026-08-04 11:06:00,3414.899,3416.425,3414.899,3416.155,35585620,869597184.0000
2026-08-04 11:07:00,3415.478,3419.494,3414.052,3419.494,47168993,1105690624.0000
2026-08-04 11:08:00,3418.768,3424.738,3418.768,3424.529,36563990,954302464.0000
2026-08-04 11:09:00,3424.448,3430.243,3424.448,3430.243,42499187,1223622656.0000
2026-08-04 11:10:00,3428.040,3432.828,3426.823,3432.828,44460517,1358168064.0000
2026-08-04 11:11:00,3432.843,3436.032,3432.843,3436.032,46523962,1520795648.0000
2026-08-04 11:12:00,3436.603,3436.945,3434.173,3434.173,45153560,1402404864.0000
2026-08-04 11:13:00,3433.997,3434.367,3430.881,3431.751,42216846,1251082240.0000
2026-08-04 11:14:00,3431.165,3434.893,3430.252,3434.840,42918024,1259569152.0000
2026-08-04 11:15:00,3435.034,3439.658,3435.034,3439.658,45055956,1604288512.0000
2026-08-04 11:16:00,3439.820,3443.385,3439.820,3440.189,59558179,1974927360.0000
2026-08-04 11:17:00,3439.855,3439.855,3435.837,3435.837,46960291,1360199680.0000
2026-08-04 11:18:00,3435.334,3435.686,3433.827,3433.827,42845264,1064140800.0000
2026-08-04 11:19:00,3434.427,3437.838,3434.212,3437.403,41251504,1045102592.0000
2026-08-04 11:20:00,3437.317,3443.205,3437.317,3443.205,39693350,1344438272.0000
2026-08-04 11:21:00,3443.057,3445.167,3441.721,3441.721,44386398,1670283264.0000
2026-08-04 11:22:00,3442.037,3444.776,3441.543,3444.556,46111146,1609138176.0000
2026-08-04 11:23:00,3444.637,3445.070,3442.243,3444.614,38402617,1210449920.0000
2026-08-04 11:24:00,3444.884,3445.498,3440.362,3444.158,41822040,1436057600.0000
2026-08-04 11:25:00,3444.535,3445.913,3444.323,3444.323,44969752,1670873088.0000
2026-08-04 11:26:00,3444.922,3449.062,3444.922,3448.954,49952410,1589116928.0000
2026-08-04 11:27:00,3448.880,3449.632,3447.853,3449.556,47524775,1601110016.0000
2026-08-04 11:28:00,3449.313,3452.354,3448.981,3452.354,42096437,1414561792.0000
2026-08-04 11:29:00,3452.505,3457.267,3452.505,3456.985,48287414,2241331200.0000
2026-08-04 11:30:00,3457.108,3462.126,3457.108,3462.049,70866581,2868609024.0000
2026-08-04 13:01:00,3463.552,3473.964,3461.684,3473.964,202130961,7238746112.0000
2026-08-04 13:02:00,3472.746,3473.203,3469.402,3470.379,82131806,3812065280.0000
2026-08-04 13:03:00,3471.363,3471.707,3469.283,3471.707,68137036,2385248256.0000
2026-08-04 13:04:00,3471.033,3479.008,3470.781,3478.653,73803166,2876243968.0000
2026-08-04 13:05:00,3478.162,3479.457,3477.404,3478.418,76484613,2545713152.0000
2026-08-04 13:06:00,3478.273,3478.273,3469.534,3474.979,76958371,2644967424.0000
2026-08-04 13:07:00,3475.022,3475.296,3472.486,3474.294,67058415,2272722944.0000
2026-08-04 13:08:00,3474.156,3475.582,3470.235,3470.333,61245556,2047770624.0000
2026-08-04 13:09:00,3470.699,3472.967,3470.699,3472.118,61232258,1942257664.0000
2026-08-04 13:10:00,3471.789,3471.789,3464.376,3464.376,61092088,1939767296.0000
2026-08-04 13:11:00,3464.028,3464.446,3461.056,3461.056,61850322,1853718528.0000
2026-08-04 13:12:00,3462.181,3467.802,3462.181,3465.861,56348532,1894907904.0000
2026-08-04 13:13:00,3464.546,3464.732,3459.842,3460.564,62259325,1834647552.0000
2026-08-04 13:14:00,3460.657,3462.206,3460.127,3460.862,62829781,1562083328.0000
2026-08-04 13:15:00,3460.794,3466.180,3459.070,3466.180,54076755,1555464192.0000
2026-08-04 13:16:00,3466.849,3467.039,3463.934,3466.409,53480394,1579843584.0000
2026-08-04 13:17:00,3466.502,3467.872,3462.555,3462.555,57120022,1673166848.0000
2026-08-04 13:18:00,3461.921,3462.116,3459.491,3461.414,50372218,1391034368.0000
2026-08-04 13:19:00,3461.516,3462.233,3459.252,3459.252,54009973,1485471744.0000
2026-08-04 13:20:00,3458.881,3458.881,3453.074,3454.895,64276495,1811808256.0000
2026-08-04 13:21:00,3454.986,3459.424,3454.204,3459.424,55131516,1592426496.0000
2026-08-04 13:22:00,3459.311,3463.276,3459.228,3459.911,50975171,1492582400.0000
2026-08-04 13:23:00,3459.867,3463.982,3459.464,3463.752,45295688,1292730368.0000
2026-08-04 13:24:00,3463.880,3470.681,3463.792,3470.681,50811437,1633386496.0000
2026-08-04 13:25:00,3471.143,3471.143,3466.491,3467.987,49962003,1523908608.0000
2026-08-04 13:26:00,3468.374,3471.313,3468.374,3471.267,55605553,1437532160.0000
2026-08-04 13:27:00,3471.606,3475.244,3471.606,3475.244,58190975,1865089024.0000
2026-08-04 13:28:00,3475.059,3477.557,3474.530,3477.426,51952365,1573322752.0000
2026-08-04 13:29:00,3477.640,3479.294,3477.374,3477.374,56181024,1828880384.0000
2026-08-04 13:30:00,3477.743,3481.294,3477.012,3481.294,63927479,1770291200.0000
2026-08-04 13:31:00,3481.223,3481.759,3478.886,3480.148,77062566,2104655872.0000
2026-08-04 13:32:00,3480.520,3483.015,3480.520,3482.931,63306973,1982988288.0000
2026-08-04 13:33:00,3482.998,3485.547,3482.870,3482.870,65268679,1901297664.0000
2026-08-04 13:34:00,3483.013,3483.795,3479.469,3483.762,61757646,1832976384.0000
2026-08-04 13:35:00,3483.538,3483.538,3480.789,3481.598,57717524,1635385344.0000
2026-08-04 13:36:00,3481.934,3482.656,3481.125,3482.637,54889130,1659207680.0000
2026-08-04 13:37:00,3482.519,3486.518,3482.519,3486.518,56690719,1754890240.0000
2026-08-04 13:38:00,3486.738,3488.187,3485.860,3487.900,57099120,1893957632.0000
2026-08-04 13:39:00,3488.420,3489.735,3488.211,3489.735,70428121,2007465984.0000
2026-08-04 13:40:00,3489.268,3489.737,3486.327,3486.568,71852755,2118254592.0000
2026-08-04 13:41:00,3486.915,3490.313,3486.617,3490.313,62702694,1806893056.0000
2026-08-04 13:42:00,3490.514,3491.907,3490.141,3491.886,66447628,1829044224.0000
2026-08-04 13:43:00,3491.861,3491.861,3487.496,3487.948,64174027,1744306176.0000
2026-08-04 13:44:00,3487.244,3487.244,3483.873,3484.688,51225603,1424195584.0000
2026-08-04 13:45:00,3484.703,3490.258,3484.703,3488.716,53478971,1542389760.0000
2026-08-04 13:46:00,3488.992,3494.018,3488.992,3494.018,54789782,1594327040.0000
2026-08-04 13:47:00,3493.953,3494.477,3492.208,3493.680,64816852,1824391168.0000
2026-08-04 13:48:00,3493.886,3495.190,3493.791,3494.287,78596710,1695744000.0000
2026-08-04 13:49:00,3494.085,3496.343,3494.067,3495.936,70945152,1753612288.0000
2026-08-04 13:50:00,3496.026,3496.026,3492.094,3492.741,74316577,1712816128.0000
2026-08-04 13:51:00,3492.638,3492.638,3489.041,3490.636,64655117,1666678784.0000
2026-08-04 13:52:00,3491.122,3491.122,3487.041,3487.154,63823693,1552416768.0000
2026-08-04 13:53:00,3487.000,3492.858,3486.895,3492.858,52102650,1435500544.0000
2026-08-04 13:54:00,3492.731,3493.346,3491.444,3491.444,58201011,1319337984.0000
2026-08-04 13:55:00,3491.629,3492.141,3489.617,3490.608,57818286,1320484864.0000
2026-08-04 13:56:00,3490.083,3490.083,3488.845,3489.060,49477262,1309933568.0000
2026-08-04 13:57:00,3488.922,3492.784,3488.922,3492.469,49299525,1448771584.0000
2026-08-04 13:58:00,3492.447,3492.447,3490.970,3490.970,43771850,1325826048.0000
2026-08-04 13:59:00,3490.975,3493.068,3490.975,3493.068,46774839,1333002240.0000
2026-08-04 14:00:00,3493.228,3497.268,3493.224,3497.268,48385350,1610645504.0000
2026-08-04 14:01:00,3497.414,3501.163,3497.391,3501.163,77601925,2504228864.0000
2026-08-04 14:02:00,3501.200,3502.545,3501.200,3502.545,73107633,1887338496.0000
2026-08-04 14:03:00,3502.539,3502.704,3497.404,3497.687,58166158,1722777600.0000
2026-08-04 14:04:00,3497.782,3499.221,3497.425,3499.221,60091998,1503166464.0000
2026-08-04 14:05:00,3499.077,3501.967,3498.485,3501.967,50451984,1369636864.0000
2026-08-04 14:06:00,3501.913,3501.913,3497.608,3498.014,62970747,1563754496.0000
2026-08-04 14:07:00,3497.509,3499.818,3497.509,3499.633,63316291,1398865920.0000
2026-08-04 14:08:00,3499.660,3501.140,3499.335,3500.617,55656006,1436876800.0000
2026-08-04 14:09:00,3500.481,3503.554,3500.481,3503.554,74739198,1487142912.0000
2026-08-04 14:10:00,3503.676,3505.001,3503.644,3504.943,56088011,1410924544.0000
2026-08-04 14:11:00,3504.883,3506.727,3504.852,3506.727,57452118,1462173696.0000
2026-08-04 14:12:00,3506.668,3509.189,3506.668,3509.189,49582881,1451622400.0000
2026-08-04 14:13:00,3509.038,3509.038,3507.192,3507.912,60801919,1632927744.0000
2026-08-04 14:14:00,3507.735,3510.512,3507.574,3508.311,50098487,1553661952.0000
2026-08-04 14:15:00,3506.983,3506.983,3496.109,3496.109,97491723,2336096256.0000
2026-08-04 14:16:00,3494.704,3494.704,3486.923,3486.923,116349097,2792783872.0000
2026-08-04 14:17:00,3486.344,3491.100,3486.344,3489.254,93803643,2564751360.0000
2026-08-04 14:18:00,3489.765,3491.396,3489.357,3489.357,64654446,1658912768.0000
2026-08-04 14:19:00,3489.220,3489.257,3483.226,3483.226,81960243,1966243840.0000
2026-08-04 14:20:00,3483.643,3484.580,3483.236,3484.194,69848067,2004582400.0000
2026-08-04 14:21:00,3484.632,3488.358,3484.632,3488.304,57975298,1587609600.0000
2026-08-04 14:22:00,3488.886,3488.886,3484.490,3484.827,60464575,1595244544.0000
2026-08-04 14:23:00,3484.756,3484.756,3482.057,3482.497,51318977,1388740608.0000
2026-08-04 14:24:00,3482.635,3484.089,3482.635,3484.016,55231484,1415577600.0000
2026-08-04 14:25:00,3484.369,3486.997,3484.369,3486.997,52695202,1387921408.0000
2026-08-04 14:26:00,3487.158,3490.172,3487.158,3490.172,49733734,1274281984.0000
2026-08-04 14:27:00,3490.159,3492.052,3489.861,3489.861,49359392,1366786048.0000
2026-08-04 14:28:00,3489.564,3491.957,3489.564,3491.801,44415779,1147273216.0000
2026-08-04 14:29:00,3492.162,3493.096,3492.042,3492.764,41458418,1325858816.0000
2026-08-04 14:30:00,3492.731,3493.866,3492.324,3493.529,43236684,1418657792.0000
2026-08-04 14:31:00,3493.230,3495.579,3491.906,3491.906,70026611,1915682816.0000
2026-08-04 14:32:00,3491.632,3491.632,3486.532,3486.884,90461382,2193489920.0000
2026-08-04 14:33:00,3486.883,3486.883,3484.755,3485.464,62827425,1641709568.0000
2026-08-04 14:34:00,3485.545,3485.864,3483.401,3483.425,60572884,1479540736.0000
2026-08-04 14:35:00,3483.356,3483.559,3478.898,3478.898,93735416,2308341760.0000
2026-08-04 14:36:00,3478.945,3479.372,3477.647,3479.372,75573392,1950810112.0000
2026-08-04 14:37:00,3480.016,3481.829,3480.016,3481.657,60934749,1613627392.0000
2026-08-04 14:38:00,3482.043,3483.286,3481.883,3483.177,57848816,1523810304.0000
2026-08-04 14:39:00,3483.191,3484.554,3483.191,3483.725,56610926,1470955520.0000
2026-08-04 14:40:00,3483.340,3483.340,3480.525,3481.167,66587957,1793589248.0000
2026-08-04 14:41:00,3480.873,3480.873,3479.658,3479.885,74297511,1720975360.0000
2026-08-04 14:42:00,3480.021,3480.699,3480.012,3480.534,66369429,1688403968.0000
2026-08-04 14:43:00,3480.645,3481.275,3479.941,3480.535,63807175,1698889728.0000
2026-08-04 14:44:00,3480.692,3480.692,3478.319,3478.941,80622142,1986134016.0000
2026-08-04 14:45:00,3479.035,3479.035,3477.374,3477.792,74117018,1863974912.0000
2026-08-04 14:46:00,3477.741,3481.097,3477.741,3481.097,91113128,2175336448.0000
2026-08-04 14:47:00,3481.124,3481.316,3479.909,3481.316,76276081,1976958976.0000
2026-08-04 14:48:00,3481.355,3482.038,3479.663,3479.787,79575022,2203713536.0000
2026-08-04 14:49:00,3480.151,3480.617,3479.545,3479.910,82889698,2031878144.0000
2026-08-04 14:50:00,3480.015,3481.208,3480.015,3481.158,84518065,2020671488.0000
2026-08-04 14:51:00,3481.109,3482.630,3481.005,3482.630,112118579,2669346816.0000
2026-08-04 14:52:00,3482.715,3484.477,3482.715,3484.193,111427483,2638807040.0000
2026-08-04 14:53:00,3484.453,3486.023,3484.453,3485.894,110773691,2747334656.0000
2026-08-04 14:54:00,3485.439,3486.058,3484.879,3485.977,125468152,3019702272.0000
2026-08-04 14:55:00,3485.623,3486.182,3485.530,3485.951,134267207,3100442624.0000
2026-08-04 14:56:00,3485.899,3489.530,3485.899,3489.530,156620955,3785031680.0000
2026-08-04 14:57:00,3489.663,3491.046,3489.663,3490.253,184829210,4363649024.0000
2026-08-04 14:58:00,3491.177,3491.183,3491.177,3491.183,3784969,131530752.0000
2026-08-04 15:00:00,3488.966,3488.966,3488.966,3488.966,247325600,6253314048.0000
2026-08-05 09:31:00,3372.082,3409.047,3372.042,3409.047,842161941,35866132480.0000
2026-08-05 09:32:00,3410.487,3420.090,3408.683,3420.090,456896556,18358067200.0000
2026-08-05 09:33:00,3421.897,3441.294,3421.897,3441.294,336574758,11769692160.0000
2026-08-05 09:34:00,3441.138,3445.617,3433.593,3433.593,301835607,11631550464.0000
2026-08-05 09:35:00,3433.197,3434.909,3430.489,3434.909,282169964,10084114432.0000
2026-08-05 09:36:00,3437.977,3449.342,3437.977,3446.905,272245812,9560186880.0000
2026-08-05 09:37:00,3450.824,3462.205,3449.141,3462.205,238839065,8596013056.0000
2026-08-05 09:38:00,3463.045,3463.045,3450.783,3451.115,245706744,8913829888.0000
2026-08-05 09:39:00,3453.177,3454.432,3448.897,3451.898,237773239,8199487488.0000
2026-08-05 09:40:00,3451.315,3451.446,3449.601,3450.419,208051135,7549599744.0000
2026-08-05 09:41:00,3453.519,3466.335,3453.519,3465.834,204070567,6959202304.0000
2026-08-05 09:42:00,3466.581,3474.881,3466.581,3473.736,194588243,6685507584.0000
2026-08-05 09:43:00,3473.769,3476.774,3472.309,3475.987,179270670,5831966720.0000
2026-08-05 09:44:00,3475.723,3475.723,3466.381,3467.667,189597510,6480789504.0000
2026-08-05 09:45:00,3466.368,3473.906,3465.718,3472.590,179708629,5760073728.0000
2026-08-05 09:46:00,3472.491,3489.248,3472.480,3488.046,195175547,6052773888.0000
2026-08-05 09:47:00,3488.311,3497.949,3488.311,3494.925,191762071,6542966784.0000
2026-08-05 09:48:00,3495.252,3500.373,3495.252,3497.315,177998875,6050316288.0000
2026-08-05 09:49:00,3497.622,3497.622,3482.045,3482.045,179771039,5809225728.0000
2026-08-05 09:50:00,3482.048,3485.548,3480.770,3484.611,167690922,5511610368.0000
2026-08-05 09:51:00,3484.931,3484.931,3482.079,3483.553,203857548,5843484672.0000
2026-08-05 09:52:00,3482.443,3494.596,3479.035,3494.596,165633908,5247533056.0000
2026-08-05 09:53:00,3495.159,3495.159,3489.866,3493.578,142740698,4424908800.0000
2026-08-05 09:54:00,3493.106,3498.828,3492.245,3498.828,148016723,4540055552.0000
2026-08-05 09:55:00,3500.036,3500.036,3490.515,3491.108,162891579,4574609408.0000
2026-08-05 09:56:00,3491.520,3493.617,3485.381,3485.381,139824298,4349149184.0000
2026-08-05 09:57:00,3485.465,3489.880,3483.791,3489.880,147854100,4421599232.0000
2026-08-05 09:58:00,3490.719,3495.542,3490.719,3495.540,139611421,4195352576.0000
2026-08-05 09:59:00,3495.403,3498.311,3487.893,3487.893,145919110,4783357952.0000
2026-08-05 10:00:00,3487.256,3487.256,3477.145,3477.309,146842673,4387618816.0000
2026-08-05 10:01:00,3479.103,3480.382,3475.581,3475.581,146568817,4596203520.0000
2026-08-05 10:02:00,3474.654,3475.589,3473.567,3474.649,143125104,4329488384.0000
2026-08-05 10:03:00,3474.219,3478.593,3472.077,3478.593,128229592,4314775552.0000
2026-08-05 10:04:00,3478.930,3482.661,3474.985,3474.985,132049256,3827302400.0000
2026-08-05 10:05:00,3475.594,3475.594,3471.418,3472.334,114245656,3463938048.0000
2026-08-05 10:06:00,3472.241,3474.099,3469.534,3472.865,117445756,3801858048.0000
2026-08-05 10:07:00,3471.795,3471.795,3462.848,3463.568,113445746,3699998720.0000
2026-08-05 10:08:00,3463.858,3463.858,3454.427,3454.427,124099067,4615012352.0000
2026-08-05 10:09:00,3454.497,3458.996,3454.497,3457.978,114385432,4196597760.0000
2026-08-05 10:10:00,3458.302,3461.350,3458.302,3460.874,89269895,3593240576.0000
2026-08-05 10:11:00,3461.335,3461.402,3452.459,3452.459,109831758,3873669120.0000
2026-08-05 10:12:00,3451.905,3453.624,3451.528,3452.966,122074254,4107698176.0000
2026-08-05 10:13:00,3451.375,3451.375,3444.313,3444.313,156243060,4731305984.0000
2026-08-05 10:14:00,3443.861,3443.861,3433.873,3433.873,161561209,5172592640.0000
2026-08-05 10:15:00,3434.059,3448.256,3434.059,3446.636,138655612,4554752000.0000
2026-08-05 10:16:00,3446.662,3448.034,3435.694,3435.694,127693423,4195713024.0000
2026-08-05 10:17:00,3435.344,3435.344,3428.147,3428.468,136344748,4846485504.0000
2026-08-05 10:18:00,3428.573,3437.793,3428.333,3436.395,131594318,4428922880.0000
2026-08-05 10:19:00,3436.248,3440.517,3436.248,3439.583,101585205,3122921472.0000
2026-08-05 10:20:00,3439.693,3444.758,3439.693,3444.676,123776752,3334078464.0000
2026-08-05 10:21:00,3445.545,3445.545,3439.593,3441.342,111374380,3610279936.0000
2026-08-05 10:22:00,3441.675,3454.221,3441.675,3453.331,113927649,3374678016.0000
2026-08-05 10:23:00,3453.305,3454.449,3452.002,3454.449,97326605,2955280384.0000
2026-08-05 10:24:00,3454.507,3459.273,3453.613,3458.903,74094232,2251980800.0000
2026-08-05 10:25:00,3459.603,3462.294,3458.964,3459.484,83836785,2599780352.0000
2026-08-05 10:26:00,3459.884,3459.884,3455.204,3455.204,78333432,2347040768.0000
2026-08-05 10:27:00,3455.362,3459.379,3452.830,3452.830,77890204,2390392832.0000
2026-08-05 10:28:00,3452.238,3456.173,3451.099,3455.964,69932894,1901264896.0000
2026-08-05 10:29:00,3457.106,3460.194,3457.106,3457.768,65523551,1942192128.0000
2026-08-05 10:30:00,3457.157,3457.659,3454.129,3454.599,67478391,1999503360.0000
2026-08-05 10:31:00,3454.657,3454.657,3446.254,3446.254,89359379,2591260672.0000
2026-08-05 10:32:00,3445.601,3446.200,3443.133,3443.875,84541688,2487812096.0000
2026-08-05 10:33:00,3443.782,3448.980,3443.782,3446.770,82191490,2278293504.0000
2026-08-05 10:34:00,3446.969,3457.870,3446.969,3455.851,82915854,2320662528.0000
2026-08-05 10:35:00,3456.036,3458.964,3456.036,3458.844,70113999,2037088256.0000
2026-08-05 10:36:00,3457.411,3460.860,3455.309,3460.860,67734157,2059960320.0000
2026-08-05 10:37:00,3461.356,3466.989,3460.405,3466.989,61488429,1900019712.0000
2026-08-05 10:38:00,3467.191,3472.787,3467.191,3472.121,64801086,2009530368.0000
2026-08-05 10:39:00,3472.058,3472.058,3467.444,3467.559,65597649,2011332608.0000
2026-08-05 10:40:00,3467.277,3467.277,3463.761,3466.049,59745140,1775173632.0000
2026-08-05 10:41:00,3466.500,3468.875,3466.500,3466.693,66234015,1953497088.0000
2026-08-05 10:42:00,3466.985,3474.588,3466.985,3474.487,63510531,1929936896.0000
2026-08-05 10:43:00,3474.388,3478.096,3474.388,3478.096,58754829,1805680640.0000
2026-08-05 10:44:00,3478.008,3478.141,3474.301,3477.128,56485629,1852309504.0000
2026-08-05 10:45:00,3477.142,3478.610,3474.469,3477.721,57320696,1777926144.0000
2026-08-05 10:46:00,3477.846,3482.560,3477.501,3482.529,61698722,1887109120.0000
2026-08-05 10:47:00,3483.387,3485.102,3481.542,3484.337,70735249,2120515584.0000
2026-08-05 10:48:00,3484.014,3485.866,3483.713,3485.093,68507073,2023260160.0000
2026-08-05 10:49:00,3485.871,3489.213,3485.871,3489.213,62211498,1989345280.0000
2026-08-05 10:50:00,3489.744,3491.334,3489.496,3490.996,65451860,2076049408.0000
2026-08-05 10:51:00,3490.604,3490.726,3484.246,3484.494,71482854,2349694976.0000
2026-08-05 10:52:00,3484.798,3486.884,3484.351,3486.884,58423131,1804042240.0000
2026-08-05 10:53:00,3487.218,3490.415,3486.949,3490.170,61485248,1817739264.0000
2026-08-05 10:54:00,3489.797,3489.797,3483.595,3483.885,60055570,1915715584.0000
2026-08-05 10:55:00,3484.044,3491.148,3483.831,3491.148,54611701,1673035776.0000
2026-08-05 10:56:00,3491.447,3494.745,3491.447,3492.640,57024858,1798569984.0000
2026-08-05 10:57:00,3492.700,3493.397,3489.037,3489.037,49869972,1677688832.0000
2026-08-05 10:58:00,3488.874,3491.313,3488.874,3490.726,51911360,1645543424.0000
2026-08-05 10:59:00,3491.125,3491.125,3486.174,3486.556,48142534,1457782784.0000
2026-08-05 11:00:00,3486.538,3486.763,3485.225,3486.025,48176655,1341489152.0000
2026-08-05 11:01:00,3486.866,3494.848,3486.866,3494.848,66252684,1955823616.0000
2026-08-05 11:02:00,3494.853,3496.205,3494.235,3496.042,57288723,1909030912.0000
2026-08-05 11:03:00,3495.893,3496.070,3492.942,3494.073,53009253,1839038464.0000
2026-08-05 11:04:00,3493.840,3495.612,3493.840,3494.159,51838970,1739554816.0000
2026-08-05 11:05:00,3493.393,3494.317,3491.376,3492.280,50080903,1626669056.0000
2026-08-05 11:06:00,3491.621,3491.649,3485.489,3485.489,67905131,1761345536.0000
2026-08-05 11:07:00,3485.517,3489.311,3485.207,3485.207,54434626,1681653760.0000
2026-08-05 11:08:00,3485.354,3494.943,3485.354,3494.943,55501883,1583087616.0000
2026-08-05 11:09:00,3494.679,3495.645,3492.678,3493.721,51801234,1665105920.0000
2026-08-05 11:10:00,3492.777,3495.552,3492.421,3495.123,53365237,1546911744.0000
2026-08-05 11:11:00,3495.623,3496.269,3494.569,3494.701,53049124,1635188736.0000
2026-08-05 11:12:00,3494.818,3497.839,3494.818,3497.803,52957092,1745846272.0000
2026-08-05 11:13:00,3497.525,3497.525,3494.760,3495.150,51525699,1671233536.0000
2026-08-05 11:14:00,3495.073,3499.960,3494.570,3499.693,51767021,1512210432.0000
2026-08-05 11:15:00,3500.354,3506.405,3500.114,3506.405,57038649,1846149120.0000
2026-08-05 11:16:00,3506.622,3512.048,3506.622,3512.048,59161886,2030043136.0000
2026-08-05 11:17:00,3513.161,3515.212,3513.161,3513.823,64775351,2344157184.0000
2026-08-05 11:18:00,3514.280,3515.573,3513.663,3514.190,60698890,2215936000.0000
2026-08-05 11:19:00,3514.726,3518.989,3514.726,3518.989,59946519,2036432896.0000
2026-08-05 11:20:00,3519.112,3519.538,3510.017,3510.017,65380793,2301132800.0000
2026-08-05 11:21:00,3509.906,3509.906,3506.155,3508.979,55541620,1830748160.0000
2026-08-05 11:22:00,3508.637,3509.855,3506.595,3508.424,49155636,1543766016.0000
2026-08-05 11:23:00,3508.066,3512.480,3507.779,3510.720,47068615,1510899712.0000
2026-08-05 11:24:00,3510.112,3519.310,3510.112,3518.619,48799553,1702920192.0000
2026-08-05 11:25:00,3519.454,3522.304,3517.892,3521.675,50304953,1727397888.0000
2026-08-05 11:26:00,3521.194,3522.843,3519.056,3522.426,51630295,1801748480.0000
2026-08-05 11:27:00,3522.508,3522.721,3518.681,3522.706,47060891,1664942080.0000
2026-08-05 11:28:00,3522.289,3524.842,3522.289,3524.842,48639104,1571323904.0000
2026-08-05 11:29:00,3525.301,3526.008,3521.415,3523.196,57173367,1924005888.0000
2026-08-05 11:30:00,3522.638,3522.706,3518.722,3519.862,55437090,1668055040.0000
2026-08-05 13:01:00,3523.692,3536.524,3523.692,3535.050,212356087,7108886528.0000
2026-08-05 13:02:00,3535.364,3545.644,3535.364,3543.201,87281042,3644096512.0000
2026-08-05 13:03:00,3543.862,3543.862,3536.238,3540.707,83020050,3062595584.0000
2026-08-05 13:04:00,3538.317,3545.762,3538.317,3543.107,72455452,2692284416.0000
2026-08-05 13:05:00,3543.316,3549.455,3543.316,3549.455,70622223,2557607936.0000
2026-08-05 13:06:00,3549.649,3549.663,3536.505,3536.505,77260958,2829451264.0000
2026-08-05 13:07:00,3536.907,3536.907,3531.708,3534.315,82615614,2682617856.0000
2026-08-05 13:08:00,3536.552,3543.185,3536.552,3541.649,83830159,2776760320.0000
2026-08-05 13:09:00,3541.930,3541.930,3538.992,3539.903,62818396,2140176384.0000
2026-08-05 13:10:00,3539.349,3541.366,3536.994,3536.994,77021789,2190245888.0000
2026-08-05 13:11:00,3534.942,3537.143,3533.424,3536.166,63813663,2159738880.0000
2026-08-05 13:12:00,3536.067,3547.743,3536.067,3547.743,68091158,2456158208.0000
2026-08-05 13:13:00,3548.222,3556.394,3548.222,3556.301,73347076,2738520064.0000
2026-08-05 13:14:00,3555.954,3557.007,3554.642,3554.642,66443822,2479751168.0000
2026-08-05 13:15:00,3554.317,3554.630,3549.794,3549.794,63809390,2138275840.0000
2026-08-05 13:16:00,3548.838,3548.838,3544.463,3545.628,75428916,2323775488.0000
2026-08-05 13:17:00,3545.731,3556.064,3545.731,3556.064,72557712,2205745152.0000
2026-08-05 13:18:00,3556.552,3561.661,3556.552,3561.661,66426014,2355986432.0000
2026-08-05 13:19:00,3561.916,3562.662,3560.513,3562.239,64079111,2331639808.0000
2026-08-05 13:20:00,3562.456,3562.456,3556.376,3559.236,58252845,2045050880.0000
2026-08-05 13:21:00,3559.696,3563.727,3558.415,3563.653,63606146,2180710400.0000
2026-08-05 13:22:00,3563.769,3567.231,3563.769,3567.229,63535568,2241069056.0000
2026-08-05 13:23:00,3567.433,3569.646,3566.780,3569.331,62956237,2296414208.0000
2026-08-05 13:24:00,3569.084,3569.840,3566.323,3569.840,75281816,2475393024.0000
2026-08-05 13:25:00,3569.979,3576.187,3569.979,3576.187,66072737,2601877504.0000
2026-08-05 13:26:00,3576.298,3580.423,3575.985,3580.423,63150410,2339078144.0000
2026-08-05 13:27:00,3580.104,3584.062,3580.104,3582.694,70268010,2746744832.0000
2026-08-05 13:28:00,3582.541,3582.541,3575.179,3578.253,81106404,2690646016.0000
2026-08-05 13:29:00,3577.965,3578.088,3573.122,3573.122,78971865,2416345088.0000
2026-08-05 13:30:00,3573.088,3574.193,3568.501,3568.576,66712510,2067136512.0000
2026-08-05 13:31:00,3568.480,3571.896,3566.317,3567.017,69287706,2254569472.0000
2026-08-05 13:32:00,3567.386,3573.406,3566.671,3573.352,61429456,1979187200.0000
2026-08-05 13:33:00,3573.357,3573.759,3569.398,3573.467,51476289,1655275520.0000
2026-08-05 13:34:00,3572.708,3572.708,3570.464,3571.107,47460687,1614446592.0000
2026-08-05 13:35:00,3570.727,3570.761,3568.543,3570.510,62106586,1942781952.0000
2026-08-05 13:36:00,3570.416,3570.461,3564.765,3564.765,78541358,2312470528.0000
2026-08-05 13:37:00,3565.022,3565.022,3561.309,3563.890,68547714,2165702656.0000
2026-08-05 13:38:00,3563.347,3563.347,3555.357,3556.089,77161331,2179923968.0000
2026-08-05 13:39:00,3556.038,3556.038,3550.170,3550.170,109045858,2502033408.0000
2026-08-05 13:40:00,3550.405,3556.168,3549.981,3556.168,83784797,2590900224.0000
2026-08-05 13:41:00,3556.777,3562.025,3556.777,3559.380,73498894,2204303360.0000
2026-08-05 13:42:00,3558.938,3558.938,3554.238,3554.238,65496486,1758527488.0000
2026-08-05 13:43:00,3554.125,3555.731,3553.791,3555.731,59303167,1703608320.0000
2026-08-05 13:44:00,3556.281,3564.984,3556.281,3564.984,63826950,1931411456.0000
2026-08-05 13:45:00,3565.263,3570.866,3565.263,3570.622,65057239,1965031424.0000
2026-08-05 13:46:00,3571.326,3575.785,3571.326,3574.632,60737207,2144731136.0000
2026-08-05 13:47:00,3574.657,3577.514,3574.296,3574.352,59406637,1960050688.0000
2026-08-05 13:48:00,3574.799,3575.059,3567.676,3567.676,53434176,1676738560.0000
2026-08-05 13:49:00,3568.242,3569.617,3567.329,3567.329,49143780,1515782144.0000
2026-08-05 13:50:00,3566.660,3566.796,3564.347,3566.452,45373304,1395654656.0000
2026-08-05 13:51:00,3567.550,3572.101,3566.169,3572.101,48356393,1449918464.0000
2026-08-05 13:52:00,3572.156,3575.416,3572.156,3573.635,48463462,1523449856.0000
2026-08-05 13:53:00,3573.783,3573.783,3566.989,3566.989,48776050,1421082624.0000
2026-08-05 13:54:00,3566.820,3567.832,3565.657,3565.657,46082832,1349779456.0000
2026-08-05 13:55:00,3565.707,3566.848,3564.037,3566.848,44072526,1333067776.0000
2026-08-05 13:56:00,3566.451,3566.607,3563.679,3563.679,46083387,1463877632.0000
2026-08-05 13:57:00,3563.739,3563.985,3556.987,3556.987,52042441,1583611904.0000
2026-08-05 13:58:00,3556.718,3560.802,3555.599,3560.802,46237049,1510670336.0000
2026-08-05 13:59:00,3560.728,3565.997,3560.728,3565.997,46944570,1436745728.0000
2026-08-05 14:00:00,3565.953,3566.273,3560.629,3560.979,45423218,1386741760.0000
2026-08-05 14:01:00,3560.726,3560.726,3556.438,3558.663,69431874,1967390720.0000
2026-08-05 14:02:00,3558.547,3558.547,3555.002,3555.002,82014210,1926365184.0000
2026-08-05 14:03:00,3554.885,3556.093,3549.090,3549.090,117539170,2605711360.0000
2026-08-05 14:04:00,3548.719,3548.975,3545.615,3546.398,110569166,2611478528.0000
2026-08-05 14:05:00,3546.331,3547.392,3545.679,3547.096,70064241,1850015744.0000
2026-08-05 14:06:00,3547.276,3547.276,3541.557,3541.557,95571983,2267348992.0000
2026-08-05 14:07:00,3541.203,3542.186,3539.584,3539.584,106890593,2819620864.0000
2026-08-05 14:08:00,3538.917,3539.007,3533.952,3533.952,95276221,2488467456.0000
2026-08-05 14:09:00,3533.771,3533.771,3529.934,3530.111,82318791,2387673088.0000
2026-08-05 14:10:00,3531.423,3542.582,3531.423,3542.582,87257002,2511863808.0000
2026-08-05 14:11:00,3542.865,3545.387,3540.128,3540.128,66469891,1751908352.0000
2026-08-05 14:12:00,3540.881,3540.881,3537.522,3537.522,51114087,1422917632.0000
2026-08-05 14:13:00,3537.359,3537.425,3534.727,3534.727,53375152,1460862976.0000
2026-08-05 14:14:00,3534.541,3534.541,3529.988,3529.988,48693466,1543897088.0000
2026-08-05 14:15:00,3529.592,3529.592,3527.012,3528.846,56943219,1868300288.0000
2026-08-05 14:16:00,3529.350,3530.545,3528.747,3530.276,59568851,1881669632.0000
2026-08-05 14:17:00,3530.118,3530.240,3525.172,3525.172,62402415,1753481216.0000
2026-08-05 14:18:00,3525.027,3525.027,3520.087,3520.581,80415963,2467233792.0000
2026-08-05 14:19:00,3520.374,3520.374,3514.192,3514.625,83565658,2528247808.0000
2026-08-05 14:20:00,3514.853,3515.861,3512.568,3515.861,90524548,2618818560.0000
2026-08-05 14:21:00,3516.099,3522.917,3516.099,3522.090,83230058,2534539264.0000
2026-08-05 14:22:00,3522.329,3522.681,3521.561,3522.507,49135109,1486618624.0000
2026-08-05 14:23:00,3521.636,3521.636,3514.071,3514.153,58015726,1770061824.0000
2026-08-05 14:24:00,3513.999,3517.881,3512.791,3517.881,65860213,1806172160.0000
2026-08-05 14:25:00,3518.343,3523.882,3518.343,3523.882,63735064,1734082560.0000
2026-08-05 14:26:00,3524.331,3532.776,3524.331,3532.776,66688178,1689321472.0000
2026-08-05 14:27:00,3533.340,3534.582,3532.341,3534.582,53864586,1631649792.0000
2026-08-05 14:28:00,3534.284,3535.447,3530.690,3530.690,47567895,1445068800.0000
2026-08-05 14:29:00,3530.863,3534.107,3530.627,3534.107,47033389,1281294336.0000
2026-08-05 14:30:00,3534.148,3534.236,3533.218,3533.904,49651280,1219887104.0000
2026-08-05 14:31:00,3533.657,3533.943,3531.760,3531.760,77726981,1941831680.0000
2026-08-05 14:32:00,3531.507,3531.507,3528.486,3530.561,69164635,1610153984.0000
2026-08-05 14:33:00,3530.563,3530.563,3528.354,3529.060,58521501,1423900672.0000
2026-08-05 14:34:00,3528.845,3532.875,3528.845,3532.644,69472402,1648689152.0000
2026-08-05 14:35:00,3532.792,3533.044,3531.747,3532.275,59041193,1487994880.0000
2026-08-05 14:36:00,3532.234,3532.419,3530.641,3530.816,61431107,1659109376.0000
2026-08-05 14:37:00,3531.008,3532.660,3531.008,3532.349,61287750,1543176192.0000
2026-08-05 14:38:00,3532.367,3532.367,3529.245,3529.245,63007898,1698037760.0000
2026-08-05 14:39:00,3528.609,3528.636,3523.499,3523.499,73819728,1957298176.0000
2026-08-05 14:40:00,3523.597,3525.295,3523.597,3523.759,72606844,1985085440.0000
2026-08-05 14:41:00,3523.449,3523.514,3522.561,3523.120,73439026,1831075840.0000
2026-08-05 14:42:00,3523.211,3523.969,3523.168,3523.436,68753074,1837826048.0000
2026-08-05 14:43:00,3523.430,3525.911,3523.430,3525.710,75918160,1906704384.0000
2026-08-05 14:44:00,3525.642,3525.669,3523.859,3524.251,66740575,1794703360.0000
2026-08-05 14:45:00,3524.253,3526.882,3524.253,3526.702,76943888,2025586688.0000
2026-08-05 14:46:00,3526.493,3529.098,3526.493,3528.589,92623833,2301689856.0000
2026-08-05 14:47:00,3529.486,3530.664,3529.097,3530.442,84830800,2154037248.0000
2026-08-05 14:48:00,3530.280,3531.266,3529.920,3531.266,84974772,2226388992.0000
2026-08-05 14:49:00,3531.240,3531.722,3531.114,3531.591,79864281,2159149056.0000
2026-08-05 14:50:00,3531.621,3532.022,3531.571,3531.875,86004640,2311979008.0000
2026-08-05 14:51:00,3531.533,3531.533,3530.381,3531.167,116583258,2976907264.0000
2026-08-05 14:52:00,3531.352,3531.456,3530.941,3530.941,104735475,2760114176.0000
2026-08-05 14:53:00,3530.996,3531.419,3530.928,3531.280,115558371,2992046080.0000
2026-08-05 14:54:00,3531.084,3532.170,3530.903,3532.170,122684841,3279093760.0000
2026-08-05 14:55:00,3532.169,3534.261,3532.169,3534.257,140362105,3586916352.0000
2026-08-05 14:56:00,3534.221,3536.652,3534.221,3536.652,174643519,4166123520.0000
2026-08-05 14:57:00,3537.017,3537.883,3537.017,3537.883,190157284,4777639936.0000
2026-08-05 14:58:00,3537.773,3537.773,3537.759,3537.759,4163957,119668736.0000
2026-08-05 15:00:00,3535.143,3535.143,3535.143,3535.143,253693315,7044268032.0000
2026-08-06 09:31:00,3472.146,3475.328,3470.224,3470.224,836817494,27464003584.0000
2026-08-06 09:32:00,3470.813,3477.697,3467.120,3467.406,435823206,14057291776.0000
2026-08-06 09:33:00,3468.342,3468.597,3457.889,3458.458,348201020,11234119680.0000
2026-08-06 09:34:00,3458.235,3458.235,3450.204,3450.204,313660329,10864283648.0000
2026-08-06 09:35:00,3448.911,3453.542,3444.358,3453.086,304680358,10120982528.0000
2026-08-06 09:36:00,3453.718,3464.323,3453.718,3459.744,266042750,8519442432.0000
2026-08-06 09:37:00,3459.146,3472.073,3459.146,3470.159,271613646,8039333888.0000
2026-08-06 09:38:00,3469.718,3477.604,3469.718,3477.191,259887510,7919091712.0000
2026-08-06 09:39:00,3477.382,3480.346,3469.612,3471.654,225481599,7016251392.0000
2026-08-06 09:40:00,3474.768,3484.314,3474.768,3484.306,214343889,6598787072.0000
2026-08-06 09:41:00,3484.368,3485.517,3476.443,3476.770,213898826,6459285504.0000
2026-08-06 09:42:00,3476.445,3486.213,3472.823,3486.213,188489408,5735989248.0000
2026-08-06 09:43:00,3484.285,3489.789,3482.734,3489.273,193425519,5776056320.0000
2026-08-06 09:44:00,3489.270,3490.438,3486.103,3489.384,190034727,5794979840.0000
2026-08-06 09:45:00,3488.628,3491.558,3483.970,3489.811,184257245,5688688640.0000
2026-08-06 09:46:00,3489.919,3496.607,3489.043,3496.607,165973689,5092851712.0000
2026-08-06 09:47:00,3497.052,3498.939,3490.217,3490.470,183343028,5360074752.0000
2026-08-06 09:48:00,3491.046,3496.805,3491.046,3496.805,157478639,4636082176.0000
2026-08-06 09:49:00,3497.451,3498.437,3494.745,3496.004,161511949,4894277632.0000
2026-08-06 09:50:00,3496.384,3496.384,3488.773,3489.444,152000748,4650172416.0000
2026-08-06 09:51:00,3490.097,3490.097,3485.866,3488.446,195345353,5248204800.0000
2026-08-06 09:52:00,3487.783,3488.644,3483.912,3486.614,157839784,4717494272.0000
2026-08-06 09:53:00,3484.823,3486.097,3484.061,3485.178,147014211,4269604864.0000
2026-08-06 09:54:00,3485.726,3485.748,3478.664,3480.623,206825030,5447909376.0000
2026-08-06 09:55:00,3480.077,3486.891,3479.741,3486.527,159910821,4524064768.0000
2026-08-06 09:56:00,3485.843,3498.956,3485.843,3498.146,146683195,4527210496.0000
2026-08-06 09:57:00,3499.908,3505.931,3499.908,3505.931,130873558,4153737216.0000
2026-08-06 09:58:00,3505.945,3506.143,3502.580,3502.580,167948204,4753555456.0000
2026-08-06 09:59:00,3502.501,3503.582,3500.466,3503.582,118317422,3489742848.0000
2026-08-06 10:00:00,3504.594,3507.654,3503.375,3507.654,122800803,3742482432.0000
2026-08-06 10:01:00,3507.860,3510.158,3504.928,3508.172,149601349,4598398976.0000
2026-08-06 10:02:00,3507.426,3507.426,3501.801,3501.845,119084086,3921444864.0000
2026-08-06 10:03:00,3502.212,3507.109,3502.212,3506.288,111961460,3342942208.0000
2026-08-06 10:04:00,3506.547,3507.443,3504.545,3504.927,109966210,3571122176.0000
2026-08-06 10:05:00,3504.179,3504.179,3499.286,3500.887,116700070,3681796096.0000
2026-08-06 10:06:00,3499.625,3501.669,3498.906,3501.224,97362895,2991603712.0000
2026-08-06 10:07:00,3500.469,3500.841,3498.487,3499.046,104038977,3165863936.0000
2026-08-06 10:08:00,3498.831,3507.083,3498.118,3504.964,94822996,2971975680.0000
2026-08-06 10:09:00,3504.786,3506.264,3502.479,3506.264,88677530,2887548928.0000
2026-08-06 10:10:00,3506.817,3513.602,3506.726,3513.602,89595549,3007479808.0000
2026-08-06 10:11:00,3514.027,3514.027,3510.309,3510.428,98968430,3288088576.0000
2026-08-06 10:12:00,3509.635,3509.635,3502.664,3504.135,91584847,2991620096.0000
2026-08-06 10:13:00,3504.114,3507.144,3503.576,3507.093,85280337,2503475200.0000
2026-08-06 10:14:00,3507.314,3512.756,3504.852,3512.756,96702501,2983116800.0000
2026-08-06 10:15:00,3513.285,3517.394,3513.285,3516.611,93116277,3055353856.0000
2026-08-06 10:16:00,3516.843,3517.428,3510.930,3510.930,110182745,3430776832.0000
2026-08-06 10:17:00,3510.733,3514.895,3509.693,3514.895,100092045,3187605504.0000
2026-08-06 10:18:00,3515.575,3519.983,3515.575,3519.638,91596637,3114450944.0000
2026-08-06 10:19:00,3519.655,3527.052,3519.527,3527.052,84721683,2793340928.0000
2026-08-06 10:20:00,3527.588,3530.473,3526.492,3528.442,91846647,3704455168.0000
2026-08-06 10:21:00,3528.159,3528.159,3522.453,3522.903,88071917,3256418304.0000
2026-08-06 10:22:00,3523.548,3531.488,3523.548,3531.488,86440508,3253207040.0000
2026-08-06 10:23:00,3531.994,3533.319,3529.575,3533.319,104987047,3684237312.0000
2026-08-06 10:24:00,3533.896,3534.413,3526.619,3530.125,95808590,3367567360.0000
2026-08-06 10:25:00,3529.706,3532.226,3528.779,3532.226,83631416,2812805120.0000
2026-08-06 10:26:00,3532.208,3536.161,3531.752,3536.058,90215065,2913861632.0000
2026-08-06 10:27:00,3535.969,3543.844,3535.969,3541.641,88782785,3327590400.0000
2026-08-06 10:28:00,3542.442,3551.106,3542.442,3551.106,96137597,3220635648.0000
2026-08-06 10:29:00,3551.334,3553.376,3550.562,3550.562,107891036,3785916416.0000
2026-08-06 10:30:00,3550.120,3553.857,3550.120,3552.691,96100969,3201531904.0000
2026-08-06 10:31:00,3552.090,3555.372,3548.522,3554.226,111250276,3882287104.0000
2026-08-06 10:32:00,3554.072,3556.464,3553.528,3555.525,88601049,3088580608.0000
2026-08-06 10:33:00,3556.300,3556.924,3553.882,3554.720,86230518,3093364736.0000
2026-08-06 10:34:00,3556.047,3556.664,3552.448,3552.448,86680614,2880602112.0000
2026-08-06 10:35:00,3551.124,3552.638,3544.730,3546.743,93205974,3371008000.0000
2026-08-06 10:36:00,3547.001,3547.001,3540.436,3540.436,95266331,3603169280.0000
2026-08-06 10:37:00,3540.299,3540.299,3533.229,3533.820,94895756,3242393600.0000
2026-08-06 10:38:00,3533.442,3547.383,3533.442,3546.949,89832669,2986901504.0000
2026-08-06 10:39:00,3545.837,3546.622,3541.237,3541.237,71596360,2329378816.0000
2026-08-06 10:40:00,3541.066,3541.066,3531.755,3533.656,110089227,3108077568.0000
2026-08-06 10:41:00,3533.861,3539.498,3533.861,3539.387,91146691,2795339776.0000
2026-08-06 10:42:00,3541.600,3548.497,3540.277,3548.497,70345335,2492563456.0000
2026-08-06 10:43:00,3549.903,3555.144,3549.903,3555.144,72546783,2828763136.0000
2026-08-06 10:44:00,3556.560,3559.722,3556.560,3559.593,75778435,3071016960.0000
2026-08-06 10:45:00,3561.163,3565.951,3560.844,3565.951,73391213,2671345664.0000
2026-08-06 10:46:00,3566.384,3566.384,3560.726,3560.726,74485085,2747334656.0000
2026-08-06 10:47:00,3560.561,3560.561,3553.125,3554.771,89396018,2659221504.0000
2026-08-06 10:48:00,3553.771,3562.992,3553.362,3562.992,82114204,2519859200.0000
2026-08-06 10:49:00,3563.599,3569.208,3563.599,3566.204,88310758,3145039872.0000
2026-08-06 10:50:00,3566.763,3568.329,3565.540,3568.216,93563671,2690023424.0000
2026-08-06 10:51:00,3568.931,3573.159,3568.931,3572.089,85977985,2760507392.0000
2026-08-06 10:52:00,3572.286,3573.568,3568.472,3573.568,78631174,2545975296.0000
2026-08-06 10:53:00,3573.962,3574.406,3569.031,3570.478,75788126,2414477312.0000
2026-08-06 10:54:00,3571.071,3571.111,3568.622,3568.627,66263403,2060124160.0000
2026-08-06 10:55:00,3568.767,3568.767,3565.113,3565.669,66311817,2129428480.0000
2026-08-06 10:56:00,3564.315,3564.315,3559.630,3559.630,75272468,2449178624.0000
2026-08-06 10:57:00,3559.461,3562.741,3557.458,3561.401,73705982,2357788672.0000
2026-08-06 10:58:00,3560.754,3560.822,3553.288,3553.656,61174709,2024931328.0000
2026-08-06 10:59:00,3554.346,3559.484,3553.779,3559.484,69564313,2010480640.0000
2026-08-06 11:00:00,3559.555,3560.104,3554.488,3554.488,59509530,1749975040.0000
2026-08-06 11:01:00,3553.611,3553.611,3543.211,3545.091,102984354,3088023552.0000
2026-08-06 11:02:00,3545.146,3547.516,3540.781,3545.265,93566401,2896723968.0000
2026-08-06 11:03:00,3544.608,3547.329,3543.925,3544.510,73321818,2244280320.0000
2026-08-06 11:04:00,3544.427,3552.066,3544.427,3548.590,67856210,2092040192.0000
2026-08-06 11:05:00,3548.183,3549.001,3544.234,3544.234,52238670,1770389504.0000
2026-08-06 11:06:00,3547.850,3550.123,3547.767,3547.767,62085671,1891762176.0000
2026-08-06 11:07:00,3545.636,3545.636,3536.880,3536.880,72045790,2236612608.0000
2026-08-06 11:08:00,3536.009,3536.009,3527.952,3527.952,103941466,3405676544.0000
2026-08-06 11:09:00,3527.594,3529.538,3526.314,3527.470,102134517,3148611584.0000
2026-08-06 11:10:00,3526.781,3531.457,3526.253,3526.253,94039062,2914942976.0000
2026-08-06 11:11:00,3525.810,3530.683,3525.014,3528.853,76773607,2508128256.0000
2026-08-06 11:12:00,3528.943,3533.749,3528.186,3533.749,55712025,1716748288.0000
2026-08-06 11:13:00,3533.805,3535.078,3530.340,3530.430,54334518,1661435904.0000
2026-08-06 11:14:00,3530.413,3532.459,3527.884,3531.292,49271008,1699053568.0000
2026-08-06 11:15:00,3530.441,3530.441,3520.103,3520.103,71255107,2094006272.0000
2026-08-06 11:16:00,3519.575,3524.213,3519.575,3522.369,71824174,2482536448.0000
2026-08-06 11:17:00,3522.033,3524.340,3516.057,3516.057,75724064,2148139008.0000
2026-08-06 11:18:00,3515.921,3515.921,3509.760,3509.901,110129543,3381624832.0000
2026-08-06 11:19:00,3509.586,3514.813,3509.586,3514.366,94470068,2883059712.0000
2026-08-06 11:20:00,3514.301,3514.676,3508.352,3508.352,77473270,2046328832.0000
2026-08-06 11:21:00,3507.776,3509.900,3507.384,3508.491,77923209,2357559296.0000
2026-08-06 11:22:00,3508.619,3514.790,3508.619,3514.790,69510478,2083684352.0000
2026-08-06 11:23:00,3515.587,3516.956,3510.505,3516.956,62139130,1838940160.0000
2026-08-06 11:24:00,3516.297,3516.297,3506.906,3506.906,65423132,1940717568.0000
2026-08-06 11:25:00,3506.515,3506.515,3500.990,3501.034,91590976,2630025216.0000
2026-08-06 11:26:00,3500.870,3503.955,3497.904,3497.904,80258225,2457763840.0000
2026-08-06 11:27:00,3498.855,3498.918,3495.413,3495.413,79034597,2197356544.0000
2026-08-06 11:28:00,3494.712,3502.617,3494.712,3501.093,86258729,2409103360.0000
2026-08-06 11:29:00,3501.559,3506.732,3500.611,3506.732,69897833,1664385024.0000
2026-08-06 11:30:00,3505.662,3511.842,3505.590,3511.467,58306643,1527447552.0000
2026-08-06 13:01:00,3513.798,3515.883,3506.341,3515.749,144240639,3752394752.0000
2026-08-06 13:02:00,3516.287,3519.744,3513.552,3519.744,58196627,1735524352.0000
2026-08-06 13:03:00,3519.491,3522.385,3519.400,3520.099,64488558,1956806656.0000
2026-08-06 13:04:00,3519.855,3523.287,3519.130,3519.314,50179787,1637449728.0000
2026-08-06 13:05:00,3518.706,3519.464,3511.470,3511.613,57572057,1583120384.0000
2026-08-06 13:06:00,3511.720,3514.896,3510.048,3514.370,51286990,1526431744.0000
2026-08-06 13:07:00,3515.042,3524.414,3515.042,3524.107,62473274,1797783552.0000
2026-08-06 13:08:00,3524.503,3524.503,3513.884,3513.884,52580395,1676017664.0000
2026-08-06 13:09:00,3513.305,3513.305,3508.945,3509.231,48680791,1460731904.0000
2026-08-06 13:10:00,3508.424,3508.424,3504.833,3505.990,47898851,1591607296.0000
2026-08-06 13:11:00,3505.801,3505.998,3496.867,3496.867,67256137,1989246976.0000
2026-08-06 13:12:00,3496.600,3497.947,3492.130,3492.130,90270934,2326331392.0000
2026-08-06 13:13:00,3491.336,3495.989,3491.336,3493.484,65023965,1981710336.0000
2026-08-06 13:14:00,3493.773,3496.492,3493.773,3496.492,48255380,1505820672.0000
2026-08-06 13:15:00,3496.949,3504.254,3496.394,3503.122,52713677,1444741120.0000
2026-08-06 13:16:00,3502.274,3508.858,3502.274,3508.245,44683420,1275887616.0000
2026-08-06 13:17:00,3507.634,3511.683,3507.634,3509.489,49076106,1630928896.0000
2026-08-06 13:18:00,3510.168,3510.956,3503.414,3503.414,43495699,1472593920.0000
2026-08-06 13:19:00,3502.713,3504.295,3501.811,3501.947,63489624,1528659968.0000
2026-08-06 13:20:00,3501.632,3501.796,3497.360,3497.360,81785502,1874132992.0000
2026-08-06 13:21:00,3498.874,3505.654,3498.874,3505.654,62824268,1635876864.0000
2026-08-06 13:22:00,3505.667,3505.667,3500.132,3503.251,47532217,1338671104.0000
2026-08-06 13:23:00,3503.134,3503.134,3499.505,3499.505,44687628,1222148096.0000
2026-08-06 13:24:00,3499.714,3502.522,3499.173,3499.203,44839274,1254326272.0000
2026-08-06 13:25:00,3499.095,3499.095,3496.067,3497.051,58074825,1660551168.0000
2026-08-06 13:26:00,3496.889,3497.836,3495.222,3495.639,49789693,1481113600.0000
2026-08-06 13:27:00,3495.720,3497.011,3495.150,3496.557,46111579,1260617728.0000
2026-08-06 13:28:00,3496.999,3497.093,3492.452,3492.452,62443279,1556283392.0000
2026-08-06 13:29:00,3492.176,3492.176,3488.087,3488.087,88173037,2140504064.0000
2026-08-06 13:30:00,3487.956,3490.680,3487.956,3489.370,73576351,1886060544.0000
2026-08-06 13:31:00,3489.925,3497.404,3489.925,3496.889,73786017,1925480448.0000
2026-08-06 13:32:00,3496.652,3505.005,3496.652,3505.005,61052539,1613529088.0000
2026-08-06 13:33:00,3505.104,3505.230,3497.616,3498.182,53796912,1623457792.0000
2026-08-06 13:34:00,3498.255,3498.255,3492.127,3494.620,60590705,1520992256.0000
2026-08-06 13:35:00,3494.297,3497.932,3494.297,3497.932,52432701,1439465472.0000
2026-08-06 13:36:00,3498.295,3498.726,3493.747,3493.837,58420468,1530068992.0000
2026-08-06 13:37:00,3494.105,3495.957,3490.565,3490.565,63806219,1653276672.0000
2026-08-06 13:38:00,3489.813,3490.119,3486.708,3487.085,71072684,2046492672.0000
2026-08-06 13:39:00,3488.136,3491.115,3488.136,3488.911,63162672,1827241984.0000
2026-08-06 13:40:00,3488.846,3488.846,3485.744,3485.744,45019525,1365671936.0000
2026-08-06 13:41:00,3485.606,3485.606,3482.808,3483.102,79652556,2033942528.0000
2026-08-06 13:42:00,3484.110,3484.471,3482.187,3483.002,72850499,2053210112.0000
2026-08-06 13:43:00,3482.880,3488.661,3482.880,3488.136,75366907,1893138432.0000
2026-08-06 13:44:00,3488.057,3489.616,3487.786,3489.616,53212250,1317535744.0000
2026-08-06 13:45:00,3489.781,3499.118,3489.674,3499.118,64680032,1492090880.0000
2026-08-06 13:46:00,3499.277,3500.375,3497.942,3500.375,52608953,1477083136.0000
2026-08-06 13:47:00,3501.572,3504.747,3501.572,3504.486,53668707,1420099584.0000
2026-08-06 13:48:00,3503.998,3503.998,3493.066,3493.066,61601797,1696858112.0000
2026-08-06 13:49:00,3493.112,3493.601,3488.964,3490.216,42593400,1260322816.0000
2026-08-06 13:50:00,3490.111,3495.445,3490.002,3490.002,42295876,1110573056.0000
2026-08-06 13:51:00,3489.942,3498.050,3489.942,3498.050,56295991,1183842304.0000
2026-08-06 13:52:00,3497.601,3497.602,3494.318,3494.785,48941730,1186693120.0000
2026-08-06 13:53:00,3495.138,3495.617,3492.686,3494.408,39535090,1130233856.0000
2026-08-06 13:54:00,3494.606,3497.676,3494.606,3497.676,42600729,1122238464.0000
2026-08-06 13:55:00,3497.787,3497.787,3495.059,3495.581,40169201,1126629376.0000
2026-08-06 13:56:00,3495.580,3495.580,3492.673,3492.768,38913771,1020952576.0000
2026-08-06 13:57:00,3492.633,3492.633,3486.556,3486.556,40859573,1272971264.0000
2026-08-06 13:58:00,3486.367,3489.678,3486.367,3489.678,29472723,901251072.0000
2026-08-06 13:59:00,3489.613,3494.069,3489.613,3494.069,33568562,841351168.0000
2026-08-06 14:00:00,3494.037,3495.151,3494.037,3494.684,40347850,857604096.0000
2026-08-06 14:01:00,3495.949,3499.693,3495.949,3497.277,65268135,1467416576.0000
2026-08-06 14:02:00,3496.954,3496.954,3492.181,3492.181,54206809,1289027584.0000
2026-08-06 14:03:00,3492.038,3492.703,3488.921,3492.053,49989747,1303773184.0000
2026-08-06 14:04:00,3491.460,3491.460,3488.051,3488.051,38041824,1013383168.0000
2026-08-06 14:05:00,3487.379,3487.379,3483.532,3483.532,42195922,1271595008.0000
2026-08-06 14:06:00,3485.367,3487.625,3485.367,3485.453,49525068,1195835392.0000
2026-08-06 14:07:00,3485.218,3485.261,3484.038,3484.332,39009626,1048838144.0000
2026-08-06 14:08:00,3484.257,3484.257,3483.146,3484.067,37116303,968753152.0000
2026-08-06 14:09:00,3483.449,3483.815,3481.965,3481.965,43380746,1323696128.0000
2026-08-06 14:10:00,3481.757,3481.757,3476.464,3476.464,58890873,1722941440.0000
2026-08-06 14:11:00,3477.906,3478.660,3476.627,3476.627,49206350,1508048896.0000
2026-08-06 14:12:00,3476.109,3478.133,3476.109,3478.133,45916396,1142620160.0000
2026-08-06 14:13:00,3480.402,3487.085,3480.402,3487.085,58053555,1368719360.0000
2026-08-06 14:14:00,3486.909,3487.707,3485.370,3485.370,41603648,977469440.0000
2026-08-06 14:15:00,3485.530,3488.937,3485.530,3488.937,40154977,970784768.0000
2026-08-06 14:16:00,3488.805,3488.868,3485.588,3485.588,44218143,1166147584.0000
2026-08-06 14:17:00,3485.195,3485.411,3481.854,3482.268,39555485,1076035584.0000
2026-08-06 14:18:00,3482.221,3483.010,3480.522,3481.153,38711087,1074462720.0000
2026-08-06 14:19:00,3481.899,3485.667,3481.899,3485.667,43007302,1019281408.0000
2026-08-06 14:20:00,3486.573,3486.817,3486.344,3486.344,47304406,1028587520.0000
2026-08-06 14:21:00,3486.382,3489.577,3486.382,3489.577,62143969,1292697600.0000
2026-08-06 14:22:00,3489.618,3497.323,3489.618,3497.323,46147720,1304035328.0000
2026-08-06 14:23:00,3497.730,3497.730,3495.073,3496.929,46532084,1289158656.0000
2026-08-06 14:24:00,3497.176,3500.236,3497.068,3500.236,40646782,1114112000.0000
2026-08-06 14:25:00,3500.610,3502.751,3500.610,3501.323,45658675,1372258304.0000
2026-08-06 14:26:00,3501.025,3501.590,3498.059,3498.059,44812495,1271005184.0000
2026-08-06 14:27:00,3498.042,3499.523,3497.438,3499.523,41968678,1148452864.0000
2026-08-06 14:28:00,3499.636,3501.044,3499.616,3501.042,41541174,1177944064.0000
2026-08-06 14:29:00,3501.018,3501.058,3499.535,3499.535,48525908,1259864064.0000
2026-08-06 14:30:00,3499.550,3504.889,3499.550,3504.889,51495453,1441136640.0000
2026-08-06 14:31:00,3505.677,3510.163,3505.677,3510.006,69356452,1836056576.0000
2026-08-06 14:32:00,3509.875,3509.875,3506.115,3506.200,66010561,1785921536.0000
2026-08-06 14:33:00,3506.290,3508.576,3506.166,3508.576,50455022,1349386240.0000
2026-08-06 14:34:00,3508.736,3513.218,3507.586,3513.218,58658469,1656291328.0000
2026-08-06 14:35:00,3513.557,3515.975,3513.557,3515.975,53428879,1649278976.0000
2026-08-06 14:36:00,3516.709,3519.809,3516.709,3519.775,71581734,2175270912.0000
2026-08-06 14:37:00,3519.615,3519.615,3516.661,3516.879,69263043,1972830208.0000
2026-08-06 14:38:00,3516.726,3516.726,3511.914,3511.914,54053049,1613692928.0000
2026-08-06 14:39:00,3511.738,3511.738,3509.815,3509.815,56971028,1613037568.0000
2026-08-06 14:40:00,3509.409,3509.409,3503.520,3503.520,65443052,1648623616.0000
2026-08-06 14:41:00,3503.279,3506.266,3503.149,3506.266,68240603,1830027264.0000
2026-08-06 14:42:00,3506.450,3510.694,3506.450,3508.651,69238830,1883504640.0000
2026-08-06 14:43:00,3508.264,3508.389,3502.982,3503.153,71941759,1902575616.0000
2026-08-06 14:44:00,3503.494,3505.241,3503.108,3505.222,61235838,1642987520.0000
2026-08-06 14:45:00,3505.163,3507.534,3505.108,3507.077,68867465,1777139712.0000
2026-08-06 14:46:00,3506.961,3506.961,3505.418,3505.418,73757587,1921908736.0000
2026-08-06 14:47:00,3505.473,3506.345,3505.230,3506.345,66037110,1784872960.0000
2026-08-06 14:48:00,3506.390,3507.133,3506.102,3507.128,79505703,2012872704.0000
2026-08-06 14:49:00,3507.318,3507.691,3507.314,3507.429,81047122,2204041216.0000
2026-08-06 14:50:00,3507.450,3508.412,3507.287,3508.412,92443215,2294677504.0000
2026-08-06 14:51:00,3508.715,3514.704,3508.362,3514.704,125529557,3093692416.0000
2026-08-06 14:52:00,3514.819,3515.613,3514.819,3515.278,103646112,2763915264.0000
2026-08-06 14:53:00,3515.499,3517.517,3515.499,3517.517,110575268,2874736640.0000
2026-08-06 14:54:00,3517.486,3517.676,3516.246,3517.676,120202549,3181772800.0000
2026-08-06 14:55:00,3517.636,3518.103,3517.490,3517.768,133519705,3540647936.0000
2026-08-06 14:56:00,3518.425,3518.802,3518.010,3518.189,155224327,4118544384.0000
2026-08-06 14:57:00,3517.918,3517.918,3516.620,3516.832,176331599,4435017728.0000
2026-08-06 14:58:00,3516.898,3516.901,3516.898,3516.901,4168149,132841472.0000
2026-08-06 15:00:00,3515.560,3515.560,3515.560,3515.560,238139404,6537150464.0000
